openalex_id,status
https://openalex.org/W3099367217,not_returned
https://openalex.org/W3099369182,not_returned
https://openalex.org/W3101847915,not_returned
https://openalex.org/W3169092501,not_returned
https://openalex.org/W4297453788,not_returned
https://openalex.org/W4400418136,not_returned
https://openalex.org/W4225750634,not_returned
https://openalex.org/W4226463531,not_returned
https://openalex.org/W3123877139,not_returned
https://openalex.org/W3099736105,not_returned
https://openalex.org/W3101735036,not_returned
https://openalex.org/W3102014803,not_returned
https://openalex.org/W3106265345,not_returned
https://openalex.org/W3186899103,not_returned
https://openalex.org/W3212969142,not_returned
https://openalex.org/W4399107391,not_returned
https://openalex.org/W4400418136,not_returned
https://openalex.org/W6638671408,not_returned
https://openalex.org/W6639231013,not_returned
https://openalex.org/W6863511796,not_returned
https://openalex.org/W6868778868,not_returned
https://openalex.org/W6869137235,not_returned
https://openalex.org/W6869204941,not_returned
https://openalex.org/W6869466221,not_returned
https://openalex.org/W6869497085,not_returned
https://openalex.org/W6872652847,not_returned
https://openalex.org/W6874599120,not_returned
https://openalex.org/W6874696893,not_returned
https://openalex.org/W2944847846,not_returned
https://openalex.org/W3158099307,not_returned
https://openalex.org/W6630802807,not_returned
https://openalex.org/W6732939696,not_returned
https://openalex.org/W6756782362,not_returned
https://openalex.org/W6768148964,not_returned
https://openalex.org/W6813557497,not_returned
https://openalex.org/W6848927191,not_returned
https://openalex.org/W6892275970,not_returned
https://openalex.org/W6894163821,not_returned
https://openalex.org/W6899451707,not_returned
https://openalex.org/W6911823886,not_returned
https://openalex.org/W6918025393,not_returned
https://openalex.org/W6918244243,not_returned
https://openalex.org/W6945241670,not_returned
https://openalex.org/W6958961972,not_returned
https://openalex.org/W6977894551,not_returned
https://openalex.org/W2074505187,not_returned
https://openalex.org/W2155553395,not_returned
https://openalex.org/W3013316220,not_returned
https://openalex.org/W3099891818,not_returned
https://openalex.org/W3100099610,not_returned
https://openalex.org/W3100333164,not_returned
https://openalex.org/W3100448359,not_returned
https://openalex.org/W3100493529,not_returned
https://openalex.org/W3101168271,not_returned
https://openalex.org/W3102843925,not_returned
https://openalex.org/W3102909812,not_returned
https://openalex.org/W3103444847,not_returned
https://openalex.org/W3103534376,not_returned
https://openalex.org/W3103615361,not_returned
https://openalex.org/W3104194486,not_returned
https://openalex.org/W3105756513,not_returned
https://openalex.org/W3106511153,not_returned
https://openalex.org/W3112130704,not_returned
https://openalex.org/W3126072841,not_returned
https://openalex.org/W3128076632,not_returned
https://openalex.org/W3168002587,not_returned
https://openalex.org/W4220746799,not_returned
https://openalex.org/W4297453788,not_returned
https://openalex.org/W4400418136,not_returned
https://openalex.org/W4400722576,not_returned
https://openalex.org/W6949567213,not_returned
https://openalex.org/W3121131776,not_returned
https://openalex.org/W4206089831,not_returned
https://openalex.org/W6723163955,not_returned
https://openalex.org/W6723593412,not_returned
https://openalex.org/W6730497323,not_returned
https://openalex.org/W6754397517,not_returned
https://openalex.org/W6759606425,not_returned
https://openalex.org/W6861256331,not_returned
https://openalex.org/W4206984420,not_returned
https://openalex.org/W4225647738,not_returned
https://openalex.org/W1981030602,not_returned
https://openalex.org/W2952137620,not_returned
https://openalex.org/W2964269211,not_returned
https://openalex.org/W3011640630,not_returned
https://openalex.org/W4313533813,not_returned
https://openalex.org/W6891937728,not_returned
https://openalex.org/W6892023815,not_returned
https://openalex.org/W4225724224,not_returned
https://openalex.org/W6638403706,not_returned
https://openalex.org/W6713821577,not_returned
https://openalex.org/W6744444761,not_returned
https://openalex.org/W4213031648,not_returned
https://openalex.org/W7009307895,not_returned
https://openalex.org/W6751498092,not_returned
https://openalex.org/W6751570638,not_returned
https://openalex.org/W6759061689,not_returned
https://openalex.org/W6776451729,not_returned
https://openalex.org/W6782809569,not_returned
https://openalex.org/W6783561311,not_returned
https://openalex.org/W6795231680,not_returned
https://openalex.org/W6803780505,not_returned
https://openalex.org/W6804378960,not_returned
https://openalex.org/W6847177789,not_returned
https://openalex.org/W6847560840,not_returned
https://openalex.org/W6847988506,not_returned
https://openalex.org/W6849326469,not_returned
https://openalex.org/W6849758356,not_returned
https://openalex.org/W6852362785,not_returned
https://openalex.org/W6852910066,not_returned
https://openalex.org/W6853837525,not_returned
https://openalex.org/W6854133941,not_returned
https://openalex.org/W6856897983,not_returned
https://openalex.org/W6857986319,not_returned
https://openalex.org/W6862139092,not_returned
https://openalex.org/W6865279029,not_returned
https://openalex.org/W6870045570,not_returned
https://openalex.org/W6870181796,not_returned
https://openalex.org/W6875711130,not_returned
https://openalex.org/W6968334626,not_returned
https://openalex.org/W6726581107,not_returned
https://openalex.org/W6775805603,not_returned
https://openalex.org/W6779639466,not_returned
https://openalex.org/W6781655290,not_returned
https://openalex.org/W6782255786,not_returned
https://openalex.org/W6787145664,not_returned
https://openalex.org/W6849444461,not_returned
https://openalex.org/W6850221320,not_returned
https://openalex.org/W6851439748,not_returned
https://openalex.org/W6853554650,not_returned
https://openalex.org/W6861510702,not_returned
https://openalex.org/W6866740475,not_returned
https://openalex.org/W6875958228,not_returned
https://openalex.org/W7005568947,not_returned
https://openalex.org/W7029126789,not_returned
https://openalex.org/W7073648365,not_returned
https://openalex.org/W2242464395,not_returned
https://openalex.org/W2962876006,not_returned
https://openalex.org/W3101432878,not_returned
https://openalex.org/W3102014803,not_returned
https://openalex.org/W3102217881,not_returned
https://openalex.org/W3102230680,not_returned
https://openalex.org/W3103834299,not_returned
https://openalex.org/W3104731668,not_returned
https://openalex.org/W3105814563,not_returned
https://openalex.org/W3105938181,not_returned
https://openalex.org/W3133260556,not_returned
https://openalex.org/W3134743711,not_returned
https://openalex.org/W3150635270,not_returned
https://openalex.org/W4289936803,not_returned
https://openalex.org/W4291784814,not_returned
https://openalex.org/W4308733321,not_returned
https://openalex.org/W4402625723,not_returned
https://openalex.org/W6903030333,not_returned
https://openalex.org/W6911888594,not_returned
https://openalex.org/W6929956210,not_returned
https://openalex.org/W6931057198,not_returned
https://openalex.org/W6931091778,not_returned
https://openalex.org/W6948862855,not_returned
https://openalex.org/W6949595297,not_returned
https://openalex.org/W6950925240,not_returned
https://openalex.org/W7080717674,not_returned
https://openalex.org/W7081255418,not_returned
https://openalex.org/W4396777789,not_returned
https://openalex.org/W6739901393,not_returned
https://openalex.org/W6790978476,not_returned
https://openalex.org/W6851275496,not_returned
https://openalex.org/W6851896007,not_returned
https://openalex.org/W6856439586,not_returned
https://openalex.org/W6860020858,not_returned
https://openalex.org/W6862106892,not_returned
https://openalex.org/W6871387898,not_returned
https://openalex.org/W7073590992,not_returned
https://openalex.org/W3098966223,not_returned
https://openalex.org/W3099736105,not_returned
https://openalex.org/W3099814257,not_returned
https://openalex.org/W3100399825,not_returned
https://openalex.org/W3104311575,not_returned
https://openalex.org/W3106265345,not_returned
https://openalex.org/W3212969142,not_returned
https://openalex.org/W4296816715,not_returned
https://openalex.org/W4400418136,not_returned
https://openalex.org/W4411905811,not_returned
https://openalex.org/W6731063697,not_returned
https://openalex.org/W6872652847,not_returned
https://openalex.org/W3098095771,not_returned
https://openalex.org/W3098693022,not_returned
https://openalex.org/W3098746927,not_returned
https://openalex.org/W3099382204,not_returned
https://openalex.org/W3099775197,not_returned
https://openalex.org/W3099926194,not_returned
https://openalex.org/W3099938065,not_returned
https://openalex.org/W3100097857,not_returned
https://openalex.org/W3101398137,not_returned
https://openalex.org/W3102014803,not_returned
https://openalex.org/W3102171269,not_returned
https://openalex.org/W3102263166,not_returned
https://openalex.org/W3102366612,not_returned
https://openalex.org/W3103181187,not_returned
https://openalex.org/W3103276181,not_returned
https://openalex.org/W3103816078,not_returned
https://openalex.org/W3103851742,not_returned
https://openalex.org/W3103941714,not_returned
https://openalex.org/W3104114782,not_returned
https://openalex.org/W3104259498,not_returned
https://openalex.org/W3104335016,not_returned
https://openalex.org/W3104513501,not_returned
https://openalex.org/W3104663640,not_returned
https://openalex.org/W3104957872,not_returned
https://openalex.org/W3105073782,not_returned
https://openalex.org/W3105285383,not_returned
https://openalex.org/W3105584370,not_returned
https://openalex.org/W3121752562,not_returned
https://openalex.org/W3123465151,not_returned
https://openalex.org/W3123641842,not_returned
https://openalex.org/W2029036450,not_returned
https://openalex.org/W3048132674,not_returned
https://openalex.org/W6671296507,not_returned
https://openalex.org/W3039181188,not_returned
https://openalex.org/W3098167725,not_returned
https://openalex.org/W3098397622,not_returned
https://openalex.org/W3099873674,not_returned
https://openalex.org/W3100077589,not_returned
https://openalex.org/W3100194236,not_returned
https://openalex.org/W3100752182,not_returned
https://openalex.org/W3100961311,not_returned
https://openalex.org/W3101066050,not_returned
https://openalex.org/W3101776328,not_returned
https://openalex.org/W3101844276,not_returned
https://openalex.org/W3102234502,not_returned
https://openalex.org/W3102610225,not_returned
https://openalex.org/W3102820971,not_returned
https://openalex.org/W3102868051,not_returned
https://openalex.org/W3102962098,not_returned
https://openalex.org/W3102990600,not_returned
https://openalex.org/W3103204772,not_returned
https://openalex.org/W3103561024,not_returned
https://openalex.org/W3103675481,not_returned
https://openalex.org/W3103816543,not_returned
https://openalex.org/W3104192793,not_returned
https://openalex.org/W3104233861,not_returned
https://openalex.org/W3104728800,not_returned
https://openalex.org/W3105159530,not_returned
https://openalex.org/W3105304390,not_returned
https://openalex.org/W3105487447,not_returned
https://openalex.org/W3105515338,not_returned
https://openalex.org/W3106256281,not_returned
https://openalex.org/W3106289482,not_returned
https://openalex.org/W3121621601,not_returned
https://openalex.org/W3123132560,not_returned
https://openalex.org/W3124228858,not_returned
https://openalex.org/W3124688811,not_returned
https://openalex.org/W4229374421,not_returned
https://openalex.org/W4396605191,not_returned
https://openalex.org/W4401979244,not_returned
https://openalex.org/W6912730382,not_returned
https://openalex.org/W6967823649,not_returned
https://openalex.org/W6846867755,not_returned
https://openalex.org/W6655654470,not_returned
https://openalex.org/W3095264462,not_returned
https://openalex.org/W3098043789,not_returned
https://openalex.org/W3098627924,not_returned
https://openalex.org/W3099036590,not_returned
https://openalex.org/W3099736105,not_returned
https://openalex.org/W3100360797,not_returned
https://openalex.org/W3100488789,not_returned
https://openalex.org/W3101317610,not_returned
https://openalex.org/W3101668011,not_returned
https://openalex.org/W3102600591,not_returned
https://openalex.org/W3102936736,not_returned
https://openalex.org/W3103711895,not_returned
https://openalex.org/W3106211816,not_returned
https://openalex.org/W3106265345,not_returned
https://openalex.org/W3122993942,not_returned
https://openalex.org/W3212969142,not_returned
https://openalex.org/W4296524143,not_returned
https://openalex.org/W4400418136,not_returned
https://openalex.org/W4206261743,not_returned
https://openalex.org/W2963869130,not_returned
https://openalex.org/W2963875455,not_returned
https://openalex.org/W2964076631,not_returned
https://openalex.org/W2964321151,not_returned
https://openalex.org/W3014847712,not_returned
https://openalex.org/W3048101844,not_returned
https://openalex.org/W3082946943,not_returned
https://openalex.org/W3101603124,not_returned
https://openalex.org/W3135912692,not_returned
https://openalex.org/W3195517991,not_returned
https://openalex.org/W3201554622,not_returned
https://openalex.org/W3206085143,not_returned
https://openalex.org/W4280543544,not_returned
https://openalex.org/W4285498343,not_returned
https://openalex.org/W3086995808,not_returned
https://openalex.org/W3098070438,not_returned
https://openalex.org/W3098929233,not_returned
https://openalex.org/W3099119831,not_returned
https://openalex.org/W3100223604,not_returned
https://openalex.org/W3100856433,not_returned
https://openalex.org/W3102086509,not_returned
https://openalex.org/W3102316803,not_returned
https://openalex.org/W3104851408,not_returned
https://openalex.org/W3105063603,not_returned
https://openalex.org/W3105362910,not_returned
https://openalex.org/W3112901715,not_returned
https://openalex.org/W3115426753,not_returned
https://openalex.org/W3120236960,not_returned
https://openalex.org/W3126887680,not_returned
https://openalex.org/W3161721314,not_returned
https://openalex.org/W4288707879,not_returned
https://openalex.org/W4297453788,not_returned
https://openalex.org/W4391737785,not_returned
https://openalex.org/W4400418136,not_returned
https://openalex.org/W4213393138,not_returned
https://openalex.org/W6802265222,not_returned
https://openalex.org/W6856200816,not_returned
https://openalex.org/W6868577364,not_returned
https://openalex.org/W3099041773,not_returned
https://openalex.org/W3102014803,not_returned
https://openalex.org/W3102230680,not_returned
https://openalex.org/W3103559009,not_returned
https://openalex.org/W3104813222,not_returned
https://openalex.org/W3124492070,not_returned
https://openalex.org/W3207327026,not_returned
https://openalex.org/W4401075163,not_returned
https://openalex.org/W4404209910,not_returned
https://openalex.org/W6676992147,not_returned
https://openalex.org/W6785186496,not_returned
https://openalex.org/W6850265645,not_returned
https://openalex.org/W6852535587,not_returned
https://openalex.org/W6870750579,not_returned
https://openalex.org/W6887902686,not_returned
https://openalex.org/W6891776340,not_returned
https://openalex.org/W6906713892,not_returned
https://openalex.org/W6930510942,not_returned
https://openalex.org/W6944110311,not_returned
https://openalex.org/W6948190157,not_returned
https://openalex.org/W6966419623,not_returned
https://openalex.org/W7002147643,not_returned
https://openalex.org/W7073986454,not_returned
https://openalex.org/W4206947476,not_returned
https://openalex.org/W6804422758,not_returned
https://openalex.org/W6806658128,not_returned
https://openalex.org/W6842453382,not_returned
https://openalex.org/W6849093829,not_returned
https://openalex.org/W6849549168,not_returned
https://openalex.org/W7027408738,not_returned
https://openalex.org/W3104299001,not_returned
https://openalex.org/W4394840431,not_returned
https://openalex.org/W4400418136,not_returned
https://openalex.org/W2988168123,not_returned
https://openalex.org/W3099814042,not_returned
https://openalex.org/W3102280194,not_returned
https://openalex.org/W3102611432,not_returned
https://openalex.org/W3103822672,not_returned
https://openalex.org/W3105345383,not_returned
https://openalex.org/W3105681593,not_returned
https://openalex.org/W4298353229,not_returned
https://openalex.org/W6601487527,not_returned
https://openalex.org/W6893385879,not_returned
https://openalex.org/W6894025601,not_returned
https://openalex.org/W6912144917,not_returned
https://openalex.org/W6912550341,not_returned
https://openalex.org/W6930187442,not_returned
https://openalex.org/W6931270071,not_returned
https://openalex.org/W6949567213,not_returned
https://openalex.org/W6949830899,not_returned
https://openalex.org/W6950229076,not_returned
https://openalex.org/W6969458722,not_returned
https://openalex.org/W6682631176,not_returned
https://openalex.org/W6778883912,not_returned
https://openalex.org/W6854866820,not_returned
https://openalex.org/W6871442929,not_returned
https://openalex.org/W6873880950,not_returned
https://openalex.org/W6898505805,not_returned
https://openalex.org/W3136488616,not_returned
https://openalex.org/W4226201324,not_returned
https://openalex.org/W6892501393,not_returned
https://openalex.org/W6912646996,not_returned
https://openalex.org/W6950160718,not_returned
https://openalex.org/W3125543001,not_returned
https://openalex.org/W6760506649,not_returned
https://openalex.org/W6643733364,not_returned
https://openalex.org/W6682515522,not_returned
https://openalex.org/W6691431627,not_returned
https://openalex.org/W6723530060,not_returned
https://openalex.org/W6789427365,not_returned
https://openalex.org/W6792927222,not_returned
https://openalex.org/W6810325722,not_returned
https://openalex.org/W6839139713,not_returned
https://openalex.org/W6840098086,not_returned
https://openalex.org/W6842594805,not_returned
https://openalex.org/W6847231737,not_returned
https://openalex.org/W6848502225,not_returned
https://openalex.org/W6849254331,not_returned
https://openalex.org/W6850129019,not_returned
https://openalex.org/W6852426015,not_returned
https://openalex.org/W6853166063,not_returned
https://openalex.org/W6854308750,not_returned
https://openalex.org/W6855024131,not_returned
https://openalex.org/W6855602681,not_returned
https://openalex.org/W6861867315,not_returned
https://openalex.org/W4290288078,not_returned
https://openalex.org/W6893060259,not_returned
https://openalex.org/W6675856788,not_returned
https://openalex.org/W6848433768,not_returned
https://openalex.org/W6875207425,not_returned
https://openalex.org/W4205342894,not_returned
https://openalex.org/W4220767372,not_returned
https://openalex.org/W4225398038,not_returned
https://openalex.org/W4225641128,not_returned
https://openalex.org/W4226071570,not_returned
https://openalex.org/W4229005937,not_returned
https://openalex.org/W6630690979,not_returned
https://openalex.org/W6647087886,not_returned
https://openalex.org/W6657001066,not_returned
https://openalex.org/W6668280536,not_returned
https://openalex.org/W6720798569,not_returned
https://openalex.org/W6739197401,not_returned
https://openalex.org/W6763060974,not_returned
https://openalex.org/W6856396750,not_returned
https://openalex.org/W6920627479,not_returned
https://openalex.org/W6989891254,not_returned
https://openalex.org/W7073785478,not_returned
https://openalex.org/W7073973255,not_returned
https://openalex.org/W4394672655,not_returned
https://openalex.org/W6964680812,not_returned
https://openalex.org/W6600339963,not_returned
https://openalex.org/W6977250347,not_returned
https://openalex.org/W3184320544,not_returned
https://openalex.org/W4313533813,not_returned
https://openalex.org/W4394672655,not_returned
https://openalex.org/W6891862319,not_returned
https://openalex.org/W6929142384,not_returned
https://openalex.org/W4233607513,not_returned
https://openalex.org/W2183206935,not_returned
https://openalex.org/W6810340823,not_returned
https://openalex.org/W3095491581,not_returned
https://openalex.org/W3099192417,not_returned
https://openalex.org/W3104015960,not_returned
https://openalex.org/W3104317522,not_returned
https://openalex.org/W3104901590,not_returned
https://openalex.org/W3159390267,not_returned
https://openalex.org/W3184618551,not_returned
https://openalex.org/W4293103649,not_returned
https://openalex.org/W6693320918,not_returned
https://openalex.org/W6753232078,not_returned
https://openalex.org/W6767022685,not_returned
https://openalex.org/W6781157385,not_returned
https://openalex.org/W6806531971,not_returned
https://openalex.org/W6808894879,not_returned
https://openalex.org/W6810303687,not_returned
https://openalex.org/W6912947345,not_returned
https://openalex.org/W6928987513,not_returned
https://openalex.org/W6630531315,not_returned
https://openalex.org/W6635770586,not_returned
https://openalex.org/W6692825824,not_returned
https://openalex.org/W6793947062,not_returned
https://openalex.org/W6903645895,not_returned
https://openalex.org/W7067292363,not_returned
https://openalex.org/W4200209182,not_returned
https://openalex.org/W4206509408,not_returned
https://openalex.org/W4296908160,not_returned
https://openalex.org/W6767446028,not_returned
https://openalex.org/W4210702320,not_returned
https://openalex.org/W4225646803,not_returned
https://openalex.org/W6633942828,not_returned
https://openalex.org/W6664558156,not_returned
https://openalex.org/W6674966099,not_returned
https://openalex.org/W6703420460,not_returned
https://openalex.org/W6741536670,not_returned
https://openalex.org/W6756179282,not_returned
https://openalex.org/W6776213574,not_returned
https://openalex.org/W6793511846,not_returned
https://openalex.org/W6809549110,not_returned
https://openalex.org/W6679934282,not_returned
https://openalex.org/W6712565951,not_returned
https://openalex.org/W3100626482,not_returned
https://openalex.org/W3101036876,not_returned
https://openalex.org/W3102962098,not_returned
https://openalex.org/W3124712257,not_returned
https://openalex.org/W4392152629,not_returned
https://openalex.org/W6676992147,not_returned
https://openalex.org/W6910263123,not_returned
https://openalex.org/W6967561513,not_returned
https://openalex.org/W2014800698,not_returned
https://openalex.org/W2054150203,not_returned
https://openalex.org/W2054877631,not_returned
https://openalex.org/W2168127970,not_returned
https://openalex.org/W3127468458,not_returned
https://openalex.org/W6604160766,not_returned
https://openalex.org/W7028459698,not_returned
https://openalex.org/W6755080662,not_returned
https://openalex.org/W7073974577,not_returned
https://openalex.org/W6778883912,not_returned
https://openalex.org/W6852742315,not_returned
https://openalex.org/W6605016162,not_returned
https://openalex.org/W4226390647,not_returned
https://openalex.org/W4226483417,not_returned
https://openalex.org/W3209598254,not_returned
https://openalex.org/W6853850041,not_returned
https://openalex.org/W4226401827,not_returned
https://openalex.org/W6767567325,not_returned
https://openalex.org/W6787815814,not_returned
https://openalex.org/W6850653690,not_returned
https://openalex.org/W4226161517,not_returned
https://openalex.org/W2964323761,not_returned
https://openalex.org/W3101447610,not_returned
https://openalex.org/W3101949283,not_returned
https://openalex.org/W3102038554,not_returned
https://openalex.org/W3102230680,not_returned
https://openalex.org/W3102990600,not_returned
https://openalex.org/W3103559009,not_returned
https://openalex.org/W3104728800,not_returned
https://openalex.org/W3106259088,not_returned
https://openalex.org/W3106293547,not_returned
https://openalex.org/W3109360237,not_returned
https://openalex.org/W3123332806,not_returned
https://openalex.org/W3124228858,not_returned
https://openalex.org/W4396605191,not_returned
https://openalex.org/W4401075163,not_returned
https://openalex.org/W6913025382,not_returned
https://openalex.org/W2952740521,not_returned
https://openalex.org/W3109286549,not_returned
https://openalex.org/W3187657123,not_returned
https://openalex.org/W3197930957,not_returned
https://openalex.org/W3198564520,not_returned
https://openalex.org/W3198732798,not_returned
https://openalex.org/W3201554622,not_returned
https://openalex.org/W3203906105,not_returned
https://openalex.org/W3205027643,not_returned
https://openalex.org/W3209139004,not_returned
https://openalex.org/W3214452361,not_returned
https://openalex.org/W3214685533,not_returned
https://openalex.org/W3214702297,not_returned
https://openalex.org/W3215189887,not_returned
https://openalex.org/W3216461562,not_returned
https://openalex.org/W4205756520,not_returned
https://openalex.org/W4206570573,not_returned
https://openalex.org/W4210499028,not_returned
https://openalex.org/W4220759553,not_returned
https://openalex.org/W4281889354,not_returned
https://openalex.org/W4293055891,not_returned
https://openalex.org/W4293569762,not_returned
https://openalex.org/W4295958291,not_returned
https://openalex.org/W6886026548,not_returned
https://openalex.org/W6887566806,not_returned
https://openalex.org/W6887579040,not_returned
https://openalex.org/W6887605492,not_returned
https://openalex.org/W6887613694,not_returned
https://openalex.org/W6887621832,not_returned
https://openalex.org/W6887681095,not_returned
https://openalex.org/W6887742478,not_returned
https://openalex.org/W6887991327,not_returned
https://openalex.org/W6888000109,not_returned
https://openalex.org/W6893873302,not_returned
https://openalex.org/W6906179278,not_returned
https://openalex.org/W6906187483,not_returned
https://openalex.org/W6906209037,not_returned
https://openalex.org/W6906302629,not_returned
https://openalex.org/W6906308122,not_returned
https://openalex.org/W6906310871,not_returned
https://openalex.org/W6906371626,not_returned
https://openalex.org/W6906385501,not_returned
https://openalex.org/W6906457658,not_returned
https://openalex.org/W6906584591,not_returned
https://openalex.org/W6906760292,not_returned
https://openalex.org/W6925009843,not_returned
https://openalex.org/W6925021020,not_returned
https://openalex.org/W6925069099,not_returned
https://openalex.org/W6925120956,not_returned
https://openalex.org/W6925164847,not_returned
https://openalex.org/W6925255794,not_returned
https://openalex.org/W6925572685,not_returned
https://openalex.org/W6925849749,not_returned
https://openalex.org/W6925948324,not_returned
https://openalex.org/W6943910554,not_returned
https://openalex.org/W6943965127,not_returned
https://openalex.org/W6943965653,not_returned
https://openalex.org/W6944034498,not_returned
https://openalex.org/W6944062732,not_returned
https://openalex.org/W6944088822,not_returned
https://openalex.org/W6944336254,not_returned
https://openalex.org/W6949709026,not_returned
https://openalex.org/W6962312918,not_returned
https://openalex.org/W6962620407,not_returned
https://openalex.org/W6962685895,not_returned
https://openalex.org/W6963057535,not_returned
https://openalex.org/W6963058051,not_returned
https://openalex.org/W6968433242,not_returned
https://openalex.org/W3100273056,not_returned
https://openalex.org/W3102230680,not_returned
https://openalex.org/W3103347192,not_returned
https://openalex.org/W3105326287,not_returned
https://openalex.org/W3117648562,not_returned
https://openalex.org/W3123599123,not_returned
https://openalex.org/W3123839246,not_returned
https://openalex.org/W3150635270,not_returned
https://openalex.org/W3160030944,not_returned
https://openalex.org/W4401075163,not_returned
https://openalex.org/W6601931427,not_returned
https://openalex.org/W6676992147,not_returned
https://openalex.org/W6948533047,not_returned
https://openalex.org/W4200327903,not_returned
https://openalex.org/W4210561359,not_returned
https://openalex.org/W4212809515,not_returned
https://openalex.org/W6637348137,not_returned
https://openalex.org/W6640436572,not_returned
https://openalex.org/W6640751507,not_returned
https://openalex.org/W6675048705,not_returned
https://openalex.org/W6675076739,not_returned
https://openalex.org/W6766396084,not_returned
https://openalex.org/W6808682005,not_returned
https://openalex.org/W6842503294,not_returned
https://openalex.org/W6842620259,not_returned
https://openalex.org/W6854648917,not_returned
https://openalex.org/W4210527197,not_returned
https://openalex.org/W67770540,not_returned
https://openalex.org/W3098617829,not_returned
https://openalex.org/W3099356936,not_returned
https://openalex.org/W3100273056,not_returned
https://openalex.org/W3101066050,not_returned
https://openalex.org/W3101548371,not_returned
https://openalex.org/W3102234502,not_returned
https://openalex.org/W3103415621,not_returned
https://openalex.org/W3104206875,not_returned
https://openalex.org/W3104214999,not_returned
https://openalex.org/W3104628793,not_returned
https://openalex.org/W3109360237,not_returned
https://openalex.org/W3160030944,not_returned
https://openalex.org/W3216755110,not_returned
https://openalex.org/W6912733982,not_returned
https://openalex.org/W6931500548,not_returned
https://openalex.org/W6977200789,not_returned
https://openalex.org/W6921937644,not_returned
https://openalex.org/W6802971344,not_returned
https://openalex.org/W6911096127,not_returned
https://openalex.org/W1650728208,not_returned
https://openalex.org/W3083702233,not_returned
https://openalex.org/W3084164197,not_returned
https://openalex.org/W3098233285,not_returned
https://openalex.org/W3099188858,not_returned
https://openalex.org/W3105700799,not_returned
https://openalex.org/W3152802996,not_returned
https://openalex.org/W3200818036,not_returned
https://openalex.org/W4213116552,not_returned
https://openalex.org/W6966662974,not_returned
https://openalex.org/W6959397901,not_returned
https://openalex.org/W4313156423,not_returned
https://openalex.org/W6739901393,not_returned
https://openalex.org/W6774314701,not_returned
https://openalex.org/W6778883912,not_returned
https://openalex.org/W6791353385,not_returned
https://openalex.org/W6803376173,not_returned
https://openalex.org/W6852323305,not_returned
https://openalex.org/W6650020950,not_returned
https://openalex.org/W6677593809,not_returned
https://openalex.org/W6679678174,not_returned
https://openalex.org/W6738325523,not_returned
https://openalex.org/W6755714703,not_returned
https://openalex.org/W6787253263,not_returned
https://openalex.org/W6892095270,not_returned
https://openalex.org/W6892328767,not_returned
https://openalex.org/W6911232087,not_returned
https://openalex.org/W6948342450,not_returned
https://openalex.org/W6948381683,not_returned
https://openalex.org/W6948489328,not_returned
https://openalex.org/W6967260511,not_returned
https://openalex.org/W2172255986,not_returned
https://openalex.org/W6601858813,not_returned
https://openalex.org/W6713398450,not_returned
https://openalex.org/W6773857574,not_returned
https://openalex.org/W6872840480,not_returned
https://openalex.org/W6931061085,not_returned
https://openalex.org/W3099433592,not_returned
https://openalex.org/W3179990387,not_returned
https://openalex.org/W3206369613,not_returned
https://openalex.org/W6949245946,not_returned
https://openalex.org/W2604272474,not_returned
https://openalex.org/W2727623211,not_returned
https://openalex.org/W6949384582,not_returned
https://openalex.org/W4220792492,not_returned
https://openalex.org/W6802748188,not_returned
https://openalex.org/W6858614320,not_returned
https://openalex.org/W6870125487,not_returned
https://openalex.org/W6874581406,not_returned
https://openalex.org/W6803023674,not_returned
https://openalex.org/W3042666245,not_returned
https://openalex.org/W3097986090,not_returned
https://openalex.org/W3098162212,not_returned
https://openalex.org/W3098287727,not_returned
https://openalex.org/W3098689883,not_returned
https://openalex.org/W3098829467,not_returned
https://openalex.org/W3099120992,not_returned
https://openalex.org/W3099479895,not_returned
https://openalex.org/W3099533153,not_returned
https://openalex.org/W3100158754,not_returned
https://openalex.org/W3100282717,not_returned
https://openalex.org/W3101309688,not_returned
https://openalex.org/W3101532544,not_returned
https://openalex.org/W3101936791,not_returned
https://openalex.org/W3102083771,not_returned
https://openalex.org/W3102230680,not_returned
https://openalex.org/W3102263934,not_returned
https://openalex.org/W3102344969,not_returned
https://openalex.org/W3102418355,not_returned
https://openalex.org/W3102452773,not_returned
https://openalex.org/W3102518771,not_returned
https://openalex.org/W3103495349,not_returned
https://openalex.org/W3103681827,not_returned
https://openalex.org/W3103687083,not_returned
https://openalex.org/W3103709451,not_returned
https://openalex.org/W3104287791,not_returned
https://openalex.org/W3104494749,not_returned
https://openalex.org/W3104970453,not_returned
https://openalex.org/W3105112910,not_returned
https://openalex.org/W3105229310,not_returned
https://openalex.org/W3105727446,not_returned
https://openalex.org/W3105754056,not_returned
https://openalex.org/W3106184545,not_returned
https://openalex.org/W3106219671,not_returned
https://openalex.org/W3106261638,not_returned
https://openalex.org/W3132717560,not_returned
https://openalex.org/W3134764504,not_returned
https://openalex.org/W3160373004,not_returned
https://openalex.org/W3212510681,not_returned
https://openalex.org/W4206578228,not_returned
https://openalex.org/W6892793874,not_returned
https://openalex.org/W3102014803,not_returned
https://openalex.org/W3121403967,not_returned
https://openalex.org/W4411088573,not_returned
https://openalex.org/W6949780582,not_returned
https://openalex.org/W7075728022,not_returned
https://openalex.org/W6818586379,not_returned
https://openalex.org/W6868788507,not_returned
https://openalex.org/W3121934970,not_returned
https://openalex.org/W6667818924,not_returned
https://openalex.org/W6730541068,not_returned
https://openalex.org/W6809508567,not_returned
https://openalex.org/W6843850547,not_returned
https://openalex.org/W6852933650,not_returned
https://openalex.org/W6873632301,not_returned
https://openalex.org/W6874974635,not_returned
https://openalex.org/W6875702909,not_returned
https://openalex.org/W6905965354,not_returned
https://openalex.org/W6911913966,not_returned
https://openalex.org/W2989983865,not_returned
https://openalex.org/W6636950212,not_returned
https://openalex.org/W6651822705,not_returned
https://openalex.org/W6673293826,not_returned
https://openalex.org/W6697025036,not_returned
https://openalex.org/W6724868818,not_returned
https://openalex.org/W6801024681,not_returned
https://openalex.org/W6870289317,not_returned
https://openalex.org/W6872265636,not_returned
https://openalex.org/W6888732765,not_returned
https://openalex.org/W3099814257,not_returned
https://openalex.org/W3102014803,not_returned
https://openalex.org/W3103458180,not_returned
https://openalex.org/W3106265345,not_returned
https://openalex.org/W4400418136,not_returned
https://openalex.org/W2172255986,not_returned
https://openalex.org/W3166556174,not_returned
https://openalex.org/W7104628687,not_returned
https://openalex.org/W4210734719,not_returned
https://openalex.org/W6684826817,not_returned
https://openalex.org/W6717041367,not_returned
https://openalex.org/W6725696319,not_returned
https://openalex.org/W6745934454,not_returned
https://openalex.org/W6803655496,not_returned
https://openalex.org/W7075665620,not_returned
https://openalex.org/W6739901393,not_returned
https://openalex.org/W6777615688,not_returned
https://openalex.org/W6777726986,not_returned
https://openalex.org/W6809646742,not_returned
https://openalex.org/W6846254642,not_returned
https://openalex.org/W6846444394,not_returned
https://openalex.org/W6851275496,not_returned
https://openalex.org/W6855982045,not_returned
https://openalex.org/W6856124260,not_returned
https://openalex.org/W6868905569,not_returned
https://openalex.org/W6869317625,not_returned
https://openalex.org/W6871037660,not_returned
https://openalex.org/W6873708864,not_returned
https://openalex.org/W6660836905,not_returned
https://openalex.org/W6666662893,not_returned
https://openalex.org/W6681844355,not_returned
https://openalex.org/W6868834309,not_returned
https://openalex.org/W3098608845,not_returned
https://openalex.org/W3101119767,not_returned
https://openalex.org/W3102230680,not_returned
https://openalex.org/W3102518771,not_returned
https://openalex.org/W3103235987,not_returned
https://openalex.org/W3104289609,not_returned
https://openalex.org/W3104309405,not_returned
https://openalex.org/W3104593051,not_returned
https://openalex.org/W3104966893,not_returned
https://openalex.org/W3105024011,not_returned
https://openalex.org/W3105390848,not_returned
https://openalex.org/W3105587163,not_returned
https://openalex.org/W3106009408,not_returned
https://openalex.org/W3106440549,not_returned
https://openalex.org/W3126009185,not_returned
https://openalex.org/W3134764504,not_returned
https://openalex.org/W3135848221,not_returned
https://openalex.org/W3100833267,not_returned
https://openalex.org/W6633973224,not_returned
https://openalex.org/W4213277370,not_returned
https://openalex.org/W4220897580,not_returned
https://openalex.org/W4225547467,not_returned
https://openalex.org/W6667936546,not_returned
https://openalex.org/W6684826817,not_returned
https://openalex.org/W6809207156,not_returned
https://openalex.org/W4200517954,not_returned
https://openalex.org/W4220831084,not_returned
https://openalex.org/W4226291517,not_returned
https://openalex.org/W6600568337,not_returned
https://openalex.org/W6847039152,not_returned
https://openalex.org/W6677826818,not_returned
https://openalex.org/W4200550755,not_returned
https://openalex.org/W3082920052,not_returned
https://openalex.org/W3206990528,not_returned
https://openalex.org/W4205973793,not_returned
https://openalex.org/W4294771419,not_returned
https://openalex.org/W4317390655,not_returned
https://openalex.org/W4402737082,not_returned
https://openalex.org/W4405891945,not_returned
https://openalex.org/W3099907486,not_returned
https://openalex.org/W3104062568,not_returned
https://openalex.org/W3110514335,not_returned
https://openalex.org/W4406653373,not_returned
https://openalex.org/W3098333541,not_returned
https://openalex.org/W3099439256,not_returned
https://openalex.org/W3100481933,not_returned
https://openalex.org/W3100965902,not_returned
https://openalex.org/W3106394101,not_returned
https://openalex.org/W3123767268,not_returned
https://openalex.org/W4210820750,not_returned
https://openalex.org/W6949632203,not_returned
https://openalex.org/W6724426570,not_returned
https://openalex.org/W6863397167,not_returned
https://openalex.org/W2168175751,not_returned
https://openalex.org/W3102234502,not_returned
https://openalex.org/W3102359875,not_returned
https://openalex.org/W3104559731,not_returned
https://openalex.org/W3191660087,not_returned
https://openalex.org/W6912703191,not_returned
https://openalex.org/W6944161137,not_returned
https://openalex.org/W6944279301,not_returned
https://openalex.org/W6944443183,not_returned
https://openalex.org/W6949901745,not_returned
https://openalex.org/W2974953703,not_returned
https://openalex.org/W2987481375,not_returned
https://openalex.org/W3042666245,not_returned
https://openalex.org/W3097986090,not_returned
https://openalex.org/W3098162212,not_returned
https://openalex.org/W3098287727,not_returned
https://openalex.org/W3098489489,not_returned
https://openalex.org/W3099000737,not_returned
https://openalex.org/W3099533153,not_returned
https://openalex.org/W3099707486,not_returned
https://openalex.org/W3100158754,not_returned
https://openalex.org/W3100282717,not_returned
https://openalex.org/W3100638124,not_returned
https://openalex.org/W3101303876,not_returned
https://openalex.org/W3101566104,not_returned
https://openalex.org/W3101936791,not_returned
https://openalex.org/W3102014803,not_returned
https://openalex.org/W3102083771,not_returned
https://openalex.org/W3102133100,not_returned
https://openalex.org/W3102452773,not_returned
https://openalex.org/W3103495349,not_returned
https://openalex.org/W3103652290,not_returned
https://openalex.org/W3103687083,not_returned
https://openalex.org/W3103709451,not_returned
https://openalex.org/W3104047567,not_returned
https://openalex.org/W3104494749,not_returned
https://openalex.org/W3104671454,not_returned
https://openalex.org/W3105540088,not_returned
https://openalex.org/W3105926377,not_returned
https://openalex.org/W3106184545,not_returned
https://openalex.org/W3106219671,not_returned
https://openalex.org/W3114981405,not_returned
https://openalex.org/W3122792467,not_returned
https://openalex.org/W3125275075,not_returned
https://openalex.org/W3162659472,not_returned
https://openalex.org/W3166747123,not_returned
https://openalex.org/W3209598254,not_returned
https://openalex.org/W3210512090,not_returned
https://openalex.org/W6931598016,not_returned
https://openalex.org/W6950376395,not_returned
https://openalex.org/W6716003596,not_returned
https://openalex.org/W6848400098,not_returned
https://openalex.org/W6860723382,not_returned
https://openalex.org/W6862168440,not_returned
https://openalex.org/W6863457821,not_returned
https://openalex.org/W6755793349,not_returned
https://openalex.org/W6793746343,not_returned
https://openalex.org/W6854290173,not_returned
https://openalex.org/W6872392016,not_returned
https://openalex.org/W7065803585,not_returned
https://openalex.org/W6889741702,not_returned
https://openalex.org/W6911053124,not_returned
https://openalex.org/W6945182815,not_returned
https://openalex.org/W6959410679,not_returned
https://openalex.org/W6963959162,not_returned
https://openalex.org/W2149128385,not_returned
https://openalex.org/W6978993417,not_returned
https://openalex.org/W3125460357,not_returned
https://openalex.org/W3138819813,not_returned
https://openalex.org/W3146613606,not_returned
https://openalex.org/W3184802992,not_returned
https://openalex.org/W4287690455,not_returned
https://openalex.org/W6675354045,not_returned
https://openalex.org/W6893230980,not_returned
https://openalex.org/W4313533813,not_returned
https://openalex.org/W6910600315,not_returned
https://openalex.org/W3043895023,not_returned
https://openalex.org/W6602624598,not_returned
https://openalex.org/W6629003624,not_returned
https://openalex.org/W6645373918,not_returned
https://openalex.org/W6661486631,not_returned
https://openalex.org/W6797581011,not_returned
https://openalex.org/W6902553122,not_returned
https://openalex.org/W6924894714,not_returned
https://openalex.org/W3101348945,not_returned
https://openalex.org/W3101781772,not_returned
https://openalex.org/W3125771323,not_returned
https://openalex.org/W6850904565,not_returned
https://openalex.org/W4205991051,not_returned
https://openalex.org/W7090733583,not_returned
https://openalex.org/W3104781643,not_returned
https://openalex.org/W3150635270,not_returned
https://openalex.org/W6925579459,not_returned
https://openalex.org/W4226367067,not_returned
https://openalex.org/W3146082960,not_returned
https://openalex.org/W6859551832,not_returned
https://openalex.org/W3099921072,not_returned
https://openalex.org/W3206990528,not_returned
https://openalex.org/W4280603983,not_returned
https://openalex.org/W4294771419,not_returned
https://openalex.org/W4392169681,not_returned
https://openalex.org/W4401749547,not_returned
https://openalex.org/W4402737082,not_returned
https://openalex.org/W6703481880,not_returned
https://openalex.org/W6721293679,not_returned
https://openalex.org/W6775384505,not_returned
https://openalex.org/W6832223371,not_returned
https://openalex.org/W6846192791,not_returned
https://openalex.org/W6852223591,not_returned
https://openalex.org/W6868305436,not_returned
https://openalex.org/W7002307508,not_returned
https://openalex.org/W2242464395,not_returned
https://openalex.org/W4206993414,not_returned
https://openalex.org/W3105390848,not_returned
https://openalex.org/W6600195515,not_returned
https://openalex.org/W6781005730,not_returned
https://openalex.org/W6785655149,not_returned
https://openalex.org/W6789303080,not_returned
https://openalex.org/W6799737088,not_returned
https://openalex.org/W6856780615,not_returned
https://openalex.org/W6891827186,not_returned
https://openalex.org/W6929389571,not_returned
https://openalex.org/W6949917766,not_returned
https://openalex.org/W2993373315,not_returned
https://openalex.org/W3042666245,not_returned
https://openalex.org/W3093626079,not_returned
https://openalex.org/W3098287727,not_returned
https://openalex.org/W3098927334,not_returned
https://openalex.org/W3100158754,not_returned
https://openalex.org/W3101378045,not_returned
https://openalex.org/W3101532544,not_returned
https://openalex.org/W3101622639,not_returned
https://openalex.org/W3102014803,not_returned
https://openalex.org/W3102083771,not_returned
https://openalex.org/W3102344969,not_returned
https://openalex.org/W3102928096,not_returned
https://openalex.org/W3103403508,not_returned
https://openalex.org/W3103495349,not_returned
https://openalex.org/W3103681827,not_returned
https://openalex.org/W3106264213,not_returned
https://openalex.org/W3106319336,not_returned
https://openalex.org/W3134764504,not_returned
https://openalex.org/W3176752971,not_returned
https://openalex.org/W3209233181,not_returned
https://openalex.org/W6911371058,not_returned
https://openalex.org/W2950003913,not_returned
https://openalex.org/W3098429450,not_returned
https://openalex.org/W3099383606,not_returned
https://openalex.org/W3100557872,not_returned
https://openalex.org/W3100955985,not_returned
https://openalex.org/W3105733907,not_returned
https://openalex.org/W6609441638,not_returned
https://openalex.org/W6791064803,not_returned
https://openalex.org/W6851285851,not_returned
https://openalex.org/W6929145841,not_returned
https://openalex.org/W7036128370,not_returned
https://openalex.org/W6766528245,not_returned
https://openalex.org/W6766709162,not_returned
https://openalex.org/W6769703341,not_returned
https://openalex.org/W6781392389,not_returned
https://openalex.org/W6784981011,not_returned
https://openalex.org/W6786872767,not_returned
https://openalex.org/W6789525329,not_returned
https://openalex.org/W6805964595,not_returned
https://openalex.org/W6848037251,not_returned
https://openalex.org/W6854518105,not_returned
https://openalex.org/W6857280620,not_returned
https://openalex.org/W6857663648,not_returned
https://openalex.org/W6857796421,not_returned
https://openalex.org/W6858426349,not_returned
https://openalex.org/W6859408459,not_returned
https://openalex.org/W2995149074,not_returned
https://openalex.org/W3101203587,not_returned
https://openalex.org/W4295312788,not_returned
https://openalex.org/W6675354045,not_returned
https://openalex.org/W6849616655,not_returned
https://openalex.org/W6911916448,not_returned
https://openalex.org/W2128384154,not_returned
https://openalex.org/W2990064199,not_returned
https://openalex.org/W3094041854,not_returned
https://openalex.org/W3098059121,not_returned
https://openalex.org/W3099403371,not_returned
https://openalex.org/W3099667674,not_returned
https://openalex.org/W3099851188,not_returned
https://openalex.org/W3100273056,not_returned
https://openalex.org/W3100327157,not_returned
https://openalex.org/W3101048776,not_returned
https://openalex.org/W3101256886,not_returned
https://openalex.org/W3101903598,not_returned
https://openalex.org/W3102433412,not_returned
https://openalex.org/W3102820971,not_returned
https://openalex.org/W3102978915,not_returned
https://openalex.org/W3103924858,not_returned
https://openalex.org/W3103943009,not_returned
https://openalex.org/W3104184821,not_returned
https://openalex.org/W3104192793,not_returned
https://openalex.org/W3104322005,not_returned
https://openalex.org/W3104728800,not_returned
https://openalex.org/W3104760180,not_returned
https://openalex.org/W3105720713,not_returned
https://openalex.org/W3106478883,not_returned
https://openalex.org/W3114559167,not_returned
https://openalex.org/W3124255619,not_returned
https://openalex.org/W3160030944,not_returned
https://openalex.org/W4205138878,not_returned
https://openalex.org/W4210967577,not_returned
https://openalex.org/W4226187095,not_returned
https://openalex.org/W4296908160,not_returned
https://openalex.org/W4392938551,not_returned
https://openalex.org/W4400917928,not_returned
https://openalex.org/W4401748120,not_returned
https://openalex.org/W6910796509,not_returned
https://openalex.org/W6966706077,not_returned
https://openalex.org/W4394650611,not_returned
https://openalex.org/W6966148661,not_returned
https://openalex.org/W6966894872,not_returned
https://openalex.org/W6687826364,not_returned
https://openalex.org/W6745909063,not_returned
https://openalex.org/W6761372098,not_returned
https://openalex.org/W6846792473,not_returned
https://openalex.org/W6847153501,not_returned
https://openalex.org/W6852159461,not_returned
https://openalex.org/W6862867237,not_returned
https://openalex.org/W6872165816,not_returned
https://openalex.org/W6908785818,not_returned
https://openalex.org/W4206063282,not_returned
https://openalex.org/W3212599909,not_returned
https://openalex.org/W6779823529,not_returned
https://openalex.org/W2973595938,not_returned
https://openalex.org/W4214507171,not_returned
https://openalex.org/W4214736753,not_returned
https://openalex.org/W6775558084,not_returned
https://openalex.org/W6779586474,not_returned
https://openalex.org/W6798838024,not_returned
https://openalex.org/W6809923571,not_returned
https://openalex.org/W6810023147,not_returned
https://openalex.org/W6845720290,not_returned
https://openalex.org/W6855009501,not_returned
https://openalex.org/W6879586260,not_returned
https://openalex.org/W2963502116,not_returned
https://openalex.org/W2121989569,not_returned
https://openalex.org/W6667966533,not_returned
https://openalex.org/W6765637144,not_returned
https://openalex.org/W6809720126,not_returned
https://openalex.org/W6838300037,not_returned
https://openalex.org/W6852074641,not_returned
https://openalex.org/W3031514878,not_returned
https://openalex.org/W3197890077,not_returned
https://openalex.org/W4225526016,not_returned
https://openalex.org/W4297988512,not_returned
https://openalex.org/W4207029819,not_returned
https://openalex.org/W6911838828,not_returned
https://openalex.org/W6920851551,not_returned
https://openalex.org/W4411392672,not_returned
https://openalex.org/W6893514965,not_returned
https://openalex.org/W4297453788,not_returned
https://openalex.org/W3001622339,not_returned
https://openalex.org/W3099466089,not_returned
https://openalex.org/W3099985703,not_returned
https://openalex.org/W3101325129,not_returned
https://openalex.org/W3103224716,not_returned
https://openalex.org/W3103503726,not_returned
https://openalex.org/W3103846672,not_returned
https://openalex.org/W3104161496,not_returned
https://openalex.org/W3104957148,not_returned
https://openalex.org/W3105285383,not_returned
https://openalex.org/W4392510435,not_returned
https://openalex.org/W6912538869,not_returned
https://openalex.org/W6912723051,not_returned
https://openalex.org/W6950530440,not_returned
https://openalex.org/W6969315052,not_returned
https://openalex.org/W3185457591,not_returned
https://openalex.org/W4291805679,not_returned
https://openalex.org/W2990159153,not_returned
https://openalex.org/W3006267693,not_returned
https://openalex.org/W3098017826,not_returned
https://openalex.org/W3099845716,not_returned
https://openalex.org/W3100721022,not_returned
https://openalex.org/W3102014803,not_returned
https://openalex.org/W3102083771,not_returned
https://openalex.org/W3102394815,not_returned
https://openalex.org/W3102697653,not_returned
https://openalex.org/W3103179386,not_returned
https://openalex.org/W3103347192,not_returned
https://openalex.org/W3103463242,not_returned
https://openalex.org/W3103700436,not_returned
https://openalex.org/W3103889824,not_returned
https://openalex.org/W3104609426,not_returned
https://openalex.org/W3105326287,not_returned
https://openalex.org/W3105390848,not_returned
https://openalex.org/W3105669789,not_returned
https://openalex.org/W3105934001,not_returned
https://openalex.org/W6911538372,not_returned
https://openalex.org/W6949847675,not_returned
https://openalex.org/W2008670387,not_returned
https://openalex.org/W2494900675,not_returned
https://openalex.org/W2505163651,not_returned
https://openalex.org/W4207024914,not_returned
https://openalex.org/W4212840643,not_returned
https://openalex.org/W4388296095,not_returned
https://openalex.org/W6948148851,not_returned
https://openalex.org/W4225357724,not_returned
https://openalex.org/W6770206096,not_returned
https://openalex.org/W6600654438,not_returned
https://openalex.org/W6640159037,not_returned
https://openalex.org/W2337043502,not_returned
https://openalex.org/W2557529987,not_returned
https://openalex.org/W3164111904,not_returned
https://openalex.org/W6618587553,not_returned
https://openalex.org/W6632464036,not_returned
https://openalex.org/W6653967188,not_returned
https://openalex.org/W6719466475,not_returned
https://openalex.org/W6808084680,not_returned
https://openalex.org/W6908088328,not_returned
https://openalex.org/W6981877603,not_returned
https://openalex.org/W2963399580,not_returned
https://openalex.org/W6929201859,not_returned
https://openalex.org/W6948426483,not_returned
https://openalex.org/W6632053926,not_returned
https://openalex.org/W4207012749,not_returned
https://openalex.org/W6922049522,not_returned
https://openalex.org/W3216093119,not_returned
https://openalex.org/W6685992599,not_returned
https://openalex.org/W6911617936,not_returned
https://openalex.org/W6930683668,not_returned
https://openalex.org/W6931443388,not_returned
https://openalex.org/W6968164833,not_returned
https://openalex.org/W6773920675,not_returned
https://openalex.org/W6850611194,not_returned
https://openalex.org/W6639844352,not_returned
https://openalex.org/W6861062742,not_returned
https://openalex.org/W4221082438,not_returned
https://openalex.org/W6635464925,not_returned
https://openalex.org/W6645552745,not_returned
https://openalex.org/W6650108468,not_returned
https://openalex.org/W6652687433,not_returned
https://openalex.org/W6662446401,not_returned
https://openalex.org/W6663843196,not_returned
https://openalex.org/W6665254246,not_returned
https://openalex.org/W6669876031,not_returned
https://openalex.org/W6675354045,not_returned
https://openalex.org/W6675959325,not_returned
https://openalex.org/W6678785633,not_returned
https://openalex.org/W6683274152,not_returned
https://openalex.org/W6684638294,not_returned
https://openalex.org/W6713249225,not_returned
https://openalex.org/W6713463174,not_returned
https://openalex.org/W6732368074,not_returned
https://openalex.org/W6738245407,not_returned
https://openalex.org/W6741410071,not_returned
https://openalex.org/W6760389450,not_returned
https://openalex.org/W6760626243,not_returned
https://openalex.org/W6761319427,not_returned
https://openalex.org/W6762033254,not_returned
https://openalex.org/W6766513175,not_returned
https://openalex.org/W6769372776,not_returned
https://openalex.org/W6769724677,not_returned
https://openalex.org/W6776300822,not_returned
https://openalex.org/W6777073589,not_returned
https://openalex.org/W6779634933,not_returned
https://openalex.org/W6782293407,not_returned
https://openalex.org/W6792168406,not_returned
https://openalex.org/W6792691895,not_returned
https://openalex.org/W6795068924,not_returned
https://openalex.org/W6795604510,not_returned
https://openalex.org/W6803753826,not_returned
https://openalex.org/W6846314021,not_returned
https://openalex.org/W6852654879,not_returned
https://openalex.org/W6856616631,not_returned
https://openalex.org/W6857110616,not_returned
https://openalex.org/W6862299491,not_returned
https://openalex.org/W6866004475,not_returned
https://openalex.org/W6869797914,not_returned
https://openalex.org/W6873377764,not_returned
https://openalex.org/W6874878672,not_returned
https://openalex.org/W3086590218,not_returned
https://openalex.org/W6798393149,not_returned
https://openalex.org/W6810366137,not_returned
https://openalex.org/W6849804302,not_returned
https://openalex.org/W2109631166,not_returned
https://openalex.org/W6948268449,not_returned
https://openalex.org/W4226429283,not_returned
https://openalex.org/W6806629663,not_returned
https://openalex.org/W7074021577,not_returned
https://openalex.org/W7081576288,not_returned
https://openalex.org/W3216073851,not_returned
https://openalex.org/W4205408608,not_returned
https://openalex.org/W2963982546,not_returned
https://openalex.org/W3098397622,not_returned
https://openalex.org/W3098765963,not_returned
https://openalex.org/W3102234502,not_returned
https://openalex.org/W3103196060,not_returned
https://openalex.org/W3104728800,not_returned
https://openalex.org/W3105304390,not_returned
https://openalex.org/W3123097683,not_returned
https://openalex.org/W3123676573,not_returned
https://openalex.org/W3126079732,not_returned
https://openalex.org/W3206476916,not_returned
https://openalex.org/W4401075163,not_returned
https://openalex.org/W6912720784,not_returned
https://openalex.org/W6950118739,not_returned
https://openalex.org/W6969259846,not_returned
https://openalex.org/W6774980893,not_returned
https://openalex.org/W3167059536,not_returned
https://openalex.org/W3209784467,not_returned
https://openalex.org/W7026802238,not_returned
https://openalex.org/W7073954727,not_returned
https://openalex.org/W6604351560,not_returned
https://openalex.org/W6715681324,not_returned
https://openalex.org/W6847324403,not_returned
https://openalex.org/W2018363492,not_returned
https://openalex.org/W3099018540,not_returned
https://openalex.org/W6775955120,not_returned
https://openalex.org/W6879151939,not_returned
https://openalex.org/W3000383750,not_returned
https://openalex.org/W3095003717,not_returned
https://openalex.org/W3099076064,not_returned
https://openalex.org/W3100290129,not_returned
https://openalex.org/W3100864409,not_returned
https://openalex.org/W3101210254,not_returned
https://openalex.org/W3103604048,not_returned
https://openalex.org/W3105582871,not_returned
https://openalex.org/W3105678010,not_returned
https://openalex.org/W3123599123,not_returned
https://openalex.org/W6893950225,not_returned
https://openalex.org/W6894068769,not_returned
https://openalex.org/W6979372087,not_returned
https://openalex.org/W1967032739,not_returned
https://openalex.org/W3096467530,not_returned
https://openalex.org/W3098414160,not_returned
https://openalex.org/W3098958977,not_returned
https://openalex.org/W3099282597,not_returned
https://openalex.org/W3099985703,not_returned
https://openalex.org/W3100105941,not_returned
https://openalex.org/W3100490281,not_returned
https://openalex.org/W3102204086,not_returned
https://openalex.org/W3103136948,not_returned
https://openalex.org/W3103388961,not_returned
https://openalex.org/W3103503726,not_returned
https://openalex.org/W3103815670,not_returned
https://openalex.org/W3103846672,not_returned
https://openalex.org/W3103853263,not_returned
https://openalex.org/W3103965076,not_returned
https://openalex.org/W3104880336,not_returned
https://openalex.org/W3105087671,not_returned
https://openalex.org/W3105854230,not_returned
https://openalex.org/W6912538869,not_returned
https://openalex.org/W6610117832,not_returned
https://openalex.org/W6813310311,not_returned
https://openalex.org/W4247690662,not_returned
https://openalex.org/W6807806100,not_returned
https://openalex.org/W4214669216,not_returned
https://openalex.org/W6620707391,not_returned
https://openalex.org/W6760424586,not_returned
https://openalex.org/W6766183005,not_returned
https://openalex.org/W6784094891,not_returned
https://openalex.org/W6788135285,not_returned
https://openalex.org/W6804794748,not_returned
https://openalex.org/W6841090899,not_returned
https://openalex.org/W6856975762,not_returned
https://openalex.org/W6857470321,not_returned
https://openalex.org/W6869646530,not_returned
https://openalex.org/W6877592348,not_returned
https://openalex.org/W6602259352,not_returned
https://openalex.org/W6641293615,not_returned
https://openalex.org/W6732756948,not_returned
https://openalex.org/W6736514540,not_returned
https://openalex.org/W6767403908,not_returned
https://openalex.org/W6789054978,not_returned
https://openalex.org/W6833711995,not_returned
https://openalex.org/W6849419161,not_returned
https://openalex.org/W6851844301,not_returned
https://openalex.org/W6863077825,not_returned
https://openalex.org/W6869113529,not_returned
https://openalex.org/W6872448942,not_returned
https://openalex.org/W6872931981,not_returned
https://openalex.org/W6931468208,not_returned
https://openalex.org/W6950118739,not_returned
https://openalex.org/W6964680812,not_returned
https://openalex.org/W4200163120,not_returned
https://openalex.org/W6929918685,not_returned
https://openalex.org/W6949486557,not_returned
https://openalex.org/W6968165150,not_returned
https://openalex.org/W3013031638,not_returned
https://openalex.org/W3104443802,not_returned
https://openalex.org/W3215660076,not_returned
https://openalex.org/W6906871318,not_returned
https://openalex.org/W6944044440,not_returned
https://openalex.org/W6944293422,not_returned
https://openalex.org/W6950118739,not_returned
https://openalex.org/W6675312411,not_returned
https://openalex.org/W6766082235,not_returned
https://openalex.org/W3100657025,not_returned
https://openalex.org/W3100735343,not_returned
https://openalex.org/W3101398970,not_returned
https://openalex.org/W3101440531,not_returned
https://openalex.org/W3102275960,not_returned
https://openalex.org/W3102707845,not_returned
https://openalex.org/W3103232361,not_returned
https://openalex.org/W3105292697,not_returned
https://openalex.org/W3123472368,not_returned
https://openalex.org/W4206322443,not_returned
https://openalex.org/W4283834785,not_returned
https://openalex.org/W6912848246,not_returned
https://openalex.org/W2105118244,not_returned
https://openalex.org/W4226288394,not_returned
https://openalex.org/W4226314078,not_returned
https://openalex.org/W4229000425,not_returned
https://openalex.org/W4229030263,not_returned
https://openalex.org/W4229333067,not_returned
https://openalex.org/W6644437516,not_returned
https://openalex.org/W6789798465,not_returned
https://openalex.org/W6795630890,not_returned
https://openalex.org/W6808243598,not_returned
https://openalex.org/W6839707963,not_returned
https://openalex.org/W6842498714,not_returned
https://openalex.org/W6846231720,not_returned
https://openalex.org/W6846609412,not_returned
https://openalex.org/W6865842568,not_returned
https://openalex.org/W7019438879,not_returned
https://openalex.org/W7074102846,not_returned
https://openalex.org/W7074110929,not_returned
https://openalex.org/W7074118407,not_returned
https://openalex.org/W7075602604,not_returned
https://openalex.org/W3098479653,not_returned
https://openalex.org/W3101615371,not_returned
https://openalex.org/W3102129435,not_returned
https://openalex.org/W3102898748,not_returned
https://openalex.org/W3104244784,not_returned
https://openalex.org/W3105103842,not_returned
https://openalex.org/W3105335256,not_returned
https://openalex.org/W3125454023,not_returned
https://openalex.org/W3163249215,not_returned
https://openalex.org/W4304976103,not_returned
https://openalex.org/W4321445284,not_returned
https://openalex.org/W4399656776,not_returned
https://openalex.org/W4400075468,not_returned
https://openalex.org/W4401813301,not_returned
https://openalex.org/W3097691791,not_returned
https://openalex.org/W3098154231,not_returned
https://openalex.org/W3098312917,not_returned
https://openalex.org/W3098951160,not_returned
https://openalex.org/W3099763323,not_returned
https://openalex.org/W3100788883,not_returned
https://openalex.org/W3101489213,not_returned
https://openalex.org/W3101562956,not_returned
https://openalex.org/W3101619667,not_returned
https://openalex.org/W3101936791,not_returned
https://openalex.org/W3102418355,not_returned
https://openalex.org/W3102602027,not_returned
https://openalex.org/W3102928096,not_returned
https://openalex.org/W3103280415,not_returned
https://openalex.org/W3103495349,not_returned
https://openalex.org/W3103537249,not_returned
https://openalex.org/W3103561396,not_returned
https://openalex.org/W3103594182,not_returned
https://openalex.org/W3105587208,not_returned
https://openalex.org/W3105727446,not_returned
https://openalex.org/W3105754056,not_returned
https://openalex.org/W3106060835,not_returned
https://openalex.org/W3123548479,not_returned
https://openalex.org/W3124478415,not_returned
https://openalex.org/W3149292591,not_returned
https://openalex.org/W3210179051,not_returned
https://openalex.org/W3212510681,not_returned
https://openalex.org/W3212691369,not_returned
https://openalex.org/W4392848383,not_returned
https://openalex.org/W2496480028,not_returned
https://openalex.org/W4246957973,not_returned
https://openalex.org/W4319587940,not_returned
https://openalex.org/W6911454338,not_returned
https://openalex.org/W6911790789,not_returned
https://openalex.org/W6949989147,not_returned
https://openalex.org/W4226332781,not_returned
https://openalex.org/W6739507556,not_returned
https://openalex.org/W6802185027,not_returned
https://openalex.org/W6806281906,not_returned
https://openalex.org/W4226092381,not_returned
https://openalex.org/W6850757272,not_returned
https://openalex.org/W3044997939,not_returned
https://openalex.org/W3123982836,not_returned
https://openalex.org/W6636417230,not_returned
https://openalex.org/W6766903591,not_returned
https://openalex.org/W6781000091,not_returned
https://openalex.org/W6795108105,not_returned
https://openalex.org/W6839554402,not_returned
https://openalex.org/W6849904386,not_returned
https://openalex.org/W6881720616,not_returned
https://openalex.org/W2168175751,not_returned
https://openalex.org/W2953307733,not_returned
https://openalex.org/W3094960050,not_returned
https://openalex.org/W3097976443,not_returned
https://openalex.org/W3098046509,not_returned
https://openalex.org/W3098089347,not_returned
https://openalex.org/W3098156795,not_returned
https://openalex.org/W3098371317,not_returned
https://openalex.org/W3099002673,not_returned
https://openalex.org/W3099046642,not_returned
https://openalex.org/W3099310068,not_returned
https://openalex.org/W3099350384,not_returned
https://openalex.org/W3099823183,not_returned
https://openalex.org/W3099904069,not_returned
https://openalex.org/W3100161836,not_returned
https://openalex.org/W3100383555,not_returned
https://openalex.org/W3100418707,not_returned
https://openalex.org/W3101402620,not_returned
https://openalex.org/W3101560110,not_returned
https://openalex.org/W3102014803,not_returned
https://openalex.org/W3102230680,not_returned
https://openalex.org/W3102331918,not_returned
https://openalex.org/W3102399068,not_returned
https://openalex.org/W3102481697,not_returned
https://openalex.org/W3102599778,not_returned
https://openalex.org/W3102728805,not_returned
https://openalex.org/W3102960365,not_returned
https://openalex.org/W3103274061,not_returned
https://openalex.org/W3104184367,not_returned
https://openalex.org/W3104552345,not_returned
https://openalex.org/W3104606013,not_returned
https://openalex.org/W3104966893,not_returned
https://openalex.org/W3109401836,not_returned
https://openalex.org/W3110591332,not_returned
https://openalex.org/W3124063940,not_returned
https://openalex.org/W3125942798,not_returned
https://openalex.org/W3130307655,not_returned
https://openalex.org/W3134764504,not_returned
https://openalex.org/W3170084450,not_returned
https://openalex.org/W3185862200,not_returned
https://openalex.org/W3186014446,not_returned
https://openalex.org/W3206476916,not_returned
https://openalex.org/W3213495806,not_returned
https://openalex.org/W4392293446,not_returned
https://openalex.org/W6925351514,not_returned
https://openalex.org/W4252196088,not_returned
https://openalex.org/W2128384154,not_returned
https://openalex.org/W4396605191,not_returned
https://openalex.org/W4401075163,not_returned
https://openalex.org/W4206975166,not_returned
https://openalex.org/W4220866625,not_returned
https://openalex.org/W4226069463,not_returned
https://openalex.org/W2118476033,not_returned
https://openalex.org/W2168175751,not_returned
https://openalex.org/W4290998964,not_returned
https://openalex.org/W6929142384,not_returned
https://openalex.org/W6929494166,not_returned
https://openalex.org/W7083711477,not_returned
https://openalex.org/W7084389085,not_returned
https://openalex.org/W7084406267,not_returned
https://openalex.org/W7090767547,not_returned
https://openalex.org/W4412506989,not_returned
https://openalex.org/W3084018906,not_returned
https://openalex.org/W4387740201,not_returned
https://openalex.org/W2997631062,not_returned
https://openalex.org/W3103590943,not_returned
https://openalex.org/W3103810733,not_returned
https://openalex.org/W3104064522,not_returned
https://openalex.org/W3106263859,not_returned
https://openalex.org/W3191018278,not_returned
https://openalex.org/W6892950389,not_returned
https://openalex.org/W6783989317,not_returned
https://openalex.org/W6648025879,not_returned
https://openalex.org/W6724581685,not_returned
https://openalex.org/W6736408008,not_returned
https://openalex.org/W6789759416,not_returned
https://openalex.org/W6995845809,not_returned
https://openalex.org/W6635987977,not_returned
https://openalex.org/W6873151512,not_returned
https://openalex.org/W3207226532,not_returned
https://openalex.org/W3212779711,not_returned
https://openalex.org/W6891337324,not_returned
https://openalex.org/W4220693198,not_returned
https://openalex.org/W3108610876,not_returned
https://openalex.org/W3146688393,not_returned
https://openalex.org/W6600137863,not_returned
https://openalex.org/W1903446574,not_returned
https://openalex.org/W2964290866,not_returned
https://openalex.org/W2994884337,not_returned
https://openalex.org/W3098526504,not_returned
https://openalex.org/W3098856699,not_returned
https://openalex.org/W3099110583,not_returned
https://openalex.org/W3099125529,not_returned
https://openalex.org/W3099678501,not_returned
https://openalex.org/W3100513277,not_returned
https://openalex.org/W3100525859,not_returned
https://openalex.org/W3100896742,not_returned
https://openalex.org/W3101536983,not_returned
https://openalex.org/W3101814332,not_returned
https://openalex.org/W3102014803,not_returned
https://openalex.org/W3102255178,not_returned
https://openalex.org/W3103023005,not_returned
https://openalex.org/W3103188644,not_returned
https://openalex.org/W3103243402,not_returned
https://openalex.org/W3103325612,not_returned
https://openalex.org/W3104737723,not_returned
https://openalex.org/W3104777990,not_returned
https://openalex.org/W3105806537,not_returned
https://openalex.org/W3125781058,not_returned
https://openalex.org/W3129380635,not_returned
https://openalex.org/W3131156064,not_returned
https://openalex.org/W3132981706,not_returned
https://openalex.org/W3141175654,not_returned
https://openalex.org/W4306180912,not_returned
https://openalex.org/W6811386177,not_returned
https://openalex.org/W4226066294,not_returned
https://openalex.org/W3039181188,not_returned
https://openalex.org/W3094250752,not_returned
https://openalex.org/W3099769727,not_returned
https://openalex.org/W3100497253,not_returned
https://openalex.org/W3101281172,not_returned
https://openalex.org/W3102978915,not_returned
https://openalex.org/W3103554419,not_returned
https://openalex.org/W3104516273,not_returned
https://openalex.org/W3105546551,not_returned
https://openalex.org/W3106313144,not_returned
https://openalex.org/W3157996112,not_returned
https://openalex.org/W6944279301,not_returned
https://openalex.org/W3098388478,not_returned
https://openalex.org/W3099814042,not_returned
https://openalex.org/W3102256249,not_returned
https://openalex.org/W6763131980,not_returned
https://openalex.org/W6719151276,not_returned
https://openalex.org/W6871806502,not_returned
https://openalex.org/W3003531619,not_returned
https://openalex.org/W3009655766,not_returned
https://openalex.org/W3209474001,not_returned
https://openalex.org/W4280553575,not_returned
https://openalex.org/W6847320452,not_returned
https://openalex.org/W4288065702,not_returned
https://openalex.org/W6603987371,not_returned
https://openalex.org/W6605254498,not_returned
https://openalex.org/W6605362659,not_returned
https://openalex.org/W6755242029,not_returned
https://openalex.org/W6767677081,not_returned
https://openalex.org/W6770828771,not_returned
https://openalex.org/W6787354864,not_returned
https://openalex.org/W6791725117,not_returned
https://openalex.org/W6838756630,not_returned
https://openalex.org/W6848667729,not_returned
https://openalex.org/W6851869824,not_returned
https://openalex.org/W6858608078,not_returned
https://openalex.org/W6862871032,not_returned
https://openalex.org/W4211088267,not_returned
https://openalex.org/W6777425890,not_returned
https://openalex.org/W2246445795,not_returned
https://openalex.org/W6652286464,not_returned
https://openalex.org/W6697762788,not_returned
https://openalex.org/W6700755933,not_returned
https://openalex.org/W6726946383,not_returned
https://openalex.org/W6770133537,not_returned
https://openalex.org/W6770958780,not_returned
https://openalex.org/W6781954207,not_returned
https://openalex.org/W6799048486,not_returned
https://openalex.org/W6850265777,not_returned
https://openalex.org/W6866467261,not_returned
https://openalex.org/W6868132300,not_returned
https://openalex.org/W6875489171,not_returned
https://openalex.org/W6875692217,not_returned
https://openalex.org/W6670288613,not_returned
https://openalex.org/W4211229119,not_returned
https://openalex.org/W6758889506,not_returned
https://openalex.org/W6787007420,not_returned
https://openalex.org/W6790904382,not_returned
https://openalex.org/W6847365631,not_returned
https://openalex.org/W6850567548,not_returned
https://openalex.org/W1982381330,not_returned
https://openalex.org/W3102763046,not_returned
https://openalex.org/W4300972361,not_returned
https://openalex.org/W6694815617,not_returned
https://openalex.org/W6675354045,not_returned
https://openalex.org/W6788319991,not_returned
https://openalex.org/W6800782467,not_returned
https://openalex.org/W6810538457,not_returned
https://openalex.org/W6866482776,not_returned
https://openalex.org/W4205984900,not_returned
https://openalex.org/W4207020419,not_returned
https://openalex.org/W4213414018,not_returned
https://openalex.org/W4226308812,not_returned
https://openalex.org/W4226514599,not_returned
https://openalex.org/W6674298383,not_returned
https://openalex.org/W6678124583,not_returned
https://openalex.org/W6717921821,not_returned
https://openalex.org/W6849719575,not_returned
https://openalex.org/W6719839932,not_returned
https://openalex.org/W6780816836,not_returned
https://openalex.org/W6809258414,not_returned
https://openalex.org/W6825437329,not_returned
https://openalex.org/W3101665440,not_returned
https://openalex.org/W3103784868,not_returned
https://openalex.org/W3104217864,not_returned
https://openalex.org/W6675354045,not_returned
https://openalex.org/W6676992175,not_returned
https://openalex.org/W6911252215,not_returned
https://openalex.org/W2042254166,not_returned
https://openalex.org/W6729089956,not_returned
https://openalex.org/W6846954131,not_returned
https://openalex.org/W6853177432,not_returned
https://openalex.org/W6770530276,not_returned
https://openalex.org/W6902883297,not_returned
https://openalex.org/W6921544024,not_returned
https://openalex.org/W6940183198,not_returned
https://openalex.org/W6959139848,not_returned
https://openalex.org/W6959146949,not_returned
https://openalex.org/W6967437300,not_returned
https://openalex.org/W6977725947,not_returned
https://openalex.org/W6978025019,not_returned
https://openalex.org/W6667442828,not_returned
https://openalex.org/W6730162100,not_returned
https://openalex.org/W6738669847,not_returned
https://openalex.org/W6766138627,not_returned
https://openalex.org/W6841401609,not_returned
https://openalex.org/W6841672672,not_returned
https://openalex.org/W6847161965,not_returned
https://openalex.org/W6874466859,not_returned
https://openalex.org/W6677391905,not_returned
https://openalex.org/W6682966104,not_returned
https://openalex.org/W6724483999,not_returned
https://openalex.org/W6767272911,not_returned
https://openalex.org/W6790587931,not_returned
https://openalex.org/W6806462034,not_returned
https://openalex.org/W6848979155,not_returned
https://openalex.org/W6852184865,not_returned
https://openalex.org/W6867566087,not_returned
https://openalex.org/W6867567878,not_returned
https://openalex.org/W6892345605,not_returned
https://openalex.org/W6911051151,not_returned
https://openalex.org/W6948856385,not_returned
https://openalex.org/W6966929153,not_returned
https://openalex.org/W7073842593,not_returned
https://openalex.org/W2147558499,not_returned
https://openalex.org/W6741127532,not_returned
https://openalex.org/W6809391518,not_returned
https://openalex.org/W6862916502,not_returned
https://openalex.org/W6791675873,not_returned
https://openalex.org/W6797523584,not_returned
https://openalex.org/W6839582248,not_returned
https://openalex.org/W6675856788,not_returned
https://openalex.org/W6874540330,not_returned
https://openalex.org/W6881269789,not_returned
https://openalex.org/W6866191847,not_returned
https://openalex.org/W6872031463,not_returned
https://openalex.org/W6606877658,not_returned
https://openalex.org/W6628779785,not_returned
https://openalex.org/W6629889707,not_returned
https://openalex.org/W6630233420,not_returned
https://openalex.org/W6646558385,not_returned
https://openalex.org/W6658654551,not_returned
https://openalex.org/W6675023114,not_returned
https://openalex.org/W6675484820,not_returned
https://openalex.org/W6677325974,not_returned
https://openalex.org/W6679684682,not_returned
https://openalex.org/W6680974558,not_returned
https://openalex.org/W6682179459,not_returned
https://openalex.org/W6684954731,not_returned
https://openalex.org/W6751861503,not_returned
https://openalex.org/W6989333360,not_returned
https://openalex.org/W7064705237,not_returned
https://openalex.org/W7075659730,not_returned
https://openalex.org/W3042666245,not_returned
https://openalex.org/W3092663891,not_returned
https://openalex.org/W3093626079,not_returned
https://openalex.org/W3098459509,not_returned
https://openalex.org/W3099721157,not_returned
https://openalex.org/W3101144330,not_returned
https://openalex.org/W3101638317,not_returned
https://openalex.org/W3102230680,not_returned
https://openalex.org/W3103681827,not_returned
https://openalex.org/W3105912233,not_returned
https://openalex.org/W3127300593,not_returned
https://openalex.org/W3204739495,not_returned
https://openalex.org/W4225504353,not_returned
https://openalex.org/W4280646460,not_returned
https://openalex.org/W6892876169,not_returned
https://openalex.org/W6967823649,not_returned
https://openalex.org/W3164731060,not_returned
https://openalex.org/W2982355056,not_returned
https://openalex.org/W3099751368,not_returned
https://openalex.org/W3135580381,not_returned
https://openalex.org/W3209358303,not_returned
https://openalex.org/W4385468994,not_returned
https://openalex.org/W4401857333,not_returned
https://openalex.org/W4401863702,not_returned
https://openalex.org/W2102760065,not_returned
https://openalex.org/W3011013775,not_returned
https://openalex.org/W3100578917,not_returned
https://openalex.org/W3101760819,not_returned
https://openalex.org/W3106488967,not_returned
https://openalex.org/W3207474944,not_returned
https://openalex.org/W4392562053,not_returned
https://openalex.org/W3216660278,not_returned
https://openalex.org/W6892099294,not_returned
https://openalex.org/W3216782976,not_returned
https://openalex.org/W3005222590,not_returned
https://openalex.org/W3098258015,not_returned
https://openalex.org/W3098679716,not_returned
https://openalex.org/W3098927963,not_returned
https://openalex.org/W3100345056,not_returned
https://openalex.org/W3100389015,not_returned
https://openalex.org/W3101308889,not_returned
https://openalex.org/W3104445040,not_returned
https://openalex.org/W3105169336,not_returned
https://openalex.org/W3106362737,not_returned
https://openalex.org/W3124680919,not_returned
https://openalex.org/W3164445194,not_returned
https://openalex.org/W3210154441,not_returned
https://openalex.org/W6969218548,not_returned
https://openalex.org/W2990158149,not_returned
https://openalex.org/W3099184165,not_returned
https://openalex.org/W3099518338,not_returned
https://openalex.org/W3100759265,not_returned
https://openalex.org/W3101349089,not_returned
https://openalex.org/W3102014803,not_returned
https://openalex.org/W3102833780,not_returned
https://openalex.org/W3102839431,not_returned
https://openalex.org/W3102916867,not_returned
https://openalex.org/W3103051111,not_returned
https://openalex.org/W3104699169,not_returned
https://openalex.org/W3105725265,not_returned
https://openalex.org/W3106194273,not_returned
https://openalex.org/W3106269709,not_returned
https://openalex.org/W3106468652,not_returned
https://openalex.org/W3121451553,not_returned
https://openalex.org/W3125475752,not_returned
https://openalex.org/W3094270906,not_returned
https://openalex.org/W3098109662,not_returned
https://openalex.org/W3100397452,not_returned
https://openalex.org/W3100405904,not_returned
https://openalex.org/W3100848604,not_returned
https://openalex.org/W3100885486,not_returned
https://openalex.org/W3100932106,not_returned
https://openalex.org/W3101016454,not_returned
https://openalex.org/W3101281901,not_returned
https://openalex.org/W3102032077,not_returned
https://openalex.org/W3102356611,not_returned
https://openalex.org/W3102707845,not_returned
https://openalex.org/W3102850437,not_returned
https://openalex.org/W3102888176,not_returned
https://openalex.org/W3103054168,not_returned
https://openalex.org/W3103120923,not_returned
https://openalex.org/W3103130341,not_returned
https://openalex.org/W3103474056,not_returned
https://openalex.org/W3103664427,not_returned
https://openalex.org/W3103820657,not_returned
https://openalex.org/W3104042330,not_returned
https://openalex.org/W3104062568,not_returned
https://openalex.org/W3104137591,not_returned
https://openalex.org/W3104642868,not_returned
https://openalex.org/W3105509784,not_returned
https://openalex.org/W3105842942,not_returned
https://openalex.org/W3105934001,not_returned
https://openalex.org/W3106010833,not_returned
https://openalex.org/W3106467271,not_returned
https://openalex.org/W3123743985,not_returned
https://openalex.org/W3133381213,not_returned
https://openalex.org/W3158264840,not_returned
https://openalex.org/W3211055580,not_returned
https://openalex.org/W4226190124,not_returned
https://openalex.org/W4226266406,not_returned
https://openalex.org/W4226407459,not_returned
https://openalex.org/W6600688380,not_returned
https://openalex.org/W6603733885,not_returned
https://openalex.org/W6815242891,not_returned
https://openalex.org/W6821627135,not_returned
https://openalex.org/W6713457825,not_returned
https://openalex.org/W4226320475,not_returned
https://openalex.org/W4226439478,not_returned
https://openalex.org/W6801148365,not_returned
https://openalex.org/W6660046353,not_returned
https://openalex.org/W6746217043,not_returned
https://openalex.org/W6760809592,not_returned
https://openalex.org/W6770696938,not_returned
https://openalex.org/W3091522365,not_returned
https://openalex.org/W3095140800,not_returned
https://openalex.org/W3104412562,not_returned
https://openalex.org/W3205943705,not_returned
https://openalex.org/W6790235778,not_returned
https://openalex.org/W6635720702,not_returned
https://openalex.org/W6745361698,not_returned
https://openalex.org/W6908278654,not_returned
https://openalex.org/W6691988441,not_returned
https://openalex.org/W4205828967,not_returned
https://openalex.org/W4206921254,not_returned
https://openalex.org/W4225259956,not_returned
https://openalex.org/W4225303663,not_returned
https://openalex.org/W4228999288,not_returned
https://openalex.org/W4229445428,not_returned
https://openalex.org/W2999655151,not_returned
https://openalex.org/W3031514878,not_returned
https://openalex.org/W4205437974,not_returned
https://openalex.org/W6603776510,not_returned
https://openalex.org/W6620232636,not_returned
https://openalex.org/W6632353429,not_returned
https://openalex.org/W6638908295,not_returned
https://openalex.org/W6677867948,not_returned
https://openalex.org/W6743496251,not_returned
https://openalex.org/W6746023985,not_returned
https://openalex.org/W6748201256,not_returned
https://openalex.org/W6757107679,not_returned
https://openalex.org/W6765924760,not_returned
https://openalex.org/W6770847983,not_returned
https://openalex.org/W6810284626,not_returned
https://openalex.org/W6854025899,not_returned
https://openalex.org/W6856317062,not_returned
https://openalex.org/W6874105131,not_returned
https://openalex.org/W6738128650,not_returned
https://openalex.org/W6855675337,not_returned
https://openalex.org/W3150635270,not_returned
https://openalex.org/W4206616949,not_returned
https://openalex.org/W4224938562,not_returned
https://openalex.org/W4225529913,not_returned
https://openalex.org/W4226364522,not_returned
https://openalex.org/W6657001066,not_returned
https://openalex.org/W6680348374,not_returned
https://openalex.org/W2133960932,not_returned
https://openalex.org/W2962953024,not_returned
https://openalex.org/W3003886262,not_returned
https://openalex.org/W3018933239,not_returned
https://openalex.org/W3047429096,not_returned
https://openalex.org/W3066277159,not_returned
https://openalex.org/W3091848216,not_returned
https://openalex.org/W3099341089,not_returned
https://openalex.org/W3106021851,not_returned
https://openalex.org/W3154306736,not_returned
https://openalex.org/W3198960704,not_returned
https://openalex.org/W3215555938,not_returned
https://openalex.org/W4221072616,not_returned
https://openalex.org/W4238324335,not_returned
https://openalex.org/W4389611014,not_returned
https://openalex.org/W6649860808,not_returned
https://openalex.org/W6663303874,not_returned
https://openalex.org/W6668062122,not_returned
https://openalex.org/W6766775127,not_returned
https://openalex.org/W6778971838,not_returned
https://openalex.org/W6855905157,not_returned
https://openalex.org/W6967022792,not_returned
https://openalex.org/W6685897089,not_returned
https://openalex.org/W6603557143,not_returned
https://openalex.org/W6609306296,not_returned
https://openalex.org/W6640425456,not_returned
https://openalex.org/W6812742317,not_returned
https://openalex.org/W6867375705,not_returned
https://openalex.org/W6885121220,not_returned
https://openalex.org/W6602154742,not_returned
https://openalex.org/W6629121240,not_returned
https://openalex.org/W6635438513,not_returned
https://openalex.org/W6683517995,not_returned
https://openalex.org/W6747055559,not_returned
https://openalex.org/W6852728761,not_returned
https://openalex.org/W2962725223,not_returned
https://openalex.org/W3128198169,not_returned
https://openalex.org/W6859262498,not_returned
https://openalex.org/W6873665393,not_returned
https://openalex.org/W6876462091,not_returned
https://openalex.org/W4206907949,not_returned
https://openalex.org/W6892440325,not_returned
https://openalex.org/W6910865527,not_returned
https://openalex.org/W3085222997,not_returned
https://openalex.org/W3092055216,not_returned
https://openalex.org/W3101527806,not_returned
https://openalex.org/W4402625723,not_returned
https://openalex.org/W6675354045,not_returned
https://openalex.org/W6754669440,not_returned
https://openalex.org/W3099402469,not_returned
https://openalex.org/W3099520126,not_returned
https://openalex.org/W3100036146,not_returned
https://openalex.org/W3100345722,not_returned
https://openalex.org/W3100945494,not_returned
https://openalex.org/W3101013896,not_returned
https://openalex.org/W3102567222,not_returned
https://openalex.org/W3103693481,not_returned
https://openalex.org/W3103855291,not_returned
https://openalex.org/W3103890580,not_returned
https://openalex.org/W3104494476,not_returned
https://openalex.org/W3104977741,not_returned
https://openalex.org/W3105541463,not_returned
https://openalex.org/W3105582558,not_returned
https://openalex.org/W3105827299,not_returned
https://openalex.org/W3119582496,not_returned
https://openalex.org/W3122893524,not_returned
https://openalex.org/W6871553100,not_returned
https://openalex.org/W6767150347,not_returned
https://openalex.org/W6794108199,not_returned
https://openalex.org/W3122853355,not_returned
https://openalex.org/W3124621296,not_returned
https://openalex.org/W3164815628,not_returned
https://openalex.org/W3093603610,not_returned
https://openalex.org/W3100574893,not_returned
https://openalex.org/W3102611432,not_returned
https://openalex.org/W4399533476,not_returned
https://openalex.org/W6857239063,not_returned
https://openalex.org/W6775601272,not_returned
https://openalex.org/W6861635244,not_returned
https://openalex.org/W6864762311,not_returned
https://openalex.org/W6870115302,not_returned
https://openalex.org/W6870594229,not_returned
https://openalex.org/W6871258629,not_returned
https://openalex.org/W6871679759,not_returned
https://openalex.org/W6873653666,not_returned
https://openalex.org/W6875771694,not_returned
https://openalex.org/W6877132610,not_returned
https://openalex.org/W6980798448,not_returned
https://openalex.org/W7062524892,not_returned
https://openalex.org/W3010319276,not_returned
https://openalex.org/W6677916085,not_returned
https://openalex.org/W6765949483,not_returned
https://openalex.org/W6804601995,not_returned
https://openalex.org/W6842953437,not_returned
https://openalex.org/W6852098214,not_returned
https://openalex.org/W6948363816,not_returned
https://openalex.org/W6677790288,not_returned
https://openalex.org/W6889199322,not_returned
https://openalex.org/W6692384415,not_returned
https://openalex.org/W6684601544,not_returned
https://openalex.org/W6682675615,not_returned
https://openalex.org/W3098630415,not_returned
https://openalex.org/W3099003517,not_returned
https://openalex.org/W3099328020,not_returned
https://openalex.org/W3099367217,not_returned
https://openalex.org/W3100544249,not_returned
https://openalex.org/W3100617925,not_returned
https://openalex.org/W3103148071,not_returned
https://openalex.org/W3104062568,not_returned
https://openalex.org/W3104064798,not_returned
https://openalex.org/W3105123717,not_returned
https://openalex.org/W3119622485,not_returned
https://openalex.org/W4205140633,not_returned
https://openalex.org/W4225526016,not_returned
https://openalex.org/W4293761850,not_returned
https://openalex.org/W4296816715,not_returned
https://openalex.org/W4365205148,not_returned
https://openalex.org/W4396931687,not_returned
https://openalex.org/W4405259714,not_returned
https://openalex.org/W2737966001,not_returned
https://openalex.org/W6675354045,not_returned
https://openalex.org/W6777042210,not_returned
https://openalex.org/W6847302565,not_returned
https://openalex.org/W2963626393,not_returned
https://openalex.org/W4300972361,not_returned
https://openalex.org/W6894068769,not_returned
https://openalex.org/W6925650038,not_returned
https://openalex.org/W6930175027,not_returned
https://openalex.org/W6964676137,not_returned
https://openalex.org/W4229374421,not_returned
https://openalex.org/W3124312774,not_returned
https://openalex.org/W6910825171,not_returned
https://openalex.org/W6780318483,not_returned
https://openalex.org/W6784228936,not_returned
https://openalex.org/W6797806600,not_returned
https://openalex.org/W2982322963,not_returned
https://openalex.org/W3100845463,not_returned
https://openalex.org/W3100933337,not_returned
https://openalex.org/W3101314198,not_returned
https://openalex.org/W3101879684,not_returned
https://openalex.org/W3102014803,not_returned
https://openalex.org/W3102171269,not_returned
https://openalex.org/W3102430328,not_returned
https://openalex.org/W3102682705,not_returned
https://openalex.org/W3103630866,not_returned
https://openalex.org/W3104415641,not_returned
https://openalex.org/W3104663640,not_returned
https://openalex.org/W3105697007,not_returned
https://openalex.org/W3105743828,not_returned
https://openalex.org/W3106354621,not_returned
https://openalex.org/W3121992443,not_returned
https://openalex.org/W3125287281,not_returned
https://openalex.org/W3127861131,not_returned
https://openalex.org/W3128702340,not_returned
https://openalex.org/W3164692516,not_returned
https://openalex.org/W3194244178,not_returned
https://openalex.org/W3217180752,not_returned
https://openalex.org/W4288079440,not_returned
https://openalex.org/W6743879360,not_returned
https://openalex.org/W6807608024,not_returned
https://openalex.org/W6929250182,not_returned
https://openalex.org/W6947786802,not_returned
https://openalex.org/W6949440090,not_returned
https://openalex.org/W4213380707,not_returned
https://openalex.org/W4226439478,not_returned
https://openalex.org/W4250543537,not_returned
https://openalex.org/W6782524317,not_returned
https://openalex.org/W6851449046,not_returned
https://openalex.org/W6859039957,not_returned
https://openalex.org/W6625619953,not_returned
https://openalex.org/W6634686509,not_returned
https://openalex.org/W6662707436,not_returned
https://openalex.org/W6769405559,not_returned
https://openalex.org/W6771950518,not_returned
https://openalex.org/W4249161799,not_returned
https://openalex.org/W4249897019,not_returned
https://openalex.org/W6721277330,not_returned
https://openalex.org/W6797791523,not_returned
https://openalex.org/W6637761482,not_returned
https://openalex.org/W6672020724,not_returned
https://openalex.org/W6730551820,not_returned
https://openalex.org/W6793731154,not_returned
https://openalex.org/W6850584506,not_returned
https://openalex.org/W6852612723,not_returned
https://openalex.org/W6857280620,not_returned
https://openalex.org/W4220779972,not_returned
https://openalex.org/W4376595873,not_returned
https://openalex.org/W6842553390,not_returned
https://openalex.org/W6865819148,not_returned
https://openalex.org/W6866235641,not_returned
https://openalex.org/W4221101481,not_returned
https://openalex.org/W6868063225,not_returned
https://openalex.org/W7002307508,not_returned
https://openalex.org/W3098509317,not_returned
https://openalex.org/W3102033477,not_returned
https://openalex.org/W3104386565,not_returned
https://openalex.org/W3105700799,not_returned
https://openalex.org/W3106527869,not_returned
https://openalex.org/W3138658169,not_returned
https://openalex.org/W4226242928,not_returned
https://openalex.org/W4288426629,not_returned
https://openalex.org/W4307715017,not_returned
https://openalex.org/W6640237930,not_returned
https://openalex.org/W4206978535,not_returned
https://openalex.org/W2045999190,not_returned
https://openalex.org/W2409388005,not_returned
https://openalex.org/W4387225434,not_returned
https://openalex.org/W3092764305,not_returned
https://openalex.org/W3098009857,not_returned
https://openalex.org/W3100265020,not_returned
https://openalex.org/W3101870926,not_returned
https://openalex.org/W3102230680,not_returned
https://openalex.org/W3103683005,not_returned
https://openalex.org/W3103724635,not_returned
https://openalex.org/W3103733614,not_returned
https://openalex.org/W3104443802,not_returned
https://openalex.org/W3104730542,not_returned
https://openalex.org/W3105089872,not_returned
https://openalex.org/W3105375953,not_returned
https://openalex.org/W3136558436,not_returned
https://openalex.org/W3150635270,not_returned
https://openalex.org/W4394650611,not_returned
https://openalex.org/W4398214745,not_returned
https://openalex.org/W2922503851,not_returned
https://openalex.org/W2963317296,not_returned
https://openalex.org/W3094851741,not_returned
https://openalex.org/W3098089990,not_returned
https://openalex.org/W3098551641,not_returned
https://openalex.org/W3099930796,not_returned
https://openalex.org/W3100264327,not_returned
https://openalex.org/W3100380585,not_returned
https://openalex.org/W3100445047,not_returned
https://openalex.org/W3101928617,not_returned
https://openalex.org/W3102781446,not_returned
https://openalex.org/W3103110782,not_returned
https://openalex.org/W3104598406,not_returned
https://openalex.org/W3105278400,not_returned
https://openalex.org/W3105473951,not_returned
https://openalex.org/W3105959459,not_returned
https://openalex.org/W3150093277,not_returned
https://openalex.org/W3186665333,not_returned
https://openalex.org/W6605485274,not_returned
https://openalex.org/W6607045254,not_returned
https://openalex.org/W6893950225,not_returned
https://openalex.org/W6838289736,not_returned
https://openalex.org/W6977763004,not_returned
https://openalex.org/W6753628252,not_returned
https://openalex.org/W6755764479,not_returned
https://openalex.org/W4206487770,not_returned
https://openalex.org/W6605403718,not_returned
https://openalex.org/W6636880458,not_returned
https://openalex.org/W6673707351,not_returned
https://openalex.org/W6674518451,not_returned
https://openalex.org/W6683593469,not_returned
https://openalex.org/W6769315919,not_returned
https://openalex.org/W6788574923,not_returned
https://openalex.org/W6849379897,not_returned
https://openalex.org/W6853137709,not_returned
https://openalex.org/W6855614425,not_returned
https://openalex.org/W6668533226,not_returned
https://openalex.org/W6810221590,not_returned
https://openalex.org/W6765508185,not_returned
https://openalex.org/W6852950876,not_returned
https://openalex.org/W4210975804,not_returned
https://openalex.org/W4236880507,not_returned
https://openalex.org/W6682321461,not_returned
https://openalex.org/W6601675296,not_returned
https://openalex.org/W6608284965,not_returned
https://openalex.org/W6608728979,not_returned
https://openalex.org/W6649218616,not_returned
https://openalex.org/W6663753092,not_returned
https://openalex.org/W6687202433,not_returned
https://openalex.org/W6761059564,not_returned
https://openalex.org/W6761957034,not_returned
https://openalex.org/W6766905983,not_returned
https://openalex.org/W1975924406,not_returned
https://openalex.org/W3106543020,not_returned
https://openalex.org/W6608107679,not_returned
https://openalex.org/W6680096826,not_returned
https://openalex.org/W6692289367,not_returned
https://openalex.org/W6628795326,not_returned
https://openalex.org/W6632544108,not_returned
https://openalex.org/W6646639750,not_returned
https://openalex.org/W6764938360,not_returned
https://openalex.org/W6770277184,not_returned
https://openalex.org/W6774720588,not_returned
https://openalex.org/W6785305320,not_returned
https://openalex.org/W6840094080,not_returned
https://openalex.org/W6851311513,not_returned
https://openalex.org/W6861341160,not_returned
https://openalex.org/W6869734517,not_returned
https://openalex.org/W6949329407,not_returned
https://openalex.org/W6640047841,not_returned
https://openalex.org/W6747237366,not_returned
https://openalex.org/W6766531925,not_returned
https://openalex.org/W6784379159,not_returned
https://openalex.org/W6790506366,not_returned
https://openalex.org/W6804576170,not_returned
https://openalex.org/W6807137085,not_returned
https://openalex.org/W6810183094,not_returned
https://openalex.org/W6838822392,not_returned
https://openalex.org/W6840026817,not_returned
https://openalex.org/W6841558162,not_returned
https://openalex.org/W6853439256,not_returned
https://openalex.org/W6653806002,not_returned
https://openalex.org/W6654867055,not_returned
https://openalex.org/W6658496031,not_returned
https://openalex.org/W6665346143,not_returned
https://openalex.org/W6679675478,not_returned
https://openalex.org/W6687628659,not_returned
https://openalex.org/W6745091489,not_returned
https://openalex.org/W6802727696,not_returned
https://openalex.org/W6804343207,not_returned
https://openalex.org/W6817860436,not_returned
https://openalex.org/W6835320736,not_returned
https://openalex.org/W6841402879,not_returned
https://openalex.org/W6842743301,not_returned
https://openalex.org/W6857743677,not_returned
https://openalex.org/W6871556349,not_returned
https://openalex.org/W6877447662,not_returned
https://openalex.org/W7073646921,not_returned
https://openalex.org/W1992845341,not_returned
https://openalex.org/W6656165985,not_returned
https://openalex.org/W6657455610,not_returned
https://openalex.org/W6668920518,not_returned
https://openalex.org/W6692441105,not_returned
https://openalex.org/W6693552995,not_returned
https://openalex.org/W6724428794,not_returned
https://openalex.org/W6740793856,not_returned
https://openalex.org/W6758860580,not_returned
https://openalex.org/W7071743815,not_returned
https://openalex.org/W2024902922,not_returned
https://openalex.org/W6634956296,not_returned
https://openalex.org/W6663639707,not_returned
https://openalex.org/W6707346017,not_returned
https://openalex.org/W6731928650,not_returned
https://openalex.org/W6752672838,not_returned
https://openalex.org/W6801363416,not_returned
https://openalex.org/W6888980830,not_returned
https://openalex.org/W4226043583,not_returned
https://openalex.org/W4226460534,not_returned
https://openalex.org/W3203302155,not_returned
https://openalex.org/W6680462963,not_returned
https://openalex.org/W6747290855,not_returned
https://openalex.org/W6869966262,not_returned
https://openalex.org/W6876505441,not_returned
https://openalex.org/W6765651553,not_returned
https://openalex.org/W6771990238,not_returned
https://openalex.org/W6772730782,not_returned
https://openalex.org/W6775084521,not_returned
https://openalex.org/W6779303124,not_returned
https://openalex.org/W6793501438,not_returned
https://openalex.org/W6806552142,not_returned
https://openalex.org/W6838322635,not_returned
https://openalex.org/W6842895841,not_returned
https://openalex.org/W6847256347,not_returned
https://openalex.org/W6851016781,not_returned
https://openalex.org/W6853863026,not_returned
https://openalex.org/W6857775623,not_returned
https://openalex.org/W6865202285,not_returned
https://openalex.org/W6872814940,not_returned
https://openalex.org/W6878268066,not_returned
https://openalex.org/W6878387161,not_returned
https://openalex.org/W3214923421,not_returned
https://openalex.org/W6647103571,not_returned
https://openalex.org/W6856257075,not_returned
https://openalex.org/W6874718027,not_returned
https://openalex.org/W6875341104,not_returned
https://openalex.org/W6906747239,not_returned
https://openalex.org/W3178108585,not_returned
https://openalex.org/W4308865586,not_returned
https://openalex.org/W6968879170,not_returned
https://openalex.org/W4410613701,not_returned
https://openalex.org/W4313533813,not_returned
https://openalex.org/W6910647444,not_returned
https://openalex.org/W6929494166,not_returned
https://openalex.org/W6966740001,not_returned
https://openalex.org/W6966766661,not_returned
https://openalex.org/W3037888463,not_returned
https://openalex.org/W6936153093,not_returned
https://openalex.org/W6911849766,not_returned
https://openalex.org/W6892128489,not_returned
https://openalex.org/W6912076706,not_returned
https://openalex.org/W6929882503,not_returned
https://openalex.org/W4383344946,not_returned
https://openalex.org/W6911900139,not_returned
https://openalex.org/W6741604713,not_returned
https://openalex.org/W6764666936,not_returned
https://openalex.org/W2963258351,not_returned
https://openalex.org/W3166266321,not_returned
https://openalex.org/W6662781914,not_returned
https://openalex.org/W6662965748,not_returned
https://openalex.org/W6702439072,not_returned
https://openalex.org/W6747885502,not_returned
https://openalex.org/W7073912601,not_returned
https://openalex.org/W2589230017,not_returned
https://openalex.org/W6741345145,not_returned
https://openalex.org/W6786317862,not_returned
https://openalex.org/W4206993891,not_returned
https://openalex.org/W4221044397,not_returned
https://openalex.org/W4225787402,not_returned
https://openalex.org/W4229014665,not_returned
https://openalex.org/W6790241568,not_returned
https://openalex.org/W6856705973,not_returned
https://openalex.org/W6841850094,not_returned
https://openalex.org/W6873130442,not_returned
https://openalex.org/W2966177381,not_returned
https://openalex.org/W2996118672,not_returned
https://openalex.org/W3098011458,not_returned
https://openalex.org/W3098124501,not_returned
https://openalex.org/W3098230113,not_returned
https://openalex.org/W3098259100,not_returned
https://openalex.org/W3098327075,not_returned
https://openalex.org/W3098520756,not_returned
https://openalex.org/W3098633730,not_returned
https://openalex.org/W3098685078,not_returned
https://openalex.org/W3098754667,not_returned
https://openalex.org/W3098827772,not_returned
https://openalex.org/W3098872962,not_returned
https://openalex.org/W3099093665,not_returned
https://openalex.org/W3099134785,not_returned
https://openalex.org/W3099359392,not_returned
https://openalex.org/W3099699819,not_returned
https://openalex.org/W3099895818,not_returned
https://openalex.org/W3099941494,not_returned
https://openalex.org/W3100416326,not_returned
https://openalex.org/W3100460881,not_returned
https://openalex.org/W3100605366,not_returned
https://openalex.org/W3100735358,not_returned
https://openalex.org/W3100845463,not_returned
https://openalex.org/W3100874593,not_returned
https://openalex.org/W3100933337,not_returned
https://openalex.org/W3101294454,not_returned
https://openalex.org/W3101372253,not_returned
https://openalex.org/W3101673914,not_returned
https://openalex.org/W3101787414,not_returned
https://openalex.org/W3101803647,not_returned
https://openalex.org/W3101844877,not_returned
https://openalex.org/W3102014803,not_returned
https://openalex.org/W3102171269,not_returned
https://openalex.org/W3102310353,not_returned
https://openalex.org/W3102366612,not_returned
https://openalex.org/W3102460640,not_returned
https://openalex.org/W3102682014,not_returned
https://openalex.org/W3102744303,not_returned
https://openalex.org/W3102776505,not_returned
https://openalex.org/W3103089356,not_returned
https://openalex.org/W3103224716,not_returned
https://openalex.org/W3103365390,not_returned
https://openalex.org/W3103422522,not_returned
https://openalex.org/W3103551254,not_returned
https://openalex.org/W3103638534,not_returned
https://openalex.org/W3103644463,not_returned
https://openalex.org/W3103700436,not_returned
https://openalex.org/W3103925598,not_returned
https://openalex.org/W3104008869,not_returned
https://openalex.org/W3104178500,not_returned
https://openalex.org/W3104242224,not_returned
https://openalex.org/W3104395775,not_returned
https://openalex.org/W3104486447,not_returned
https://openalex.org/W3104729006,not_returned
https://openalex.org/W3105120057,not_returned
https://openalex.org/W3105265838,not_returned
https://openalex.org/W3105467507,not_returned
https://openalex.org/W3105576366,not_returned
https://openalex.org/W3105630400,not_returned
https://openalex.org/W3105642439,not_returned
https://openalex.org/W3105791143,not_returned
https://openalex.org/W3105873608,not_returned
https://openalex.org/W3106007519,not_returned
https://openalex.org/W3106147873,not_returned
https://openalex.org/W3106402285,not_returned
https://openalex.org/W3106477151,not_returned
https://openalex.org/W3113597262,not_returned
https://openalex.org/W3121726166,not_returned
https://openalex.org/W3123550779,not_returned
https://openalex.org/W3123809241,not_returned
https://openalex.org/W3125041898,not_returned
https://openalex.org/W3125413685,not_returned
https://openalex.org/W3126138633,not_returned
https://openalex.org/W3215267764,not_returned
https://openalex.org/W4232383088,not_returned
https://openalex.org/W6950138107,not_returned
https://openalex.org/W6964696984,not_returned
https://openalex.org/W2963305465,not_returned
https://openalex.org/W3093687066,not_returned
https://openalex.org/W3104585744,not_returned
https://openalex.org/W3178108585,not_returned
https://openalex.org/W4200511449,not_returned
https://openalex.org/W6639911158,not_returned
https://openalex.org/W6673850562,not_returned
https://openalex.org/W6679298611,not_returned
https://openalex.org/W6725077757,not_returned
https://openalex.org/W6748988818,not_returned
https://openalex.org/W6762600301,not_returned
https://openalex.org/W6783645703,not_returned
https://openalex.org/W6789979232,not_returned
https://openalex.org/W6798461866,not_returned
https://openalex.org/W6810246969,not_returned
https://openalex.org/W6848897403,not_returned
https://openalex.org/W6869252909,not_returned
https://openalex.org/W6880186831,not_returned
https://openalex.org/W6675175431,not_returned
https://openalex.org/W6861391319,not_returned
https://openalex.org/W6690344711,not_returned
https://openalex.org/W6773270110,not_returned
https://openalex.org/W7074021230,not_returned
https://openalex.org/W2795291930,not_returned
https://openalex.org/W4255198601,not_returned
https://openalex.org/W7073842593,not_returned
https://openalex.org/W4221049185,not_returned
https://openalex.org/W4226373958,not_returned
https://openalex.org/W6740002239,not_returned
https://openalex.org/W1930280347,not_returned
https://openalex.org/W2963203163,not_returned
https://openalex.org/W2964119344,not_returned
https://openalex.org/W3096678660,not_returned
https://openalex.org/W3098205583,not_returned
https://openalex.org/W3099029142,not_returned
https://openalex.org/W3099437399,not_returned
https://openalex.org/W3099518338,not_returned
https://openalex.org/W3100513474,not_returned
https://openalex.org/W3101138909,not_returned
https://openalex.org/W3101477504,not_returned
https://openalex.org/W3101862240,not_returned
https://openalex.org/W3102014803,not_returned
https://openalex.org/W3102230680,not_returned
https://openalex.org/W3102839431,not_returned
https://openalex.org/W3103051111,not_returned
https://openalex.org/W3104062568,not_returned
https://openalex.org/W3121451553,not_returned
https://openalex.org/W3123472368,not_returned
https://openalex.org/W3139229699,not_returned
https://openalex.org/W6930332206,not_returned
https://openalex.org/W6969133329,not_returned
https://openalex.org/W3014550159,not_returned
https://openalex.org/W3097946496,not_returned
https://openalex.org/W3098397378,not_returned
https://openalex.org/W3098865668,not_returned
https://openalex.org/W3102014803,not_returned
https://openalex.org/W3102414822,not_returned
https://openalex.org/W3103604048,not_returned
https://openalex.org/W3110122307,not_returned
https://openalex.org/W3121392225,not_returned
https://openalex.org/W3121569889,not_returned
https://openalex.org/W2168175751,not_returned
https://openalex.org/W2963273354,not_returned
https://openalex.org/W3098606108,not_returned
https://openalex.org/W3100615668,not_returned
https://openalex.org/W3100664757,not_returned
https://openalex.org/W3102014803,not_returned
https://openalex.org/W3103224716,not_returned
https://openalex.org/W3104157146,not_returned
https://openalex.org/W3122834883,not_returned
https://openalex.org/W3133393723,not_returned
https://openalex.org/W3161711578,not_returned
https://openalex.org/W4283750117,not_returned
https://openalex.org/W4225511363,not_returned
https://openalex.org/W3141537781,not_returned
https://openalex.org/W4288365749,not_returned
https://openalex.org/W3209024737,not_returned
https://openalex.org/W6949371384,not_returned
https://openalex.org/W6949917766,not_returned
https://openalex.org/W7080126874,not_returned
https://openalex.org/W6903693217,not_returned
https://openalex.org/W6927214027,not_returned
https://openalex.org/W2963626393,not_returned
https://openalex.org/W3205917854,not_returned
https://openalex.org/W3214377178,not_returned
https://openalex.org/W3216958823,not_returned
https://openalex.org/W4206600234,not_returned
https://openalex.org/W3125283999,not_returned
https://openalex.org/W3100254053,not_returned
https://openalex.org/W3101768858,not_returned
https://openalex.org/W3103236696,not_returned
https://openalex.org/W3104718365,not_returned
https://openalex.org/W4226372731,not_returned
https://openalex.org/W6748896124,not_returned
https://openalex.org/W2963203163,not_returned
https://openalex.org/W2964119344,not_returned
https://openalex.org/W2965175493,not_returned
https://openalex.org/W3098205583,not_returned
https://openalex.org/W3099029142,not_returned
https://openalex.org/W3099518338,not_returned
https://openalex.org/W3099814174,not_returned
https://openalex.org/W3101138909,not_returned
https://openalex.org/W3101201553,not_returned
https://openalex.org/W3101862240,not_returned
https://openalex.org/W3102014803,not_returned
https://openalex.org/W3102696420,not_returned
https://openalex.org/W3106280421,not_returned
https://openalex.org/W3121451553,not_returned
https://openalex.org/W3139229699,not_returned
https://openalex.org/W6930332206,not_returned
https://openalex.org/W3098861818,not_returned
https://openalex.org/W6659631472,not_returned
https://openalex.org/W6684811265,not_returned
https://openalex.org/W6760513793,not_returned
https://openalex.org/W7066667914,not_returned
https://openalex.org/W2964101465,not_returned
https://openalex.org/W6726554034,not_returned
https://openalex.org/W4225606024,not_returned
https://openalex.org/W6784418962,not_returned
https://openalex.org/W6786151208,not_returned
https://openalex.org/W6653192385,not_returned
https://openalex.org/W6658975343,not_returned
https://openalex.org/W6688663842,not_returned
https://openalex.org/W6734779126,not_returned
https://openalex.org/W6746900578,not_returned
https://openalex.org/W6747671605,not_returned
https://openalex.org/W6759964265,not_returned
https://openalex.org/W6767153622,not_returned
https://openalex.org/W6778869628,not_returned
https://openalex.org/W6801972106,not_returned
https://openalex.org/W6808105647,not_returned
https://openalex.org/W6990508080,not_returned
https://openalex.org/W3125581984,not_returned
https://openalex.org/W3216782976,not_returned
https://openalex.org/W6679963796,not_returned
https://openalex.org/W3128198169,not_returned
https://openalex.org/W3186309583,not_returned
https://openalex.org/W6635017893,not_returned
https://openalex.org/W6635149568,not_returned
https://openalex.org/W6682915098,not_returned
https://openalex.org/W6768172659,not_returned
https://openalex.org/W6807060566,not_returned
https://openalex.org/W2158063156,not_returned
https://openalex.org/W4205777247,not_returned
https://openalex.org/W6638574419,not_returned
https://openalex.org/W6650509241,not_returned
https://openalex.org/W6685173068,not_returned
https://openalex.org/W6777471747,not_returned
https://openalex.org/W6838234622,not_returned
https://openalex.org/W6843067416,not_returned
https://openalex.org/W6856756801,not_returned
https://openalex.org/W67770540,not_returned
https://openalex.org/W3099041773,not_returned
https://openalex.org/W3160030944,not_returned
https://openalex.org/W4401075163,not_returned
https://openalex.org/W6948945200,not_returned
https://openalex.org/W6718374736,not_returned
https://openalex.org/W2953319349,not_returned
https://openalex.org/W4394672655,not_returned
https://openalex.org/W6929451123,not_returned
https://openalex.org/W2962821376,not_returned
https://openalex.org/W2980992670,not_returned
https://openalex.org/W3093517064,not_returned
https://openalex.org/W3099465104,not_returned
https://openalex.org/W3100668654,not_returned
https://openalex.org/W3101901256,not_returned
https://openalex.org/W3102014803,not_returned
https://openalex.org/W3102230680,not_returned
https://openalex.org/W3102962098,not_returned
https://openalex.org/W3103589221,not_returned
https://openalex.org/W3104206875,not_returned
https://openalex.org/W3104728800,not_returned
https://openalex.org/W3104730542,not_returned
https://openalex.org/W3105571655,not_returned
https://openalex.org/W3105572495,not_returned
https://openalex.org/W3106194655,not_returned
https://openalex.org/W3106259088,not_returned
https://openalex.org/W3123023965,not_returned
https://openalex.org/W3125460197,not_returned
https://openalex.org/W6931468208,not_returned
https://openalex.org/W6967606135,not_returned
https://openalex.org/W6873703583,not_returned
https://openalex.org/W6873855156,not_returned
https://openalex.org/W2964031043,not_returned
https://openalex.org/W6606201509,not_returned
https://openalex.org/W6676671815,not_returned
https://openalex.org/W6679948214,not_returned
https://openalex.org/W6759070178,not_returned
https://openalex.org/W4243039599,not_returned
https://openalex.org/W6731367188,not_returned
https://openalex.org/W6876479052,not_returned
https://openalex.org/W4226343440,not_returned
https://openalex.org/W6601585368,not_returned
https://openalex.org/W6602135516,not_returned
https://openalex.org/W6604787449,not_returned
https://openalex.org/W6643203839,not_returned
https://openalex.org/W6662233269,not_returned
https://openalex.org/W6673254539,not_returned
https://openalex.org/W6687450792,not_returned
https://openalex.org/W6693843131,not_returned
https://openalex.org/W6715606559,not_returned
https://openalex.org/W6716327259,not_returned
https://openalex.org/W6841318275,not_returned
https://openalex.org/W6855541943,not_returned
https://openalex.org/W67770540,not_returned
https://openalex.org/W2006785998,not_returned
https://openalex.org/W3043687200,not_returned
https://openalex.org/W3094142324,not_returned
https://openalex.org/W3098199846,not_returned
https://openalex.org/W3098848955,not_returned
https://openalex.org/W3100749326,not_returned
https://openalex.org/W3101256886,not_returned
https://openalex.org/W3101844276,not_returned
https://openalex.org/W3102230680,not_returned
https://openalex.org/W3102234502,not_returned
https://openalex.org/W3102956461,not_returned
https://openalex.org/W3103196060,not_returned
https://openalex.org/W3105906803,not_returned
https://openalex.org/W3134780270,not_returned
https://openalex.org/W4302368309,not_returned
https://openalex.org/W4394672655,not_returned
https://openalex.org/W4206907335,not_returned
https://openalex.org/W4220705895,not_returned
https://openalex.org/W4225298030,not_returned
https://openalex.org/W6887662596,not_returned
https://openalex.org/W2962953024,not_returned
https://openalex.org/W3100181187,not_returned
https://openalex.org/W3103104751,not_returned
https://openalex.org/W3106466467,not_returned
https://openalex.org/W4210991466,not_returned
https://openalex.org/W6949324862,not_returned
https://openalex.org/W1855526937,not_returned
https://openalex.org/W3098450814,not_returned
https://openalex.org/W3099667674,not_returned
https://openalex.org/W3099803854,not_returned
https://openalex.org/W3099966119,not_returned
https://openalex.org/W3100736923,not_returned
https://openalex.org/W3100957478,not_returned
https://openalex.org/W3100973935,not_returned
https://openalex.org/W3101362839,not_returned
https://openalex.org/W3101705885,not_returned
https://openalex.org/W3102014803,not_returned
https://openalex.org/W3102820971,not_returned
https://openalex.org/W3104176355,not_returned
https://openalex.org/W3104405475,not_returned
https://openalex.org/W3104728800,not_returned
https://openalex.org/W3105180707,not_returned
https://openalex.org/W3105372954,not_returned
https://openalex.org/W3105515633,not_returned
https://openalex.org/W3105619239,not_returned
https://openalex.org/W3105669616,not_returned
https://openalex.org/W3105720713,not_returned
https://openalex.org/W3124175349,not_returned
https://openalex.org/W3124317267,not_returned
https://openalex.org/W4285802211,not_returned
https://openalex.org/W4401748120,not_returned
https://openalex.org/W4406654008,not_returned
https://openalex.org/W4411386899,not_returned
https://openalex.org/W6892552592,not_returned
https://openalex.org/W6912596976,not_returned
https://openalex.org/W6925359763,not_returned
https://openalex.org/W6925595326,not_returned
https://openalex.org/W6930482573,not_returned
https://openalex.org/W6962962528,not_returned
https://openalex.org/W6969377798,not_returned
https://openalex.org/W2952903390,not_returned
https://openalex.org/W3089585402,not_returned
https://openalex.org/W3098006334,not_returned
https://openalex.org/W3098290321,not_returned
https://openalex.org/W3098595556,not_returned
https://openalex.org/W3100546332,not_returned
https://openalex.org/W3101398296,not_returned
https://openalex.org/W3101509325,not_returned
https://openalex.org/W3102356611,not_returned
https://openalex.org/W3103232361,not_returned
https://openalex.org/W3103389402,not_returned
https://openalex.org/W3103558721,not_returned
https://openalex.org/W3104387078,not_returned
https://openalex.org/W3105144522,not_returned
https://openalex.org/W3105725265,not_returned
https://openalex.org/W3106408348,not_returned
https://openalex.org/W3117200161,not_returned
https://openalex.org/W3119505066,not_returned
https://openalex.org/W3124647367,not_returned
https://openalex.org/W4384944299,not_returned
https://openalex.org/W4400801690,not_returned
https://openalex.org/W4410613701,not_returned
https://openalex.org/W6968879170,not_returned
https://openalex.org/W4295288101,not_returned
https://openalex.org/W6948466425,not_returned
https://openalex.org/W1967032739,not_returned
https://openalex.org/W3116594292,not_returned
https://openalex.org/W3185008033,not_returned
https://openalex.org/W4206345825,not_returned
https://openalex.org/W6893154575,not_returned
https://openalex.org/W6893328780,not_returned
https://openalex.org/W6893340761,not_returned
https://openalex.org/W6912102504,not_returned
https://openalex.org/W6930666388,not_returned
https://openalex.org/W6949770170,not_returned
https://openalex.org/W6968428538,not_returned
https://openalex.org/W7082979608,not_returned
https://openalex.org/W2963601356,not_returned
https://openalex.org/W6810172209,not_returned
https://openalex.org/W6859022993,not_returned
https://openalex.org/W4286912445,not_returned
https://openalex.org/W6600922419,not_returned
https://openalex.org/W6605349788,not_returned
https://openalex.org/W6608609624,not_returned
https://openalex.org/W6651853188,not_returned
https://openalex.org/W6654217605,not_returned
https://openalex.org/W6672278826,not_returned
https://openalex.org/W6704147199,not_returned
https://openalex.org/W6714061202,not_returned
https://openalex.org/W6717936058,not_returned
https://openalex.org/W6727933094,not_returned
https://openalex.org/W6733998733,not_returned
https://openalex.org/W6761606797,not_returned
https://openalex.org/W6769328061,not_returned
https://openalex.org/W6807421002,not_returned
https://openalex.org/W6848958194,not_returned
https://openalex.org/W6986943715,not_returned
https://openalex.org/W7073745767,not_returned
https://openalex.org/W3126308856,not_returned
https://openalex.org/W3175205795,not_returned
https://openalex.org/W4288020654,not_returned
https://openalex.org/W6917658526,not_returned
https://openalex.org/W6797588075,not_returned
https://openalex.org/W3096411458,not_returned
https://openalex.org/W3099581576,not_returned
https://openalex.org/W3102104302,not_returned
https://openalex.org/W3104866297,not_returned
https://openalex.org/W2952115949,not_returned
https://openalex.org/W3098469618,not_returned
https://openalex.org/W3100002677,not_returned
https://openalex.org/W3101194205,not_returned
https://openalex.org/W3105009540,not_returned
https://openalex.org/W3105102370,not_returned
https://openalex.org/W3111625857,not_returned
https://openalex.org/W3117449264,not_returned
https://openalex.org/W3170824415,not_returned
https://openalex.org/W3202699978,not_returned
https://openalex.org/W4221075552,not_returned
https://openalex.org/W4400452943,not_returned
https://openalex.org/W6637229248,not_returned
https://openalex.org/W6680225951,not_returned
https://openalex.org/W6690762902,not_returned
https://openalex.org/W6712581032,not_returned
https://openalex.org/W6721653619,not_returned
https://openalex.org/W6784990453,not_returned
https://openalex.org/W6785768012,not_returned
https://openalex.org/W6633658626,not_returned
https://openalex.org/W6648250941,not_returned
https://openalex.org/W6675079841,not_returned
https://openalex.org/W6751582811,not_returned
https://openalex.org/W6755040273,not_returned
https://openalex.org/W6782775985,not_returned
https://openalex.org/W6783762445,not_returned
https://openalex.org/W6787942687,not_returned
https://openalex.org/W6852630450,not_returned
https://openalex.org/W6860059902,not_returned
https://openalex.org/W4200247140,not_returned
https://openalex.org/W4200307467,not_returned
https://openalex.org/W4200368038,not_returned
https://openalex.org/W4225873324,not_returned
https://openalex.org/W4229029341,not_returned
https://openalex.org/W4229451361,not_returned
https://openalex.org/W6639675725,not_returned
https://openalex.org/W6671901373,not_returned
https://openalex.org/W6682646139,not_returned
https://openalex.org/W6702920408,not_returned
https://openalex.org/W6743701075,not_returned
https://openalex.org/W6748986415,not_returned
https://openalex.org/W6749364406,not_returned
https://openalex.org/W6760574476,not_returned
https://openalex.org/W6769816496,not_returned
https://openalex.org/W6781016763,not_returned
https://openalex.org/W6787218346,not_returned
https://openalex.org/W6805771842,not_returned
https://openalex.org/W6807514860,not_returned
https://openalex.org/W7073828249,not_returned
https://openalex.org/W2964074126,not_returned
https://openalex.org/W2996872161,not_returned
https://openalex.org/W3098005870,not_returned
https://openalex.org/W3098069588,not_returned
https://openalex.org/W3098135179,not_returned
https://openalex.org/W3098268370,not_returned
https://openalex.org/W3099436293,not_returned
https://openalex.org/W3099471026,not_returned
https://openalex.org/W3099558950,not_returned
https://openalex.org/W3099760287,not_returned
https://openalex.org/W3099825469,not_returned
https://openalex.org/W3100753992,not_returned
https://openalex.org/W3100907441,not_returned
https://openalex.org/W3101018839,not_returned
https://openalex.org/W3101111029,not_returned
https://openalex.org/W3101114437,not_returned
https://openalex.org/W3102230680,not_returned
https://openalex.org/W3102584958,not_returned
https://openalex.org/W3103069192,not_returned
https://openalex.org/W3103262209,not_returned
https://openalex.org/W3103536668,not_returned
https://openalex.org/W3103774384,not_returned
https://openalex.org/W3103831939,not_returned
https://openalex.org/W3104177662,not_returned
https://openalex.org/W3104351704,not_returned
https://openalex.org/W3105359842,not_returned
https://openalex.org/W3106434552,not_returned
https://openalex.org/W3126575311,not_returned
https://openalex.org/W3128941107,not_returned
https://openalex.org/W3129886213,not_returned
https://openalex.org/W3138432523,not_returned
https://openalex.org/W3199982903,not_returned
https://openalex.org/W4221041510,not_returned
https://openalex.org/W6659581530,not_returned
https://openalex.org/W6755747757,not_returned
https://openalex.org/W6756280292,not_returned
https://openalex.org/W6774528069,not_returned
https://openalex.org/W6783239804,not_returned
https://openalex.org/W6792267572,not_returned
https://openalex.org/W6795337140,not_returned
https://openalex.org/W6797370488,not_returned
https://openalex.org/W6797723469,not_returned
https://openalex.org/W6842787847,not_returned
https://openalex.org/W6857568776,not_returned
https://openalex.org/W6858812190,not_returned
https://openalex.org/W6860605559,not_returned
https://openalex.org/W6861191523,not_returned
https://openalex.org/W6861371513,not_returned
https://openalex.org/W6861642654,not_returned
https://openalex.org/W6862307894,not_returned
https://openalex.org/W6862954283,not_returned
https://openalex.org/W3106194981,not_returned
https://openalex.org/W3045093737,not_returned
https://openalex.org/W3100894865,not_returned
https://openalex.org/W3103368073,not_returned
https://openalex.org/W3104173259,not_returned
https://openalex.org/W3212155382,not_returned
https://openalex.org/W4205440014,not_returned
https://openalex.org/W4286892284,not_returned
https://openalex.org/W4298109276,not_returned
https://openalex.org/W3105916127,not_returned
https://openalex.org/W3098283049,not_returned
https://openalex.org/W3101390524,not_returned
https://openalex.org/W3102230680,not_returned
https://openalex.org/W3102240112,not_returned
https://openalex.org/W3104583149,not_returned
https://openalex.org/W3104913106,not_returned
https://openalex.org/W3105511892,not_returned
https://openalex.org/W3106277827,not_returned
https://openalex.org/W3122195145,not_returned
https://openalex.org/W3125249063,not_returned
https://openalex.org/W4386384748,not_returned
https://openalex.org/W4410869120,not_returned
https://openalex.org/W6912091822,not_returned
https://openalex.org/W6969235256,not_returned
https://openalex.org/W4226046406,not_returned
https://openalex.org/W6912906973,not_returned
https://openalex.org/W6950376395,not_returned
https://openalex.org/W3207199530,not_returned
https://openalex.org/W3212919642,not_returned
https://openalex.org/W6894068769,not_returned
https://openalex.org/W6925595326,not_returned
https://openalex.org/W6944279301,not_returned
https://openalex.org/W6944443183,not_returned
https://openalex.org/W2168175751,not_returned
https://openalex.org/W4394672655,not_returned
https://openalex.org/W6891376345,not_returned
https://openalex.org/W6894068769,not_returned
https://openalex.org/W6912730382,not_returned
https://openalex.org/W6930175027,not_returned
https://openalex.org/W6948533047,not_returned
https://openalex.org/W6964676137,not_returned
https://openalex.org/W6969377798,not_returned
https://openalex.org/W6940512668,not_returned
https://openalex.org/W7077050300,not_returned
https://openalex.org/W6799774296,not_returned
https://openalex.org/W3098235045,not_returned
https://openalex.org/W6635275141,not_returned
https://openalex.org/W6681315355,not_returned
https://openalex.org/W3098258015,not_returned
https://openalex.org/W3100223365,not_returned
https://openalex.org/W3100816348,not_returned
https://openalex.org/W3101308889,not_returned
https://openalex.org/W3102305109,not_returned
https://openalex.org/W3123767268,not_returned
https://openalex.org/W3124680919,not_returned
https://openalex.org/W3134625238,not_returned
https://openalex.org/W2951032685,not_returned
https://openalex.org/W2962681100,not_returned
https://openalex.org/W2962758893,not_returned
https://openalex.org/W3198955617,not_returned
https://openalex.org/W4285097303,not_returned
https://openalex.org/W6912824029,not_returned
https://openalex.org/W6969344250,not_returned
https://openalex.org/W3107773057,not_returned
https://openalex.org/W4225774523,not_returned
https://openalex.org/W4292583380,not_returned
https://openalex.org/W6929882861,not_returned
https://openalex.org/W6948957359,not_returned
https://openalex.org/W6949439952,not_returned
https://openalex.org/W6968737242,not_returned
https://openalex.org/W6969259846,not_returned
https://openalex.org/W7080714415,not_returned
https://openalex.org/W6894103566,not_returned
https://openalex.org/W6894177033,not_returned
https://openalex.org/W6894250605,not_returned
https://openalex.org/W6912145752,not_returned
https://openalex.org/W6912869514,not_returned
https://openalex.org/W6930332206,not_returned
https://openalex.org/W6930465609,not_returned
https://openalex.org/W6950118739,not_returned
https://openalex.org/W6950219062,not_returned
https://openalex.org/W6950242683,not_returned
https://openalex.org/W6950260474,not_returned
https://openalex.org/W6950384234,not_returned
https://openalex.org/W6968514268,not_returned
https://openalex.org/W2602976341,not_returned
https://openalex.org/W2995149074,not_returned
https://openalex.org/W6632102171,not_returned
https://openalex.org/W6755068953,not_returned
https://openalex.org/W6759447119,not_returned
https://openalex.org/W6774457355,not_returned
https://openalex.org/W6780846383,not_returned
https://openalex.org/W6785554096,not_returned
https://openalex.org/W6793915400,not_returned
https://openalex.org/W6797502837,not_returned
https://openalex.org/W6797796809,not_returned
https://openalex.org/W6842847585,not_returned
https://openalex.org/W6873708830,not_returned
https://openalex.org/W6910681941,not_returned
https://openalex.org/W3098260695,not_returned
https://openalex.org/W3101454766,not_returned
https://openalex.org/W3101629667,not_returned
https://openalex.org/W3103589221,not_returned
https://openalex.org/W3104042330,not_returned
https://openalex.org/W3105362213,not_returned
https://openalex.org/W3105906803,not_returned
https://openalex.org/W6906958838,not_returned
https://openalex.org/W6967561834,not_returned
https://openalex.org/W3104164593,not_returned
https://openalex.org/W4206923522,not_returned
https://openalex.org/W4362597612,not_returned
https://openalex.org/W6780469403,not_returned
https://openalex.org/W6794893165,not_returned
https://openalex.org/W6798486621,not_returned
https://openalex.org/W6805613558,not_returned
https://openalex.org/W6807589422,not_returned
https://openalex.org/W6853139900,not_returned
https://openalex.org/W6858723590,not_returned
https://openalex.org/W3173151551,not_returned
https://openalex.org/W6800751262,not_returned
https://openalex.org/W6893045956,not_returned
https://openalex.org/W3034999214,not_returned
https://openalex.org/W3103178756,not_returned
https://openalex.org/W6600928480,not_returned
https://openalex.org/W2962757871,not_returned
https://openalex.org/W4213322721,not_returned
https://openalex.org/W6702749636,not_returned
https://openalex.org/W6796410688,not_returned
https://openalex.org/W6857956969,not_returned
https://openalex.org/W6863800185,not_returned
https://openalex.org/W3082249512,not_returned
https://openalex.org/W3092164621,not_returned
https://openalex.org/W3093603610,not_returned
https://openalex.org/W3100266121,not_returned
https://openalex.org/W3102611432,not_returned
https://openalex.org/W3102749186,not_returned
https://openalex.org/W3104668016,not_returned
https://openalex.org/W3104896821,not_returned
https://openalex.org/W3122161267,not_returned
https://openalex.org/W3201273552,not_returned
https://openalex.org/W4366462678,not_returned
https://openalex.org/W4392543467,not_returned
https://openalex.org/W3099001828,not_returned
https://openalex.org/W3100664757,not_returned
https://openalex.org/W3101298054,not_returned
https://openalex.org/W3101673914,not_returned
https://openalex.org/W3103367715,not_returned
https://openalex.org/W3104966893,not_returned
https://openalex.org/W3104979785,not_returned
https://openalex.org/W3105159657,not_returned
https://openalex.org/W3105685630,not_returned
https://openalex.org/W3106308088,not_returned
https://openalex.org/W3106436267,not_returned
https://openalex.org/W3123550779,not_returned
https://openalex.org/W4281293331,not_returned
https://openalex.org/W4292615879,not_returned
https://openalex.org/W3098395796,not_returned
https://openalex.org/W3099592923,not_returned
https://openalex.org/W3099732618,not_returned
https://openalex.org/W3100638124,not_returned
https://openalex.org/W3101350564,not_returned
https://openalex.org/W3101378045,not_returned
https://openalex.org/W3102418355,not_returned
https://openalex.org/W3103495349,not_returned
https://openalex.org/W3104980735,not_returned
https://openalex.org/W3105754056,not_returned
https://openalex.org/W3122489605,not_returned
https://openalex.org/W3134764504,not_returned
https://openalex.org/W3212510681,not_returned
https://openalex.org/W2964234112,not_returned
https://openalex.org/W2980316125,not_returned
https://openalex.org/W3042666245,not_returned
https://openalex.org/W3093626079,not_returned
https://openalex.org/W3099021379,not_returned
https://openalex.org/W3099976118,not_returned
https://openalex.org/W3102083771,not_returned
https://openalex.org/W3102230680,not_returned
https://openalex.org/W3103495349,not_returned
https://openalex.org/W3103681827,not_returned
https://openalex.org/W3104287791,not_returned
https://openalex.org/W3105540088,not_returned
https://openalex.org/W3105969918,not_returned
https://openalex.org/W3106184545,not_returned
https://openalex.org/W3106496432,not_returned
https://openalex.org/W3124795793,not_returned
https://openalex.org/W3169612023,not_returned
https://openalex.org/W4206769264,not_returned
https://openalex.org/W6945995538,not_returned
https://openalex.org/W6964594943,not_returned
https://openalex.org/W3200718331,not_returned
https://openalex.org/W6600474023,not_returned
https://openalex.org/W6755118139,not_returned
https://openalex.org/W6792087388,not_returned
https://openalex.org/W3190991081,not_returned
https://openalex.org/W4225396975,not_returned
https://openalex.org/W4229016368,not_returned
https://openalex.org/W6753212570,not_returned
https://openalex.org/W6848141973,not_returned
https://openalex.org/W6871085192,not_returned
https://openalex.org/W4226178344,not_returned
https://openalex.org/W6630687578,not_returned
https://openalex.org/W6671087275,not_returned
https://openalex.org/W6673465863,not_returned
https://openalex.org/W6683537961,not_returned
https://openalex.org/W6684004534,not_returned
https://openalex.org/W6689529517,not_returned
https://openalex.org/W6730382585,not_returned
https://openalex.org/W6769417417,not_returned
https://openalex.org/W6838632499,not_returned
https://openalex.org/W6842772020,not_returned
https://openalex.org/W2612536305,not_returned
https://openalex.org/W3018053046,not_returned
https://openalex.org/W3090035142,not_returned
https://openalex.org/W3205606639,not_returned
https://openalex.org/W3211625622,not_returned
https://openalex.org/W4205591590,not_returned
https://openalex.org/W4206005639,not_returned
https://openalex.org/W4210755307,not_returned
https://openalex.org/W4226323339,not_returned
https://openalex.org/W4292230945,not_returned
https://openalex.org/W6702761933,not_returned
https://openalex.org/W6765284818,not_returned
https://openalex.org/W6773722778,not_returned
https://openalex.org/W6776974065,not_returned
https://openalex.org/W6778971428,not_returned
https://openalex.org/W6808280887,not_returned
https://openalex.org/W6842309492,not_returned
https://openalex.org/W6873632301,not_returned
https://openalex.org/W3125122198,not_returned
https://openalex.org/W6986528269,not_returned
https://openalex.org/W3099977553,not_returned
https://openalex.org/W3102939498,not_returned
https://openalex.org/W3103546629,not_returned
https://openalex.org/W3103549590,not_returned
https://openalex.org/W3105086218,not_returned
https://openalex.org/W3105868406,not_returned
https://openalex.org/W3106140241,not_returned
https://openalex.org/W3106456214,not_returned
https://openalex.org/W3122596803,not_returned
https://openalex.org/W3124533373,not_returned
https://openalex.org/W3203740869,not_returned
https://openalex.org/W4288601302,not_returned
https://openalex.org/W6931599025,not_returned
https://openalex.org/W3085456761,not_returned
https://openalex.org/W6631190155,not_returned
https://openalex.org/W6674330103,not_returned
https://openalex.org/W6730344855,not_returned
https://openalex.org/W6744627044,not_returned
https://openalex.org/W6757609365,not_returned
https://openalex.org/W6759044113,not_returned
https://openalex.org/W6769115971,not_returned
https://openalex.org/W6774885446,not_returned
https://openalex.org/W6780065968,not_returned
https://openalex.org/W6786232476,not_returned
https://openalex.org/W6791593460,not_returned
https://openalex.org/W2099887970,not_returned
https://openalex.org/W3102027041,not_returned
https://openalex.org/W6930616873,not_returned
https://openalex.org/W6947838337,not_returned
https://openalex.org/W4289217525,not_returned
https://openalex.org/W4290998964,not_returned
https://openalex.org/W4294253338,not_returned
https://openalex.org/W6689489409,not_returned
https://openalex.org/W6804929010,not_returned
https://openalex.org/W6827866760,not_returned
https://openalex.org/W6849379158,not_returned
https://openalex.org/W4200113192,not_returned
https://openalex.org/W6805041714,not_returned
https://openalex.org/W6848254496,not_returned
https://openalex.org/W6850778351,not_returned
https://openalex.org/W2963982546,not_returned
https://openalex.org/W3098580033,not_returned
https://openalex.org/W3102014803,not_returned
https://openalex.org/W3102230680,not_returned
https://openalex.org/W3102234502,not_returned
https://openalex.org/W3103821700,not_returned
https://openalex.org/W3104863121,not_returned
https://openalex.org/W3122568200,not_returned
https://openalex.org/W3206476916,not_returned
https://openalex.org/W4210945197,not_returned
https://openalex.org/W4225526016,not_returned
https://openalex.org/W6892819645,not_returned
https://openalex.org/W6912720784,not_returned
https://openalex.org/W6967606135,not_returned
https://openalex.org/W2906493469,not_returned
https://openalex.org/W3081749970,not_returned
https://openalex.org/W3098078268,not_returned
https://openalex.org/W3098985050,not_returned
https://openalex.org/W3103818413,not_returned
https://openalex.org/W4226105491,not_returned
https://openalex.org/W3098160033,not_returned
https://openalex.org/W3098546801,not_returned
https://openalex.org/W3099814042,not_returned
https://openalex.org/W3100618065,not_returned
https://openalex.org/W3102300340,not_returned
https://openalex.org/W3099814257,not_returned
https://openalex.org/W3101961330,not_returned
https://openalex.org/W4290728118,not_returned
https://openalex.org/W4400418136,not_returned
https://openalex.org/W4411905811,not_returned
https://openalex.org/W6638667902,not_returned
https://openalex.org/W6656662533,not_returned
https://openalex.org/W6729210268,not_returned
https://openalex.org/W6787816376,not_returned
https://openalex.org/W6872652847,not_returned
https://openalex.org/W6874569317,not_returned
https://openalex.org/W4292329040,not_returned
https://openalex.org/W6635507370,not_returned
https://openalex.org/W7023851687,not_returned
https://openalex.org/W6601248421,not_returned
https://openalex.org/W2112850441,not_returned
https://openalex.org/W4205596371,not_returned
https://openalex.org/W4210309881,not_returned
https://openalex.org/W4226170861,not_returned
https://openalex.org/W6744694466,not_returned
https://openalex.org/W2895052507,not_returned
https://openalex.org/W3099814042,not_returned
https://openalex.org/W3100618065,not_returned
https://openalex.org/W3105782036,not_returned
https://openalex.org/W2786774014,not_returned
https://openalex.org/W4210309881,not_returned
https://openalex.org/W6781585780,not_returned
https://openalex.org/W4210368776,not_returned
https://openalex.org/W4226315762,not_returned
https://openalex.org/W6641023781,not_returned
https://openalex.org/W6808365679,not_returned
https://openalex.org/W6681579006,not_returned
https://openalex.org/W3124193935,not_returned
https://openalex.org/W3125583209,not_returned
https://openalex.org/W6606625665,not_returned
https://openalex.org/W6681474599,not_returned
https://openalex.org/W6685094688,not_returned
https://openalex.org/W6699723793,not_returned
https://openalex.org/W6726251565,not_returned
https://openalex.org/W6755905217,not_returned
https://openalex.org/W6771632464,not_returned
https://openalex.org/W6781127716,not_returned
https://openalex.org/W6846439055,not_returned
https://openalex.org/W6857442711,not_returned
https://openalex.org/W6862479992,not_returned
https://openalex.org/W6871328479,not_returned
https://openalex.org/W3099369182,not_returned
https://openalex.org/W3102740054,not_returned
https://openalex.org/W3103591544,not_returned
https://openalex.org/W3104069638,not_returned
https://openalex.org/W3105684951,not_returned
https://openalex.org/W3106023539,not_returned
https://openalex.org/W3125198232,not_returned
https://openalex.org/W3125307495,not_returned
https://openalex.org/W4226210084,not_returned
https://openalex.org/W4400418136,not_returned
https://openalex.org/W4290184212,not_returned
https://openalex.org/W6642281654,not_returned
https://openalex.org/W6647959946,not_returned
https://openalex.org/W6649473532,not_returned
https://openalex.org/W6770359022,not_returned
https://openalex.org/W6803114842,not_returned
https://openalex.org/W6874686344,not_returned
https://openalex.org/W3092724125,not_returned
https://openalex.org/W3105271077,not_returned
https://openalex.org/W4230551218,not_returned
https://openalex.org/W6751472855,not_returned
https://openalex.org/W6824323157,not_returned
https://openalex.org/W6842274914,not_returned
https://openalex.org/W6852060023,not_returned
https://openalex.org/W6856965489,not_returned
https://openalex.org/W3099814042,not_returned
https://openalex.org/W3102611432,not_returned
https://openalex.org/W3105782036,not_returned
https://openalex.org/W6675720887,not_returned
https://openalex.org/W6678629709,not_returned
https://openalex.org/W6744892094,not_returned
https://openalex.org/W6766318759,not_returned
https://openalex.org/W6774588332,not_returned
https://openalex.org/W6779899917,not_returned
https://openalex.org/W6789318222,not_returned
https://openalex.org/W6789974191,not_returned
https://openalex.org/W6796143491,not_returned
https://openalex.org/W6871374196,not_returned
https://openalex.org/W6856842949,not_returned
https://openalex.org/W4229374421,not_returned
https://openalex.org/W6601164251,not_returned
https://openalex.org/W6701143061,not_returned
https://openalex.org/W6602703391,not_returned
https://openalex.org/W6643747242,not_returned
https://openalex.org/W6755091958,not_returned
https://openalex.org/W6781813768,not_returned
https://openalex.org/W6787682254,not_returned
https://openalex.org/W6810432119,not_returned
https://openalex.org/W6838328084,not_returned
https://openalex.org/W6850574769,not_returned
https://openalex.org/W6857718029,not_returned
https://openalex.org/W6861047030,not_returned
https://openalex.org/W6862390866,not_returned
https://openalex.org/W6863249444,not_returned
https://openalex.org/W6873927040,not_returned
https://openalex.org/W6907015857,not_returned
https://openalex.org/W2605108876,not_returned
https://openalex.org/W3098825618,not_returned
https://openalex.org/W3102353641,not_returned
https://openalex.org/W3104384537,not_returned
https://openalex.org/W3124037124,not_returned
https://openalex.org/W3125118997,not_returned
https://openalex.org/W6930589299,not_returned
https://openalex.org/W6851860513,not_returned
https://openalex.org/W3098106583,not_returned
https://openalex.org/W3098716387,not_returned
https://openalex.org/W3098746777,not_returned
https://openalex.org/W3102230680,not_returned
https://openalex.org/W3105247978,not_returned
https://openalex.org/W3105532955,not_returned
https://openalex.org/W3125853543,not_returned
https://openalex.org/W3139439293,not_returned
https://openalex.org/W3172052102,not_returned
https://openalex.org/W3193923640,not_returned
https://openalex.org/W3209752112,not_returned
https://openalex.org/W4206345825,not_returned
https://openalex.org/W4286897146,not_returned
https://openalex.org/W4287017841,not_returned
https://openalex.org/W3099638302,not_returned
https://openalex.org/W3101184045,not_returned
https://openalex.org/W3101549814,not_returned
https://openalex.org/W3101720225,not_returned
https://openalex.org/W3102014803,not_returned
https://openalex.org/W3102593273,not_returned
https://openalex.org/W3103781325,not_returned
https://openalex.org/W3104175757,not_returned
https://openalex.org/W3202931265,not_returned
https://openalex.org/W3209784467,not_returned
https://openalex.org/W2980992670,not_returned
https://openalex.org/W3098437017,not_returned
https://openalex.org/W3098591844,not_returned
https://openalex.org/W3098861251,not_returned
https://openalex.org/W3099553278,not_returned
https://openalex.org/W3100273056,not_returned
https://openalex.org/W3101256886,not_returned
https://openalex.org/W3101985404,not_returned
https://openalex.org/W3102230680,not_returned
https://openalex.org/W3102234502,not_returned
https://openalex.org/W3104101901,not_returned
https://openalex.org/W3106262923,not_returned
https://openalex.org/W3123365431,not_returned
https://openalex.org/W3145458498,not_returned
https://openalex.org/W3160030944,not_returned
https://openalex.org/W4394650611,not_returned
https://openalex.org/W6912848246,not_returned
https://openalex.org/W6969039866,not_returned
https://openalex.org/W3098069588,not_returned
https://openalex.org/W3098741701,not_returned
https://openalex.org/W3098787491,not_returned
https://openalex.org/W3103465572,not_returned
https://openalex.org/W3103910670,not_returned
https://openalex.org/W3104012369,not_returned
https://openalex.org/W3104062568,not_returned
https://openalex.org/W3104766066,not_returned
https://openalex.org/W3105477036,not_returned
https://openalex.org/W3105714469,not_returned
https://openalex.org/W3105814563,not_returned
https://openalex.org/W4286266282,not_returned
https://openalex.org/W4401401401,not_returned
https://openalex.org/W2962915546,not_returned
https://openalex.org/W3059406303,not_returned
https://openalex.org/W3099107677,not_returned
https://openalex.org/W3100610485,not_returned
https://openalex.org/W3101309341,not_returned
https://openalex.org/W3103124870,not_returned
https://openalex.org/W3106425544,not_returned
https://openalex.org/W3101850165,not_returned
https://openalex.org/W3205743929,not_returned
https://openalex.org/W6628696006,not_returned
https://openalex.org/W6631362777,not_returned
https://openalex.org/W6633674786,not_returned
https://openalex.org/W6637965938,not_returned
https://openalex.org/W6674330103,not_returned
https://openalex.org/W6676297131,not_returned
https://openalex.org/W6686849094,not_returned
https://openalex.org/W6717104173,not_returned
https://openalex.org/W6729901350,not_returned
https://openalex.org/W6734260513,not_returned
https://openalex.org/W6735732676,not_returned
https://openalex.org/W6758930985,not_returned
https://openalex.org/W6762255807,not_returned
https://openalex.org/W6768802203,not_returned
https://openalex.org/W6774569510,not_returned
https://openalex.org/W6785828869,not_returned
https://openalex.org/W6790218236,not_returned
https://openalex.org/W6794341089,not_returned
https://openalex.org/W6811069853,not_returned
https://openalex.org/W6852744300,not_returned
https://openalex.org/W6860750337,not_returned
https://openalex.org/W3212599909,not_returned
https://openalex.org/W6779823529,not_returned
https://openalex.org/W6795288823,not_returned
https://openalex.org/W6724202202,not_returned
https://openalex.org/W2887572777,not_returned
https://openalex.org/W3024978870,not_returned
https://openalex.org/W3098712706,not_returned
https://openalex.org/W3104517556,not_returned
https://openalex.org/W3105448205,not_returned
https://openalex.org/W3122006059,not_returned
https://openalex.org/W7106247892,not_returned
https://openalex.org/W6646999165,not_returned
https://openalex.org/W6892485478,not_returned
https://openalex.org/W6911275665,not_returned
https://openalex.org/W6911320012,not_returned
https://openalex.org/W6949213106,not_returned
https://openalex.org/W6949581874,not_returned
https://openalex.org/W4226089733,not_returned
https://openalex.org/W6600417552,not_returned
https://openalex.org/W6600424091,not_returned
https://openalex.org/W6600553734,not_returned
https://openalex.org/W6600774793,not_returned
https://openalex.org/W6602063408,not_returned
https://openalex.org/W6602127427,not_returned
https://openalex.org/W6604170861,not_returned
https://openalex.org/W6631383168,not_returned
https://openalex.org/W6776925133,not_returned
https://openalex.org/W6832831227,not_returned
https://openalex.org/W6834261458,not_returned
https://openalex.org/W6893061710,not_returned
https://openalex.org/W6757540283,not_returned
https://openalex.org/W6776382256,not_returned
https://openalex.org/W4225549435,not_returned
https://openalex.org/W2963003308,not_returned
https://openalex.org/W2963819248,not_returned
https://openalex.org/W3100300618,not_returned
https://openalex.org/W3103791812,not_returned
https://openalex.org/W3104396616,not_returned
https://openalex.org/W6680971561,not_returned
https://openalex.org/W6977330307,not_returned
https://openalex.org/W4287537124,not_returned
https://openalex.org/W6685883611,not_returned
https://openalex.org/W6852372758,not_returned
https://openalex.org/W7075703491,not_returned
https://openalex.org/W6629644962,not_returned
https://openalex.org/W6769833819,not_returned
https://openalex.org/W6773701452,not_returned
https://openalex.org/W6774176467,not_returned
https://openalex.org/W6775247847,not_returned
https://openalex.org/W6775568964,not_returned
https://openalex.org/W6776740060,not_returned
https://openalex.org/W6778017028,not_returned
https://openalex.org/W6785582879,not_returned
https://openalex.org/W6793154416,not_returned
https://openalex.org/W6794986890,not_returned
https://openalex.org/W6797640567,not_returned
https://openalex.org/W6800046350,not_returned
https://openalex.org/W6803713704,not_returned
https://openalex.org/W6807668269,not_returned
https://openalex.org/W6809306156,not_returned
https://openalex.org/W6809507312,not_returned
https://openalex.org/W6810674927,not_returned
https://openalex.org/W6839115233,not_returned
https://openalex.org/W6843814354,not_returned
https://openalex.org/W6848851944,not_returned
https://openalex.org/W6855632178,not_returned
https://openalex.org/W6855643038,not_returned
https://openalex.org/W6856221148,not_returned
https://openalex.org/W6856790153,not_returned
https://openalex.org/W6857265412,not_returned
https://openalex.org/W6858132335,not_returned
https://openalex.org/W7055904261,not_returned
https://openalex.org/W2963294589,not_returned
https://openalex.org/W2963421348,not_returned
https://openalex.org/W2963867917,not_returned
https://openalex.org/W3098223628,not_returned
https://openalex.org/W3098428219,not_returned
https://openalex.org/W3098608845,not_returned
https://openalex.org/W3099094472,not_returned
https://openalex.org/W3099417160,not_returned
https://openalex.org/W3100507371,not_returned
https://openalex.org/W3100767436,not_returned
https://openalex.org/W3101981644,not_returned
https://openalex.org/W3102014025,not_returned
https://openalex.org/W3102015162,not_returned
https://openalex.org/W3102527484,not_returned
https://openalex.org/W3102715981,not_returned
https://openalex.org/W3103093493,not_returned
https://openalex.org/W3103982048,not_returned
https://openalex.org/W3104291639,not_returned
https://openalex.org/W3104719939,not_returned
https://openalex.org/W3104748660,not_returned
https://openalex.org/W3104898969,not_returned
https://openalex.org/W3105390848,not_returned
https://openalex.org/W3105469488,not_returned
https://openalex.org/W3105658519,not_returned
https://openalex.org/W3105912233,not_returned
https://openalex.org/W3106300717,not_returned
https://openalex.org/W3106337941,not_returned
https://openalex.org/W3110714077,not_returned
https://openalex.org/W3123550779,not_returned
https://openalex.org/W3128896205,not_returned
https://openalex.org/W3158174454,not_returned
https://openalex.org/W3197701738,not_returned
https://openalex.org/W3210879865,not_returned
https://openalex.org/W6768918623,not_returned
https://openalex.org/W6906738917,not_returned
https://openalex.org/W6906839658,not_returned
https://openalex.org/W3099732618,not_returned
https://openalex.org/W3100098748,not_returned
https://openalex.org/W3102124207,not_returned
https://openalex.org/W3102426461,not_returned
https://openalex.org/W3102527484,not_returned
https://openalex.org/W3102715981,not_returned
https://openalex.org/W3102854388,not_returned
https://openalex.org/W3103681034,not_returned
https://openalex.org/W3104194675,not_returned
https://openalex.org/W3106329834,not_returned
https://openalex.org/W3106499715,not_returned
https://openalex.org/W3135848221,not_returned
https://openalex.org/W3158174454,not_returned
https://openalex.org/W3195768712,not_returned
https://openalex.org/W3125885476,not_returned
https://openalex.org/W6630193124,not_returned
https://openalex.org/W6724916918,not_returned
https://openalex.org/W6751927563,not_returned
https://openalex.org/W6779768641,not_returned
https://openalex.org/W6853108898,not_returned
https://openalex.org/W6854668389,not_returned
https://openalex.org/W6854875434,not_returned
https://openalex.org/W6855027820,not_returned
https://openalex.org/W6855461475,not_returned
https://openalex.org/W6855609445,not_returned
https://openalex.org/W6856405983,not_returned
https://openalex.org/W6857028932,not_returned
https://openalex.org/W6857330561,not_returned
https://openalex.org/W6857746040,not_returned
https://openalex.org/W6860569752,not_returned
https://openalex.org/W6873940022,not_returned
https://openalex.org/W4200491315,not_returned
https://openalex.org/W4225763434,not_returned
https://openalex.org/W4226019427,not_returned
https://openalex.org/W6769484604,not_returned
https://openalex.org/W6804746239,not_returned
https://openalex.org/W6839856937,not_returned
https://openalex.org/W6840608860,not_returned
https://openalex.org/W6861379891,not_returned
https://openalex.org/W2972741102,not_returned
https://openalex.org/W3089488840,not_returned
https://openalex.org/W4295312788,not_returned
https://openalex.org/W6871519923,not_returned
https://openalex.org/W4207043090,not_returned
https://openalex.org/W3111615149,not_returned
https://openalex.org/W3133510527,not_returned
https://openalex.org/W4206976701,not_returned
https://openalex.org/W4239715279,not_returned
https://openalex.org/W3128198169,not_returned
https://openalex.org/W6676286517,not_returned
https://openalex.org/W6677659532,not_returned
https://openalex.org/W6748220616,not_returned
https://openalex.org/W6748810007,not_returned
https://openalex.org/W6803211819,not_returned
https://openalex.org/W6911031775,not_returned
https://openalex.org/W6925405690,not_returned
https://openalex.org/W7073976816,not_returned
https://openalex.org/W7074127186,not_returned
https://openalex.org/W3098006334,not_returned
https://openalex.org/W3098075144,not_returned
https://openalex.org/W3098595556,not_returned
https://openalex.org/W3098624753,not_returned
https://openalex.org/W3099029142,not_returned
https://openalex.org/W3099071957,not_returned
https://openalex.org/W3099188803,not_returned
https://openalex.org/W3100042900,not_returned
https://openalex.org/W3100759265,not_returned
https://openalex.org/W3100848604,not_returned
https://openalex.org/W3100877462,not_returned
https://openalex.org/W3101201553,not_returned
https://openalex.org/W3101349089,not_returned
https://openalex.org/W3101398296,not_returned
https://openalex.org/W3101509325,not_returned
https://openalex.org/W3101724087,not_returned
https://openalex.org/W3102014803,not_returned
https://openalex.org/W3102197895,not_returned
https://openalex.org/W3102230680,not_returned
https://openalex.org/W3102356611,not_returned
https://openalex.org/W3102585546,not_returned
https://openalex.org/W3103826249,not_returned
https://openalex.org/W3104062568,not_returned
https://openalex.org/W3104354560,not_returned
https://openalex.org/W3105095931,not_returned
https://openalex.org/W3105144522,not_returned
https://openalex.org/W3105447739,not_returned
https://openalex.org/W3105551803,not_returned
https://openalex.org/W3106159736,not_returned
https://openalex.org/W3106468652,not_returned
https://openalex.org/W3117200161,not_returned
https://openalex.org/W3123472368,not_returned
https://openalex.org/W3123839246,not_returned
https://openalex.org/W3214737367,not_returned
https://openalex.org/W4214774345,not_returned
https://openalex.org/W4300604770,not_returned
https://openalex.org/W4400273859,not_returned
https://openalex.org/W4410613701,not_returned
https://openalex.org/W6911188060,not_returned
https://openalex.org/W6968853301,not_returned
https://openalex.org/W6969091610,not_returned
https://openalex.org/W2513821251,not_returned
https://openalex.org/W3099814042,not_returned
https://openalex.org/W3103683500,not_returned
https://openalex.org/W3124319932,not_returned
https://openalex.org/W3098283500,not_returned
https://openalex.org/W3098524835,not_returned
https://openalex.org/W3099183504,not_returned
https://openalex.org/W3100398526,not_returned
https://openalex.org/W3100959234,not_returned
https://openalex.org/W3102014803,not_returned
https://openalex.org/W3102586433,not_returned
https://openalex.org/W3103224716,not_returned
https://openalex.org/W3103791594,not_returned
https://openalex.org/W3104109275,not_returned
https://openalex.org/W3105171189,not_returned
https://openalex.org/W3105390848,not_returned
https://openalex.org/W3106337941,not_returned
https://openalex.org/W3107096664,not_returned
https://openalex.org/W3123550779,not_returned
https://openalex.org/W3124206472,not_returned
https://openalex.org/W6808177720,not_returned
https://openalex.org/W6847316609,not_returned
https://openalex.org/W6848665325,not_returned
https://openalex.org/W6870238857,not_returned
https://openalex.org/W6922487989,not_returned
https://openalex.org/W6908352770,not_returned
https://openalex.org/W6908498153,not_returned
https://openalex.org/W6908538606,not_returned
https://openalex.org/W6946046109,not_returned
https://openalex.org/W6950389470,not_returned
https://openalex.org/W3124305748,not_returned
https://openalex.org/W3126094558,not_returned
https://openalex.org/W4244980072,not_returned
https://openalex.org/W6731804393,not_returned
https://openalex.org/W6909988154,not_returned
https://openalex.org/W4229365632,not_returned
https://openalex.org/W4205900283,not_returned
https://openalex.org/W6638082627,not_returned
https://openalex.org/W6789068427,not_returned
https://openalex.org/W6803000978,not_returned
https://openalex.org/W6852178806,not_returned
https://openalex.org/W6856503825,not_returned
https://openalex.org/W6630518322,not_returned
https://openalex.org/W6633117799,not_returned
https://openalex.org/W6670507147,not_returned
https://openalex.org/W6685142264,not_returned
https://openalex.org/W6806600396,not_returned
https://openalex.org/W6809257499,not_returned
https://openalex.org/W6852052719,not_returned
https://openalex.org/W6852121045,not_returned
https://openalex.org/W2964237960,not_returned
https://openalex.org/W3004147653,not_returned
https://openalex.org/W3126964934,not_returned
https://openalex.org/W6743028468,not_returned
https://openalex.org/W2962727190,not_returned
https://openalex.org/W3106017199,not_returned
https://openalex.org/W3117140277,not_returned
https://openalex.org/W3123493127,not_returned
https://openalex.org/W3172039697,not_returned
https://openalex.org/W4213421132,not_returned
https://openalex.org/W6636174063,not_returned
https://openalex.org/W6644315304,not_returned
https://openalex.org/W6652277218,not_returned
https://openalex.org/W6754105794,not_returned
https://openalex.org/W6767718660,not_returned
https://openalex.org/W6796138869,not_returned
https://openalex.org/W6838180143,not_returned
https://openalex.org/W6857681038,not_returned
https://openalex.org/W6777052932,not_returned
https://openalex.org/W6892530972,not_returned
https://openalex.org/W6948275683,not_returned
https://openalex.org/W6948308240,not_returned
https://openalex.org/W6967313042,not_returned
https://openalex.org/W6658932274,not_returned
https://openalex.org/W6662926325,not_returned
https://openalex.org/W6871884185,not_returned
https://openalex.org/W4226089733,not_returned
https://openalex.org/W7082418629,not_returned
https://openalex.org/W4226425730,not_returned
https://openalex.org/W6677828288,not_returned
https://openalex.org/W6907266059,not_returned
https://openalex.org/W6968695756,not_returned
https://openalex.org/W6721357682,not_returned
https://openalex.org/W6728528714,not_returned
https://openalex.org/W6846781226,not_returned
https://openalex.org/W6886900931,not_returned
https://openalex.org/W6905555755,not_returned
https://openalex.org/W6906014240,not_returned
https://openalex.org/W6924545080,not_returned
https://openalex.org/W6924896570,not_returned
https://openalex.org/W6925311268,not_returned
https://openalex.org/W6942682476,not_returned
https://openalex.org/W6961708589,not_returned
https://openalex.org/W2985621057,not_returned
https://openalex.org/W3101973032,not_returned
https://openalex.org/W3123744197,not_returned
https://openalex.org/W6607520151,not_returned
https://openalex.org/W6912151879,not_returned
https://openalex.org/W3009335630,not_returned
https://openalex.org/W3099814257,not_returned
https://openalex.org/W3106254089,not_returned
https://openalex.org/W3196894942,not_returned
https://openalex.org/W4229371905,not_returned
https://openalex.org/W3105448205,not_returned
https://openalex.org/W6636885937,not_returned
https://openalex.org/W6906425384,not_returned
https://openalex.org/W6925200721,not_returned
https://openalex.org/W6948195487,not_returned
https://openalex.org/W6962518949,not_returned
https://openalex.org/W4226225201,not_returned
https://openalex.org/W6693765864,not_returned
https://openalex.org/W6704098917,not_returned
https://openalex.org/W6811298400,not_returned
https://openalex.org/W6704455619,not_returned
https://openalex.org/W1981030602,not_returned
https://openalex.org/W2965175493,not_returned
https://openalex.org/W3098290321,not_returned
https://openalex.org/W3098393952,not_returned
https://openalex.org/W3098665567,not_returned
https://openalex.org/W3098749249,not_returned
https://openalex.org/W3099053267,not_returned
https://openalex.org/W3099518338,not_returned
https://openalex.org/W3099518700,not_returned
https://openalex.org/W3099622165,not_returned
https://openalex.org/W3100657025,not_returned
https://openalex.org/W3100751187,not_returned
https://openalex.org/W3100961611,not_returned
https://openalex.org/W3102014803,not_returned
https://openalex.org/W3102230680,not_returned
https://openalex.org/W3102502561,not_returned
https://openalex.org/W3102707845,not_returned
https://openalex.org/W3102839431,not_returned
https://openalex.org/W3103051111,not_returned
https://openalex.org/W3104742540,not_returned
https://openalex.org/W3105693359,not_returned
https://openalex.org/W3117459862,not_returned
https://openalex.org/W3123472368,not_returned
https://openalex.org/W3125348448,not_returned
https://openalex.org/W3131378340,not_returned
https://openalex.org/W4283834785,not_returned
https://openalex.org/W4308865586,not_returned
https://openalex.org/W4394804019,not_returned
https://openalex.org/W2755087487,not_returned
https://openalex.org/W6669571384,not_returned
https://openalex.org/W6810957375,not_returned
https://openalex.org/W6851237801,not_returned
https://openalex.org/W6862174906,not_returned
https://openalex.org/W6868439695,not_returned
https://openalex.org/W6872892000,not_returned
https://openalex.org/W6986876155,not_returned
https://openalex.org/W6676550427,not_returned
https://openalex.org/W6750200141,not_returned
https://openalex.org/W6782158152,not_returned
https://openalex.org/W6849929693,not_returned
https://openalex.org/W6858839472,not_returned
https://openalex.org/W3099017306,not_returned
https://openalex.org/W3100028916,not_returned
https://openalex.org/W3104089052,not_returned
https://openalex.org/W3104782030,not_returned
https://openalex.org/W3105664900,not_returned
https://openalex.org/W3106356675,not_returned
https://openalex.org/W3215031289,not_returned
https://openalex.org/W4221156355,not_returned
https://openalex.org/W6959368229,not_returned
https://openalex.org/W6873383116,not_returned
https://openalex.org/W6604698154,not_returned
https://openalex.org/W2969385629,not_returned
https://openalex.org/W3103307310,not_returned
https://openalex.org/W3121626904,not_returned
https://openalex.org/W3212649699,not_returned
https://openalex.org/W6778801567,not_returned
https://openalex.org/W6839193454,not_returned
https://openalex.org/W4380451798,not_returned
https://openalex.org/W6874347899,not_returned
https://openalex.org/W2478609704,not_returned
https://openalex.org/W3097989102,not_returned
https://openalex.org/W6784935916,not_returned
https://openalex.org/W6794235368,not_returned
https://openalex.org/W3098290028,not_returned
https://openalex.org/W3102611432,not_returned
https://openalex.org/W3103754856,not_returned
https://openalex.org/W3104862513,not_returned
https://openalex.org/W4206748361,not_returned
https://openalex.org/W4386824218,not_returned
https://openalex.org/W4401121854,not_returned
https://openalex.org/W3100931082,not_returned
https://openalex.org/W3101427288,not_returned
https://openalex.org/W3102593705,not_returned
https://openalex.org/W3104319560,not_returned
https://openalex.org/W3148001159,not_returned
https://openalex.org/W3215685676,not_returned
https://openalex.org/W4283528683,not_returned
https://openalex.org/W4405237649,not_returned
https://openalex.org/W4411238316,not_returned
https://openalex.org/W4411277917,not_returned
https://openalex.org/W6949214560,not_returned
https://openalex.org/W4206765072,not_returned
https://openalex.org/W4221040486,not_returned
https://openalex.org/W4226451221,not_returned
https://openalex.org/W3099175425,not_returned
https://openalex.org/W3101465640,not_returned
https://openalex.org/W3102308370,not_returned
https://openalex.org/W3105019629,not_returned
https://openalex.org/W3124403154,not_returned
https://openalex.org/W3042666245,not_returned
https://openalex.org/W3098312917,not_returned
https://openalex.org/W3098952337,not_returned
https://openalex.org/W3099692620,not_returned
https://openalex.org/W3099732618,not_returned
https://openalex.org/W3100788883,not_returned
https://openalex.org/W3100856891,not_returned
https://openalex.org/W3101144330,not_returned
https://openalex.org/W3101350564,not_returned
https://openalex.org/W3101532544,not_returned
https://openalex.org/W3101562956,not_returned
https://openalex.org/W3101704682,not_returned
https://openalex.org/W3102083771,not_returned
https://openalex.org/W3102344969,not_returned
https://openalex.org/W3102928096,not_returned
https://openalex.org/W3103103352,not_returned
https://openalex.org/W3103403508,not_returned
https://openalex.org/W3103495349,not_returned
https://openalex.org/W3103824324,not_returned
https://openalex.org/W3104288228,not_returned
https://openalex.org/W3114981405,not_returned
https://openalex.org/W3167188101,not_returned
https://openalex.org/W3212510681,not_returned
https://openalex.org/W6635000504,not_returned
https://openalex.org/W6651856796,not_returned
https://openalex.org/W6669576662,not_returned
https://openalex.org/W6727804576,not_returned
https://openalex.org/W6742314730,not_returned
https://openalex.org/W6753838759,not_returned
https://openalex.org/W6791429179,not_returned
https://openalex.org/W3095140800,not_returned
https://openalex.org/W3100901715,not_returned
https://openalex.org/W3102502535,not_returned
https://openalex.org/W3104330524,not_returned
https://openalex.org/W3121317088,not_returned
https://openalex.org/W3132332761,not_returned
https://openalex.org/W3134259086,not_returned
https://openalex.org/W3205943705,not_returned
https://openalex.org/W4283257398,not_returned
https://openalex.org/W2618530766,not_returned
https://openalex.org/W6618081898,not_returned
https://openalex.org/W6922112696,not_returned
https://openalex.org/W6639423107,not_returned
https://openalex.org/W6782158152,not_returned
https://openalex.org/W6855852057,not_returned
https://openalex.org/W6872702397,not_returned
https://openalex.org/W4225630311,not_returned
https://openalex.org/W6788879519,not_returned
https://openalex.org/W6839861814,not_returned
https://openalex.org/W6642998078,not_returned
https://openalex.org/W6737512474,not_returned
https://openalex.org/W6751804323,not_returned
https://openalex.org/W6758185680,not_returned
https://openalex.org/W6767676209,not_returned
https://openalex.org/W6772789451,not_returned
https://openalex.org/W6780626335,not_returned
https://openalex.org/W6798690380,not_returned
https://openalex.org/W6799462903,not_returned
https://openalex.org/W6800585798,not_returned
https://openalex.org/W6801838834,not_returned
https://openalex.org/W6802112781,not_returned
https://openalex.org/W6802540068,not_returned
https://openalex.org/W6803061676,not_returned
https://openalex.org/W6804461646,not_returned
https://openalex.org/W6839489077,not_returned
https://openalex.org/W6840910795,not_returned
https://openalex.org/W6843452313,not_returned
https://openalex.org/W6853033526,not_returned
https://openalex.org/W6854177604,not_returned
https://openalex.org/W6854422362,not_returned
https://openalex.org/W6854475323,not_returned
https://openalex.org/W6854854673,not_returned
https://openalex.org/W6855369988,not_returned
https://openalex.org/W6855882286,not_returned
https://openalex.org/W6857240072,not_returned
https://openalex.org/W6857323915,not_returned
https://openalex.org/W6857686925,not_returned
https://openalex.org/W6858818536,not_returned
https://openalex.org/W6860333255,not_returned
https://openalex.org/W6862434775,not_returned
https://openalex.org/W4225606024,not_returned
https://openalex.org/W6745579703,not_returned
https://openalex.org/W6745851520,not_returned
https://openalex.org/W6657800688,not_returned
https://openalex.org/W6679600256,not_returned
https://openalex.org/W6682518280,not_returned
https://openalex.org/W6684765648,not_returned
https://openalex.org/W6948135373,not_returned
https://openalex.org/W3099217732,not_returned
https://openalex.org/W4206082746,not_returned
https://openalex.org/W6698055758,not_returned
https://openalex.org/W6852872151,not_returned
https://openalex.org/W6912738354,not_returned
https://openalex.org/W6931683458,not_returned
https://openalex.org/W7047485200,not_returned
https://openalex.org/W1996938392,not_returned
https://openalex.org/W6734645586,not_returned
https://openalex.org/W2963150841,not_returned
https://openalex.org/W2963754333,not_returned
https://openalex.org/W3098272898,not_returned
https://openalex.org/W3098328789,not_returned
https://openalex.org/W3099082564,not_returned
https://openalex.org/W3099159689,not_returned
https://openalex.org/W3099518338,not_returned
https://openalex.org/W3099821321,not_returned
https://openalex.org/W3100579310,not_returned
https://openalex.org/W3101184888,not_returned
https://openalex.org/W3101440531,not_returned
https://openalex.org/W3101536352,not_returned
https://openalex.org/W3102192999,not_returned
https://openalex.org/W3102712276,not_returned
https://openalex.org/W3103012342,not_returned
https://openalex.org/W3103051111,not_returned
https://openalex.org/W3103099046,not_returned
https://openalex.org/W3104062568,not_returned
https://openalex.org/W3104404252,not_returned
https://openalex.org/W3105940939,not_returned
https://openalex.org/W3121451553,not_returned
https://openalex.org/W3121958474,not_returned
https://openalex.org/W3125787119,not_returned
https://openalex.org/W2569927301,not_returned
https://openalex.org/W3102498583,not_returned
https://openalex.org/W3110225125,not_returned
https://openalex.org/W2963048334,not_returned
https://openalex.org/W2964233010,not_returned
https://openalex.org/W6602503091,not_returned
https://openalex.org/W6629966838,not_returned
https://openalex.org/W6672578586,not_returned
https://openalex.org/W6849789968,not_returned
https://openalex.org/W6849837650,not_returned
https://openalex.org/W6856279603,not_returned
https://openalex.org/W6605311294,not_returned
https://openalex.org/W6607865214,not_returned
https://openalex.org/W6731131069,not_returned
https://openalex.org/W2991566160,not_returned
https://openalex.org/W2995235436,not_returned
https://openalex.org/W3004147653,not_returned
https://openalex.org/W3080483282,not_returned
https://openalex.org/W3126964934,not_returned
https://openalex.org/W3175518340,not_returned
https://openalex.org/W6733741043,not_returned
https://openalex.org/W6858180457,not_returned
https://openalex.org/W3098754752,not_returned
https://openalex.org/W3101551690,not_returned
https://openalex.org/W3102505535,not_returned
https://openalex.org/W3102603358,not_returned
https://openalex.org/W3102818703,not_returned
https://openalex.org/W3104338735,not_returned
https://openalex.org/W3106214064,not_returned
https://openalex.org/W3121785986,not_returned
https://openalex.org/W3129067522,not_returned
https://openalex.org/W3173338083,not_returned
https://openalex.org/W3194665368,not_returned
https://openalex.org/W3208307853,not_returned
https://openalex.org/W6602072410,not_returned
https://openalex.org/W6633604892,not_returned
https://openalex.org/W6675578831,not_returned
https://openalex.org/W6683388006,not_returned
https://openalex.org/W6725179286,not_returned
https://openalex.org/W6740010783,not_returned
https://openalex.org/W6860740934,not_returned
https://openalex.org/W6836410687,not_returned
https://openalex.org/W6949821028,not_returned
https://openalex.org/W6679663042,not_returned
https://openalex.org/W4210670182,not_returned
https://openalex.org/W6600510690,not_returned
https://openalex.org/W6646921445,not_returned
https://openalex.org/W6681558254,not_returned
https://openalex.org/W6772848752,not_returned
https://openalex.org/W6805020371,not_returned
https://openalex.org/W7073830933,not_returned
https://openalex.org/W2757926280,not_returned
https://openalex.org/W2949475378,not_returned
https://openalex.org/W2970343794,not_returned
https://openalex.org/W3102237440,not_returned
https://openalex.org/W3121317088,not_returned
https://openalex.org/W3132332761,not_returned
https://openalex.org/W6926509349,not_returned
https://openalex.org/W6945286453,not_returned
https://openalex.org/W6945456472,not_returned
https://openalex.org/W6693870881,not_returned
https://openalex.org/W6637842908,not_returned
https://openalex.org/W6682555305,not_returned
https://openalex.org/W3106370744,not_returned
https://openalex.org/W6739901393,not_returned
https://openalex.org/W6930642299,not_returned
https://openalex.org/W6949349124,not_returned
https://openalex.org/W6683258052,not_returned
https://openalex.org/W6753822070,not_returned
https://openalex.org/W6843385328,not_returned
https://openalex.org/W2974527409,not_returned
https://openalex.org/W4288273673,not_returned
https://openalex.org/W2185499030,not_returned
https://openalex.org/W6748979966,not_returned
https://openalex.org/W3102611432,not_returned
https://openalex.org/W6767102335,not_returned
https://openalex.org/W6857807461,not_returned
https://openalex.org/W6860538130,not_returned
https://openalex.org/W6864785582,not_returned
https://openalex.org/W6601686385,not_returned
https://openalex.org/W6605144375,not_returned
https://openalex.org/W6774451543,not_returned
https://openalex.org/W6853804696,not_returned
https://openalex.org/W6857391406,not_returned
https://openalex.org/W6672150656,not_returned
https://openalex.org/W6743343671,not_returned
https://openalex.org/W6790241656,not_returned
https://openalex.org/W6732119272,not_returned
https://openalex.org/W6736761502,not_returned
https://openalex.org/W6776382256,not_returned
https://openalex.org/W6783569532,not_returned
https://openalex.org/W3098197634,not_returned
https://openalex.org/W3099117455,not_returned
https://openalex.org/W3099120992,not_returned
https://openalex.org/W3100342648,not_returned
https://openalex.org/W3100621206,not_returned
https://openalex.org/W3102014803,not_returned
https://openalex.org/W3102122363,not_returned
https://openalex.org/W3102147736,not_returned
https://openalex.org/W3102780421,not_returned
https://openalex.org/W3103863679,not_returned
https://openalex.org/W3104289609,not_returned
https://openalex.org/W3104377364,not_returned
https://openalex.org/W3134764504,not_returned
https://openalex.org/W6680686286,not_returned
https://openalex.org/W6681722126,not_returned
https://openalex.org/W6684928174,not_returned
https://openalex.org/W6712010097,not_returned
https://openalex.org/W6738806935,not_returned
https://openalex.org/W6785826924,not_returned
https://openalex.org/W6786012832,not_returned
https://openalex.org/W6841614979,not_returned
https://openalex.org/W6841880255,not_returned
https://openalex.org/W6844849760,not_returned
https://openalex.org/W6891890527,not_returned
https://openalex.org/W6893296432,not_returned
https://openalex.org/W6929389571,not_returned
https://openalex.org/W6931625734,not_returned
https://openalex.org/W6948177799,not_returned
https://openalex.org/W6950513514,not_returned
https://openalex.org/W6959940324,not_returned
https://openalex.org/W6966832688,not_returned
https://openalex.org/W3197852800,not_returned
https://openalex.org/W3208574339,not_returned
https://openalex.org/W4205620694,not_returned
https://openalex.org/W4211202161,not_returned
https://openalex.org/W4213013801,not_returned
https://openalex.org/W4226514677,not_returned
https://openalex.org/W6633370994,not_returned
https://openalex.org/W6846550796,not_returned
https://openalex.org/W6606691198,not_returned
https://openalex.org/W6679169222,not_returned
https://openalex.org/W6712266997,not_returned
https://openalex.org/W6717464944,not_returned
https://openalex.org/W6727933094,not_returned
https://openalex.org/W6749452761,not_returned
https://openalex.org/W6847841394,not_returned
https://openalex.org/W6858551982,not_returned
https://openalex.org/W4225261474,not_returned
https://openalex.org/W4226039895,not_returned
https://openalex.org/W2963273354,not_returned
https://openalex.org/W2963726844,not_returned
https://openalex.org/W3006267693,not_returned
https://openalex.org/W3098393952,not_returned
https://openalex.org/W3098951160,not_returned
https://openalex.org/W3099001828,not_returned
https://openalex.org/W3099403791,not_returned
https://openalex.org/W3099552735,not_returned
https://openalex.org/W3099855863,not_returned
https://openalex.org/W3100399825,not_returned
https://openalex.org/W3100539327,not_returned
https://openalex.org/W3100721022,not_returned
https://openalex.org/W3101951239,not_returned
https://openalex.org/W3102083771,not_returned
https://openalex.org/W3102230680,not_returned
https://openalex.org/W3102394815,not_returned
https://openalex.org/W3102586433,not_returned
https://openalex.org/W3102697653,not_returned
https://openalex.org/W3102879997,not_returned
https://openalex.org/W3103179386,not_returned
https://openalex.org/W3103231520,not_returned
https://openalex.org/W3103868203,not_returned
https://openalex.org/W3103902294,not_returned
https://openalex.org/W3106436267,not_returned
https://openalex.org/W3123550779,not_returned
https://openalex.org/W3134764504,not_returned
https://openalex.org/W3158680365,not_returned
https://openalex.org/W3174865733,not_returned
https://openalex.org/W3207226532,not_returned
https://openalex.org/W6887985825,not_returned
https://openalex.org/W6893428111,not_returned
https://openalex.org/W6894281167,not_returned
https://openalex.org/W6906738917,not_returned
https://openalex.org/W6945434963,not_returned
https://openalex.org/W3098679716,not_returned
https://openalex.org/W3098967233,not_returned
https://openalex.org/W3100223365,not_returned
https://openalex.org/W3100795666,not_returned
https://openalex.org/W3101091963,not_returned
https://openalex.org/W3101267772,not_returned
https://openalex.org/W3102028737,not_returned
https://openalex.org/W3102305109,not_returned
https://openalex.org/W3104993206,not_returned
https://openalex.org/W3105169336,not_returned
https://openalex.org/W3105403603,not_returned
https://openalex.org/W3106487530,not_returned
https://openalex.org/W3101218110,not_returned
https://openalex.org/W6631113584,not_returned
https://openalex.org/W6911855612,not_returned
https://openalex.org/W6684592573,not_returned
https://openalex.org/W6940532272,not_returned
https://openalex.org/W2993303538,not_returned
https://openalex.org/W6947894174,not_returned
https://openalex.org/W4226458086,not_returned
https://openalex.org/W4287872614,not_returned
https://openalex.org/W6678747841,not_returned
https://openalex.org/W6687111785,not_returned
https://openalex.org/W6600579758,not_returned
https://openalex.org/W6753642531,not_returned
https://openalex.org/W6764307185,not_returned
https://openalex.org/W6779461958,not_returned
https://openalex.org/W6858154904,not_returned
https://openalex.org/W6654355075,not_returned
https://openalex.org/W6742393977,not_returned
https://openalex.org/W2884106940,not_returned
https://openalex.org/W6637227195,not_returned
https://openalex.org/W6911869736,not_returned
https://openalex.org/W3100560913,not_returned
https://openalex.org/W4286892945,not_returned
https://openalex.org/W6676984168,not_returned
https://openalex.org/W6685053522,not_returned
https://openalex.org/W6762392948,not_returned
https://openalex.org/W6764256271,not_returned
https://openalex.org/W6769679262,not_returned
https://openalex.org/W6778883912,not_returned
https://openalex.org/W6798182279,not_returned
https://openalex.org/W6803096969,not_returned
https://openalex.org/W6810081322,not_returned
https://openalex.org/W6810332117,not_returned
https://openalex.org/W6810738896,not_returned
https://openalex.org/W6850625674,not_returned
https://openalex.org/W6850936240,not_returned
https://openalex.org/W6852584927,not_returned
https://openalex.org/W6852754783,not_returned
https://openalex.org/W6854866820,not_returned
https://openalex.org/W6855584379,not_returned
https://openalex.org/W6856121608,not_returned
https://openalex.org/W6856752025,not_returned
https://openalex.org/W6857316800,not_returned
https://openalex.org/W6857770697,not_returned
https://openalex.org/W6857856913,not_returned
https://openalex.org/W6857916434,not_returned
https://openalex.org/W6858100026,not_returned
https://openalex.org/W6858886550,not_returned
https://openalex.org/W6860717838,not_returned
https://openalex.org/W6861381738,not_returned
https://openalex.org/W6864290472,not_returned
https://openalex.org/W3100023845,not_returned
https://openalex.org/W3100273056,not_returned
https://openalex.org/W3100445047,not_returned
https://openalex.org/W3100685542,not_returned
https://openalex.org/W3101256886,not_returned
https://openalex.org/W3102185677,not_returned
https://openalex.org/W3102230680,not_returned
https://openalex.org/W3103167790,not_returned
https://openalex.org/W3103575815,not_returned
https://openalex.org/W3104730542,not_returned
https://openalex.org/W3111229082,not_returned
https://openalex.org/W3123599123,not_returned
https://openalex.org/W3160030944,not_returned
https://openalex.org/W6925595326,not_returned
https://openalex.org/W6944279301,not_returned
https://openalex.org/W6944443183,not_returned
https://openalex.org/W6950118739,not_returned
https://openalex.org/W6963225368,not_returned
https://openalex.org/W6969259846,not_returned
https://openalex.org/W3098198264,not_returned
https://openalex.org/W3098608845,not_returned
https://openalex.org/W3098713894,not_returned
https://openalex.org/W3098822750,not_returned
https://openalex.org/W3099224098,not_returned
https://openalex.org/W3100763381,not_returned
https://openalex.org/W3102014803,not_returned
https://openalex.org/W3102279444,not_returned
https://openalex.org/W3103448990,not_returned
https://openalex.org/W3103891511,not_returned
https://openalex.org/W3104966893,not_returned
https://openalex.org/W3105257222,not_returned
https://openalex.org/W3206476916,not_returned
https://openalex.org/W4295787460,not_returned
https://openalex.org/W4392293446,not_returned
https://openalex.org/W6950530440,not_returned
https://openalex.org/W3098608845,not_returned
https://openalex.org/W3098822750,not_returned
https://openalex.org/W3099224098,not_returned
https://openalex.org/W3099646664,not_returned
https://openalex.org/W3102230680,not_returned
https://openalex.org/W3103863679,not_returned
https://openalex.org/W3103891511,not_returned
https://openalex.org/W3104289609,not_returned
https://openalex.org/W3105093298,not_returned
https://openalex.org/W3105257222,not_returned
https://openalex.org/W3105735983,not_returned
https://openalex.org/W3105939599,not_returned
https://openalex.org/W3158174454,not_returned
https://openalex.org/W4295787460,not_returned
https://openalex.org/W6893309950,not_returned
https://openalex.org/W6911888594,not_returned
https://openalex.org/W6930862252,not_returned
https://openalex.org/W6948685165,not_returned
https://openalex.org/W6949435482,not_returned
https://openalex.org/W6969289519,not_returned
https://openalex.org/W3099423326,not_returned
https://openalex.org/W3101716894,not_returned
https://openalex.org/W3101735036,not_returned
https://openalex.org/W3102230680,not_returned
https://openalex.org/W3104386235,not_returned
https://openalex.org/W3105197097,not_returned
https://openalex.org/W3106279853,not_returned
https://openalex.org/W3121457223,not_returned
https://openalex.org/W3123285154,not_returned
https://openalex.org/W3123698112,not_returned
https://openalex.org/W3124795910,not_returned
https://openalex.org/W4226210084,not_returned
https://openalex.org/W4400418136,not_returned
https://openalex.org/W6912542331,not_returned
https://openalex.org/W3031514878,not_returned
https://openalex.org/W3081344392,not_returned
https://openalex.org/W4304014078,not_returned
https://openalex.org/W6966148661,not_returned
https://openalex.org/W4294608028,not_returned
https://openalex.org/W3100215211,not_returned
https://openalex.org/W3103209799,not_returned
https://openalex.org/W3173771171,not_returned
https://openalex.org/W6771408467,not_returned
https://openalex.org/W6921303735,not_returned
https://openalex.org/W4205959337,not_returned
https://openalex.org/W6835070292,not_returned
https://openalex.org/W4226165225,not_returned
https://openalex.org/W4226390647,not_returned
https://openalex.org/W6628753269,not_returned
https://openalex.org/W6629911979,not_returned
https://openalex.org/W6630647445,not_returned
https://openalex.org/W2962743982,not_returned
https://openalex.org/W6902668141,not_returned
https://openalex.org/W6762427431,not_returned
https://openalex.org/W6766797415,not_returned
https://openalex.org/W7028336667,not_returned
https://openalex.org/W2990599075,not_returned
https://openalex.org/W3016151600,not_returned
https://openalex.org/W3099055639,not_returned
https://openalex.org/W3099880957,not_returned
https://openalex.org/W3102830584,not_returned
https://openalex.org/W3105066599,not_returned
https://openalex.org/W3106180996,not_returned
https://openalex.org/W3162506046,not_returned
https://openalex.org/W2109631166,not_returned
https://openalex.org/W6610017368,not_returned
https://openalex.org/W4207040168,not_returned
https://openalex.org/W4213338231,not_returned
https://openalex.org/W6606874291,not_returned
https://openalex.org/W6716600856,not_returned
https://openalex.org/W6750515625,not_returned
https://openalex.org/W6762837409,not_returned
https://openalex.org/W6989142413,not_returned
https://openalex.org/W1966804400,not_returned
https://openalex.org/W3102306221,not_returned
https://openalex.org/W3105473162,not_returned
https://openalex.org/W4244120249,not_returned
https://openalex.org/W3098273601,not_returned
https://openalex.org/W3099196660,not_returned
https://openalex.org/W3102978915,not_returned
https://openalex.org/W3106150065,not_returned
https://openalex.org/W4296908160,not_returned
https://openalex.org/W3098317965,not_returned
https://openalex.org/W3102513819,not_returned
https://openalex.org/W3102600591,not_returned
https://openalex.org/W3103406916,not_returned
https://openalex.org/W3104003110,not_returned
https://openalex.org/W3123807599,not_returned
https://openalex.org/W3135626332,not_returned
https://openalex.org/W3211781522,not_returned
https://openalex.org/W4393852730,not_returned
https://openalex.org/W6777031053,not_returned
https://openalex.org/W6604622729,not_returned
https://openalex.org/W6628983850,not_returned
https://openalex.org/W6629381947,not_returned
https://openalex.org/W6631713331,not_returned
https://openalex.org/W6632034282,not_returned
https://openalex.org/W6636200048,not_returned
https://openalex.org/W6639375267,not_returned
https://openalex.org/W6658963358,not_returned
https://openalex.org/W6668782540,not_returned
https://openalex.org/W6671538471,not_returned
https://openalex.org/W6672246662,not_returned
https://openalex.org/W6674770488,not_returned
https://openalex.org/W6679857612,not_returned
https://openalex.org/W6681103565,not_returned
https://openalex.org/W6683307874,not_returned
https://openalex.org/W6688717624,not_returned
https://openalex.org/W6689696976,not_returned
https://openalex.org/W6692050253,not_returned
https://openalex.org/W6694324964,not_returned
https://openalex.org/W6697903978,not_returned
https://openalex.org/W6718964516,not_returned
https://openalex.org/W6721175671,not_returned
https://openalex.org/W6721359018,not_returned
https://openalex.org/W6722035415,not_returned
https://openalex.org/W6724364488,not_returned
https://openalex.org/W6724820271,not_returned
https://openalex.org/W6724886296,not_returned
https://openalex.org/W6744847930,not_returned
https://openalex.org/W6779742772,not_returned
https://openalex.org/W6781617978,not_returned
https://openalex.org/W6808351969,not_returned
https://openalex.org/W6810279195,not_returned
https://openalex.org/W6848331779,not_returned
https://openalex.org/W6850613667,not_returned
https://openalex.org/W6852836225,not_returned
https://openalex.org/W6856904476,not_returned
https://openalex.org/W6873948426,not_returned
https://openalex.org/W4229694255,not_returned
https://openalex.org/W6877803377,not_returned
https://openalex.org/W2963273354,not_returned
https://openalex.org/W2963726844,not_returned
https://openalex.org/W3006267693,not_returned
https://openalex.org/W3098757443,not_returned
https://openalex.org/W3098951160,not_returned
https://openalex.org/W3099001828,not_returned
https://openalex.org/W3099403791,not_returned
https://openalex.org/W3099593741,not_returned
https://openalex.org/W3099646664,not_returned
https://openalex.org/W3099855863,not_returned
https://openalex.org/W3100721022,not_returned
https://openalex.org/W3100961363,not_returned
https://openalex.org/W3101951239,not_returned
https://openalex.org/W3101976709,not_returned
https://openalex.org/W3102394815,not_returned
https://openalex.org/W3102697653,not_returned
https://openalex.org/W3102879997,not_returned
https://openalex.org/W3103180059,not_returned
https://openalex.org/W3105669789,not_returned
https://openalex.org/W3122834883,not_returned
https://openalex.org/W3123550779,not_returned
https://openalex.org/W3127156565,not_returned
https://openalex.org/W3134764504,not_returned
https://openalex.org/W3158680365,not_returned
https://openalex.org/W3174865733,not_returned
https://openalex.org/W3194371015,not_returned
https://openalex.org/W6601900421,not_returned
https://openalex.org/W6894281167,not_returned
https://openalex.org/W6967606135,not_returned
https://openalex.org/W6969259846,not_returned
https://openalex.org/W6729044322,not_returned
https://openalex.org/W6805472709,not_returned
https://openalex.org/W3121586804,not_returned
https://openalex.org/W3125461840,not_returned
https://openalex.org/W3125816944,not_returned
https://openalex.org/W4207047197,not_returned
https://openalex.org/W4226528756,not_returned
https://openalex.org/W6677327713,not_returned
https://openalex.org/W6680135942,not_returned
https://openalex.org/W4229018364,not_returned
https://openalex.org/W2974091891,not_returned
https://openalex.org/W3098473395,not_returned
https://openalex.org/W3098646067,not_returned
https://openalex.org/W3098681974,not_returned
https://openalex.org/W3099077819,not_returned
https://openalex.org/W3099464879,not_returned
https://openalex.org/W3099472832,not_returned
https://openalex.org/W3099726083,not_returned
https://openalex.org/W3100115116,not_returned
https://openalex.org/W3100380585,not_returned
https://openalex.org/W3101124902,not_returned
https://openalex.org/W3101306240,not_returned
https://openalex.org/W3102014803,not_returned
https://openalex.org/W3102646545,not_returned
https://openalex.org/W3103462058,not_returned
https://openalex.org/W3104030240,not_returned
https://openalex.org/W3104469096,not_returned
https://openalex.org/W3104756307,not_returned
https://openalex.org/W3105516382,not_returned
https://openalex.org/W3105664849,not_returned
https://openalex.org/W3106513537,not_returned
https://openalex.org/W3126592874,not_returned
https://openalex.org/W3169211275,not_returned
https://openalex.org/W4206455620,not_returned
https://openalex.org/W4210347887,not_returned
https://openalex.org/W4281996160,not_returned
https://openalex.org/W4401661458,not_returned
https://openalex.org/W6608963342,not_returned
https://openalex.org/W6660507047,not_returned
https://openalex.org/W6663262620,not_returned
https://openalex.org/W6732222950,not_returned
https://openalex.org/W6758342117,not_returned
https://openalex.org/W6760400480,not_returned
https://openalex.org/W6774610282,not_returned
https://openalex.org/W6775389608,not_returned
https://openalex.org/W6777465904,not_returned
https://openalex.org/W6780486417,not_returned
https://openalex.org/W6799305659,not_returned
https://openalex.org/W6804077895,not_returned
https://openalex.org/W6816994301,not_returned
https://openalex.org/W6841053967,not_returned
https://openalex.org/W6884425590,not_returned
https://openalex.org/W6725194082,not_returned
https://openalex.org/W3094633181,not_returned
https://openalex.org/W3216933404,not_returned
https://openalex.org/W6630810234,not_returned
https://openalex.org/W6631475334,not_returned
https://openalex.org/W6685627961,not_returned
https://openalex.org/W6751570850,not_returned
https://openalex.org/W6751838595,not_returned
https://openalex.org/W6776208642,not_returned
https://openalex.org/W6777765011,not_returned
https://openalex.org/W6856514521,not_returned
https://openalex.org/W6762749128,not_returned
https://openalex.org/W6811117816,not_returned
https://openalex.org/W6846881600,not_returned
https://openalex.org/W6771555489,not_returned
https://openalex.org/W7074053699,not_returned
https://openalex.org/W3100019840,not_returned
https://openalex.org/W3100221714,not_returned
https://openalex.org/W3101367310,not_returned
https://openalex.org/W3101829523,not_returned
https://openalex.org/W3104114945,not_returned
https://openalex.org/W3105290724,not_returned
https://openalex.org/W4246450893,not_returned
https://openalex.org/W2640251574,not_returned
https://openalex.org/W4252876720,not_returned
https://openalex.org/W6604817859,not_returned
https://openalex.org/W6700528804,not_returned
https://openalex.org/W6750602567,not_returned
https://openalex.org/W6852365370,not_returned
https://openalex.org/W6796113229,not_returned
https://openalex.org/W6807430088,not_returned
https://openalex.org/W6843581848,not_returned
https://openalex.org/W4225919020,not_returned
https://openalex.org/W6681692245,not_returned
https://openalex.org/W6790238917,not_returned
https://openalex.org/W6990932226,not_returned
https://openalex.org/W6613278537,not_returned
https://openalex.org/W6728344592,not_returned
https://openalex.org/W6839374849,not_returned
https://openalex.org/W6842071357,not_returned
https://openalex.org/W6848813858,not_returned
https://openalex.org/W6849634867,not_returned
https://openalex.org/W6924222513,not_returned
https://openalex.org/W7073778525,not_returned
https://openalex.org/W4226305077,not_returned
https://openalex.org/W6639166626,not_returned
https://openalex.org/W6840028834,not_returned
https://openalex.org/W6849930071,not_returned
https://openalex.org/W3122244737,not_returned
https://openalex.org/W6912013276,not_returned
https://openalex.org/W6603998966,not_returned
https://openalex.org/W6640871673,not_returned
https://openalex.org/W6645993432,not_returned
https://openalex.org/W6652664289,not_returned
https://openalex.org/W6653091123,not_returned
https://openalex.org/W6678440815,not_returned
https://openalex.org/W6773965562,not_returned
https://openalex.org/W6800171437,not_returned
https://openalex.org/W6803613095,not_returned
https://openalex.org/W6840298451,not_returned
https://openalex.org/W6858664504,not_returned
https://openalex.org/W6860607006,not_returned
https://openalex.org/W6861588024,not_returned
https://openalex.org/W3098542571,not_returned
https://openalex.org/W3098679716,not_returned
https://openalex.org/W3098967233,not_returned
https://openalex.org/W3099211999,not_returned
https://openalex.org/W3099885081,not_returned
https://openalex.org/W3102305109,not_returned
https://openalex.org/W3103010242,not_returned
https://openalex.org/W3103361026,not_returned
https://openalex.org/W3104993206,not_returned
https://openalex.org/W3105403603,not_returned
https://openalex.org/W3113028863,not_returned
https://openalex.org/W3134625238,not_returned
https://openalex.org/W3198386877,not_returned
https://openalex.org/W6966500840,not_returned
https://openalex.org/W3214263053,not_returned
https://openalex.org/W3098017724,not_returned
https://openalex.org/W3100284764,not_returned
https://openalex.org/W3103974864,not_returned
https://openalex.org/W3105281310,not_returned
https://openalex.org/W3190325560,not_returned
https://openalex.org/W4210820750,not_returned
https://openalex.org/W4288601302,not_returned
https://openalex.org/W4401245659,not_returned
https://openalex.org/W6819060087,not_returned
https://openalex.org/W6930690909,not_returned
https://openalex.org/W3102638666,not_returned
https://openalex.org/W3103788994,not_returned
https://openalex.org/W3105818572,not_returned
https://openalex.org/W3089585402,not_returned
https://openalex.org/W3099524572,not_returned
https://openalex.org/W3099611150,not_returned
https://openalex.org/W3099849326,not_returned
https://openalex.org/W3100042900,not_returned
https://openalex.org/W3101114599,not_returned
https://openalex.org/W3101256886,not_returned
https://openalex.org/W3101349089,not_returned
https://openalex.org/W3102197895,not_returned
https://openalex.org/W3103586346,not_returned
https://openalex.org/W3105725265,not_returned
https://openalex.org/W3106159736,not_returned
https://openalex.org/W3119505066,not_returned
https://openalex.org/W3123839246,not_returned
https://openalex.org/W3160030944,not_returned
https://openalex.org/W6763467076,not_returned
https://openalex.org/W6852211727,not_returned
https://openalex.org/W6929753988,not_returned
https://openalex.org/W6967213612,not_returned
https://openalex.org/W6704473883,not_returned
https://openalex.org/W6725514347,not_returned
https://openalex.org/W6729474432,not_returned
https://openalex.org/W6763328599,not_returned
https://openalex.org/W6771907987,not_returned
https://openalex.org/W6781844904,not_returned
https://openalex.org/W6784365346,not_returned
https://openalex.org/W6791805849,not_returned
https://openalex.org/W6792232874,not_returned
https://openalex.org/W6842491415,not_returned
https://openalex.org/W6845807166,not_returned
https://openalex.org/W6846809912,not_returned
https://openalex.org/W6851518621,not_returned
https://openalex.org/W3098050536,not_returned
https://openalex.org/W3099524572,not_returned
https://openalex.org/W3100752182,not_returned
https://openalex.org/W3100862341,not_returned
https://openalex.org/W3101256886,not_returned
https://openalex.org/W3101773800,not_returned
https://openalex.org/W3102059476,not_returned
https://openalex.org/W3102230680,not_returned
https://openalex.org/W3103308126,not_returned
https://openalex.org/W3103652693,not_returned
https://openalex.org/W3104007163,not_returned
https://openalex.org/W3104060963,not_returned
https://openalex.org/W3104583149,not_returned
https://openalex.org/W3122195145,not_returned
https://openalex.org/W3160030944,not_returned
https://openalex.org/W3183892063,not_returned
https://openalex.org/W3197155467,not_returned
https://openalex.org/W4411392672,not_returned
https://openalex.org/W6773133256,not_returned
https://openalex.org/W7073936970,not_returned
https://openalex.org/W7073986606,not_returned
https://openalex.org/W7074184547,not_returned
https://openalex.org/W6675354045,not_returned
https://openalex.org/W6887518814,not_returned
https://openalex.org/W6893207155,not_returned
https://openalex.org/W6902099773,not_returned
https://openalex.org/W6924728615,not_returned
https://openalex.org/W1986819880,not_returned
https://openalex.org/W4206949823,not_returned
https://openalex.org/W6642218305,not_returned
https://openalex.org/W6647238354,not_returned
https://openalex.org/W6677242161,not_returned
https://openalex.org/W6685284317,not_returned
https://openalex.org/W6697968173,not_returned
https://openalex.org/W6732310518,not_returned
https://openalex.org/W6759307804,not_returned
https://openalex.org/W6773099928,not_returned
https://openalex.org/W6793298206,not_returned
https://openalex.org/W6804520575,not_returned
https://openalex.org/W6857645183,not_returned
https://openalex.org/W6859412326,not_returned
https://openalex.org/W6879573555,not_returned
https://openalex.org/W6646480599,not_returned
https://openalex.org/W6666408263,not_returned
https://openalex.org/W6672711981,not_returned
https://openalex.org/W6732630270,not_returned
https://openalex.org/W6744860808,not_returned
https://openalex.org/W3201791598,not_returned
https://openalex.org/W6891595965,not_returned
https://openalex.org/W6893084216,not_returned
https://openalex.org/W6912298673,not_returned
https://openalex.org/W7073790555,not_returned
https://openalex.org/W2011148871,not_returned
https://openalex.org/W4200355195,not_returned
https://openalex.org/W4220782432,not_returned
https://openalex.org/W6600920357,not_returned
https://openalex.org/W6671950808,not_returned
https://openalex.org/W7073933481,not_returned
https://openalex.org/W6608683675,not_returned
https://openalex.org/W6666231393,not_returned
https://openalex.org/W6684095168,not_returned
https://openalex.org/W6782456027,not_returned
https://openalex.org/W6810686386,not_returned
https://openalex.org/W6838247281,not_returned
https://openalex.org/W6839984463,not_returned
https://openalex.org/W6875565859,not_returned
https://openalex.org/W6879982738,not_returned
https://openalex.org/W6880403886,not_returned
https://openalex.org/W6882151849,not_returned
https://openalex.org/W4220995256,not_returned
https://openalex.org/W4225471550,not_returned
https://openalex.org/W2183159415,not_returned
https://openalex.org/W6727166228,not_returned
https://openalex.org/W3203145978,not_returned
https://openalex.org/W6726008678,not_returned
https://openalex.org/W6782896575,not_returned
https://openalex.org/W6804117618,not_returned
https://openalex.org/W6838831863,not_returned
https://openalex.org/W6859566641,not_returned
https://openalex.org/W6860761068,not_returned
https://openalex.org/W6862750464,not_returned
https://openalex.org/W6863238017,not_returned
https://openalex.org/W7070638515,not_returned
https://openalex.org/W67770540,not_returned
https://openalex.org/W2962987114,not_returned
https://openalex.org/W3100265020,not_returned
https://openalex.org/W3101454766,not_returned
https://openalex.org/W3102956461,not_returned
https://openalex.org/W3105326287,not_returned
https://openalex.org/W4312203485,not_returned
https://openalex.org/W4394672655,not_returned
https://openalex.org/W6968856503,not_returned
https://openalex.org/W3098135179,not_returned
https://openalex.org/W3098291350,not_returned
https://openalex.org/W3099785972,not_returned
https://openalex.org/W3100273056,not_returned
https://openalex.org/W3101398752,not_returned
https://openalex.org/W3101856994,not_returned
https://openalex.org/W3102414489,not_returned
https://openalex.org/W3102847175,not_returned
https://openalex.org/W3102960381,not_returned
https://openalex.org/W3103183294,not_returned
https://openalex.org/W3103567065,not_returned
https://openalex.org/W3103574620,not_returned
https://openalex.org/W3103733614,not_returned
https://openalex.org/W3104730542,not_returned
https://openalex.org/W3105375953,not_returned
https://openalex.org/W3105670254,not_returned
https://openalex.org/W3123371988,not_returned
https://openalex.org/W3132294070,not_returned
https://openalex.org/W3215660076,not_returned
https://openalex.org/W4398214745,not_returned
https://openalex.org/W6931598016,not_returned
https://openalex.org/W3137665589,not_returned
https://openalex.org/W3128198169,not_returned
https://openalex.org/W4207053416,not_returned
https://openalex.org/W3098239426,not_returned
https://openalex.org/W3099421397,not_returned
https://openalex.org/W3100215491,not_returned
https://openalex.org/W3102169670,not_returned
https://openalex.org/W3104326133,not_returned
https://openalex.org/W3104730542,not_returned
https://openalex.org/W3105375953,not_returned
https://openalex.org/W3105944388,not_returned
https://openalex.org/W4210528946,not_returned
https://openalex.org/W4225301579,not_returned
https://openalex.org/W4225383363,not_returned
https://openalex.org/W4226456604,not_returned
https://openalex.org/W4229044010,not_returned
https://openalex.org/W4229334480,not_returned
https://openalex.org/W3099375786,not_returned
https://openalex.org/W3102381762,not_returned
https://openalex.org/W3102513819,not_returned
https://openalex.org/W3102889897,not_returned
https://openalex.org/W3104372002,not_returned
https://openalex.org/W3099378044,not_returned
https://openalex.org/W3099938065,not_returned
https://openalex.org/W3103066757,not_returned
https://openalex.org/W3105390848,not_returned
https://openalex.org/W7081928745,not_returned
https://openalex.org/W2092756750,not_returned
https://openalex.org/W4229487902,not_returned
https://openalex.org/W4206322443,not_returned
https://openalex.org/W2964234112,not_returned
https://openalex.org/W3209598254,not_returned
https://openalex.org/W3210512090,not_returned
https://openalex.org/W6892636305,not_returned
https://openalex.org/W6927425795,not_returned
https://openalex.org/W6968903224,not_returned
https://openalex.org/W3205943705,not_returned
https://openalex.org/W4285667142,not_returned
https://openalex.org/W6639490048,not_returned
https://openalex.org/W6684379799,not_returned
https://openalex.org/W6698568044,not_returned
https://openalex.org/W6788768170,not_returned
https://openalex.org/W6990023262,not_returned
https://openalex.org/W4229513022,not_returned
https://openalex.org/W6627539487,not_returned
https://openalex.org/W6633527678,not_returned
https://openalex.org/W6644627530,not_returned
https://openalex.org/W6680981410,not_returned
https://openalex.org/W6684941127,not_returned
https://openalex.org/W6685139077,not_returned
https://openalex.org/W6703263644,not_returned
https://openalex.org/W6800305946,not_returned
https://openalex.org/W3035921269,not_returned
https://openalex.org/W3172189465,not_returned
https://openalex.org/W4224020352,not_returned
https://openalex.org/W6862080233,not_returned
https://openalex.org/W6874460971,not_returned
https://openalex.org/W3098517807,not_returned
https://openalex.org/W3099497215,not_returned
https://openalex.org/W3100360797,not_returned
https://openalex.org/W3104379077,not_returned
https://openalex.org/W4226394147,not_returned
https://openalex.org/W4297933079,not_returned
https://openalex.org/W4321258088,not_returned
https://openalex.org/W6638866507,not_returned
https://openalex.org/W6756265271,not_returned
https://openalex.org/W6799343548,not_returned
https://openalex.org/W6869892758,not_returned
https://openalex.org/W6872029847,not_returned
https://openalex.org/W4226287202,not_returned
https://openalex.org/W6775239902,not_returned
https://openalex.org/W6848669179,not_returned
https://openalex.org/W6640734232,not_returned
https://openalex.org/W6660673325,not_returned
https://openalex.org/W6788243833,not_returned
https://openalex.org/W6802256482,not_returned
https://openalex.org/W6809807486,not_returned
https://openalex.org/W6857807389,not_returned
https://openalex.org/W2962821542,not_returned
https://openalex.org/W6922452185,not_returned
https://openalex.org/W2300153374,not_returned
https://openalex.org/W6910953053,not_returned
https://openalex.org/W6948311951,not_returned
https://openalex.org/W6967204377,not_returned
https://openalex.org/W6885020975,not_returned
https://openalex.org/W6904059385,not_returned
https://openalex.org/W6959718512,not_returned
https://openalex.org/W4210682036,not_returned
https://openalex.org/W4226087813,not_returned
https://openalex.org/W4226477075,not_returned
https://openalex.org/W6626622638,not_returned
https://openalex.org/W2964052890,not_returned
https://openalex.org/W6860658482,not_returned
https://openalex.org/W6861628531,not_returned
https://openalex.org/W4255688361,not_returned
https://openalex.org/W6616044196,not_returned
https://openalex.org/W6992975057,not_returned
https://openalex.org/W7053566281,not_returned
https://openalex.org/W4220963891,not_returned
https://openalex.org/W6600903635,not_returned
https://openalex.org/W6959608970,not_returned
https://openalex.org/W7002055461,not_returned
https://openalex.org/W6672265019,not_returned
https://openalex.org/W6684005162,not_returned
https://openalex.org/W6695013600,not_returned
https://openalex.org/W6749341428,not_returned
https://openalex.org/W6757029612,not_returned
https://openalex.org/W6768843744,not_returned
https://openalex.org/W6773216844,not_returned
https://openalex.org/W6824524583,not_returned
https://openalex.org/W6845963381,not_returned
https://openalex.org/W6846456340,not_returned
https://openalex.org/W4225316123,not_returned
https://openalex.org/W6636822652,not_returned
https://openalex.org/W6668717180,not_returned
https://openalex.org/W6793714196,not_returned
https://openalex.org/W7073980507,not_returned
https://openalex.org/W7074102048,not_returned
https://openalex.org/W6624134910,not_returned
https://openalex.org/W6631002626,not_returned
https://openalex.org/W6600062020,not_returned
https://openalex.org/W6600741150,not_returned
https://openalex.org/W6601994705,not_returned
https://openalex.org/W6751306947,not_returned
https://openalex.org/W4206774749,not_returned
https://openalex.org/W4211055971,not_returned
https://openalex.org/W6608216729,not_returned
https://openalex.org/W6860645075,not_returned
https://openalex.org/W3099814042,not_returned
https://openalex.org/W3101057017,not_returned
https://openalex.org/W3103595516,not_returned
https://openalex.org/W3103683500,not_returned
https://openalex.org/W3104438747,not_returned
https://openalex.org/W3153097845,not_returned
https://openalex.org/W2067221516,not_returned
https://openalex.org/W3167059536,not_returned
https://openalex.org/W3206070977,not_returned
https://openalex.org/W3216958823,not_returned
https://openalex.org/W4212970780,not_returned
https://openalex.org/W4296756649,not_returned
https://openalex.org/W6600175266,not_returned
https://openalex.org/W6607658636,not_returned
https://openalex.org/W3149902754,not_returned
https://openalex.org/W4210577606,not_returned
https://openalex.org/W6608261490,not_returned
https://openalex.org/W3099215402,not_returned
https://openalex.org/W6784452597,not_returned
https://openalex.org/W3098215361,not_returned
https://openalex.org/W3102321564,not_returned
https://openalex.org/W3102486231,not_returned
https://openalex.org/W3103057124,not_returned
https://openalex.org/W6679443832,not_returned
https://openalex.org/W6683747709,not_returned
https://openalex.org/W6844489879,not_returned
https://openalex.org/W6849562848,not_returned
https://openalex.org/W6858018667,not_returned
https://openalex.org/W6637387146,not_returned
https://openalex.org/W6675354045,not_returned
https://openalex.org/W6754328627,not_returned
https://openalex.org/W6795292381,not_returned
https://openalex.org/W6810596858,not_returned
https://openalex.org/W6842264269,not_returned
https://openalex.org/W6849121937,not_returned
https://openalex.org/W6851715652,not_returned
https://openalex.org/W6857657075,not_returned
https://openalex.org/W6858898028,not_returned
https://openalex.org/W6859033641,not_returned
https://openalex.org/W6860586068,not_returned
https://openalex.org/W6861012272,not_returned
https://openalex.org/W6789696197,not_returned
https://openalex.org/W6810742702,not_returned
https://openalex.org/W2962687116,not_returned
https://openalex.org/W2963001155,not_returned
https://openalex.org/W2964062501,not_returned
https://openalex.org/W2998281665,not_returned
https://openalex.org/W3035096461,not_returned
https://openalex.org/W3035461736,not_returned
https://openalex.org/W3035574168,not_returned
https://openalex.org/W3108653208,not_returned
https://openalex.org/W3118240751,not_returned
https://openalex.org/W3172477795,not_returned
https://openalex.org/W3189852228,not_returned
https://openalex.org/W6633141974,not_returned
https://openalex.org/W6727190014,not_returned
https://openalex.org/W6737260946,not_returned
https://openalex.org/W6765361892,not_returned
https://openalex.org/W6784587269,not_returned
https://openalex.org/W6801905799,not_returned
https://openalex.org/W6803556390,not_returned
https://openalex.org/W6838956374,not_returned
https://openalex.org/W6869689944,not_returned
https://openalex.org/W7008335275,not_returned
https://openalex.org/W3098136640,not_returned
https://openalex.org/W3100752182,not_returned
https://openalex.org/W3100862341,not_returned
https://openalex.org/W3102052724,not_returned
https://openalex.org/W3102267628,not_returned
https://openalex.org/W3104537297,not_returned
https://openalex.org/W3104972090,not_returned
https://openalex.org/W3105511892,not_returned
https://openalex.org/W3122195145,not_returned
https://openalex.org/W4386384748,not_returned
https://openalex.org/W3134251936,not_returned
https://openalex.org/W4214630092,not_returned
https://openalex.org/W6663920671,not_returned
https://openalex.org/W6674816447,not_returned
https://openalex.org/W6719234243,not_returned
https://openalex.org/W6755765376,not_returned
https://openalex.org/W6757740650,not_returned
https://openalex.org/W6772745075,not_returned
https://openalex.org/W6804025421,not_returned
https://openalex.org/W6839134550,not_returned
https://openalex.org/W6849068793,not_returned
https://openalex.org/W6851157456,not_returned
https://openalex.org/W6851584919,not_returned
https://openalex.org/W3216132861,not_returned
https://openalex.org/W4205929954,not_returned
https://openalex.org/W4297730691,not_returned
https://openalex.org/W6910780943,not_returned
https://openalex.org/W4206917246,not_returned
https://openalex.org/W6795334558,not_returned
https://openalex.org/W6798330378,not_returned
https://openalex.org/W6723343778,not_returned
https://openalex.org/W6749860951,not_returned
https://openalex.org/W6771779511,not_returned
https://openalex.org/W6779874732,not_returned
https://openalex.org/W6800742160,not_returned
https://openalex.org/W6859200412,not_returned
https://openalex.org/W6877206764,not_returned
https://openalex.org/W4287972868,not_returned
https://openalex.org/W6600026416,not_returned
https://openalex.org/W6795364857,not_returned
https://openalex.org/W2989846149,not_returned
https://openalex.org/W3105443897,not_returned
https://openalex.org/W3105895839,not_returned
https://openalex.org/W3105987033,not_returned
https://openalex.org/W3117599989,not_returned
https://openalex.org/W3170919440,not_returned
https://openalex.org/W3215061012,not_returned
https://openalex.org/W4200393916,not_returned
https://openalex.org/W3098566889,not_returned
https://openalex.org/W3098666822,not_returned
https://openalex.org/W3099985703,not_returned
https://openalex.org/W3102230680,not_returned
https://openalex.org/W3103224716,not_returned
https://openalex.org/W3103468334,not_returned
https://openalex.org/W3103680445,not_returned
https://openalex.org/W3103810418,not_returned
https://openalex.org/W3103815670,not_returned
https://openalex.org/W3103846672,not_returned
https://openalex.org/W3104324884,not_returned
https://openalex.org/W3105424692,not_returned
https://openalex.org/W3106402285,not_returned
https://openalex.org/W4283750117,not_returned
https://openalex.org/W4284676317,not_returned
https://openalex.org/W6968687841,not_returned
https://openalex.org/W6626572464,not_returned
https://openalex.org/W6637549582,not_returned
https://openalex.org/W6680743328,not_returned
https://openalex.org/W6696055426,not_returned
https://openalex.org/W6796842121,not_returned
https://openalex.org/W6603658136,not_returned
https://openalex.org/W4200393940,not_returned
https://openalex.org/W6637903746,not_returned
https://openalex.org/W6642325455,not_returned
https://openalex.org/W6660714555,not_returned
https://openalex.org/W6744193116,not_returned
https://openalex.org/W6744480367,not_returned
https://openalex.org/W6801992825,not_returned
https://openalex.org/W6805124559,not_returned
https://openalex.org/W7073913519,not_returned
https://openalex.org/W69784543,not_returned
https://openalex.org/W4207065431,not_returned
https://openalex.org/W6803356969,not_returned
https://openalex.org/W6611323407,not_returned
https://openalex.org/W6846407586,not_returned
https://openalex.org/W6860809080,not_returned
https://openalex.org/W3098476766,not_returned
https://openalex.org/W3098479653,not_returned
https://openalex.org/W3098646535,not_returned
https://openalex.org/W3104244784,not_returned
https://openalex.org/W3104433882,not_returned
https://openalex.org/W3106120343,not_returned
https://openalex.org/W3205672264,not_returned
https://openalex.org/W4321445284,not_returned
https://openalex.org/W3098173741,not_returned
https://openalex.org/W3098333541,not_returned
https://openalex.org/W3098913053,not_returned
https://openalex.org/W3099088275,not_returned
https://openalex.org/W3101760964,not_returned
https://openalex.org/W3102020680,not_returned
https://openalex.org/W3103345512,not_returned
https://openalex.org/W3131553857,not_returned
https://openalex.org/W3139039918,not_returned
https://openalex.org/W4294608028,not_returned
https://openalex.org/W6643335983,not_returned
https://openalex.org/W6675586582,not_returned
https://openalex.org/W6679070811,not_returned
https://openalex.org/W6780388549,not_returned
https://openalex.org/W6734430613,not_returned
https://openalex.org/W6606969782,not_returned
https://openalex.org/W6657557338,not_returned
https://openalex.org/W6697030043,not_returned
https://openalex.org/W6850083869,not_returned
https://openalex.org/W6858228372,not_returned
https://openalex.org/W6842450060,not_returned
https://openalex.org/W6611168607,not_returned
https://openalex.org/W6638693577,not_returned
https://openalex.org/W7075601054,not_returned
https://openalex.org/W3212545538,not_returned
https://openalex.org/W6674054117,not_returned
https://openalex.org/W6756498464,not_returned
https://openalex.org/W6766141171,not_returned
https://openalex.org/W6868272419,not_returned
https://openalex.org/W6760230616,not_returned
https://openalex.org/W6841290029,not_returned
https://openalex.org/W6860084491,not_returned
https://openalex.org/W4220775124,not_returned
https://openalex.org/W4285719337,not_returned
https://openalex.org/W6628758261,not_returned
https://openalex.org/W6629129200,not_returned
https://openalex.org/W6659642940,not_returned
https://openalex.org/W6660831926,not_returned
https://openalex.org/W6959377667,not_returned
https://openalex.org/W7064213488,not_returned
https://openalex.org/W2887572777,not_returned
https://openalex.org/W3099196857,not_returned
https://openalex.org/W3102594454,not_returned
https://openalex.org/W3105448205,not_returned
https://openalex.org/W3105653950,not_returned
https://openalex.org/W6602435323,not_returned
https://openalex.org/W6632815694,not_returned
https://openalex.org/W6634339666,not_returned
https://openalex.org/W6636727311,not_returned
https://openalex.org/W6637155764,not_returned
https://openalex.org/W6639081700,not_returned
https://openalex.org/W6639311279,not_returned
https://openalex.org/W6641436757,not_returned
https://openalex.org/W6703561303,not_returned
https://openalex.org/W6752002488,not_returned
https://openalex.org/W6775109825,not_returned
https://openalex.org/W6781777209,not_returned
https://openalex.org/W6795293533,not_returned
https://openalex.org/W6852055380,not_returned
https://openalex.org/W6852382301,not_returned
https://openalex.org/W6865252988,not_returned
https://openalex.org/W6892924563,not_returned
https://openalex.org/W6912157125,not_returned
https://openalex.org/W6929732878,not_returned
https://openalex.org/W2168175751,not_returned
https://openalex.org/W2963331341,not_returned
https://openalex.org/W2963672022,not_returned
https://openalex.org/W3098028122,not_returned
https://openalex.org/W3098129780,not_returned
https://openalex.org/W3098141372,not_returned
https://openalex.org/W3098522453,not_returned
https://openalex.org/W3099949614,not_returned
https://openalex.org/W3101652512,not_returned
https://openalex.org/W3101743353,not_returned
https://openalex.org/W3102014803,not_returned
https://openalex.org/W3102062140,not_returned
https://openalex.org/W3102170236,not_returned
https://openalex.org/W3103089261,not_returned
https://openalex.org/W3103352887,not_returned
https://openalex.org/W3104756319,not_returned
https://openalex.org/W3104838783,not_returned
https://openalex.org/W3104876737,not_returned
https://openalex.org/W3105621763,not_returned
https://openalex.org/W3105780121,not_returned
https://openalex.org/W3106313144,not_returned
https://openalex.org/W4296908160,not_returned
https://openalex.org/W6929489962,not_returned
https://openalex.org/W7033219650,not_returned
https://openalex.org/W3094140884,not_returned
https://openalex.org/W3100446834,not_returned
https://openalex.org/W3101487221,not_returned
https://openalex.org/W3102014803,not_returned
https://openalex.org/W3210537603,not_returned
https://openalex.org/W4220746799,not_returned
https://openalex.org/W4309811201,not_returned
https://openalex.org/W6628935708,not_returned
https://openalex.org/W6732436008,not_returned
https://openalex.org/W6958658085,not_returned
https://openalex.org/W6967185597,not_returned
https://openalex.org/W2489943351,not_returned
https://openalex.org/W2581410541,not_returned
https://openalex.org/W6885042478,not_returned
https://openalex.org/W6941511949,not_returned
https://openalex.org/W6978727664,not_returned
https://openalex.org/W2963961878,not_returned
https://openalex.org/W3121694563,not_returned
https://openalex.org/W3100151304,not_returned
https://openalex.org/W3100459592,not_returned
https://openalex.org/W3101045633,not_returned
https://openalex.org/W3101066050,not_returned
https://openalex.org/W3101275566,not_returned
https://openalex.org/W3103016698,not_returned
https://openalex.org/W3104447768,not_returned
https://openalex.org/W3105326287,not_returned
https://openalex.org/W3105791522,not_returned
https://openalex.org/W3122429059,not_returned
https://openalex.org/W3122935102,not_returned
https://openalex.org/W3124569357,not_returned
https://openalex.org/W6604868903,not_returned
https://openalex.org/W6645677116,not_returned
https://openalex.org/W6651187412,not_returned
https://openalex.org/W6756079966,not_returned
https://openalex.org/W6779177839,not_returned
https://openalex.org/W3104092411,not_returned
https://openalex.org/W4205727239,not_returned
https://openalex.org/W6658454842,not_returned
https://openalex.org/W6668174259,not_returned
https://openalex.org/W6676789643,not_returned
https://openalex.org/W6722431310,not_returned
https://openalex.org/W6737255158,not_returned
https://openalex.org/W6772642971,not_returned
https://openalex.org/W6781468984,not_returned
https://openalex.org/W6839021001,not_returned
https://openalex.org/W6847427779,not_returned
https://openalex.org/W6860896602,not_returned
https://openalex.org/W3076446032,not_returned
https://openalex.org/W3099814042,not_returned
https://openalex.org/W3104911383,not_returned
https://openalex.org/W3215189887,not_returned
https://openalex.org/W6677526901,not_returned
https://openalex.org/W6728824047,not_returned
https://openalex.org/W6775600713,not_returned
https://openalex.org/W6790168933,not_returned
https://openalex.org/W3085414636,not_returned
https://openalex.org/W3098036234,not_returned
https://openalex.org/W3098287727,not_returned
https://openalex.org/W3098658769,not_returned
https://openalex.org/W3098927334,not_returned
https://openalex.org/W3099001828,not_returned
https://openalex.org/W3099155289,not_returned
https://openalex.org/W3099381095,not_returned
https://openalex.org/W3099924405,not_returned
https://openalex.org/W3100020949,not_returned
https://openalex.org/W3101532544,not_returned
https://openalex.org/W3101562956,not_returned
https://openalex.org/W3101638213,not_returned
https://openalex.org/W3101803647,not_returned
https://openalex.org/W3101806867,not_returned
https://openalex.org/W3102180213,not_returned
https://openalex.org/W3103751369,not_returned
https://openalex.org/W3103784175,not_returned
https://openalex.org/W3169612023,not_returned
https://openalex.org/W3212492787,not_returned
https://openalex.org/W4281488345,not_returned
https://openalex.org/W4288066241,not_returned
https://openalex.org/W6604466141,not_returned
https://openalex.org/W6686416598,not_returned
https://openalex.org/W6713190512,not_returned
https://openalex.org/W6729704214,not_returned
https://openalex.org/W6748583784,not_returned
https://openalex.org/W6838836018,not_returned
https://openalex.org/W6852738318,not_returned
https://openalex.org/W6874415355,not_returned
https://openalex.org/W7074249229,not_returned
https://openalex.org/W6675250926,not_returned
https://openalex.org/W3125756628,not_returned
https://openalex.org/W7075702701,not_returned
https://openalex.org/W6756355271,not_returned
https://openalex.org/W6966843916,not_returned
https://openalex.org/W6727006013,not_returned
https://openalex.org/W6728528714,not_returned
https://openalex.org/W6750472349,not_returned
https://openalex.org/W6767108502,not_returned
https://openalex.org/W6787815814,not_returned
https://openalex.org/W6788601793,not_returned
https://openalex.org/W6807868008,not_returned
https://openalex.org/W6850501782,not_returned
https://openalex.org/W6866694055,not_returned
https://openalex.org/W3196750219,not_returned
https://openalex.org/W4226133078,not_returned
https://openalex.org/W6959615417,not_returned
https://openalex.org/W3174181645,not_returned
https://openalex.org/W6730586786,not_returned
https://openalex.org/W6775951366,not_returned
https://openalex.org/W6783942731,not_returned
https://openalex.org/W6788604885,not_returned
https://openalex.org/W6834555572,not_returned
https://openalex.org/W6853410410,not_returned
https://openalex.org/W6855850121,not_returned
https://openalex.org/W6869592312,not_returned
https://openalex.org/W6904887497,not_returned
https://openalex.org/W6927683032,not_returned
https://openalex.org/W6948646126,not_returned
https://openalex.org/W6787169647,not_returned
https://openalex.org/W6838505422,not_returned
https://openalex.org/W6856439274,not_returned
https://openalex.org/W4297845596,not_returned
https://openalex.org/W6764752636,not_returned
https://openalex.org/W6851865888,not_returned
https://openalex.org/W2147654116,not_returned
https://openalex.org/W6685452652,not_returned
https://openalex.org/W6718877348,not_returned
https://openalex.org/W6727407126,not_returned
https://openalex.org/W6779353225,not_returned
https://openalex.org/W6860828923,not_returned
https://openalex.org/W6884921910,not_returned
https://openalex.org/W7077083702,not_returned
https://openalex.org/W3098004802,not_returned
https://openalex.org/W3098624753,not_returned
https://openalex.org/W3099145206,not_returned
https://openalex.org/W3099971574,not_returned
https://openalex.org/W3100265020,not_returned
https://openalex.org/W3101309552,not_returned
https://openalex.org/W3101582224,not_returned
https://openalex.org/W3101628630,not_returned
https://openalex.org/W3102188709,not_returned
https://openalex.org/W3102230680,not_returned
https://openalex.org/W3103505205,not_returned
https://openalex.org/W3103724635,not_returned
https://openalex.org/W3104413241,not_returned
https://openalex.org/W3104725831,not_returned
https://openalex.org/W3150635270,not_returned
https://openalex.org/W3216958823,not_returned
https://openalex.org/W6893090368,not_returned
https://openalex.org/W6911080206,not_returned
https://openalex.org/W6911888594,not_returned
https://openalex.org/W6912920546,not_returned
https://openalex.org/W6930697026,not_returned
https://openalex.org/W6931023328,not_returned
https://openalex.org/W6931886452,not_returned
https://openalex.org/W6950226148,not_returned
https://openalex.org/W6969289519,not_returned
https://openalex.org/W2963273354,not_returned
https://openalex.org/W2963726844,not_returned
https://openalex.org/W3006267693,not_returned
https://openalex.org/W3008305104,not_returned
https://openalex.org/W3098393952,not_returned
https://openalex.org/W3099157298,not_returned
https://openalex.org/W3099403791,not_returned
https://openalex.org/W3099646664,not_returned
https://openalex.org/W3099855863,not_returned
https://openalex.org/W3099985703,not_returned
https://openalex.org/W3100399825,not_returned
https://openalex.org/W3100539327,not_returned
https://openalex.org/W3100599822,not_returned
https://openalex.org/W3100721022,not_returned
https://openalex.org/W3100729127,not_returned
https://openalex.org/W3100874593,not_returned
https://openalex.org/W3101951239,not_returned
https://openalex.org/W3102394815,not_returned
https://openalex.org/W3102697653,not_returned
https://openalex.org/W3103008777,not_returned
https://openalex.org/W3103179386,not_returned
https://openalex.org/W3103276181,not_returned
https://openalex.org/W3103347192,not_returned
https://openalex.org/W3103868203,not_returned
https://openalex.org/W3103895524,not_returned
https://openalex.org/W3105326287,not_returned
https://openalex.org/W3105390848,not_returned
https://openalex.org/W3105467507,not_returned
https://openalex.org/W3105581894,not_returned
https://openalex.org/W3105669789,not_returned
https://openalex.org/W3122834883,not_returned
https://openalex.org/W3123550779,not_returned
https://openalex.org/W3128533956,not_returned
https://openalex.org/W3158680365,not_returned
https://openalex.org/W3165154489,not_returned
https://openalex.org/W3174865733,not_returned
https://openalex.org/W6888044765,not_returned
https://openalex.org/W6893428111,not_returned
https://openalex.org/W6927160241,not_returned
https://openalex.org/W2990158149,not_returned
https://openalex.org/W2998818386,not_returned
https://openalex.org/W3012139786,not_returned
https://openalex.org/W3097980245,not_returned
https://openalex.org/W3098141162,not_returned
https://openalex.org/W3099718057,not_returned
https://openalex.org/W3099845716,not_returned
https://openalex.org/W3099950419,not_returned
https://openalex.org/W3100362100,not_returned
https://openalex.org/W3100399825,not_returned
https://openalex.org/W3100496572,not_returned
https://openalex.org/W3101154745,not_returned
https://openalex.org/W3101607372,not_returned
https://openalex.org/W3101885170,not_returned
https://openalex.org/W3102146971,not_returned
https://openalex.org/W3102604478,not_returned
https://openalex.org/W3102751458,not_returned
https://openalex.org/W3103203348,not_returned
https://openalex.org/W3103347579,not_returned
https://openalex.org/W3103652501,not_returned
https://openalex.org/W3103742319,not_returned
https://openalex.org/W3104022125,not_returned
https://openalex.org/W3104111602,not_returned
https://openalex.org/W3104205737,not_returned
https://openalex.org/W3104946937,not_returned
https://openalex.org/W3105279876,not_returned
https://openalex.org/W3105326287,not_returned
https://openalex.org/W3105604147,not_returned
https://openalex.org/W3105637908,not_returned
https://openalex.org/W3106265149,not_returned
https://openalex.org/W3106280421,not_returned
https://openalex.org/W3106294868,not_returned
https://openalex.org/W3121939592,not_returned
https://openalex.org/W3122558658,not_returned
https://openalex.org/W3123753455,not_returned
https://openalex.org/W3124757401,not_returned
https://openalex.org/W3162391800,not_returned
https://openalex.org/W3201340355,not_returned
https://openalex.org/W2481427767,not_returned
https://openalex.org/W3015938454,not_returned
https://openalex.org/W3136027957,not_returned
https://openalex.org/W4311036052,not_returned
https://openalex.org/W3200173618,not_returned
https://openalex.org/W4285500581,not_returned
https://openalex.org/W6893111052,not_returned
https://openalex.org/W4386774370,not_returned
https://openalex.org/W6929532838,not_returned
https://openalex.org/W3100526457,not_returned
https://openalex.org/W3101922683,not_returned
https://openalex.org/W3102230680,not_returned
https://openalex.org/W3102527483,not_returned
https://openalex.org/W3102985652,not_returned
https://openalex.org/W3104101901,not_returned
https://openalex.org/W3104343793,not_returned
https://openalex.org/W3105475698,not_returned
https://openalex.org/W3125739623,not_returned
https://openalex.org/W3216073851,not_returned
https://openalex.org/W4205408608,not_returned
https://openalex.org/W6912720784,not_returned
https://openalex.org/W6931625734,not_returned
https://openalex.org/W2569927301,not_returned
https://openalex.org/W3037776276,not_returned
https://openalex.org/W3095806787,not_returned
https://openalex.org/W3099686491,not_returned
https://openalex.org/W3099995946,not_returned
https://openalex.org/W3100075959,not_returned
https://openalex.org/W3101104355,not_returned
https://openalex.org/W3101744697,not_returned
https://openalex.org/W3101885592,not_returned
https://openalex.org/W3102948350,not_returned
https://openalex.org/W3103393858,not_returned
https://openalex.org/W3103617135,not_returned
https://openalex.org/W3104020213,not_returned
https://openalex.org/W3104369993,not_returned
https://openalex.org/W3104646854,not_returned
https://openalex.org/W3104950262,not_returned
https://openalex.org/W3105775094,not_returned
https://openalex.org/W3106410864,not_returned
https://openalex.org/W3106451083,not_returned
https://openalex.org/W3110186999,not_returned
https://openalex.org/W3124573283,not_returned
https://openalex.org/W3156477879,not_returned
https://openalex.org/W3158300408,not_returned
https://openalex.org/W3182385337,not_returned
https://openalex.org/W3211425415,not_returned
https://openalex.org/W4221030470,not_returned
https://openalex.org/W4226059070,not_returned
https://openalex.org/W4226281708,not_returned
https://openalex.org/W4294045125,not_returned
https://openalex.org/W6679495063,not_returned
https://openalex.org/W6686851420,not_returned
https://openalex.org/W6704005888,not_returned
https://openalex.org/W6719400852,not_returned
https://openalex.org/W6733784063,not_returned
https://openalex.org/W6741140902,not_returned
https://openalex.org/W6746729598,not_returned
https://openalex.org/W6751965489,not_returned
https://openalex.org/W6757022421,not_returned
https://openalex.org/W6760969373,not_returned
https://openalex.org/W6761074540,not_returned
https://openalex.org/W6795902080,not_returned
https://openalex.org/W6800859578,not_returned
https://openalex.org/W6842211668,not_returned
https://openalex.org/W6847915552,not_returned
https://openalex.org/W6849239401,not_returned
https://openalex.org/W6853264942,not_returned
https://openalex.org/W6855989061,not_returned
https://openalex.org/W6856594671,not_returned
https://openalex.org/W6857735584,not_returned
https://openalex.org/W6858620934,not_returned
https://openalex.org/W6865939320,not_returned
https://openalex.org/W6869518305,not_returned
https://openalex.org/W6870554657,not_returned
https://openalex.org/W2895052507,not_returned
https://openalex.org/W3102109685,not_returned
https://openalex.org/W3103683500,not_returned
https://openalex.org/W3105681593,not_returned
https://openalex.org/W6665683380,not_returned
https://openalex.org/W6645528291,not_returned
https://openalex.org/W6738520201,not_returned
https://openalex.org/W6734159912,not_returned
https://openalex.org/W3097224309,not_returned
https://openalex.org/W6676995458,not_returned
https://openalex.org/W6731047670,not_returned
https://openalex.org/W6802875029,not_returned
https://openalex.org/W6727259111,not_returned
https://openalex.org/W6680504677,not_returned
https://openalex.org/W6678042037,not_returned
https://openalex.org/W2899486218,not_returned
https://openalex.org/W6676282233,not_returned
https://openalex.org/W6762240658,not_returned
https://openalex.org/W6858839901,not_returned
https://openalex.org/W6674280636,not_returned
https://openalex.org/W2403211866,not_returned
https://openalex.org/W6740348240,not_returned
https://openalex.org/W6736092963,not_returned
https://openalex.org/W6867618305,not_returned
https://openalex.org/W3124229194,not_returned
https://openalex.org/W4247690662,not_returned
https://openalex.org/W4289761856,not_returned
https://openalex.org/W4297776957,not_returned
https://openalex.org/W6646173405,not_returned
https://openalex.org/W6679608865,not_returned
https://openalex.org/W6753146606,not_returned
https://openalex.org/W6764988152,not_returned
https://openalex.org/W6770530276,not_returned
https://openalex.org/W6637470006,not_returned
https://openalex.org/W7066818843,not_returned
https://openalex.org/W2963007836,not_returned
https://openalex.org/W2970315248,not_returned
https://openalex.org/W3041405621,not_returned
https://openalex.org/W6752051073,not_returned
https://openalex.org/W6755987414,not_returned
https://openalex.org/W6999787859,not_returned
https://openalex.org/W3210030168,not_returned
https://openalex.org/W6708780720,not_returned
https://openalex.org/W6799985770,not_returned
https://openalex.org/W3122301279,not_returned
https://openalex.org/W3098328789,not_returned
https://openalex.org/W3099082564,not_returned
https://openalex.org/W3099821321,not_returned
https://openalex.org/W3101184888,not_returned
https://openalex.org/W3102707845,not_returned
https://openalex.org/W3103012342,not_returned
https://openalex.org/W6687299628,not_returned
https://openalex.org/W6777392205,not_returned
https://openalex.org/W6838847848,not_returned
https://openalex.org/W6839274847,not_returned
https://openalex.org/W6871610458,not_returned
https://openalex.org/W6871739871,not_returned
https://openalex.org/W6906787135,not_returned
https://openalex.org/W3049147365,not_returned
https://openalex.org/W3102899230,not_returned
https://openalex.org/W6790789655,not_returned
https://openalex.org/W6843067820,not_returned
https://openalex.org/W6860876189,not_returned
https://openalex.org/W6674700058,not_returned
https://openalex.org/W6720783236,not_returned
https://openalex.org/W6766398612,not_returned
https://openalex.org/W6703719493,not_returned
https://openalex.org/W6805892489,not_returned
https://openalex.org/W6849353635,not_returned
https://openalex.org/W3122995356,not_returned
https://openalex.org/W3123106756,not_returned
https://openalex.org/W3123310477,not_returned
https://openalex.org/W3123827124,not_returned
https://openalex.org/W3123904113,not_returned
https://openalex.org/W3125303267,not_returned
https://openalex.org/W3214179504,not_returned
https://openalex.org/W6657781296,not_returned
https://openalex.org/W7075267591,not_returned
https://openalex.org/W6809803024,not_returned
https://openalex.org/W2474768601,not_returned
https://openalex.org/W6940183198,not_returned
https://openalex.org/W6945020821,not_returned
https://openalex.org/W2990455438,not_returned
https://openalex.org/W3101340567,not_returned
https://openalex.org/W3101448060,not_returned
https://openalex.org/W3105599224,not_returned
https://openalex.org/W3105794623,not_returned
https://openalex.org/W4225834279,not_returned
https://openalex.org/W4226289766,not_returned
https://openalex.org/W6681380395,not_returned
https://openalex.org/W6786924442,not_returned
https://openalex.org/W6902932655,not_returned
https://openalex.org/W6959565519,not_returned
https://openalex.org/W6601908285,not_returned
https://openalex.org/W6677429067,not_returned
https://openalex.org/W6680067882,not_returned
https://openalex.org/W6780676576,not_returned
https://openalex.org/W6859367703,not_returned
https://openalex.org/W6862910589,not_returned
https://openalex.org/W6877792720,not_returned
https://openalex.org/W4206608624,not_returned
https://openalex.org/W4226407789,not_returned
https://openalex.org/W6674919456,not_returned
https://openalex.org/W6680372832,not_returned
https://openalex.org/W6724371598,not_returned
https://openalex.org/W6742089045,not_returned
https://openalex.org/W6748314971,not_returned
https://openalex.org/W6749493348,not_returned
https://openalex.org/W6776995501,not_returned
https://openalex.org/W6857982262,not_returned
https://openalex.org/W6872837576,not_returned
https://openalex.org/W3123421154,not_returned
https://openalex.org/W6925082150,not_returned
https://openalex.org/W6602845361,not_returned
https://openalex.org/W6628696006,not_returned
https://openalex.org/W6653686374,not_returned
https://openalex.org/W6656611104,not_returned
https://openalex.org/W6669039643,not_returned
https://openalex.org/W6764010985,not_returned
https://openalex.org/W7005119559,not_returned
https://openalex.org/W7082557352,not_returned
https://openalex.org/W4225684865,not_returned
https://openalex.org/W6686422087,not_returned
https://openalex.org/W3213854279,not_returned
https://openalex.org/W4310488178,not_returned
https://openalex.org/W3100968477,not_returned
https://openalex.org/W6796147007,not_returned
https://openalex.org/W6804228674,not_returned
https://openalex.org/W3106370744,not_returned
https://openalex.org/W6698018961,not_returned
https://openalex.org/W6736282669,not_returned
https://openalex.org/W6739901393,not_returned
https://openalex.org/W6770115841,not_returned
https://openalex.org/W6845521757,not_returned
https://openalex.org/W6849157316,not_returned
https://openalex.org/W6853835961,not_returned
https://openalex.org/W3100838408,not_returned
https://openalex.org/W3108673470,not_returned
https://openalex.org/W6850278409,not_returned
https://openalex.org/W3042650475,not_returned
https://openalex.org/W3142011825,not_returned
https://openalex.org/W6629300339,not_returned
https://openalex.org/W6683016637,not_returned
https://openalex.org/W6724608518,not_returned
https://openalex.org/W6767014558,not_returned
https://openalex.org/W6791945490,not_returned
https://openalex.org/W6798430854,not_returned
https://openalex.org/W6855123789,not_returned
https://openalex.org/W6870229158,not_returned
https://openalex.org/W6608259360,not_returned
https://openalex.org/W6638547967,not_returned
https://openalex.org/W6667227694,not_returned
https://openalex.org/W6690423885,not_returned
https://openalex.org/W6841274233,not_returned
https://openalex.org/W2953303320,not_returned
https://openalex.org/W3187822702,not_returned
https://openalex.org/W6712943984,not_returned
https://openalex.org/W2963726844,not_returned
https://openalex.org/W3006267693,not_returned
https://openalex.org/W3098393952,not_returned
https://openalex.org/W3098666822,not_returned
https://openalex.org/W3099201935,not_returned
https://openalex.org/W3099403791,not_returned
https://openalex.org/W3100729127,not_returned
https://openalex.org/W3101255618,not_returned
https://openalex.org/W3101951239,not_returned
https://openalex.org/W3102083771,not_returned
https://openalex.org/W3102394815,not_returned
https://openalex.org/W3102697653,not_returned
https://openalex.org/W3103347192,not_returned
https://openalex.org/W3103868203,not_returned
https://openalex.org/W3104157146,not_returned
https://openalex.org/W3105117504,not_returned
https://openalex.org/W3105326287,not_returned
https://openalex.org/W3106145954,not_returned
https://openalex.org/W3123550779,not_returned
https://openalex.org/W3158680365,not_returned
https://openalex.org/W3206476916,not_returned
https://openalex.org/W6949241563,not_returned
https://openalex.org/W6969259846,not_returned
https://openalex.org/W6731594934,not_returned
https://openalex.org/W6770521287,not_returned
https://openalex.org/W6604225732,not_returned
https://openalex.org/W6606514681,not_returned
https://openalex.org/W6626730527,not_returned
https://openalex.org/W6636022005,not_returned
https://openalex.org/W6640014621,not_returned
https://openalex.org/W6643002594,not_returned
https://openalex.org/W6645781113,not_returned
https://openalex.org/W6654350995,not_returned
https://openalex.org/W6656153742,not_returned
https://openalex.org/W6663497845,not_returned
https://openalex.org/W6665143694,not_returned
https://openalex.org/W6667495398,not_returned
https://openalex.org/W6676278371,not_returned
https://openalex.org/W6678372666,not_returned
https://openalex.org/W6678563850,not_returned
https://openalex.org/W6684100278,not_returned
https://openalex.org/W6686402482,not_returned
https://openalex.org/W6693597728,not_returned
https://openalex.org/W6810003153,not_returned
https://openalex.org/W6810101934,not_returned
https://openalex.org/W6846193111,not_returned
https://openalex.org/W6846603115,not_returned
https://openalex.org/W6857063786,not_returned
https://openalex.org/W6858369701,not_returned
https://openalex.org/W7073703188,not_returned
https://openalex.org/W7073976816,not_returned
https://openalex.org/W7075711411,not_returned
https://openalex.org/W3098900919,not_returned
https://openalex.org/W3101721324,not_returned
https://openalex.org/W3103115670,not_returned
https://openalex.org/W3105067480,not_returned
https://openalex.org/W3105782036,not_returned
https://openalex.org/W6717089929,not_returned
https://openalex.org/W6852488831,not_returned
https://openalex.org/W6857010307,not_returned
https://openalex.org/W6742005993,not_returned
https://openalex.org/W6850852108,not_returned
https://openalex.org/W3155270181,not_returned
https://openalex.org/W6931568877,not_returned
https://openalex.org/W6623238471,not_returned
https://openalex.org/W6772891539,not_returned
https://openalex.org/W4225527215,not_returned
https://openalex.org/W6601380597,not_returned
https://openalex.org/W6637262722,not_returned
https://openalex.org/W6642433988,not_returned
https://openalex.org/W6660088561,not_returned
https://openalex.org/W6721637972,not_returned
https://openalex.org/W6765253163,not_returned
https://openalex.org/W6877185000,not_returned
https://openalex.org/W6656571402,not_returned
https://openalex.org/W6670609187,not_returned
https://openalex.org/W6678588880,not_returned
https://openalex.org/W6735851164,not_returned
https://openalex.org/W6858727918,not_returned
https://openalex.org/W6600387327,not_returned
https://openalex.org/W6633903292,not_returned
https://openalex.org/W6652213803,not_returned
https://openalex.org/W6660763250,not_returned
https://openalex.org/W7074091698,not_returned
https://openalex.org/W6772690492,not_returned
https://openalex.org/W6859468194,not_returned
https://openalex.org/W6868942010,not_returned
https://openalex.org/W3125601827,not_returned
https://openalex.org/W6781384000,not_returned
https://openalex.org/W6902675934,not_returned
https://openalex.org/W6930709533,not_returned
https://openalex.org/W6678557583,not_returned
https://openalex.org/W6751593155,not_returned
https://openalex.org/W6601876111,not_returned
https://openalex.org/W6756843462,not_returned
https://openalex.org/W6973776457,not_returned
https://openalex.org/W3099283580,not_returned
https://openalex.org/W3102686778,not_returned
https://openalex.org/W3103963071,not_returned
https://openalex.org/W3105522349,not_returned
https://openalex.org/W3126726422,not_returned
https://openalex.org/W3127926409,not_returned
https://openalex.org/W4283270874,not_returned
https://openalex.org/W6672947393,not_returned
https://openalex.org/W6680730167,not_returned
https://openalex.org/W6704534662,not_returned
https://openalex.org/W6718924420,not_returned
https://openalex.org/W6755006526,not_returned
https://openalex.org/W6860718752,not_returned
https://openalex.org/W6864795580,not_returned
https://openalex.org/W6872962586,not_returned
https://openalex.org/W2591717879,not_returned
https://openalex.org/W3101685382,not_returned
https://openalex.org/W6759034544,not_returned
https://openalex.org/W6780851085,not_returned
https://openalex.org/W6793721041,not_returned
https://openalex.org/W4226207834,not_returned
https://openalex.org/W6649314975,not_returned
https://openalex.org/W6922222858,not_returned
https://openalex.org/W6940300120,not_returned
https://openalex.org/W6959689860,not_returned
https://openalex.org/W4200330718,not_returned
https://openalex.org/W7073897512,not_returned
https://openalex.org/W4255198601,not_returned
https://openalex.org/W6948369989,not_returned
https://openalex.org/W6958899478,not_returned
https://openalex.org/W6681980127,not_returned
https://openalex.org/W6697662928,not_returned
https://openalex.org/W6698227200,not_returned
https://openalex.org/W6756116591,not_returned
https://openalex.org/W6758662629,not_returned
https://openalex.org/W6767537759,not_returned
https://openalex.org/W6772924804,not_returned
https://openalex.org/W6786358259,not_returned
https://openalex.org/W6788019488,not_returned
https://openalex.org/W6801655602,not_returned
https://openalex.org/W6838831863,not_returned
https://openalex.org/W6846725315,not_returned
https://openalex.org/W6847200676,not_returned
https://openalex.org/W6853250988,not_returned
https://openalex.org/W6859566641,not_returned
https://openalex.org/W6859976467,not_returned
https://openalex.org/W3122787392,not_returned
https://openalex.org/W6756702699,not_returned
https://openalex.org/W6782932397,not_returned
https://openalex.org/W6855388815,not_returned
https://openalex.org/W4206693613,not_returned
https://openalex.org/W4226279552,not_returned
https://openalex.org/W6638942901,not_returned
https://openalex.org/W6775947726,not_returned
https://openalex.org/W6805598620,not_returned
https://openalex.org/W6842309492,not_returned
https://openalex.org/W6874319432,not_returned
https://openalex.org/W6874727612,not_returned
https://openalex.org/W6790273918,not_returned
https://openalex.org/W6855291219,not_returned
https://openalex.org/W6628003976,not_returned
https://openalex.org/W6846864670,not_returned
https://openalex.org/W3094140884,not_returned
https://openalex.org/W3100446834,not_returned
https://openalex.org/W3101492470,not_returned
https://openalex.org/W3102190375,not_returned
https://openalex.org/W3103951333,not_returned
https://openalex.org/W3104062568,not_returned
https://openalex.org/W3105123717,not_returned
https://openalex.org/W3210537603,not_returned
https://openalex.org/W4220746799,not_returned
https://openalex.org/W4309811201,not_returned
https://openalex.org/W4379803104,not_returned
https://openalex.org/W7053300141,not_returned
https://openalex.org/W4224237157,not_returned
https://openalex.org/W6749815870,not_returned
https://openalex.org/W6753359513,not_returned
https://openalex.org/W6760194977,not_returned
https://openalex.org/W6807556630,not_returned
https://openalex.org/W6809911816,not_returned
https://openalex.org/W6847420527,not_returned
https://openalex.org/W6848782139,not_returned
https://openalex.org/W6856628737,not_returned
https://openalex.org/W6858726209,not_returned
https://openalex.org/W3104325587,not_returned
https://openalex.org/W4313156423,not_returned
https://openalex.org/W6893151949,not_returned
https://openalex.org/W6931259419,not_returned
https://openalex.org/W6949700597,not_returned
https://openalex.org/W6893739571,not_returned
https://openalex.org/W6927469510,not_returned
https://openalex.org/W6931401541,not_returned
https://openalex.org/W3104597301,not_returned
https://openalex.org/W6839436103,not_returned
https://openalex.org/W6872820523,not_returned
https://openalex.org/W6864923240,not_returned
https://openalex.org/W2016427286,not_returned
https://openalex.org/W4252782584,not_returned
https://openalex.org/W4205431722,not_returned
https://openalex.org/W2963443739,not_returned
https://openalex.org/W3013300152,not_returned
https://openalex.org/W3099019051,not_returned
https://openalex.org/W3105108969,not_returned
https://openalex.org/W6601259178,not_returned
https://openalex.org/W6602533168,not_returned
https://openalex.org/W6605962722,not_returned
https://openalex.org/W6629363720,not_returned
https://openalex.org/W6631864182,not_returned
https://openalex.org/W6637944975,not_returned
https://openalex.org/W6639921916,not_returned
https://openalex.org/W6640528608,not_returned
https://openalex.org/W6652608207,not_returned
https://openalex.org/W6659725684,not_returned
https://openalex.org/W6660265270,not_returned
https://openalex.org/W6663072318,not_returned
https://openalex.org/W6669936455,not_returned
https://openalex.org/W6675450238,not_returned
https://openalex.org/W6676282233,not_returned
https://openalex.org/W6684918952,not_returned
https://openalex.org/W6686174502,not_returned
https://openalex.org/W6690800222,not_returned
https://openalex.org/W6691970922,not_returned
https://openalex.org/W6696865510,not_returned
https://openalex.org/W6721811082,not_returned
https://openalex.org/W6723859388,not_returned
https://openalex.org/W6725170309,not_returned
https://openalex.org/W6727008333,not_returned
https://openalex.org/W6728551560,not_returned
https://openalex.org/W6728799273,not_returned
https://openalex.org/W6732190867,not_returned
https://openalex.org/W6732491195,not_returned
https://openalex.org/W6735278079,not_returned
https://openalex.org/W6741413404,not_returned
https://openalex.org/W6749679418,not_returned
https://openalex.org/W6750683659,not_returned
https://openalex.org/W6753702027,not_returned
https://openalex.org/W6755276959,not_returned
https://openalex.org/W6755798362,not_returned
https://openalex.org/W6757258184,not_returned
https://openalex.org/W6757727468,not_returned
https://openalex.org/W6769660151,not_returned
https://openalex.org/W6769688922,not_returned
https://openalex.org/W6776190171,not_returned
https://openalex.org/W6777050991,not_returned
https://openalex.org/W6779433032,not_returned
https://openalex.org/W6780902786,not_returned
https://openalex.org/W6781587078,not_returned
https://openalex.org/W6781755087,not_returned
https://openalex.org/W6782462129,not_returned
https://openalex.org/W6783477673,not_returned
https://openalex.org/W6786072735,not_returned
https://openalex.org/W6786981595,not_returned
https://openalex.org/W6795304847,not_returned
https://openalex.org/W6802945920,not_returned
https://openalex.org/W6806824244,not_returned
https://openalex.org/W6815924908,not_returned
https://openalex.org/W6838990150,not_returned
https://openalex.org/W6848180030,not_returned
https://openalex.org/W6966861994,not_returned
https://openalex.org/W7066287458,not_returned
https://openalex.org/W2329383795,not_returned
https://openalex.org/W3168524115,not_returned
https://openalex.org/W4206509408,not_returned
https://openalex.org/W4394672655,not_returned
https://openalex.org/W6911096127,not_returned
https://openalex.org/W6929156731,not_returned
https://openalex.org/W4200549447,not_returned
https://openalex.org/W1201749067,not_returned
https://openalex.org/W6635365469,not_returned
https://openalex.org/W6808457416,not_returned
https://openalex.org/W6861802433,not_returned
https://openalex.org/W6874524403,not_returned
https://openalex.org/W6877692043,not_returned
https://openalex.org/W6881406779,not_returned
https://openalex.org/W6796869787,not_returned
https://openalex.org/W6809132982,not_returned
https://openalex.org/W6861841187,not_returned
https://openalex.org/W6872035987,not_returned
https://openalex.org/W3104131073,not_returned
https://openalex.org/W3035241619,not_returned
https://openalex.org/W3103451716,not_returned
https://openalex.org/W3103990789,not_returned
https://openalex.org/W3104343312,not_returned
https://openalex.org/W3129087662,not_returned
https://openalex.org/W4226204154,not_returned
https://openalex.org/W4205344245,not_returned
https://openalex.org/W6676550427,not_returned
https://openalex.org/W6728861313,not_returned
https://openalex.org/W6744987661,not_returned
https://openalex.org/W6855948027,not_returned
https://openalex.org/W4225398080,not_returned
https://openalex.org/W4229020797,not_returned
https://openalex.org/W6750708546,not_returned
https://openalex.org/W6787027602,not_returned
https://openalex.org/W4226404947,not_returned
https://openalex.org/W4226549539,not_returned
https://openalex.org/W3106931025,not_returned
https://openalex.org/W4206955720,not_returned
https://openalex.org/W6654334633,not_returned
https://openalex.org/W6777651504,not_returned
https://openalex.org/W6703933257,not_returned
https://openalex.org/W6796083649,not_returned
https://openalex.org/W6843798693,not_returned
https://openalex.org/W6872165816,not_returned
https://openalex.org/W2963086505,not_returned
https://openalex.org/W3011266886,not_returned
https://openalex.org/W3092416781,not_returned
https://openalex.org/W3098005870,not_returned
https://openalex.org/W3098254131,not_returned
https://openalex.org/W3098468370,not_returned
https://openalex.org/W3099222792,not_returned
https://openalex.org/W3099223184,not_returned
https://openalex.org/W3099370547,not_returned
https://openalex.org/W3099839645,not_returned
https://openalex.org/W3100418835,not_returned
https://openalex.org/W3100796350,not_returned
https://openalex.org/W3102230680,not_returned
https://openalex.org/W3103179558,not_returned
https://openalex.org/W3103774384,not_returned
https://openalex.org/W3103909928,not_returned
https://openalex.org/W3104096402,not_returned
https://openalex.org/W3105964388,not_returned
https://openalex.org/W3106324574,not_returned
https://openalex.org/W3136640007,not_returned
https://openalex.org/W3160030944,not_returned
https://openalex.org/W3216104123,not_returned
https://openalex.org/W6912091822,not_returned
https://openalex.org/W4220854094,not_returned
https://openalex.org/W4226399911,not_returned
https://openalex.org/W3101780504,not_returned
https://openalex.org/W3153093813,not_returned
https://openalex.org/W4410857062,not_returned
https://openalex.org/W4412279912,not_returned
https://openalex.org/W2995149074,not_returned
https://openalex.org/W3101975351,not_returned
https://openalex.org/W3169855463,not_returned
https://openalex.org/W6929509070,not_returned
https://openalex.org/W6948439787,not_returned
https://openalex.org/W6968574552,not_returned
https://openalex.org/W3098414160,not_returned
https://openalex.org/W3098910613,not_returned
https://openalex.org/W3099837910,not_returned
https://openalex.org/W3100235835,not_returned
https://openalex.org/W3100988723,not_returned
https://openalex.org/W3102014803,not_returned
https://openalex.org/W3102433056,not_returned
https://openalex.org/W3104895428,not_returned
https://openalex.org/W3105529619,not_returned
https://openalex.org/W3106060377,not_returned
https://openalex.org/W3106365729,not_returned
https://openalex.org/W3155597215,not_returned
https://openalex.org/W3205915599,not_returned
https://openalex.org/W4283811057,not_returned
https://openalex.org/W6968317245,not_returned
https://openalex.org/W4200467246,not_returned
https://openalex.org/W2990886775,not_returned
https://openalex.org/W3158122532,not_returned
https://openalex.org/W4206706211,not_returned
https://openalex.org/W3098198264,not_returned
https://openalex.org/W3098899031,not_returned
https://openalex.org/W3099120992,not_returned
https://openalex.org/W3102014803,not_returned
https://openalex.org/W3102310998,not_returned
https://openalex.org/W3105680091,not_returned
https://openalex.org/W3155823158,not_returned
https://openalex.org/W4246450893,not_returned
https://openalex.org/W3014836882,not_returned
https://openalex.org/W3098230044,not_returned
https://openalex.org/W3098268370,not_returned
https://openalex.org/W3099203395,not_returned
https://openalex.org/W3099636643,not_returned
https://openalex.org/W3099825469,not_returned
https://openalex.org/W3101223162,not_returned
https://openalex.org/W3102230680,not_returned
https://openalex.org/W3102330961,not_returned
https://openalex.org/W3104062568,not_returned
https://openalex.org/W3105515215,not_returned
https://openalex.org/W3106298195,not_returned
https://openalex.org/W3121735482,not_returned
https://openalex.org/W3126902867,not_returned
https://openalex.org/W3164685053,not_returned
https://openalex.org/W3199982903,not_returned
https://openalex.org/W6969259846,not_returned
https://openalex.org/W4226289766,not_returned
https://openalex.org/W3099706043,not_returned
https://openalex.org/W4205431722,not_returned
https://openalex.org/W3102411220,not_returned
https://openalex.org/W3121370741,not_returned
https://openalex.org/W4225981824,not_returned
https://openalex.org/W4226000809,not_returned
https://openalex.org/W3128198169,not_returned
https://openalex.org/W4206578228,not_returned
https://openalex.org/W6948010552,not_returned
https://openalex.org/W6948348452,not_returned
https://openalex.org/W4246676547,not_returned
https://openalex.org/W3098137517,not_returned
https://openalex.org/W3099541574,not_returned
https://openalex.org/W3099985703,not_returned
https://openalex.org/W3101683173,not_returned
https://openalex.org/W3101698202,not_returned
https://openalex.org/W3102230680,not_returned
https://openalex.org/W3102394815,not_returned
https://openalex.org/W3102697653,not_returned
https://openalex.org/W3103551254,not_returned
https://openalex.org/W3103700436,not_returned
https://openalex.org/W3106282713,not_returned
https://openalex.org/W3129249077,not_returned
https://openalex.org/W3130979872,not_returned
https://openalex.org/W3181931494,not_returned
https://openalex.org/W3186167859,not_returned
https://openalex.org/W6949402608,not_returned
https://openalex.org/W6911943953,not_returned
https://openalex.org/W6959231413,not_returned
https://openalex.org/W6963601256,not_returned
https://openalex.org/W3122210430,not_returned
https://openalex.org/W7084027883,not_returned
https://openalex.org/W7084031949,not_returned
https://openalex.org/W7084045435,not_returned
https://openalex.org/W7084090334,not_returned
https://openalex.org/W3206476916,not_returned
https://openalex.org/W3198142352,not_returned
https://openalex.org/W4211213832,not_returned
https://openalex.org/W2029312574,not_returned
https://openalex.org/W6910626603,not_returned
https://openalex.org/W4285500581,not_returned
https://openalex.org/W3031514878,not_returned
https://openalex.org/W3081344392,not_returned
https://openalex.org/W3150635270,not_returned
https://openalex.org/W3150807214,not_returned
https://openalex.org/W3203006901,not_returned
https://openalex.org/W4206421359,not_returned
https://openalex.org/W4300986483,not_returned
https://openalex.org/W6910597629,not_returned
https://openalex.org/W6929162313,not_returned
https://openalex.org/W6947944850,not_returned
https://openalex.org/W6948107235,not_returned
https://openalex.org/W4205997382,not_returned
https://openalex.org/W6891934703,not_returned
https://openalex.org/W6948319597,not_returned
https://openalex.org/W7084406267,not_returned
https://openalex.org/W2998006057,not_returned
https://openalex.org/W4233845421,not_returned
https://openalex.org/W3030066800,not_returned
https://openalex.org/W3104784561,not_returned
https://openalex.org/W6727846196,not_returned
https://openalex.org/W6795504678,not_returned
https://openalex.org/W6846306367,not_returned
https://openalex.org/W2096775067,not_returned
https://openalex.org/W2810262932,not_returned
https://openalex.org/W3121765243,not_returned
https://openalex.org/W3122454478,not_returned
https://openalex.org/W3122791851,not_returned
https://openalex.org/W3123221938,not_returned
https://openalex.org/W6619365236,not_returned
https://openalex.org/W6628875939,not_returned
https://openalex.org/W6629447866,not_returned
https://openalex.org/W6633308076,not_returned
https://openalex.org/W6635746560,not_returned
https://openalex.org/W6639008188,not_returned
https://openalex.org/W6639136904,not_returned
https://openalex.org/W6676699210,not_returned
https://openalex.org/W6684513531,not_returned
https://openalex.org/W6747012492,not_returned
https://openalex.org/W6761441650,not_returned
https://openalex.org/W6795030352,not_returned
https://openalex.org/W6634099583,not_returned
https://openalex.org/W2996588666,not_returned
https://openalex.org/W4235819236,not_returned
https://openalex.org/W6765427352,not_returned
https://openalex.org/W6769781268,not_returned
https://openalex.org/W6616761448,not_returned
https://openalex.org/W6638357322,not_returned
https://openalex.org/W6640165533,not_returned
https://openalex.org/W6640615131,not_returned
https://openalex.org/W6656860864,not_returned
https://openalex.org/W6657305302,not_returned
https://openalex.org/W6659054744,not_returned
https://openalex.org/W6666299151,not_returned
https://openalex.org/W6672809881,not_returned
https://openalex.org/W6675341614,not_returned
https://openalex.org/W6676468779,not_returned
https://openalex.org/W6676905660,not_returned
https://openalex.org/W6682086512,not_returned
https://openalex.org/W6683111642,not_returned
https://openalex.org/W6683372096,not_returned
https://openalex.org/W6685184340,not_returned
https://openalex.org/W6704684761,not_returned
https://openalex.org/W6760808233,not_returned
https://openalex.org/W6797317855,not_returned
https://openalex.org/W6830606203,not_returned
https://openalex.org/W6846079334,not_returned
https://openalex.org/W6929658960,not_returned
https://openalex.org/W7055601484,not_returned
https://openalex.org/W2964234453,not_returned
https://openalex.org/W6645542630,not_returned
https://openalex.org/W6889713686,not_returned
https://openalex.org/W6908478831,not_returned
https://openalex.org/W6931568821,not_returned
https://openalex.org/W6945675167,not_returned
https://openalex.org/W6946021856,not_returned
https://openalex.org/W6946138472,not_returned
https://openalex.org/W4226434761,not_returned
https://openalex.org/W6760713620,not_returned
https://openalex.org/W6810015587,not_returned
https://openalex.org/W6852205523,not_returned
https://openalex.org/W6870358144,not_returned
https://openalex.org/W6873924005,not_returned
https://openalex.org/W4239907424,not_returned
https://openalex.org/W4316813652,not_returned
https://openalex.org/W6602858339,not_returned
https://openalex.org/W6784122614,not_returned
https://openalex.org/W7026601232,not_returned
https://openalex.org/W7077285341,not_returned
https://openalex.org/W6783992243,not_returned
https://openalex.org/W7009835370,not_returned
https://openalex.org/W6641448460,not_returned
https://openalex.org/W3122634839,not_returned
https://openalex.org/W6675017870,not_returned
https://openalex.org/W6712203249,not_returned
https://openalex.org/W6756035250,not_returned
https://openalex.org/W6774708317,not_returned
https://openalex.org/W6797723936,not_returned
https://openalex.org/W6845884172,not_returned
https://openalex.org/W6931202801,not_returned
https://openalex.org/W6968008794,not_returned
https://openalex.org/W2054928862,not_returned
https://openalex.org/W3012130375,not_returned
https://openalex.org/W3023313316,not_returned
https://openalex.org/W3094521592,not_returned
https://openalex.org/W3100100285,not_returned
https://openalex.org/W3102310741,not_returned
https://openalex.org/W3104130713,not_returned
https://openalex.org/W3104775199,not_returned
https://openalex.org/W3105717928,not_returned
https://openalex.org/W3155086698,not_returned
https://openalex.org/W3175974293,not_returned
https://openalex.org/W3196724254,not_returned
https://openalex.org/W4212764307,not_returned
https://openalex.org/W6626686562,not_returned
https://openalex.org/W6728170281,not_returned
https://openalex.org/W6779563131,not_returned
https://openalex.org/W6638688853,not_returned
https://openalex.org/W6740501714,not_returned
https://openalex.org/W6798519845,not_returned
https://openalex.org/W3034708212,not_returned
https://openalex.org/W6637298371,not_returned
https://openalex.org/W6642066777,not_returned
https://openalex.org/W6648941729,not_returned
https://openalex.org/W6745306304,not_returned
https://openalex.org/W6752463158,not_returned
https://openalex.org/W7075632306,not_returned
https://openalex.org/W6731522727,not_returned
https://openalex.org/W6758056374,not_returned
https://openalex.org/W7066770585,not_returned
https://openalex.org/W6601110408,not_returned
https://openalex.org/W6893330830,not_returned
https://openalex.org/W4226086612,not_returned
https://openalex.org/W4250543930,not_returned
https://openalex.org/W6603024353,not_returned
https://openalex.org/W6675835627,not_returned
https://openalex.org/W6693440022,not_returned
https://openalex.org/W7062197064,not_returned
https://openalex.org/W6635689332,not_returned
https://openalex.org/W6677413493,not_returned
https://openalex.org/W2531371443,not_returned
https://openalex.org/W6715839553,not_returned
https://openalex.org/W6913164233,not_returned
https://openalex.org/W7021021690,not_returned
https://openalex.org/W3114249691,not_returned
https://openalex.org/W6948981158,not_returned
https://openalex.org/W4225253295,not_returned
https://openalex.org/W6639736994,not_returned
https://openalex.org/W6845685089,not_returned
https://openalex.org/W6633654930,not_returned
https://openalex.org/W6651916603,not_returned
https://openalex.org/W6718169662,not_returned
https://openalex.org/W6832056723,not_returned
https://openalex.org/W6892304993,not_returned
https://openalex.org/W6930215742,not_returned
https://openalex.org/W6930971110,not_returned
https://openalex.org/W6967342698,not_returned
https://openalex.org/W3090328535,not_returned
https://openalex.org/W3101067641,not_returned
https://openalex.org/W4404318889,not_returned
https://openalex.org/W4220980304,not_returned
https://openalex.org/W6783378394,not_returned
https://openalex.org/W6678785685,not_returned
https://openalex.org/W6688228552,not_returned
https://openalex.org/W6771048909,not_returned
https://openalex.org/W6838180143,not_returned
https://openalex.org/W6853166431,not_returned
https://openalex.org/W6860675027,not_returned
https://openalex.org/W6861068515,not_returned
https://openalex.org/W6864635042,not_returned
https://openalex.org/W6873114439,not_returned
https://openalex.org/W6607222442,not_returned
https://openalex.org/W6630949198,not_returned
https://openalex.org/W6631839366,not_returned
https://openalex.org/W6633277746,not_returned
https://openalex.org/W6695948267,not_returned
https://openalex.org/W6959131177,not_returned
https://openalex.org/W2963410151,not_returned
https://openalex.org/W2974819274,not_returned
https://openalex.org/W2979357014,not_returned
https://openalex.org/W3103619372,not_returned
https://openalex.org/W3104664063,not_returned
https://openalex.org/W6630124987,not_returned
https://openalex.org/W6631155369,not_returned
https://openalex.org/W6637594488,not_returned
https://openalex.org/W6637688222,not_returned
https://openalex.org/W6681015208,not_returned
https://openalex.org/W6696942718,not_returned
https://openalex.org/W6726837539,not_returned
https://openalex.org/W6743674107,not_returned
https://openalex.org/W6753907239,not_returned
https://openalex.org/W6753913213,not_returned
https://openalex.org/W6753913816,not_returned
https://openalex.org/W6754840073,not_returned
https://openalex.org/W6764065038,not_returned
https://openalex.org/W6764080030,not_returned
https://openalex.org/W6766204418,not_returned
https://openalex.org/W6766830175,not_returned
https://openalex.org/W6766958283,not_returned
https://openalex.org/W6768128038,not_returned
https://openalex.org/W6776032291,not_returned
https://openalex.org/W6776092528,not_returned
https://openalex.org/W6779448139,not_returned
https://openalex.org/W6779763331,not_returned
https://openalex.org/W6780211247,not_returned
https://openalex.org/W6781817248,not_returned
https://openalex.org/W6782130387,not_returned
https://openalex.org/W6793980422,not_returned
https://openalex.org/W6794636854,not_returned
https://openalex.org/W6851662535,not_returned
https://openalex.org/W6853867249,not_returned
https://openalex.org/W6921300763,not_returned
https://openalex.org/W6921398516,not_returned
https://openalex.org/W7000681503,not_returned
https://openalex.org/W4233854142,not_returned
https://openalex.org/W6887972135,not_returned
https://openalex.org/W6878414523,not_returned
https://openalex.org/W67770540,not_returned
https://openalex.org/W2168175751,not_returned
https://openalex.org/W2963440219,not_returned
https://openalex.org/W3098689885,not_returned
https://openalex.org/W3102014803,not_returned
https://openalex.org/W3104080797,not_returned
https://openalex.org/W3125803688,not_returned
https://openalex.org/W4205300282,not_returned
https://openalex.org/W4210431544,not_returned
https://openalex.org/W4223461040,not_returned
https://openalex.org/W4226031925,not_returned
https://openalex.org/W4229081306,not_returned
https://openalex.org/W4206929266,not_returned
https://openalex.org/W6799543770,not_returned
https://openalex.org/W6808765536,not_returned
https://openalex.org/W6857979883,not_returned
https://openalex.org/W2990158149,not_returned
https://openalex.org/W3027291380,not_returned
https://openalex.org/W3088353768,not_returned
https://openalex.org/W3098178841,not_returned
https://openalex.org/W3098777437,not_returned
https://openalex.org/W3099206969,not_returned
https://openalex.org/W3101539435,not_returned
https://openalex.org/W3101856797,not_returned
https://openalex.org/W3102014803,not_returned
https://openalex.org/W3102019009,not_returned
https://openalex.org/W3102230680,not_returned
https://openalex.org/W3105419162,not_returned
https://openalex.org/W3123767923,not_returned
https://openalex.org/W3134764504,not_returned
https://openalex.org/W3135476067,not_returned
https://openalex.org/W6948937572,not_returned
https://openalex.org/W6658059619,not_returned
https://openalex.org/W6683537961,not_returned
https://openalex.org/W6855833196,not_returned
https://openalex.org/W7073836988,not_returned
https://openalex.org/W6657567922,not_returned
https://openalex.org/W6664692552,not_returned
https://openalex.org/W6680096826,not_returned
https://openalex.org/W6741648540,not_returned
https://openalex.org/W6748752999,not_returned
https://openalex.org/W6758378759,not_returned
https://openalex.org/W6763678577,not_returned
https://openalex.org/W6765767737,not_returned
https://openalex.org/W6768884893,not_returned
https://openalex.org/W6790469908,not_returned
https://openalex.org/W6795599339,not_returned
https://openalex.org/W6857077606,not_returned
https://openalex.org/W3043976373,not_returned
https://openalex.org/W3106194981,not_returned
https://openalex.org/W3120002610,not_returned
https://openalex.org/W6633470387,not_returned
https://openalex.org/W6649611058,not_returned
https://openalex.org/W6679449171,not_returned
https://openalex.org/W6745655192,not_returned
https://openalex.org/W6788468038,not_returned
https://openalex.org/W7073607847,not_returned
https://openalex.org/W3095880909,not_returned
https://openalex.org/W3099099253,not_returned
https://openalex.org/W3099914331,not_returned
https://openalex.org/W3100148037,not_returned
https://openalex.org/W3101114437,not_returned
https://openalex.org/W3103774384,not_returned
https://openalex.org/W3104062568,not_returned
https://openalex.org/W3104661190,not_returned
https://openalex.org/W3106094130,not_returned
https://openalex.org/W3106472045,not_returned
https://openalex.org/W3121735482,not_returned
https://openalex.org/W4396789247,not_returned
https://openalex.org/W6802971344,not_returned
https://openalex.org/W6607769512,not_returned
https://openalex.org/W6676719423,not_returned
https://openalex.org/W6730761315,not_returned
https://openalex.org/W6799103724,not_returned
https://openalex.org/W6810588075,not_returned
https://openalex.org/W6817768722,not_returned
https://openalex.org/W6846291910,not_returned
https://openalex.org/W6847011871,not_returned
https://openalex.org/W6850982522,not_returned
https://openalex.org/W6858947551,not_returned
https://openalex.org/W6866890872,not_returned
https://openalex.org/W6868632003,not_returned
https://openalex.org/W6869736787,not_returned
https://openalex.org/W6875802045,not_returned
https://openalex.org/W3191892016,not_returned
https://openalex.org/W6665168083,not_returned
https://openalex.org/W6714247266,not_returned
https://openalex.org/W6787339923,not_returned
https://openalex.org/W3102907647,not_returned
https://openalex.org/W3124676717,not_returned
https://openalex.org/W3091107597,not_returned
https://openalex.org/W3099064084,not_returned
https://openalex.org/W3100275927,not_returned
https://openalex.org/W3101895079,not_returned
https://openalex.org/W3101918321,not_returned
https://openalex.org/W3103669853,not_returned
https://openalex.org/W3104101897,not_returned
https://openalex.org/W3105765890,not_returned
https://openalex.org/W3206427914,not_returned
https://openalex.org/W6677794776,not_returned
https://openalex.org/W6796344287,not_returned
https://openalex.org/W6894009234,not_returned
https://openalex.org/W6846552921,not_returned
https://openalex.org/W6892440325,not_returned
https://openalex.org/W6739475399,not_returned
https://openalex.org/W6772129204,not_returned
https://openalex.org/W6604961975,not_returned
https://openalex.org/W6665588144,not_returned
https://openalex.org/W6702242372,not_returned
https://openalex.org/W6741255258,not_returned
https://openalex.org/W6744381730,not_returned
https://openalex.org/W6746194803,not_returned
https://openalex.org/W6773456261,not_returned
https://openalex.org/W6781662481,not_returned
https://openalex.org/W6805150493,not_returned
https://openalex.org/W6848624368,not_returned
https://openalex.org/W6864936199,not_returned
https://openalex.org/W6870394453,not_returned
https://openalex.org/W6870714710,not_returned
https://openalex.org/W6872788607,not_returned
https://openalex.org/W6873448172,not_returned
https://openalex.org/W2916493496,not_returned
https://openalex.org/W3098450115,not_returned
https://openalex.org/W3098501954,not_returned
https://openalex.org/W3098745968,not_returned
https://openalex.org/W3099560992,not_returned
https://openalex.org/W3099718057,not_returned
https://openalex.org/W3099845716,not_returned
https://openalex.org/W3100334473,not_returned
https://openalex.org/W3101958158,not_returned
https://openalex.org/W3102995876,not_returned
https://openalex.org/W3104871756,not_returned
https://openalex.org/W3105168888,not_returned
https://openalex.org/W3105461653,not_returned
https://openalex.org/W3105507014,not_returned
https://openalex.org/W3105669789,not_returned
https://openalex.org/W3106265149,not_returned
https://openalex.org/W3106267072,not_returned
https://openalex.org/W3106294868,not_returned
https://openalex.org/W3111858434,not_returned
https://openalex.org/W329150708,not_returned
https://openalex.org/W3095880909,not_returned
https://openalex.org/W3098228214,not_returned
https://openalex.org/W3099027792,not_returned
https://openalex.org/W3099061126,not_returned
https://openalex.org/W3099646067,not_returned
https://openalex.org/W3099814257,not_returned
https://openalex.org/W3099950419,not_returned
https://openalex.org/W3103774384,not_returned
https://openalex.org/W3104123393,not_returned
https://openalex.org/W3104317079,not_returned
https://openalex.org/W3104347956,not_returned
https://openalex.org/W3104642493,not_returned
https://openalex.org/W3105328225,not_returned
https://openalex.org/W3106293547,not_returned
https://openalex.org/W4282830943,not_returned
https://openalex.org/W4207039052,not_returned
https://openalex.org/W6724997690,not_returned
https://openalex.org/W6877326773,not_returned
https://openalex.org/W4226151630,not_returned
https://openalex.org/W6640085741,not_returned
https://openalex.org/W6660723318,not_returned
https://openalex.org/W6671131545,not_returned
https://openalex.org/W6687630271,not_returned
https://openalex.org/W6774880281,not_returned
https://openalex.org/W6802472145,not_returned
https://openalex.org/W6812256887,not_returned
https://openalex.org/W6841192945,not_returned
https://openalex.org/W6855534347,not_returned
https://openalex.org/W4206083211,not_returned
https://openalex.org/W6675280315,not_returned
https://openalex.org/W6772150778,not_returned
https://openalex.org/W2468513419,not_returned
https://openalex.org/W2509068098,not_returned
https://openalex.org/W6648936374,not_returned
https://openalex.org/W6673595368,not_returned
https://openalex.org/W6749521028,not_returned
https://openalex.org/W6784025826,not_returned
https://openalex.org/W6852018418,not_returned
https://openalex.org/W7005780146,not_returned
https://openalex.org/W7074197899,not_returned
https://openalex.org/W3005347330,not_returned
https://openalex.org/W3100515080,not_returned
https://openalex.org/W3101184045,not_returned
https://openalex.org/W3101330367,not_returned
https://openalex.org/W3101549814,not_returned
https://openalex.org/W3101946941,not_returned
https://openalex.org/W3102230680,not_returned
https://openalex.org/W3102403431,not_returned
https://openalex.org/W3102435730,not_returned
https://openalex.org/W3102593273,not_returned
https://openalex.org/W3102891206,not_returned
https://openalex.org/W3103903784,not_returned
https://openalex.org/W3104977741,not_returned
https://openalex.org/W3105480459,not_returned
https://openalex.org/W3105665008,not_returned
https://openalex.org/W3105970088,not_returned
https://openalex.org/W3125529454,not_returned
https://openalex.org/W3125938003,not_returned
https://openalex.org/W3209784467,not_returned
https://openalex.org/W3216796202,not_returned
https://openalex.org/W4289755478,not_returned
https://openalex.org/W2915177913,not_returned
https://openalex.org/W3121452939,not_returned
https://openalex.org/W3121945729,not_returned
https://openalex.org/W3125601827,not_returned
https://openalex.org/W3125823924,not_returned
https://openalex.org/W4234736854,not_returned
https://openalex.org/W6658933747,not_returned
https://openalex.org/W4206137931,not_returned
https://openalex.org/W6633877994,not_returned
https://openalex.org/W6634049888,not_returned
https://openalex.org/W6695471865,not_returned
https://openalex.org/W6703734769,not_returned
https://openalex.org/W6761838921,not_returned
https://openalex.org/W6783618311,not_returned
https://openalex.org/W4225763434,not_returned
https://openalex.org/W4225996335,not_returned
https://openalex.org/W4411392672,not_returned
https://openalex.org/W6943829000,not_returned
https://openalex.org/W4226127128,not_returned
https://openalex.org/W3206054944,not_returned
https://openalex.org/W6892277864,not_returned
https://openalex.org/W6948011267,not_returned
https://openalex.org/W6948094118,not_returned
https://openalex.org/W6948531401,not_returned
https://openalex.org/W6949756342,not_returned
https://openalex.org/W6967053459,not_returned
https://openalex.org/W6967313042,not_returned
https://openalex.org/W3153093813,not_returned
https://openalex.org/W4214577052,not_returned
https://openalex.org/W2962821376,not_returned
https://openalex.org/W3098056872,not_returned
https://openalex.org/W3098223162,not_returned
https://openalex.org/W3101066050,not_returned
https://openalex.org/W3102037558,not_returned
https://openalex.org/W3102126554,not_returned
https://openalex.org/W3102469833,not_returned
https://openalex.org/W3103679148,not_returned
https://openalex.org/W3104206875,not_returned
https://openalex.org/W3105508675,not_returned
https://openalex.org/W3111229082,not_returned
https://openalex.org/W3123033767,not_returned
https://openalex.org/W4401075163,not_returned
https://openalex.org/W4401108948,not_returned
https://openalex.org/W6944161137,not_returned
https://openalex.org/W6944279301,not_returned
https://openalex.org/W7084056498,not_returned
https://openalex.org/W6911943953,not_returned
https://openalex.org/W6932121797,not_returned
https://openalex.org/W2011153686,not_returned
https://openalex.org/W2080269451,not_returned
https://openalex.org/W2923991147,not_returned
https://openalex.org/W4205772111,not_returned
https://openalex.org/W6893281147,not_returned
https://openalex.org/W6931170846,not_returned
https://openalex.org/W3209607152,not_returned
https://openalex.org/W3123188814,not_returned
https://openalex.org/W3123467935,not_returned
https://openalex.org/W3125659467,not_returned
https://openalex.org/W4205807182,not_returned
https://openalex.org/W6894225931,not_returned
https://openalex.org/W6950530440,not_returned
https://openalex.org/W4212984409,not_returned
https://openalex.org/W6893154465,not_returned
https://openalex.org/W6902873929,not_returned
https://openalex.org/W6949191873,not_returned
https://openalex.org/W6958995125,not_returned
https://openalex.org/W6978010699,not_returned
https://openalex.org/W6894021727,not_returned
https://openalex.org/W6950328179,not_returned
https://openalex.org/W6949001534,not_returned
https://openalex.org/W6967823649,not_returned
https://openalex.org/W6969259846,not_returned
https://openalex.org/W3156980858,not_returned
https://openalex.org/W4205673005,not_returned
https://openalex.org/W3186309583,not_returned
https://openalex.org/W7001458475,not_returned
https://openalex.org/W7006451140,not_returned
https://openalex.org/W2564684338,not_returned
https://openalex.org/W6936943727,not_returned
https://openalex.org/W6892602885,not_returned
https://openalex.org/W6749372560,not_returned
https://openalex.org/W6754515791,not_returned
https://openalex.org/W6761887812,not_returned
https://openalex.org/W6809367186,not_returned
https://openalex.org/W6843105624,not_returned
https://openalex.org/W2187485335,not_returned
https://openalex.org/W3122115406,not_returned
https://openalex.org/W3122280770,not_returned
https://openalex.org/W4243632719,not_returned
https://openalex.org/W6631701077,not_returned
https://openalex.org/W6639489496,not_returned
https://openalex.org/W6657630816,not_returned
https://openalex.org/W6680164811,not_returned
https://openalex.org/W6680398790,not_returned
https://openalex.org/W6685505399,not_returned
https://openalex.org/W6734720647,not_returned
https://openalex.org/W6764156849,not_returned
https://openalex.org/W6703014513,not_returned
https://openalex.org/W6731903975,not_returned
https://openalex.org/W6756933852,not_returned
https://openalex.org/W6631434368,not_returned
https://openalex.org/W6680604435,not_returned
https://openalex.org/W6715589368,not_returned
https://openalex.org/W6851939549,not_returned
https://openalex.org/W6733006354,not_returned
https://openalex.org/W6735063654,not_returned
https://openalex.org/W6781552902,not_returned
https://openalex.org/W6791336775,not_returned
https://openalex.org/W6791357731,not_returned
https://openalex.org/W6809064087,not_returned
https://openalex.org/W6931710909,not_returned
https://openalex.org/W6605010721,not_returned
https://openalex.org/W6776615206,not_returned
https://openalex.org/W6786520772,not_returned
https://openalex.org/W4225316123,not_returned
https://openalex.org/W6600599720,not_returned
https://openalex.org/W6667117849,not_returned
https://openalex.org/W6678992998,not_returned
https://openalex.org/W6741199501,not_returned
https://openalex.org/W6771261900,not_returned
https://openalex.org/W6799360195,not_returned
https://openalex.org/W2963461965,not_returned
https://openalex.org/W6638635785,not_returned
https://openalex.org/W2592492119,not_returned
https://openalex.org/W6908593434,not_returned
https://openalex.org/W6602082106,not_returned
https://openalex.org/W6605958539,not_returned
https://openalex.org/W6628247034,not_returned
https://openalex.org/W6634980822,not_returned
https://openalex.org/W6761584813,not_returned
https://openalex.org/W6766312165,not_returned
https://openalex.org/W6776460059,not_returned
https://openalex.org/W6782248475,not_returned
https://openalex.org/W6786585435,not_returned
https://openalex.org/W6840909124,not_returned
https://openalex.org/W6846677960,not_returned
https://openalex.org/W6852878109,not_returned
https://openalex.org/W6604140584,not_returned
https://openalex.org/W6658257126,not_returned
https://openalex.org/W4210478432,not_returned
https://openalex.org/W4221096826,not_returned
https://openalex.org/W4225316123,not_returned
https://openalex.org/W4226064196,not_returned
https://openalex.org/W6747429433,not_returned
https://openalex.org/W7018390341,not_returned
https://openalex.org/W7073980507,not_returned
https://openalex.org/W3188772068,not_returned
https://openalex.org/W6848925652,not_returned
https://openalex.org/W2964012060,not_returned
https://openalex.org/W3101192230,not_returned
https://openalex.org/W3125531654,not_returned
https://openalex.org/W3178349519,not_returned
https://openalex.org/W6676702336,not_returned
https://openalex.org/W6677368378,not_returned
https://openalex.org/W6686039986,not_returned
https://openalex.org/W6766061860,not_returned
https://openalex.org/W6779289742,not_returned
https://openalex.org/W6851899784,not_returned
https://openalex.org/W2034006273,not_returned
https://openalex.org/W2259570704,not_returned
https://openalex.org/W4200524157,not_returned
https://openalex.org/W6638699964,not_returned
https://openalex.org/W2963276581,not_returned
https://openalex.org/W2963467900,not_returned
https://openalex.org/W2963668374,not_returned
https://openalex.org/W2963673569,not_returned
https://openalex.org/W3101999497,not_returned
https://openalex.org/W3110905475,not_returned
https://openalex.org/W3123330587,not_returned
https://openalex.org/W2964215370,not_returned
https://openalex.org/W2995461593,not_returned
https://openalex.org/W3015636173,not_returned
https://openalex.org/W3098844796,not_returned
https://openalex.org/W3099367217,not_returned
https://openalex.org/W3099459948,not_returned
https://openalex.org/W3100360826,not_returned
https://openalex.org/W3101165772,not_returned
https://openalex.org/W3101270484,not_returned
https://openalex.org/W3101297733,not_returned
https://openalex.org/W3101615462,not_returned
https://openalex.org/W3101674645,not_returned
https://openalex.org/W3102461565,not_returned
https://openalex.org/W3102513819,not_returned
https://openalex.org/W3102517459,not_returned
https://openalex.org/W3103577373,not_returned
https://openalex.org/W3104655799,not_returned
https://openalex.org/W3104733387,not_returned
https://openalex.org/W3105042846,not_returned
https://openalex.org/W3105934144,not_returned
https://openalex.org/W3122596489,not_returned
https://openalex.org/W3208715063,not_returned
https://openalex.org/W3214910476,not_returned
https://openalex.org/W4226394147,not_returned
https://openalex.org/W4296206613,not_returned
https://openalex.org/W4297954147,not_returned
https://openalex.org/W6631190155,not_returned
https://openalex.org/W6632345615,not_returned
https://openalex.org/W6636753216,not_returned
https://openalex.org/W6636950177,not_returned
https://openalex.org/W6757817989,not_returned
https://openalex.org/W6760914665,not_returned
https://openalex.org/W6767466367,not_returned
https://openalex.org/W6789886902,not_returned
https://openalex.org/W6799343548,not_returned
https://openalex.org/W6869892758,not_returned
https://openalex.org/W6773553806,not_returned
https://openalex.org/W6802914391,not_returned
https://openalex.org/W3081134029,not_returned
https://openalex.org/W3082986632,not_returned
https://openalex.org/W1975581160,not_returned
https://openalex.org/W6632173588,not_returned
https://openalex.org/W6678404758,not_returned
https://openalex.org/W6750807149,not_returned
https://openalex.org/W6769154580,not_returned
https://openalex.org/W6769207099,not_returned
https://openalex.org/W6779674333,not_returned
https://openalex.org/W6781867785,not_returned
https://openalex.org/W6848500484,not_returned
https://openalex.org/W6862302742,not_returned
https://openalex.org/W6872003020,not_returned
https://openalex.org/W4254431624,not_returned
https://openalex.org/W3159273235,not_returned
https://openalex.org/W6628402763,not_returned
https://openalex.org/W6629510986,not_returned
https://openalex.org/W6750998282,not_returned
https://openalex.org/W6849460961,not_returned
https://openalex.org/W6850365360,not_returned
https://openalex.org/W3123390212,not_returned
https://openalex.org/W3196019877,not_returned
https://openalex.org/W6631435839,not_returned
https://openalex.org/W6682881854,not_returned
https://openalex.org/W6746872401,not_returned
https://openalex.org/W6762038468,not_returned
https://openalex.org/W6800654162,not_returned
https://openalex.org/W6802056937,not_returned
https://openalex.org/W6842922575,not_returned
https://openalex.org/W6846285957,not_returned
https://openalex.org/W4207058938,not_returned
https://openalex.org/W6758004082,not_returned
https://openalex.org/W6856356109,not_returned
https://openalex.org/W6857631559,not_returned
https://openalex.org/W6861641272,not_returned
https://openalex.org/W6911438690,not_returned
https://openalex.org/W6929977959,not_returned
https://openalex.org/W6967134376,not_returned
https://openalex.org/W3098075144,not_returned
https://openalex.org/W3098697389,not_returned
https://openalex.org/W3098995908,not_returned
https://openalex.org/W3099029142,not_returned
https://openalex.org/W3101349089,not_returned
https://openalex.org/W3102014803,not_returned
https://openalex.org/W3102197895,not_returned
https://openalex.org/W3102912417,not_returned
https://openalex.org/W3103012342,not_returned
https://openalex.org/W3103232361,not_returned
https://openalex.org/W3103389402,not_returned
https://openalex.org/W3104387078,not_returned
https://openalex.org/W3105037766,not_returned
https://openalex.org/W3105725265,not_returned
https://openalex.org/W3123839246,not_returned
https://openalex.org/W4289222955,not_returned
https://openalex.org/W4300002067,not_returned
https://openalex.org/W3104374895,not_returned
https://openalex.org/W3105461437,not_returned
https://openalex.org/W6627893819,not_returned
https://openalex.org/W6633117799,not_returned
https://openalex.org/W6646514304,not_returned
https://openalex.org/W6659540150,not_returned
https://openalex.org/W6682240562,not_returned
https://openalex.org/W6792319412,not_returned
https://openalex.org/W6850635342,not_returned
https://openalex.org/W3046016807,not_returned
https://openalex.org/W3098074598,not_returned
https://openalex.org/W3101895079,not_returned
https://openalex.org/W3102791845,not_returned
https://openalex.org/W3105033179,not_returned
https://openalex.org/W3105443897,not_returned
https://openalex.org/W3189123001,not_returned
https://openalex.org/W6796344287,not_returned
https://openalex.org/W6683324117,not_returned
https://openalex.org/W6728131044,not_returned
https://openalex.org/W6799950155,not_returned
https://openalex.org/W6800474545,not_returned
https://openalex.org/W6842740054,not_returned
https://openalex.org/W6859864803,not_returned
https://openalex.org/W6861323860,not_returned
https://openalex.org/W3027203552,not_returned
https://openalex.org/W6624212900,not_returned
https://openalex.org/W6627873784,not_returned
https://openalex.org/W6664572014,not_returned
https://openalex.org/W6786766233,not_returned
https://openalex.org/W6853538062,not_returned
https://openalex.org/W6874835314,not_returned
https://openalex.org/W6697964608,not_returned
https://openalex.org/W6743999143,not_returned
https://openalex.org/W6753419105,not_returned
https://openalex.org/W6755793349,not_returned
https://openalex.org/W6776713260,not_returned
https://openalex.org/W6777312864,not_returned
https://openalex.org/W6846504944,not_returned
https://openalex.org/W6859422325,not_returned
https://openalex.org/W2521714068,not_returned
https://openalex.org/W2978670439,not_returned
https://openalex.org/W3167592944,not_returned
https://openalex.org/W4205410133,not_returned
https://openalex.org/W4302285999,not_returned
https://openalex.org/W6658171403,not_returned
https://openalex.org/W6681290437,not_returned
https://openalex.org/W6691459498,not_returned
https://openalex.org/W6734088323,not_returned
https://openalex.org/W6750615492,not_returned
https://openalex.org/W6764401283,not_returned
https://openalex.org/W6778883912,not_returned
https://openalex.org/W6779247072,not_returned
https://openalex.org/W6789677684,not_returned
https://openalex.org/W6800899058,not_returned
https://openalex.org/W6810081322,not_returned
https://openalex.org/W6851392917,not_returned
https://openalex.org/W6856292171,not_returned
https://openalex.org/W6694675803,not_returned
https://openalex.org/W6806260478,not_returned
https://openalex.org/W6850577348,not_returned
https://openalex.org/W6941446688,not_returned
https://openalex.org/W6650851248,not_returned
https://openalex.org/W6677225042,not_returned
https://openalex.org/W6686007208,not_returned
https://openalex.org/W6722231571,not_returned
https://openalex.org/W6791664318,not_returned
https://openalex.org/W4206948869,not_returned
https://openalex.org/W6838864177,not_returned
https://openalex.org/W6862424269,not_returned
https://openalex.org/W7073718708,not_returned
https://openalex.org/W6606506069,not_returned
https://openalex.org/W6619703406,not_returned
https://openalex.org/W6632621507,not_returned
https://openalex.org/W6663694375,not_returned
https://openalex.org/W6741134380,not_returned
https://openalex.org/W6747229725,not_returned
https://openalex.org/W6749016178,not_returned
https://openalex.org/W6765620812,not_returned
https://openalex.org/W6767610022,not_returned
https://openalex.org/W6768554414,not_returned
https://openalex.org/W6872453391,not_returned
https://openalex.org/W6874318441,not_returned
https://openalex.org/W6749839858,not_returned
https://openalex.org/W6767279611,not_returned
https://openalex.org/W6775865531,not_returned
https://openalex.org/W6805273102,not_returned
https://openalex.org/W6845705797,not_returned
https://openalex.org/W6856287205,not_returned
https://openalex.org/W3100851297,not_returned
https://openalex.org/W3098695305,not_returned
https://openalex.org/W3098781442,not_returned
https://openalex.org/W3099064624,not_returned
https://openalex.org/W3099642213,not_returned
https://openalex.org/W3100933337,not_returned
https://openalex.org/W3102230680,not_returned
https://openalex.org/W3102566418,not_returned
https://openalex.org/W3103212444,not_returned
https://openalex.org/W3104576986,not_returned
https://openalex.org/W3104761382,not_returned
https://openalex.org/W3104812947,not_returned
https://openalex.org/W4205292541,not_returned
https://openalex.org/W4223492523,not_returned
https://openalex.org/W6738808965,not_returned
https://openalex.org/W2319809466,not_returned
https://openalex.org/W3121179966,not_returned
https://openalex.org/W3123291664,not_returned
https://openalex.org/W3124179834,not_returned
https://openalex.org/W3124808095,not_returned
https://openalex.org/W3125711223,not_returned
https://openalex.org/W6605667094,not_returned
https://openalex.org/W6608390208,not_returned
https://openalex.org/W6676144265,not_returned
https://openalex.org/W6684673999,not_returned
https://openalex.org/W3098419921,not_returned
https://openalex.org/W3094633181,not_returned
https://openalex.org/W3104854527,not_returned
https://openalex.org/W4287447628,not_returned
https://openalex.org/W6648819056,not_returned
https://openalex.org/W6804428318,not_returned
https://openalex.org/W6846120466,not_returned
https://openalex.org/W6853954594,not_returned
https://openalex.org/W6871739222,not_returned
https://openalex.org/W3206326321,not_returned
https://openalex.org/W3206604724,not_returned
https://openalex.org/W2963881378,not_returned
https://openalex.org/W6654567322,not_returned
https://openalex.org/W6674120290,not_returned
https://openalex.org/W6731169396,not_returned
https://openalex.org/W6798385142,not_returned
https://openalex.org/W3135156311,not_returned
https://openalex.org/W4206367183,not_returned
https://openalex.org/W4399363707,not_returned
https://openalex.org/W2995477123,not_returned
https://openalex.org/W3082977576,not_returned
https://openalex.org/W3215345048,not_returned
https://openalex.org/W6950441338,not_returned
https://openalex.org/W3080875002,not_returned
https://openalex.org/W3166061836,not_returned
https://openalex.org/W4406293619,not_returned
https://openalex.org/W4412230188,not_returned
https://openalex.org/W4411392672,not_returned
https://openalex.org/W3098945556,not_returned
https://openalex.org/W3099935397,not_returned
https://openalex.org/W3100054990,not_returned
https://openalex.org/W3100072749,not_returned
https://openalex.org/W3100249497,not_returned
https://openalex.org/W3101629667,not_returned
https://openalex.org/W3101705093,not_returned
https://openalex.org/W3102105245,not_returned
https://openalex.org/W3103186144,not_returned
https://openalex.org/W3103909928,not_returned
https://openalex.org/W3104121558,not_returned
https://openalex.org/W3104728800,not_returned
https://openalex.org/W3104863291,not_returned
https://openalex.org/W3104891792,not_returned
https://openalex.org/W3105569157,not_returned
https://openalex.org/W3105849197,not_returned
https://openalex.org/W2997165591,not_returned
https://openalex.org/W1975924406,not_returned
https://openalex.org/W2963037989,not_returned
https://openalex.org/W3096609285,not_returned
https://openalex.org/W3100314869,not_returned
https://openalex.org/W2990419871,not_returned
https://openalex.org/W3098188796,not_returned
https://openalex.org/W3098199846,not_returned
https://openalex.org/W3099423322,not_returned
https://openalex.org/W3099767561,not_returned
https://openalex.org/W3099825469,not_returned
https://openalex.org/W3100543655,not_returned
https://openalex.org/W3100676187,not_returned
https://openalex.org/W3101547664,not_returned
https://openalex.org/W3102230680,not_returned
https://openalex.org/W3102621341,not_returned
https://openalex.org/W3102957361,not_returned
https://openalex.org/W3103177522,not_returned
https://openalex.org/W3103391796,not_returned
https://openalex.org/W3103684545,not_returned
https://openalex.org/W3103995240,not_returned
https://openalex.org/W3104158090,not_returned
https://openalex.org/W3104224396,not_returned
https://openalex.org/W3105044859,not_returned
https://openalex.org/W3105113397,not_returned
https://openalex.org/W3105248591,not_returned
https://openalex.org/W3105372910,not_returned
https://openalex.org/W3105662685,not_returned
https://openalex.org/W3107456026,not_returned
https://openalex.org/W3124228858,not_returned
https://openalex.org/W3214910141,not_returned
https://openalex.org/W3216755110,not_returned
https://openalex.org/W6962956847,not_returned
https://openalex.org/W3098263801,not_returned
https://openalex.org/W3099120992,not_returned
https://openalex.org/W3099371535,not_returned
https://openalex.org/W3102014803,not_returned
https://openalex.org/W3102230680,not_returned
https://openalex.org/W3102310998,not_returned
https://openalex.org/W3102780421,not_returned
https://openalex.org/W3103083170,not_returned
https://openalex.org/W3104655918,not_returned
https://openalex.org/W3204286869,not_returned
https://openalex.org/W6893155516,not_returned
https://openalex.org/W6949801813,not_returned
https://openalex.org/W4220799172,not_returned
https://openalex.org/W4225165539,not_returned
https://openalex.org/W4225331114,not_returned
https://openalex.org/W2963409832,not_returned
https://openalex.org/W4205403320,not_returned
https://openalex.org/W4225657770,not_returned
https://openalex.org/W4226308885,not_returned
https://openalex.org/W6887320558,not_returned
https://openalex.org/W6906083769,not_returned
https://openalex.org/W2995149074,not_returned
https://openalex.org/W2997752956,not_returned
https://openalex.org/W3098004802,not_returned
https://openalex.org/W3098624753,not_returned
https://openalex.org/W3099110054,not_returned
https://openalex.org/W3099201935,not_returned
https://openalex.org/W3099715697,not_returned
https://openalex.org/W3102756447,not_returned
https://openalex.org/W3102967193,not_returned
https://openalex.org/W3105351523,not_returned
https://openalex.org/W4411392672,not_returned
https://openalex.org/W3208216372,not_returned
https://openalex.org/W4292615879,not_returned
https://openalex.org/W6930985991,not_returned
https://openalex.org/W6977943657,not_returned
https://openalex.org/W6902441975,not_returned
https://openalex.org/W6977688580,not_returned
https://openalex.org/W6902627594,not_returned
https://openalex.org/W6921222107,not_returned
https://openalex.org/W4404326749,not_returned
https://openalex.org/W2963493358,not_returned
https://openalex.org/W4280561569,not_returned
https://openalex.org/W4328117601,not_returned
https://openalex.org/W6893943769,not_returned
https://openalex.org/W4247690662,not_returned
https://openalex.org/W2618530766,not_returned
https://openalex.org/W2063019054,not_returned
https://openalex.org/W2147558499,not_returned
https://openalex.org/W3209778476,not_returned
https://openalex.org/W6926563044,not_returned
https://openalex.org/W6964215237,not_returned
https://openalex.org/W6964300402,not_returned
https://openalex.org/W3206476916,not_returned
https://openalex.org/W4229063370,not_returned
https://openalex.org/W2891582397,not_returned
https://openalex.org/W6890016986,not_returned
https://openalex.org/W7126095376,not_returned
https://openalex.org/W2395209901,not_returned
https://openalex.org/W6959008551,not_returned
https://openalex.org/W2963270286,not_returned
https://openalex.org/W3153564771,not_returned
https://openalex.org/W4285405516,not_returned
https://openalex.org/W3160444101,not_returned
https://openalex.org/W6929914996,not_returned
https://openalex.org/W6948968841,not_returned
https://openalex.org/W3204993626,not_returned
https://openalex.org/W6854230099,not_returned
https://openalex.org/W6927363858,not_returned
https://openalex.org/W6620102379,not_returned
https://openalex.org/W6774716140,not_returned
https://openalex.org/W6790273918,not_returned
https://openalex.org/W6845826811,not_returned
https://openalex.org/W6853878741,not_returned
https://openalex.org/W6855291219,not_returned
https://openalex.org/W6631076972,not_returned
https://openalex.org/W4300186795,not_returned
https://openalex.org/W6855525500,not_returned
https://openalex.org/W6871796302,not_returned
https://openalex.org/W6733542692,not_returned
https://openalex.org/W6874917592,not_returned
https://openalex.org/W6626719091,not_returned
https://openalex.org/W6631885117,not_returned
https://openalex.org/W6638075010,not_returned
https://openalex.org/W6702447950,not_returned
https://openalex.org/W6781382080,not_returned
https://openalex.org/W6784399420,not_returned
https://openalex.org/W6794589348,not_returned
https://openalex.org/W6839787589,not_returned
https://openalex.org/W6869240690,not_returned
https://openalex.org/W3035699559,not_returned
https://openalex.org/W2523764128,not_returned
https://openalex.org/W3104870052,not_returned
https://openalex.org/W6889711473,not_returned
https://openalex.org/W6945901872,not_returned
https://openalex.org/W6946419769,not_returned
https://openalex.org/W4213380707,not_returned
https://openalex.org/W2949552903,not_returned
https://openalex.org/W2953003528,not_returned
https://openalex.org/W2983841217,not_returned
https://openalex.org/W2989757660,not_returned
https://openalex.org/W4206578228,not_returned
https://openalex.org/W6968741827,not_returned
https://openalex.org/W2916086000,not_returned
https://openalex.org/W6636975353,not_returned
https://openalex.org/W6675220417,not_returned
https://openalex.org/W6776559368,not_returned
https://openalex.org/W6837316597,not_returned
https://openalex.org/W7052611827,not_returned
https://openalex.org/W3097976443,not_returned
https://openalex.org/W3098461408,not_returned
https://openalex.org/W3098732389,not_returned
https://openalex.org/W3099099553,not_returned
https://openalex.org/W3099737126,not_returned
https://openalex.org/W3099810449,not_returned
https://openalex.org/W3099904069,not_returned
https://openalex.org/W3100161836,not_returned
https://openalex.org/W3101230493,not_returned
https://openalex.org/W3103275749,not_returned
https://openalex.org/W3104606013,not_returned
https://openalex.org/W3104962435,not_returned
https://openalex.org/W3105304592,not_returned
https://openalex.org/W3105751361,not_returned
https://openalex.org/W2119075387,not_returned
https://openalex.org/W2963136743,not_returned
https://openalex.org/W3020063234,not_returned
https://openalex.org/W3086327144,not_returned
https://openalex.org/W3099394907,not_returned
https://openalex.org/W3102015365,not_returned
https://openalex.org/W3103196060,not_returned
https://openalex.org/W3103273795,not_returned
https://openalex.org/W3104323559,not_returned
https://openalex.org/W3105157403,not_returned
https://openalex.org/W1982171491,not_returned
https://openalex.org/W2989323479,not_returned
https://openalex.org/W3086327144,not_returned
https://openalex.org/W3098624753,not_returned
https://openalex.org/W3099179191,not_returned
https://openalex.org/W3100889355,not_returned
https://openalex.org/W3101118949,not_returned
https://openalex.org/W3102230680,not_returned
https://openalex.org/W3102263914,not_returned
https://openalex.org/W3102519773,not_returned
https://openalex.org/W3102570312,not_returned
https://openalex.org/W3103230779,not_returned
https://openalex.org/W3103700436,not_returned
https://openalex.org/W3103730332,not_returned
https://openalex.org/W3104605342,not_returned
https://openalex.org/W3104651836,not_returned
https://openalex.org/W3105177628,not_returned
https://openalex.org/W3106113299,not_returned
https://openalex.org/W3117971871,not_returned
https://openalex.org/W3124902731,not_returned
https://openalex.org/W3195002401,not_returned
https://openalex.org/W2058383040,not_returned
https://openalex.org/W3121642428,not_returned
https://openalex.org/W3123992454,not_returned
https://openalex.org/W3124868206,not_returned
https://openalex.org/W3125005787,not_returned
https://openalex.org/W3125115649,not_returned
https://openalex.org/W3125768928,not_returned
https://openalex.org/W3126008472,not_returned
https://openalex.org/W6747908422,not_returned
https://openalex.org/W3101695706,not_returned
https://openalex.org/W3103354635,not_returned
https://openalex.org/W3104007114,not_returned
https://openalex.org/W6931436195,not_returned
https://openalex.org/W2147340899,not_returned
https://openalex.org/W3122968539,not_returned
https://openalex.org/W3123575923,not_returned
https://openalex.org/W3147395153,not_returned
https://openalex.org/W4229895548,not_returned
https://openalex.org/W6686375973,not_returned
https://openalex.org/W6760645789,not_returned
https://openalex.org/W3127286320,not_returned
https://openalex.org/W4220831084,not_returned
https://openalex.org/W4226291517,not_returned
https://openalex.org/W4255084180,not_returned
https://openalex.org/W6959114022,not_returned
https://openalex.org/W3098476766,not_returned
https://openalex.org/W3098646535,not_returned
https://openalex.org/W3098833426,not_returned
https://openalex.org/W3104244784,not_returned
https://openalex.org/W3106120343,not_returned
https://openalex.org/W3205672264,not_returned
https://openalex.org/W3216488165,not_returned
https://openalex.org/W4321445284,not_returned
https://openalex.org/W3016514942,not_returned
https://openalex.org/W3100440729,not_returned
https://openalex.org/W3100721022,not_returned
https://openalex.org/W3101396030,not_returned
https://openalex.org/W3101507329,not_returned
https://openalex.org/W3102959559,not_returned
https://openalex.org/W3159470450,not_returned
https://openalex.org/W4285390335,not_returned
https://openalex.org/W6770182729,not_returned
https://openalex.org/W6787216395,not_returned
https://openalex.org/W3100561975,not_returned
https://openalex.org/W3101615462,not_returned
https://openalex.org/W3105934144,not_returned
https://openalex.org/W3121369475,not_returned
https://openalex.org/W3136426478,not_returned
https://openalex.org/W6600608050,not_returned
https://openalex.org/W6611101786,not_returned
https://openalex.org/W6646257177,not_returned
https://openalex.org/W6717963955,not_returned
https://openalex.org/W6720861342,not_returned
https://openalex.org/W6777583413,not_returned
https://openalex.org/W6630278152,not_returned
https://openalex.org/W7029298370,not_returned
https://openalex.org/W6818322188,not_returned
https://openalex.org/W6835523461,not_returned
https://openalex.org/W3093289662,not_returned
https://openalex.org/W3099698024,not_returned
https://openalex.org/W3101824347,not_returned
https://openalex.org/W3102014803,not_returned
https://openalex.org/W3102042645,not_returned
https://openalex.org/W3102147996,not_returned
https://openalex.org/W3102211309,not_returned
https://openalex.org/W3102230680,not_returned
https://openalex.org/W3103347192,not_returned
https://openalex.org/W3104524270,not_returned
https://openalex.org/W3104773231,not_returned
https://openalex.org/W3105326287,not_returned
https://openalex.org/W3105460564,not_returned
https://openalex.org/W3105978703,not_returned
https://openalex.org/W3106329279,not_returned
https://openalex.org/W3106477151,not_returned
https://openalex.org/W3123550779,not_returned
https://openalex.org/W3129249077,not_returned
https://openalex.org/W3130979872,not_returned
https://openalex.org/W3171037114,not_returned
https://openalex.org/W3181931494,not_returned
https://openalex.org/W3186167859,not_returned
https://openalex.org/W4205833029,not_returned
https://openalex.org/W4295787460,not_returned
https://openalex.org/W6927473583,not_returned
https://openalex.org/W6949402608,not_returned
https://openalex.org/W6631782555,not_returned
https://openalex.org/W6791339673,not_returned
https://openalex.org/W6887730939,not_returned
https://openalex.org/W4206978045,not_returned
https://openalex.org/W6714329630,not_returned
https://openalex.org/W6979014210,not_returned
https://openalex.org/W6638662646,not_returned
https://openalex.org/W6684228194,not_returned
https://openalex.org/W6690382973,not_returned
https://openalex.org/W6708016958,not_returned
https://openalex.org/W6719004085,not_returned
https://openalex.org/W6745341294,not_returned
https://openalex.org/W6745974874,not_returned
https://openalex.org/W6756695990,not_returned
https://openalex.org/W6759419282,not_returned
https://openalex.org/W6871949537,not_returned
https://openalex.org/W6889502837,not_returned
https://openalex.org/W6911023123,not_returned
https://openalex.org/W6911069044,not_returned
https://openalex.org/W6967012226,not_returned
https://openalex.org/W7047439116,not_returned
https://openalex.org/W6640963894,not_returned
https://openalex.org/W6684238904,not_returned
https://openalex.org/W6753637486,not_returned
https://openalex.org/W6781260219,not_returned
https://openalex.org/W6806796872,not_returned
https://openalex.org/W6870098973,not_returned
https://openalex.org/W4214525606,not_returned
https://openalex.org/W4226151757,not_returned
https://openalex.org/W6643916205,not_returned
https://openalex.org/W6940960086,not_returned
https://openalex.org/W2621454472,not_returned
https://openalex.org/W3044326160,not_returned
https://openalex.org/W4242791010,not_returned
https://openalex.org/W6602815515,not_returned
https://openalex.org/W6604082576,not_returned
https://openalex.org/W6609947664,not_returned
https://openalex.org/W6618760776,not_returned
https://openalex.org/W6620669017,not_returned
https://openalex.org/W6624388797,not_returned
https://openalex.org/W6632903670,not_returned
https://openalex.org/W6633105099,not_returned
https://openalex.org/W6634125902,not_returned
https://openalex.org/W6635780690,not_returned
https://openalex.org/W6639808753,not_returned
https://openalex.org/W6673747660,not_returned
https://openalex.org/W6679005234,not_returned
https://openalex.org/W6679312471,not_returned
https://openalex.org/W6683898505,not_returned
https://openalex.org/W6686740995,not_returned
https://openalex.org/W6693665181,not_returned
https://openalex.org/W6722147250,not_returned
https://openalex.org/W6729892411,not_returned
https://openalex.org/W6734855100,not_returned
https://openalex.org/W6758237545,not_returned
https://openalex.org/W6766690970,not_returned
https://openalex.org/W6777107163,not_returned
https://openalex.org/W6792099474,not_returned
https://openalex.org/W6797414794,not_returned
https://openalex.org/W6807382882,not_returned
https://openalex.org/W2962739339,not_returned
https://openalex.org/W2962770929,not_returned
https://openalex.org/W3100279624,not_returned
https://openalex.org/W3105451204,not_returned
https://openalex.org/W4205991051,not_returned
https://openalex.org/W6631190155,not_returned
https://openalex.org/W6636639775,not_returned
https://openalex.org/W6681603819,not_returned
https://openalex.org/W6755207826,not_returned
https://openalex.org/W6757635932,not_returned
https://openalex.org/W6766673545,not_returned
https://openalex.org/W6769627184,not_returned
https://openalex.org/W6778883912,not_returned
https://openalex.org/W6811245451,not_returned
https://openalex.org/W6847753483,not_returned
https://openalex.org/W6861040085,not_returned
https://openalex.org/W6862144201,not_returned
https://openalex.org/W6921664304,not_returned
https://openalex.org/W6922480057,not_returned
https://openalex.org/W6797317855,not_returned
https://openalex.org/W6600808634,not_returned
https://openalex.org/W6649853394,not_returned
https://openalex.org/W6660705902,not_returned
https://openalex.org/W6746522261,not_returned
https://openalex.org/W6755291559,not_returned
https://openalex.org/W6772590059,not_returned
https://openalex.org/W6797125570,not_returned
https://openalex.org/W6858029265,not_returned
https://openalex.org/W6869945379,not_returned
https://openalex.org/W7016104441,not_returned
https://openalex.org/W2963578645,not_returned
https://openalex.org/W2964321036,not_returned
https://openalex.org/W3169612023,not_returned
https://openalex.org/W3207207478,not_returned
https://openalex.org/W4246450893,not_returned
https://openalex.org/W2343598943,not_returned
https://openalex.org/W6704907283,not_returned
https://openalex.org/W6726113065,not_returned
https://openalex.org/W3046369228,not_returned
https://openalex.org/W4214577052,not_returned
https://openalex.org/W4205978185,not_returned
https://openalex.org/W2963601356,not_returned
https://openalex.org/W2993569621,not_returned
https://openalex.org/W2996584174,not_returned
https://openalex.org/W3018252856,not_returned
https://openalex.org/W3098333541,not_returned
https://openalex.org/W3098913053,not_returned
https://openalex.org/W3099183914,not_returned
https://openalex.org/W3100393621,not_returned
https://openalex.org/W3101453799,not_returned
https://openalex.org/W3102599507,not_returned
https://openalex.org/W3102960746,not_returned
https://openalex.org/W3103271501,not_returned
https://openalex.org/W3103338246,not_returned
https://openalex.org/W3103570591,not_returned
https://openalex.org/W3103921189,not_returned
https://openalex.org/W3104765358,not_returned
https://openalex.org/W3105804180,not_returned
https://openalex.org/W3106162786,not_returned
https://openalex.org/W3107290486,not_returned
https://openalex.org/W3135999179,not_returned
https://openalex.org/W3193724935,not_returned
https://openalex.org/W3207746711,not_returned
https://openalex.org/W4225814437,not_returned
https://openalex.org/W4226045905,not_returned
https://openalex.org/W4288601302,not_returned
https://openalex.org/W6600033991,not_returned
https://openalex.org/W6602189134,not_returned
https://openalex.org/W6604792996,not_returned
https://openalex.org/W6610640258,not_returned
https://openalex.org/W6725704494,not_returned
https://openalex.org/W6819060087,not_returned
https://openalex.org/W3098333541,not_returned
https://openalex.org/W3102149114,not_returned
https://openalex.org/W3104276178,not_returned
https://openalex.org/W3106394101,not_returned
https://openalex.org/W3202046584,not_returned
https://openalex.org/W3207746711,not_returned
https://openalex.org/W4288601302,not_returned
https://openalex.org/W6926398869,not_returned
https://openalex.org/W6635611843,not_returned
https://openalex.org/W6674615406,not_returned
https://openalex.org/W6676790664,not_returned
https://openalex.org/W6765949483,not_returned
https://openalex.org/W6771895494,not_returned
https://openalex.org/W6771990825,not_returned
https://openalex.org/W6809719126,not_returned
https://openalex.org/W4287469587,not_returned
https://openalex.org/W2964234112,not_returned
https://openalex.org/W3042666245,not_returned
https://openalex.org/W3098281601,not_returned
https://openalex.org/W3102375666,not_returned
https://openalex.org/W3103347192,not_returned
https://openalex.org/W3105326287,not_returned
https://openalex.org/W3105426174,not_returned
https://openalex.org/W3107571987,not_returned
https://openalex.org/W4206578228,not_returned
https://openalex.org/W3089585402,not_returned
https://openalex.org/W3098335928,not_returned
https://openalex.org/W3098665567,not_returned
https://openalex.org/W3099071957,not_returned
https://openalex.org/W3099821240,not_returned
https://openalex.org/W3100304147,not_returned
https://openalex.org/W3100841862,not_returned
https://openalex.org/W3102197895,not_returned
https://openalex.org/W3105137809,not_returned
https://openalex.org/W3106189277,not_returned
https://openalex.org/W3119505066,not_returned
https://openalex.org/W3123839246,not_returned
https://openalex.org/W3129100894,not_returned
https://openalex.org/W3151777601,not_returned
https://openalex.org/W4399204505,not_returned
https://openalex.org/W4407024543,not_returned
https://openalex.org/W6912515347,not_returned
https://openalex.org/W6949968229,not_returned
https://openalex.org/W6969259846,not_returned
https://openalex.org/W4214562896,not_returned
https://openalex.org/W4226249669,not_returned
https://openalex.org/W4229335047,not_returned
https://openalex.org/W4213343398,not_returned
https://openalex.org/W6620146519,not_returned
https://openalex.org/W6700093355,not_returned
https://openalex.org/W6760286616,not_returned
https://openalex.org/W6628951583,not_returned
https://openalex.org/W6639106275,not_returned
https://openalex.org/W6768578363,not_returned
https://openalex.org/W6991202689,not_returned
https://openalex.org/W7010548885,not_returned
https://openalex.org/W7043483848,not_returned
https://openalex.org/W6635813232,not_returned
https://openalex.org/W6668035874,not_returned
https://openalex.org/W6674561012,not_returned
https://openalex.org/W6710338850,not_returned
https://openalex.org/W6779640186,not_returned
https://openalex.org/W6810808022,not_returned
https://openalex.org/W6852869653,not_returned
https://openalex.org/W6861401318,not_returned
https://openalex.org/W6623095423,not_returned
https://openalex.org/W6634268339,not_returned
https://openalex.org/W6645888400,not_returned
https://openalex.org/W6655718250,not_returned
https://openalex.org/W6663407374,not_returned
https://openalex.org/W6674651225,not_returned
https://openalex.org/W6683867774,not_returned
https://openalex.org/W6720248638,not_returned
https://openalex.org/W6725200831,not_returned
https://openalex.org/W6725676140,not_returned
https://openalex.org/W6763357862,not_returned
https://openalex.org/W6769108117,not_returned
https://openalex.org/W6854088811,not_returned
https://openalex.org/W6682511174,not_returned
https://openalex.org/W6630342613,not_returned
https://openalex.org/W6674520544,not_returned
https://openalex.org/W6803199227,not_returned
https://openalex.org/W6849551898,not_returned
https://openalex.org/W6854115481,not_returned
https://openalex.org/W6873747597,not_returned
https://openalex.org/W3093222659,not_returned
https://openalex.org/W6802792698,not_returned
https://openalex.org/W6803784104,not_returned
https://openalex.org/W6805297174,not_returned
https://openalex.org/W6846589193,not_returned
https://openalex.org/W6847972881,not_returned
https://openalex.org/W6857475379,not_returned
https://openalex.org/W3135547872,not_returned
https://openalex.org/W3166396011,not_returned
https://openalex.org/W6739901393,not_returned
https://openalex.org/W6747701563,not_returned
https://openalex.org/W6748102297,not_returned
https://openalex.org/W6755207826,not_returned
https://openalex.org/W6778883912,not_returned
https://openalex.org/W6785360750,not_returned
https://openalex.org/W6791353385,not_returned
https://openalex.org/W6796581206,not_returned
https://openalex.org/W6799838802,not_returned
https://openalex.org/W6803426362,not_returned
https://openalex.org/W6809869211,not_returned
https://openalex.org/W6846623492,not_returned
https://openalex.org/W6853256656,not_returned
https://openalex.org/W6854767498,not_returned
https://openalex.org/W6863222142,not_returned
https://openalex.org/W6922029765,not_returned
https://openalex.org/W6940503305,not_returned
https://openalex.org/W6977859828,not_returned
https://openalex.org/W6605202046,not_returned
https://openalex.org/W6726034811,not_returned
https://openalex.org/W6862174673,not_returned
https://openalex.org/W6631119216,not_returned
https://openalex.org/W6690914275,not_returned
https://openalex.org/W6859268278,not_returned
https://openalex.org/W6861392747,not_returned
https://openalex.org/W7073972746,not_returned
https://openalex.org/W6632407797,not_returned
https://openalex.org/W3166396011,not_returned
https://openalex.org/W4206203509,not_returned
https://openalex.org/W6633820887,not_returned
https://openalex.org/W7047100580,not_returned
https://openalex.org/W3098151871,not_returned
https://openalex.org/W3100778303,not_returned
https://openalex.org/W3101308889,not_returned
https://openalex.org/W3101745201,not_returned
https://openalex.org/W3103388674,not_returned
https://openalex.org/W6680087991,not_returned
https://openalex.org/W6759197498,not_returned
https://openalex.org/W6770641979,not_returned
https://openalex.org/W7074234824,not_returned
https://openalex.org/W6839852092,not_returned
https://openalex.org/W6691749749,not_returned
https://openalex.org/W6699907752,not_returned
https://openalex.org/W2988196502,not_returned
https://openalex.org/W3098234613,not_returned
https://openalex.org/W3099560992,not_returned
https://openalex.org/W3099845716,not_returned
https://openalex.org/W3100435956,not_returned
https://openalex.org/W3101135003,not_returned
https://openalex.org/W3102230680,not_returned
https://openalex.org/W3102794237,not_returned
https://openalex.org/W3102995876,not_returned
https://openalex.org/W3103513555,not_returned
https://openalex.org/W3105274712,not_returned
https://openalex.org/W3105669789,not_returned
https://openalex.org/W3105827415,not_returned
https://openalex.org/W3134764504,not_returned
https://openalex.org/W3139120892,not_returned
https://openalex.org/W3166943458,not_returned
https://openalex.org/W4293116248,not_returned
https://openalex.org/W4300002067,not_returned
https://openalex.org/W4399999301,not_returned
https://openalex.org/W4400418136,not_returned
https://openalex.org/W6929337554,not_returned
https://openalex.org/W6948285533,not_returned
https://openalex.org/W2963242637,not_returned
https://openalex.org/W6796801894,not_returned
https://openalex.org/W6804049574,not_returned
https://openalex.org/W6838252289,not_returned
https://openalex.org/W6846041338,not_returned
https://openalex.org/W3100196872,not_returned
https://openalex.org/W3105230272,not_returned
https://openalex.org/W4212904394,not_returned
https://openalex.org/W6912651186,not_returned
https://openalex.org/W6950181800,not_returned
https://openalex.org/W6720519695,not_returned
https://openalex.org/W4211053332,not_returned
https://openalex.org/W4230566859,not_returned
https://openalex.org/W6648524249,not_returned
https://openalex.org/W3100321760,not_returned
https://openalex.org/W3106423178,not_returned
https://openalex.org/W3203776666,not_returned
https://openalex.org/W2493512165,not_returned
https://openalex.org/W2748232066,not_returned
https://openalex.org/W6602570944,not_returned
https://openalex.org/W6622273552,not_returned
https://openalex.org/W6749186474,not_returned
https://openalex.org/W6800856767,not_returned
https://openalex.org/W6850719124,not_returned
https://openalex.org/W6851201975,not_returned
https://openalex.org/W6863364981,not_returned
https://openalex.org/W6870684299,not_returned
https://openalex.org/W3100397801,not_returned
https://openalex.org/W3129458892,not_returned
https://openalex.org/W6637386731,not_returned
https://openalex.org/W6737969781,not_returned
https://openalex.org/W6767362695,not_returned
https://openalex.org/W6801594089,not_returned
https://openalex.org/W6857019423,not_returned
https://openalex.org/W6976961123,not_returned
https://openalex.org/W6872346475,not_returned
https://openalex.org/W3203650021,not_returned
https://openalex.org/W6603334773,not_returned
https://openalex.org/W6758139984,not_returned
https://openalex.org/W6791731508,not_returned
https://openalex.org/W3105008977,not_returned
https://openalex.org/W3106320861,not_returned
https://openalex.org/W4308416679,not_returned
https://openalex.org/W6950536934,not_returned
https://openalex.org/W4205431722,not_returned
https://openalex.org/W4401395475,not_returned
https://openalex.org/W6611323871,not_returned
https://openalex.org/W6611369168,not_returned
https://openalex.org/W6779664539,not_returned
https://openalex.org/W6884649471,not_returned
https://openalex.org/W6903011441,not_returned
https://openalex.org/W6930215742,not_returned
https://openalex.org/W6930863818,not_returned
https://openalex.org/W6967342089,not_returned
https://openalex.org/W2964267015,not_returned
https://openalex.org/W3097982920,not_returned
https://openalex.org/W3099163629,not_returned
https://openalex.org/W3099474760,not_returned
https://openalex.org/W3100055071,not_returned
https://openalex.org/W3100396070,not_returned
https://openalex.org/W3101359430,not_returned
https://openalex.org/W3101826276,not_returned
https://openalex.org/W3102166621,not_returned
https://openalex.org/W3102418355,not_returned
https://openalex.org/W3102489626,not_returned
https://openalex.org/W3103912243,not_returned
https://openalex.org/W3103931498,not_returned
https://openalex.org/W3104150847,not_returned
https://openalex.org/W3104525783,not_returned
https://openalex.org/W3104796711,not_returned
https://openalex.org/W3104981699,not_returned
https://openalex.org/W3105889803,not_returned
https://openalex.org/W3106060835,not_returned
https://openalex.org/W3106503074,not_returned
https://openalex.org/W3114999579,not_returned
https://openalex.org/W3120158193,not_returned
https://openalex.org/W3122776005,not_returned
https://openalex.org/W3124889236,not_returned
https://openalex.org/W3125189817,not_returned
https://openalex.org/W3207055026,not_returned
https://openalex.org/W3211418369,not_returned
https://openalex.org/W6642123400,not_returned
https://openalex.org/W6732671156,not_returned
https://openalex.org/W6747732862,not_returned
https://openalex.org/W6854897814,not_returned
https://openalex.org/W6636646873,not_returned
https://openalex.org/W6913189010,not_returned
https://openalex.org/W6962497208,not_returned
https://openalex.org/W3100125487,not_returned
https://openalex.org/W6603213948,not_returned
https://openalex.org/W6637404440,not_returned
https://openalex.org/W6729907862,not_returned
https://openalex.org/W6813430957,not_returned
https://openalex.org/W6849133220,not_returned
https://openalex.org/W6761600065,not_returned
https://openalex.org/W6857793451,not_returned
https://openalex.org/W4206920501,not_returned
https://openalex.org/W6838658352,not_returned
https://openalex.org/W3118296981,not_returned
https://openalex.org/W4300142063,not_returned
https://openalex.org/W6726700087,not_returned
https://openalex.org/W6735085498,not_returned
https://openalex.org/W6809837936,not_returned
https://openalex.org/W2616245234,not_returned
https://openalex.org/W6605510076,not_returned
https://openalex.org/W6634845189,not_returned
https://openalex.org/W6634863251,not_returned
https://openalex.org/W6661020888,not_returned
https://openalex.org/W6667610414,not_returned
https://openalex.org/W6675393116,not_returned
https://openalex.org/W6676075693,not_returned
https://openalex.org/W6680107046,not_returned
https://openalex.org/W6698078365,not_returned
https://openalex.org/W6719319940,not_returned
https://openalex.org/W6737860538,not_returned
https://openalex.org/W6758860178,not_returned
https://openalex.org/W6765806841,not_returned
https://openalex.org/W6782219318,not_returned
https://openalex.org/W6783418947,not_returned
https://openalex.org/W6790410530,not_returned
https://openalex.org/W6794220712,not_returned
https://openalex.org/W6798455511,not_returned
https://openalex.org/W6807844077,not_returned
https://openalex.org/W6861462635,not_returned
https://openalex.org/W7070708761,not_returned
https://openalex.org/W3098728382,not_returned
https://openalex.org/W6696545173,not_returned
https://openalex.org/W6746401186,not_returned
https://openalex.org/W6774240788,not_returned
https://openalex.org/W6789411542,not_returned
https://openalex.org/W6636592022,not_returned
https://openalex.org/W6637746403,not_returned
https://openalex.org/W6654867349,not_returned
https://openalex.org/W6657295212,not_returned
https://openalex.org/W6728886258,not_returned
https://openalex.org/W6795840214,not_returned
https://openalex.org/W6801930076,not_returned
https://openalex.org/W6859390519,not_returned
https://openalex.org/W6604749353,not_returned
https://openalex.org/W6606737747,not_returned
https://openalex.org/W6607888560,not_returned
https://openalex.org/W6615819571,not_returned
https://openalex.org/W6629577148,not_returned
https://openalex.org/W6681004223,not_returned
https://openalex.org/W6743378456,not_returned
https://openalex.org/W6773108864,not_returned
https://openalex.org/W6838367648,not_returned
https://openalex.org/W3210030168,not_returned
https://openalex.org/W6696390787,not_returned
https://openalex.org/W7053300141,not_returned
https://openalex.org/W2963445059,not_returned
https://openalex.org/W3169785106,not_returned
https://openalex.org/W6757844995,not_returned
https://openalex.org/W6745175338,not_returned
https://openalex.org/W6845772736,not_returned
https://openalex.org/W6769420887,not_returned
https://openalex.org/W6800845206,not_returned
https://openalex.org/W6848374154,not_returned
https://openalex.org/W6735158862,not_returned
https://openalex.org/W6930918104,not_returned
https://openalex.org/W6967313042,not_returned
https://openalex.org/W2618530766,not_returned
https://openalex.org/W2972093541,not_returned
https://openalex.org/W3099490698,not_returned
https://openalex.org/W3100321043,not_returned
https://openalex.org/W3136499730,not_returned
https://openalex.org/W6628973269,not_returned
https://openalex.org/W6631656977,not_returned
https://openalex.org/W6648622850,not_returned
https://openalex.org/W6674914833,not_returned
https://openalex.org/W6677830229,not_returned
https://openalex.org/W6683421513,not_returned
https://openalex.org/W6731892127,not_returned
https://openalex.org/W6734061528,not_returned
https://openalex.org/W6749781174,not_returned
https://openalex.org/W6752402742,not_returned
https://openalex.org/W6760702174,not_returned
https://openalex.org/W6766138514,not_returned
https://openalex.org/W6775960533,not_returned
https://openalex.org/W6785652829,not_returned
https://openalex.org/W6795947249,not_returned
https://openalex.org/W6801944583,not_returned
https://openalex.org/W6863041311,not_returned
https://openalex.org/W6642003410,not_returned
https://openalex.org/W6660557199,not_returned
https://openalex.org/W6692730019,not_returned
https://openalex.org/W6692970472,not_returned
https://openalex.org/W6736053164,not_returned
https://openalex.org/W6783239325,not_returned
https://openalex.org/W6795732349,not_returned
https://openalex.org/W6797516715,not_returned
https://openalex.org/W6839667093,not_returned
https://openalex.org/W4221126929,not_returned
https://openalex.org/W6756115868,not_returned
https://openalex.org/W6848769569,not_returned
https://openalex.org/W4220657196,not_returned
https://openalex.org/W4226024019,not_returned
https://openalex.org/W6766732647,not_returned
https://openalex.org/W4206955720,not_returned
https://openalex.org/W6930702899,not_returned
https://openalex.org/W6606399919,not_returned
https://openalex.org/W6716435115,not_returned
https://openalex.org/W6717406200,not_returned
https://openalex.org/W6775628546,not_returned
https://openalex.org/W6795630251,not_returned
https://openalex.org/W6798088943,not_returned
https://openalex.org/W6874137147,not_returned
https://openalex.org/W6672398059,not_returned
https://openalex.org/W6725590323,not_returned
https://openalex.org/W6753356365,not_returned
https://openalex.org/W6753566239,not_returned
https://openalex.org/W6753775421,not_returned
https://openalex.org/W6754012867,not_returned
https://openalex.org/W6772164097,not_returned
https://openalex.org/W6797755959,not_returned
https://openalex.org/W6801648838,not_returned
https://openalex.org/W6803712295,not_returned
https://openalex.org/W6807559190,not_returned
https://openalex.org/W6810003362,not_returned
https://openalex.org/W6838379282,not_returned
https://openalex.org/W6839006337,not_returned
https://openalex.org/W6843926551,not_returned
https://openalex.org/W6863441864,not_returned
https://openalex.org/W6726873649,not_returned
https://openalex.org/W6852539251,not_returned
https://openalex.org/W6855754815,not_returned
https://openalex.org/W6856558954,not_returned
https://openalex.org/W6858172804,not_returned
https://openalex.org/W2050706463,not_returned
https://openalex.org/W3123428518,not_returned
https://openalex.org/W3124931572,not_returned
https://openalex.org/W3125350889,not_returned
https://openalex.org/W3125370119,not_returned
https://openalex.org/W6769827871,not_returned
https://openalex.org/W6770920010,not_returned
https://openalex.org/W6772049797,not_returned
https://openalex.org/W6778130545,not_returned
https://openalex.org/W6783464764,not_returned
https://openalex.org/W6788185533,not_returned
https://openalex.org/W6801004175,not_returned
https://openalex.org/W6803139564,not_returned
https://openalex.org/W6811007234,not_returned
https://openalex.org/W6848351433,not_returned
https://openalex.org/W6849078695,not_returned
https://openalex.org/W6872542359,not_returned
https://openalex.org/W7039771190,not_returned
https://openalex.org/W6640226764,not_returned
https://openalex.org/W6681889841,not_returned
https://openalex.org/W2963134384,not_returned
https://openalex.org/W3101978253,not_returned
https://openalex.org/W6675354045,not_returned
https://openalex.org/W3037852071,not_returned
https://openalex.org/W3100075319,not_returned
https://openalex.org/W3105403262,not_returned
https://openalex.org/W4288090808,not_returned
https://openalex.org/W6739901393,not_returned
https://openalex.org/W6755625687,not_returned
https://openalex.org/W6766104525,not_returned
https://openalex.org/W6769373814,not_returned
https://openalex.org/W6784333009,not_returned
https://openalex.org/W6786092144,not_returned
https://openalex.org/W6787884496,not_returned
https://openalex.org/W6796851144,not_returned
https://openalex.org/W6810032263,not_returned
https://openalex.org/W6846849159,not_returned
https://openalex.org/W6857012568,not_returned
https://openalex.org/W3122383732,not_returned
https://openalex.org/W4213134349,not_returned
https://openalex.org/W6729466544,not_returned
https://openalex.org/W3102612725,not_returned
https://openalex.org/W3148731922,not_returned
https://openalex.org/W3193047690,not_returned
https://openalex.org/W4387740201,not_returned
https://openalex.org/W6636990282,not_returned
https://openalex.org/W6950118739,not_returned
https://openalex.org/W6969259846,not_returned
https://openalex.org/W3123513235,not_returned
https://openalex.org/W3125647229,not_returned
https://openalex.org/W6601574404,not_returned
https://openalex.org/W6602557400,not_returned
https://openalex.org/W6672219677,not_returned
https://openalex.org/W6674564188,not_returned
https://openalex.org/W6768227554,not_returned
https://openalex.org/W7061811607,not_returned
https://openalex.org/W2949786008,not_returned
https://openalex.org/W6635721427,not_returned
https://openalex.org/W6674966363,not_returned
https://openalex.org/W6693071115,not_returned
https://openalex.org/W6860182112,not_returned
https://openalex.org/W6868580315,not_returned
https://openalex.org/W4287304818,not_returned
https://openalex.org/W3160557377,not_returned
https://openalex.org/W6712344539,not_returned
https://openalex.org/W6837849169,not_returned
https://openalex.org/W6857112184,not_returned
https://openalex.org/W6636182419,not_returned
https://openalex.org/W6684271108,not_returned
https://openalex.org/W6806614979,not_returned
https://openalex.org/W6850038900,not_returned
https://openalex.org/W4213380707,not_returned
https://openalex.org/W6675744176,not_returned
https://openalex.org/W6787815814,not_returned
https://openalex.org/W6855193532,not_returned
https://openalex.org/W6874251750,not_returned
https://openalex.org/W3099749781,not_returned
https://openalex.org/W3099814042,not_returned
https://openalex.org/W3100618065,not_returned
https://openalex.org/W3102072331,not_returned
https://openalex.org/W3102677690,not_returned
https://openalex.org/W3103683500,not_returned
https://openalex.org/W3106079785,not_returned
https://openalex.org/W3122737544,not_returned
https://openalex.org/W3157543524,not_returned
https://openalex.org/W3173378990,not_returned
https://openalex.org/W4391925400,not_returned
https://openalex.org/W2335960302,not_returned
https://openalex.org/W4294227276,not_returned
https://openalex.org/W6655312364,not_returned
https://openalex.org/W6674791947,not_returned
https://openalex.org/W6681208802,not_returned
https://openalex.org/W6703351409,not_returned
https://openalex.org/W6858056188,not_returned
https://openalex.org/W6910921325,not_returned
https://openalex.org/W6929615652,not_returned
https://openalex.org/W6959090029,not_returned
https://openalex.org/W6978368471,not_returned
https://openalex.org/W6893391224,not_returned
https://openalex.org/W6629179880,not_returned
https://openalex.org/W6631871661,not_returned
https://openalex.org/W6639225023,not_returned
https://openalex.org/W6670153909,not_returned
https://openalex.org/W6697559690,not_returned
https://openalex.org/W6746134454,not_returned
https://openalex.org/W6806277871,not_returned
https://openalex.org/W6806436356,not_returned
https://openalex.org/W6811256616,not_returned
https://openalex.org/W4210677842,not_returned
https://openalex.org/W6634788387,not_returned
https://openalex.org/W6639165917,not_returned
https://openalex.org/W6675576870,not_returned
https://openalex.org/W6857815416,not_returned
https://openalex.org/W6871942383,not_returned
https://openalex.org/W3204948217,not_returned
https://openalex.org/W6679384444,not_returned
https://openalex.org/W6802445410,not_returned
https://openalex.org/W4200514056,not_returned
https://openalex.org/W4226462360,not_returned
https://openalex.org/W6607423323,not_returned
https://openalex.org/W6630454353,not_returned
https://openalex.org/W6645558000,not_returned
https://openalex.org/W6712989000,not_returned
https://openalex.org/W6717550576,not_returned
https://openalex.org/W6756033110,not_returned
https://openalex.org/W6763329131,not_returned
https://openalex.org/W6769857610,not_returned
https://openalex.org/W6771580479,not_returned
https://openalex.org/W6774988214,not_returned
https://openalex.org/W6775588962,not_returned
https://openalex.org/W6783904471,not_returned
https://openalex.org/W4226468160,not_returned
https://openalex.org/W3023927942,not_returned
https://openalex.org/W4226333822,not_returned
https://openalex.org/W3095265488,not_returned
https://openalex.org/W3097497661,not_returned
https://openalex.org/W3098624753,not_returned
https://openalex.org/W3099306075,not_returned
https://openalex.org/W3100275684,not_returned
https://openalex.org/W3101294665,not_returned
https://openalex.org/W3102879997,not_returned
https://openalex.org/W3102920022,not_returned
https://openalex.org/W3103179824,not_returned
https://openalex.org/W3103196060,not_returned
https://openalex.org/W3103249977,not_returned
https://openalex.org/W3103620522,not_returned
https://openalex.org/W3105300998,not_returned
https://openalex.org/W3106325157,not_returned
https://openalex.org/W3121502143,not_returned
https://openalex.org/W3123550779,not_returned
https://openalex.org/W6887906437,not_returned
https://openalex.org/W6927425795,not_returned
https://openalex.org/W6930832066,not_returned
https://openalex.org/W7001278995,not_returned
https://openalex.org/W4211171574,not_returned
https://openalex.org/W6681033694,not_returned
https://openalex.org/W6681558419,not_returned
https://openalex.org/W6772187001,not_returned
https://openalex.org/W6777022824,not_returned
https://openalex.org/W6781855604,not_returned
https://openalex.org/W6817194886,not_returned
https://openalex.org/W6912293251,not_returned
https://openalex.org/W3125869283,not_returned
https://openalex.org/W3158099307,not_returned
https://openalex.org/W6892152060,not_returned
https://openalex.org/W6910882494,not_returned
https://openalex.org/W6948303129,not_returned
https://openalex.org/W6949989024,not_returned
https://openalex.org/W6968426719,not_returned
https://openalex.org/W2996822167,not_returned
https://openalex.org/W3100399825,not_returned
https://openalex.org/W3100933337,not_returned
https://openalex.org/W3101701883,not_returned
https://openalex.org/W3101832613,not_returned
https://openalex.org/W3102230680,not_returned
https://openalex.org/W3103306233,not_returned
https://openalex.org/W3103422522,not_returned
https://openalex.org/W3103764472,not_returned
https://openalex.org/W3103997796,not_returned
https://openalex.org/W3105326287,not_returned
https://openalex.org/W3105894686,not_returned
https://openalex.org/W3106145954,not_returned
https://openalex.org/W3125498920,not_returned
https://openalex.org/W3134764504,not_returned
https://openalex.org/W3204739495,not_returned
https://openalex.org/W3215267764,not_returned
https://openalex.org/W6969259846,not_returned
https://openalex.org/W3105448205,not_returned
https://openalex.org/W6925505747,not_returned
https://openalex.org/W6968997455,not_returned
https://openalex.org/W2988196502,not_returned
https://openalex.org/W3204996000,not_returned
https://openalex.org/W4225478621,not_returned
https://openalex.org/W4226022870,not_returned
https://openalex.org/W2162484157,not_returned
https://openalex.org/W4233232147,not_returned
https://openalex.org/W4235994204,not_returned
https://openalex.org/W4213345441,not_returned
https://openalex.org/W3037911070,not_returned
https://openalex.org/W2063211200,not_returned
https://openalex.org/W6642942750,not_returned
https://openalex.org/W6648284483,not_returned
https://openalex.org/W6671283571,not_returned
https://openalex.org/W6679405363,not_returned
https://openalex.org/W6682411966,not_returned
https://openalex.org/W6684407623,not_returned
https://openalex.org/W6738915442,not_returned
https://openalex.org/W6755644797,not_returned
https://openalex.org/W6769117689,not_returned
https://openalex.org/W6786936071,not_returned
https://openalex.org/W6790361836,not_returned
https://openalex.org/W6791295991,not_returned
https://openalex.org/W6803558156,not_returned
https://openalex.org/W6807816016,not_returned
https://openalex.org/W6851088995,not_returned
https://openalex.org/W6856582914,not_returned
https://openalex.org/W6857134799,not_returned
https://openalex.org/W6864509885,not_returned
https://openalex.org/W6871052184,not_returned
https://openalex.org/W7037279098,not_returned
https://openalex.org/W6603426164,not_returned
https://openalex.org/W6688417932,not_returned
https://openalex.org/W6998823786,not_returned
https://openalex.org/W6776604327,not_returned
https://openalex.org/W6810449596,not_returned
https://openalex.org/W6690458705,not_returned
https://openalex.org/W6870675967,not_returned
https://openalex.org/W6893046790,not_returned
https://openalex.org/W2963061006,not_returned
https://openalex.org/W3029680783,not_returned
https://openalex.org/W6726401418,not_returned
https://openalex.org/W6752242407,not_returned
https://openalex.org/W6754529026,not_returned
https://openalex.org/W6755826760,not_returned
https://openalex.org/W6755955628,not_returned
https://openalex.org/W6766672803,not_returned
https://openalex.org/W6770344003,not_returned
https://openalex.org/W6775951742,not_returned
https://openalex.org/W6782203560,not_returned
https://openalex.org/W6796587882,not_returned
https://openalex.org/W6797027906,not_returned
https://openalex.org/W6798428107,not_returned
https://openalex.org/W6807540791,not_returned
https://openalex.org/W6839332992,not_returned
https://openalex.org/W6848093681,not_returned
https://openalex.org/W6869369441,not_returned
https://openalex.org/W6869673681,not_returned
https://openalex.org/W6871594377,not_returned
https://openalex.org/W4252978187,not_returned
https://openalex.org/W6734896607,not_returned
https://openalex.org/W6765142605,not_returned
https://openalex.org/W54161614,not_returned
https://openalex.org/W6758518629,not_returned
https://openalex.org/W7049170297,not_returned
https://openalex.org/W6686383108,not_returned
https://openalex.org/W6767395006,not_returned
https://openalex.org/W6771891521,not_returned
https://openalex.org/W6838871359,not_returned
https://openalex.org/W4231297444,not_returned
https://openalex.org/W6631635472,not_returned
https://openalex.org/W6733572940,not_returned
https://openalex.org/W6788418388,not_returned
https://openalex.org/W6823231283,not_returned
https://openalex.org/W6878153627,not_returned
https://openalex.org/W6628432273,not_returned
https://openalex.org/W6636304191,not_returned
https://openalex.org/W6636956398,not_returned
https://openalex.org/W6639143249,not_returned
https://openalex.org/W6663847398,not_returned
https://openalex.org/W6680036062,not_returned
https://openalex.org/W6798366278,not_returned
https://openalex.org/W6651446823,not_returned
https://openalex.org/W6681083710,not_returned
https://openalex.org/W6827981209,not_returned
https://openalex.org/W3102556478,not_returned
https://openalex.org/W3102743949,not_returned
https://openalex.org/W4310235106,not_returned
https://openalex.org/W6887594683,not_returned
https://openalex.org/W2980812803,not_returned
https://openalex.org/W3008060838,not_returned
https://openalex.org/W3124008668,not_returned
https://openalex.org/W3098414160,not_returned
https://openalex.org/W3099011654,not_returned
https://openalex.org/W3101153088,not_returned
https://openalex.org/W3103024482,not_returned
https://openalex.org/W3103024935,not_returned
https://openalex.org/W3103136948,not_returned
https://openalex.org/W3103737011,not_returned
https://openalex.org/W3104880336,not_returned
https://openalex.org/W3104899118,not_returned
https://openalex.org/W3105327375,not_returned
https://openalex.org/W3105854230,not_returned
https://openalex.org/W3122097406,not_returned
https://openalex.org/W1949822894,not_returned
https://openalex.org/W3123511243,not_returned
https://openalex.org/W6604701785,not_returned
https://openalex.org/W4226264462,not_returned
https://openalex.org/W6684915656,not_returned
https://openalex.org/W6810464133,not_returned
https://openalex.org/W6850401999,not_returned
https://openalex.org/W6862228501,not_returned
https://openalex.org/W6804195814,not_returned
https://openalex.org/W2997522493,not_returned
https://openalex.org/W2184850617,not_returned
https://openalex.org/W6630495442,not_returned
https://openalex.org/W7020993412,not_returned
https://openalex.org/W6848479948,not_returned
https://openalex.org/W6861236379,not_returned
https://openalex.org/W4211089769,not_returned
https://openalex.org/W6759922893,not_returned
https://openalex.org/W2963893013,not_returned
https://openalex.org/W6748289728,not_returned
https://openalex.org/W6810416189,not_returned
https://openalex.org/W6871158339,not_returned
https://openalex.org/W6902831487,not_returned
https://openalex.org/W6902847379,not_returned
https://openalex.org/W6921503720,not_returned
https://openalex.org/W6940818950,not_returned
https://openalex.org/W6977707227,not_returned
https://openalex.org/W6977710918,not_returned
https://openalex.org/W6977725947,not_returned
https://openalex.org/W6977929073,not_returned
https://openalex.org/W6978165601,not_returned
https://openalex.org/W4200509587,not_returned
https://openalex.org/W6632145786,not_returned
https://openalex.org/W6695200583,not_returned
https://openalex.org/W4226119898,not_returned
https://openalex.org/W6705444900,not_returned
https://openalex.org/W6748264049,not_returned
https://openalex.org/W6776624658,not_returned
https://openalex.org/W6780767888,not_returned
https://openalex.org/W6797083428,not_returned
https://openalex.org/W6844054281,not_returned
https://openalex.org/W6845966509,not_returned
https://openalex.org/W6858843746,not_returned
https://openalex.org/W6859332333,not_returned
https://openalex.org/W2740852515,not_returned
https://openalex.org/W4226092400,not_returned
https://openalex.org/W4312638795,not_returned
https://openalex.org/W3047982428,not_returned
https://openalex.org/W6657171569,not_returned
https://openalex.org/W6657917641,not_returned
https://openalex.org/W6698769180,not_returned
https://openalex.org/W7071894293,not_returned
https://openalex.org/W4225394220,not_returned
https://openalex.org/W3103164715,not_returned
https://openalex.org/W6682781151,not_returned
https://openalex.org/W6685661617,not_returned
https://openalex.org/W6743903660,not_returned
https://openalex.org/W6758116706,not_returned
https://openalex.org/W6781939645,not_returned
https://openalex.org/W6793806202,not_returned
https://openalex.org/W6810571093,not_returned
https://openalex.org/W6860412390,not_returned
https://openalex.org/W3100900768,not_returned
https://openalex.org/W2339143384,not_returned
https://openalex.org/W6600312634,not_returned
https://openalex.org/W6630197442,not_returned
https://openalex.org/W6788418388,not_returned
https://openalex.org/W6999459357,not_returned
https://openalex.org/W7019836047,not_returned
https://openalex.org/W7028475025,not_returned
https://openalex.org/W4226034215,not_returned
https://openalex.org/W2035912123,not_returned
https://openalex.org/W3186759802,not_returned
https://openalex.org/W6677000337,not_returned
https://openalex.org/W6798759558,not_returned
https://openalex.org/W6805221319,not_returned
https://openalex.org/W6861543879,not_returned
https://openalex.org/W6723020779,not_returned
https://openalex.org/W6922753385,not_returned
https://openalex.org/W4235387448,not_returned
https://openalex.org/W6729037684,not_returned
https://openalex.org/W2021606406,not_returned
https://openalex.org/W6808190737,not_returned
https://openalex.org/W2962770929,not_returned
https://openalex.org/W3203570626,not_returned
https://openalex.org/W6679045638,not_returned
https://openalex.org/W6687484953,not_returned
https://openalex.org/W6763480078,not_returned
https://openalex.org/W6779823529,not_returned
https://openalex.org/W6786375611,not_returned
https://openalex.org/W6788990321,not_returned
https://openalex.org/W6797770180,not_returned
https://openalex.org/W6838452192,not_returned
https://openalex.org/W6856304189,not_returned
https://openalex.org/W6856762916,not_returned
https://openalex.org/W6858397388,not_returned
https://openalex.org/W6861806496,not_returned
https://openalex.org/W6866982176,not_returned
https://openalex.org/W6871413144,not_returned
https://openalex.org/W6602200832,not_returned
https://openalex.org/W6603536536,not_returned
https://openalex.org/W6634837125,not_returned
https://openalex.org/W6635603557,not_returned
https://openalex.org/W6639357908,not_returned
https://openalex.org/W6691754451,not_returned
https://openalex.org/W6707980493,not_returned
https://openalex.org/W6782787387,not_returned
https://openalex.org/W6782900040,not_returned
https://openalex.org/W6792275937,not_returned
https://openalex.org/W6836143309,not_returned
https://openalex.org/W6848181443,not_returned
https://openalex.org/W6849626898,not_returned
https://openalex.org/W6882039610,not_returned
https://openalex.org/W7019374092,not_returned
https://openalex.org/W7030363544,not_returned
https://openalex.org/W4206901790,not_returned
https://openalex.org/W2478609704,not_returned
https://openalex.org/W6748066836,not_returned
https://openalex.org/W6692892300,not_returned
https://openalex.org/W6735578140,not_returned
https://openalex.org/W6775769140,not_returned
https://openalex.org/W6838680182,not_returned
https://openalex.org/W3008911329,not_returned
https://openalex.org/W3098161776,not_returned
https://openalex.org/W3105332292,not_returned
https://openalex.org/W4287447628,not_returned
https://openalex.org/W4287447766,not_returned
https://openalex.org/W4205586035,not_returned
https://openalex.org/W4226067423,not_returned
https://openalex.org/W4226149068,not_returned
https://openalex.org/W6713137911,not_returned
https://openalex.org/W7047534193,not_returned
https://openalex.org/W2187342266,not_returned
https://openalex.org/W6887800108,not_returned
https://openalex.org/W6968115492,not_returned
https://openalex.org/W6634313778,not_returned
https://openalex.org/W6844789975,not_returned
https://openalex.org/W6862280436,not_returned
https://openalex.org/W6922651702,not_returned
https://openalex.org/W2895052507,not_returned
https://openalex.org/W3098409623,not_returned
https://openalex.org/W3099814042,not_returned
https://openalex.org/W3102611432,not_returned
https://openalex.org/W3103589224,not_returned
https://openalex.org/W3105782036,not_returned
https://openalex.org/W4388083484,not_returned
https://openalex.org/W4401524218,not_returned
https://openalex.org/W6921591221,not_returned
https://openalex.org/W6959615346,not_returned
https://openalex.org/W7052323113,not_returned
https://openalex.org/W6851916024,not_returned
https://openalex.org/W3196323897,not_returned
https://openalex.org/W6783109682,not_returned
https://openalex.org/W6786144977,not_returned
https://openalex.org/W6838847744,not_returned
https://openalex.org/W6846273153,not_returned
https://openalex.org/W2046919791,not_returned
https://openalex.org/W4319590572,not_returned
https://openalex.org/W6944695884,not_returned
https://openalex.org/W6983733670,not_returned
https://openalex.org/W7019710011,not_returned
https://openalex.org/W4388252364,not_returned
https://openalex.org/W6763836461,not_returned
https://openalex.org/W6687270053,not_returned
https://openalex.org/W6871183586,not_returned
https://openalex.org/W6633658626,not_returned
https://openalex.org/W6860872751,not_returned
https://openalex.org/W3098178841,not_returned
https://openalex.org/W3102101065,not_returned
https://openalex.org/W3104395824,not_returned
https://openalex.org/W4226419849,not_returned
https://openalex.org/W6638250199,not_returned
https://openalex.org/W6873040525,not_returned
https://openalex.org/W6875023320,not_returned
https://openalex.org/W3096200669,not_returned
https://openalex.org/W3098149903,not_returned
https://openalex.org/W3098781442,not_returned
https://openalex.org/W3100263819,not_returned
https://openalex.org/W3100485518,not_returned
https://openalex.org/W3100933337,not_returned
https://openalex.org/W3101527251,not_returned
https://openalex.org/W3102135683,not_returned
https://openalex.org/W3102723557,not_returned
https://openalex.org/W3103928104,not_returned
https://openalex.org/W3104238541,not_returned
https://openalex.org/W3106020706,not_returned
https://openalex.org/W3123550779,not_returned
https://openalex.org/W3125853543,not_returned
https://openalex.org/W3157483618,not_returned
https://openalex.org/W3176102553,not_returned
https://openalex.org/W4223492523,not_returned
https://openalex.org/W4400404267,not_returned
https://openalex.org/W4400485948,not_returned
https://openalex.org/W2889949760,not_returned
https://openalex.org/W3121277941,not_returned
https://openalex.org/W3099504601,not_returned
https://openalex.org/W3101147177,not_returned
https://openalex.org/W3101931117,not_returned
https://openalex.org/W3102923994,not_returned
https://openalex.org/W3104547547,not_returned
https://openalex.org/W3105708401,not_returned
https://openalex.org/W3216998264,not_returned
https://openalex.org/W4225296458,not_returned
https://openalex.org/W6642538117,not_returned
https://openalex.org/W6703928601,not_returned
https://openalex.org/W6766809225,not_returned
https://openalex.org/W6843388715,not_returned
https://openalex.org/W6856369567,not_returned
https://openalex.org/W6862684857,not_returned
https://openalex.org/W6866412162,not_returned
https://openalex.org/W6870768152,not_returned
https://openalex.org/W4226524187,not_returned
https://openalex.org/W6679813418,not_returned
https://openalex.org/W6701166322,not_returned
https://openalex.org/W6738165077,not_returned
https://openalex.org/W6849613074,not_returned
https://openalex.org/W3102270033,not_returned
https://openalex.org/W6640601063,not_returned
https://openalex.org/W4206275761,not_returned
https://openalex.org/W6873248933,not_returned
https://openalex.org/W6855994506,not_returned
https://openalex.org/W3099884241,not_returned
https://openalex.org/W3106021851,not_returned
https://openalex.org/W6788760092,not_returned
https://openalex.org/W6802370056,not_returned
https://openalex.org/W6843184738,not_returned
https://openalex.org/W6858292561,not_returned
https://openalex.org/W6861817426,not_returned
https://openalex.org/W6869797167,not_returned
https://openalex.org/W6871147987,not_returned
https://openalex.org/W6877859897,not_returned
https://openalex.org/W3125063174,not_returned
https://openalex.org/W6629090866,not_returned
https://openalex.org/W6768711120,not_returned
https://openalex.org/W3128198169,not_returned
https://openalex.org/W3186309583,not_returned
https://openalex.org/W2553021784,not_returned
https://openalex.org/W3122047221,not_returned
https://openalex.org/W3125893568,not_returned
https://openalex.org/W6729703826,not_returned
https://openalex.org/W6757444745,not_returned
https://openalex.org/W6804879943,not_returned
https://openalex.org/W6848621064,not_returned
https://openalex.org/W3196243846,not_returned
https://openalex.org/W6790177393,not_returned
https://openalex.org/W6874020753,not_returned
https://openalex.org/W3105271077,not_returned
https://openalex.org/W3083891030,not_returned
https://openalex.org/W3104523752,not_returned
https://openalex.org/W6600031136,not_returned
https://openalex.org/W6600339963,not_returned
https://openalex.org/W6725691903,not_returned
https://openalex.org/W6840334356,not_returned
https://openalex.org/W6850707318,not_returned
https://openalex.org/W6603235734,not_returned
https://openalex.org/W6761318589,not_returned
https://openalex.org/W6767689784,not_returned
https://openalex.org/W6802212260,not_returned
https://openalex.org/W3033015215,not_returned
https://openalex.org/W3138819813,not_returned
https://openalex.org/W6888862860,not_returned
https://openalex.org/W6892141466,not_returned
https://openalex.org/W6892142202,not_returned
https://openalex.org/W6892143662,not_returned
https://openalex.org/W6892329213,not_returned
https://openalex.org/W6910799271,not_returned
https://openalex.org/W6910926265,not_returned
https://openalex.org/W6929848783,not_returned
https://openalex.org/W6929894713,not_returned
https://openalex.org/W6945020821,not_returned
https://openalex.org/W6945182815,not_returned
https://openalex.org/W6948161585,not_returned
https://openalex.org/W6948259114,not_returned
https://openalex.org/W6948299425,not_returned
https://openalex.org/W6958961972,not_returned
https://openalex.org/W6963696694,not_returned
https://openalex.org/W6967039794,not_returned
https://openalex.org/W6967149899,not_returned
https://openalex.org/W6967221914,not_returned
https://openalex.org/W6967313746,not_returned
https://openalex.org/W6967488804,not_returned
https://openalex.org/W3123484798,not_returned
https://openalex.org/W3189290610,not_returned
https://openalex.org/W4300765521,not_returned
https://openalex.org/W6767614328,not_returned
https://openalex.org/W6774757958,not_returned
https://openalex.org/W6784497687,not_returned
https://openalex.org/W6799823380,not_returned
https://openalex.org/W4251155809,not_returned
https://openalex.org/W6906554661,not_returned
https://openalex.org/W2962829253,not_returned
https://openalex.org/W3092416781,not_returned
https://openalex.org/W3098096244,not_returned
https://openalex.org/W3098477278,not_returned
https://openalex.org/W3099471026,not_returned
https://openalex.org/W3100626482,not_returned
https://openalex.org/W3100907441,not_returned
https://openalex.org/W3102447622,not_returned
https://openalex.org/W3102958829,not_returned
https://openalex.org/W3102974675,not_returned
https://openalex.org/W3103159458,not_returned
https://openalex.org/W3103262209,not_returned
https://openalex.org/W3103774384,not_returned
https://openalex.org/W3103984374,not_returned
https://openalex.org/W3104177662,not_returned
https://openalex.org/W3105964388,not_returned
https://openalex.org/W3106324574,not_returned
https://openalex.org/W4220962448,not_returned
https://openalex.org/W4207010115,not_returned
https://openalex.org/W6958416779,not_returned
https://openalex.org/W6711425063,not_returned
https://openalex.org/W3089076042,not_returned
https://openalex.org/W6634627538,not_returned
https://openalex.org/W6673385012,not_returned
https://openalex.org/W6685546303,not_returned
https://openalex.org/W6769588581,not_returned
https://openalex.org/W6888882644,not_returned
https://openalex.org/W6889544405,not_returned
https://openalex.org/W6907773278,not_returned
https://openalex.org/W6907917319,not_returned
https://openalex.org/W6912947947,not_returned
https://openalex.org/W6920521765,not_returned
https://openalex.org/W6922856156,not_returned
https://openalex.org/W6927082996,not_returned
https://openalex.org/W6931793286,not_returned
https://openalex.org/W6940109117,not_returned
https://openalex.org/W6942421260,not_returned
https://openalex.org/W6942564693,not_returned
https://openalex.org/W6945545591,not_returned
https://openalex.org/W6947983596,not_returned
https://openalex.org/W6948218051,not_returned
https://openalex.org/W6959993055,not_returned
https://openalex.org/W6967630986,not_returned
https://openalex.org/W6968581041,not_returned
https://openalex.org/W6976999071,not_returned
https://openalex.org/W6697482710,not_returned
https://openalex.org/W6600646273,not_returned
https://openalex.org/W6675468629,not_returned
https://openalex.org/W6714409539,not_returned
https://openalex.org/W6727846196,not_returned
https://openalex.org/W2054339027,not_returned
https://openalex.org/W3103433205,not_returned
https://openalex.org/W3123375411,not_returned
https://openalex.org/W4205645036,not_returned
https://openalex.org/W6949435372,not_returned
https://openalex.org/W6963696694,not_returned
https://openalex.org/W4411392672,not_returned
https://openalex.org/W54161614,not_returned
https://openalex.org/W4229055771,not_returned
https://openalex.org/W3105443508,not_returned
https://openalex.org/W6968317971,not_returned
https://openalex.org/W6968355043,not_returned
https://openalex.org/W6891990031,not_returned
https://openalex.org/W6947784358,not_returned
https://openalex.org/W6948080613,not_returned
https://openalex.org/W6966596685,not_returned
https://openalex.org/W6966756180,not_returned
https://openalex.org/W2962839584,not_returned
https://openalex.org/W3210879865,not_returned
https://openalex.org/W2956090150,not_returned
https://openalex.org/W3173380736,not_returned
https://openalex.org/W4205991051,not_returned
https://openalex.org/W4386187806,not_returned
https://openalex.org/W1973613062,not_returned
https://openalex.org/W4205265952,not_returned
https://openalex.org/W2949439350,not_returned
https://openalex.org/W2951368540,not_returned
https://openalex.org/W2963626393,not_returned
https://openalex.org/W3214377178,not_returned
https://openalex.org/W7084123220,not_returned
https://openalex.org/W3110591332,not_returned
https://openalex.org/W3210879865,not_returned
https://openalex.org/W6911306816,not_returned
https://openalex.org/W6949001534,not_returned
https://openalex.org/W2979298029,not_returned
https://openalex.org/W4206150554,not_returned
https://openalex.org/W2962730419,not_returned
https://openalex.org/W3181931494,not_returned
https://openalex.org/W3193979138,not_returned
https://openalex.org/W3198138933,not_returned
https://openalex.org/W3201784359,not_returned
https://openalex.org/W3207207478,not_returned
https://openalex.org/W4288079440,not_returned
https://openalex.org/W3034917890,not_returned
https://openalex.org/W3145112245,not_returned
https://openalex.org/W4226193908,not_returned
https://openalex.org/W3129681993,not_returned
https://openalex.org/W7042773913,not_returned
https://openalex.org/W3098198264,not_returned
https://openalex.org/W4401671245,not_returned
https://openalex.org/W4200451013,not_returned
https://openalex.org/W4230042836,not_returned
https://openalex.org/W4226040827,not_returned
https://openalex.org/W4226046083,not_returned
https://openalex.org/W6686230016,not_returned
https://openalex.org/W6810411736,not_returned
https://openalex.org/W6843262044,not_returned
https://openalex.org/W6843758038,not_returned
https://openalex.org/W6863614762,not_returned
https://openalex.org/W6871828077,not_returned
https://openalex.org/W2963048334,not_returned
https://openalex.org/W2963534787,not_returned
https://openalex.org/W6605031968,not_returned
https://openalex.org/W6648799593,not_returned
https://openalex.org/W6678550580,not_returned
https://openalex.org/W6691344251,not_returned
https://openalex.org/W6692689049,not_returned
https://openalex.org/W6700862872,not_returned
https://openalex.org/W6718637840,not_returned
https://openalex.org/W6725415914,not_returned
https://openalex.org/W6763922143,not_returned
https://openalex.org/W6795188942,not_returned
https://openalex.org/W6838086534,not_returned
https://openalex.org/W6839497048,not_returned
https://openalex.org/W6848869526,not_returned
https://openalex.org/W6873261595,not_returned
https://openalex.org/W6632020023,not_returned
https://openalex.org/W7014333898,not_returned
https://openalex.org/W7018189578,not_returned
https://openalex.org/W4376099891,not_returned
https://openalex.org/W6746919339,not_returned
https://openalex.org/W7074170225,not_returned
https://openalex.org/W6647975832,not_returned
https://openalex.org/W7019415115,not_returned
https://openalex.org/W2962914060,not_returned
https://openalex.org/W6604695589,not_returned
https://openalex.org/W6654951558,not_returned
https://openalex.org/W6662635898,not_returned
https://openalex.org/W6686887572,not_returned
https://openalex.org/W6734748665,not_returned
https://openalex.org/W6755172281,not_returned
https://openalex.org/W6762032704,not_returned
https://openalex.org/W6779563131,not_returned
https://openalex.org/W6944039107,not_returned
https://openalex.org/W4200452381,not_returned
https://openalex.org/W3124394518,not_returned
https://openalex.org/W6998878902,not_returned
https://openalex.org/W6779716376,not_returned
https://openalex.org/W4221039114,not_returned
https://openalex.org/W6649459866,not_returned
https://openalex.org/W6810298577,not_returned
https://openalex.org/W6861909925,not_returned
https://openalex.org/W6862103271,not_returned
https://openalex.org/W3042259176,not_returned
https://openalex.org/W3105540947,not_returned
https://openalex.org/W3121896804,not_returned
https://openalex.org/W3135063060,not_returned
https://openalex.org/W3136325165,not_returned
https://openalex.org/W4200129311,not_returned
https://openalex.org/W6692483121,not_returned
https://openalex.org/W6781721647,not_returned
https://openalex.org/W6831081839,not_returned
https://openalex.org/W6659380152,not_returned
https://openalex.org/W6849070527,not_returned
https://openalex.org/W2961703895,not_returned
https://openalex.org/W3102270033,not_returned
https://openalex.org/W6608923087,not_returned
https://openalex.org/W6707115349,not_returned
https://openalex.org/W6757183886,not_returned
https://openalex.org/W6799538763,not_returned
https://openalex.org/W6857343158,not_returned
https://openalex.org/W2963883247,not_returned
https://openalex.org/W2963637405,not_returned
https://openalex.org/W2036758277,not_returned
https://openalex.org/W4252978187,not_returned
https://openalex.org/W6633117799,not_returned
https://openalex.org/W6676101948,not_returned
https://openalex.org/W6751701225,not_returned
https://openalex.org/W6842777089,not_returned
https://openalex.org/W2995235436,not_returned
https://openalex.org/W6789970814,not_returned
https://openalex.org/W6866040055,not_returned
https://openalex.org/W3005347330,not_returned
https://openalex.org/W3098428981,not_returned
https://openalex.org/W3099172831,not_returned
https://openalex.org/W3099304488,not_returned
https://openalex.org/W3100477394,not_returned
https://openalex.org/W3101254191,not_returned
https://openalex.org/W3101749423,not_returned
https://openalex.org/W3102369450,not_returned
https://openalex.org/W3102640960,not_returned
https://openalex.org/W3104052343,not_returned
https://openalex.org/W3104062568,not_returned
https://openalex.org/W3104091826,not_returned
https://openalex.org/W3105557704,not_returned
https://openalex.org/W3189068450,not_returned
https://openalex.org/W4281480993,not_returned
https://openalex.org/W4391737785,not_returned
https://openalex.org/W6722972377,not_returned
https://openalex.org/W6785195815,not_returned
https://openalex.org/W6850138795,not_returned
https://openalex.org/W2591350918,not_returned
https://openalex.org/W6647496628,not_returned
https://openalex.org/W6649888644,not_returned
https://openalex.org/W6703709477,not_returned
https://openalex.org/W6824369089,not_returned
https://openalex.org/W6640760616,not_returned
https://openalex.org/W4225813833,not_returned
https://openalex.org/W2963317296,not_returned
https://openalex.org/W2963591689,not_returned
https://openalex.org/W3035126194,not_returned
https://openalex.org/W3098063542,not_returned
https://openalex.org/W3098297266,not_returned
https://openalex.org/W3099146620,not_returned
https://openalex.org/W3099424206,not_returned
https://openalex.org/W3101048939,not_returned
https://openalex.org/W3101114208,not_returned
https://openalex.org/W3101946941,not_returned
https://openalex.org/W3102781446,not_returned
https://openalex.org/W3103978935,not_returned
https://openalex.org/W3104363383,not_returned
https://openalex.org/W3106086103,not_returned
https://openalex.org/W3163800242,not_returned
https://openalex.org/W3210373486,not_returned
https://openalex.org/W4300002067,not_returned
https://openalex.org/W4300687848,not_returned
https://openalex.org/W6910538948,not_returned
https://openalex.org/W4207053948,not_returned
https://openalex.org/W4226083135,not_returned
https://openalex.org/W6799640330,not_returned
https://openalex.org/W6802552335,not_returned
https://openalex.org/W6851978374,not_returned
https://openalex.org/W6874139316,not_returned
https://openalex.org/W6674330103,not_returned
https://openalex.org/W6748428005,not_returned
https://openalex.org/W6805440430,not_returned
https://openalex.org/W2114531180,not_returned
https://openalex.org/W2887134653,not_returned
https://openalex.org/W6605881883,not_returned
https://openalex.org/W6609968532,not_returned
https://openalex.org/W6629023057,not_returned
https://openalex.org/W6629091541,not_returned
https://openalex.org/W6636325157,not_returned
https://openalex.org/W6756726917,not_returned
https://openalex.org/W6983587124,not_returned
https://openalex.org/W6991134876,not_returned
https://openalex.org/W7038329279,not_returned
https://openalex.org/W2963495906,not_returned
https://openalex.org/W6967893134,not_returned
https://openalex.org/W4213237974,not_returned
https://openalex.org/W4226325411,not_returned
https://openalex.org/W6603607819,not_returned
https://openalex.org/W6725460605,not_returned
https://openalex.org/W6770684616,not_returned
https://openalex.org/W6842200916,not_returned
https://openalex.org/W3124097319,not_returned
https://openalex.org/W6784679479,not_returned
https://openalex.org/W6777232299,not_returned
https://openalex.org/W6849841114,not_returned
https://openalex.org/W6871660096,not_returned
https://openalex.org/W4255353014,not_returned
https://openalex.org/W6639723381,not_returned
https://openalex.org/W6711964518,not_returned
https://openalex.org/W6729090211,not_returned
https://openalex.org/W6794516637,not_returned
https://openalex.org/W6795427279,not_returned
https://openalex.org/W6772215536,not_returned
https://openalex.org/W6941171452,not_returned
https://openalex.org/W4241214195,not_returned
https://openalex.org/W6675354045,not_returned
https://openalex.org/W6768958581,not_returned
https://openalex.org/W6848581554,not_returned
https://openalex.org/W6673051783,not_returned
https://openalex.org/W6785758260,not_returned
https://openalex.org/W6659276212,not_returned
https://openalex.org/W6684324918,not_returned
https://openalex.org/W6870213449,not_returned
https://openalex.org/W6604481004,not_returned
https://openalex.org/W6637470006,not_returned
https://openalex.org/W6693443677,not_returned
https://openalex.org/W6857893741,not_returned
https://openalex.org/W7029849301,not_returned
https://openalex.org/W6689970224,not_returned
https://openalex.org/W6857049922,not_returned
https://openalex.org/W6868774886,not_returned
https://openalex.org/W6675354045,not_returned
https://openalex.org/W6679978324,not_returned
https://openalex.org/W6730169791,not_returned
https://openalex.org/W6745438376,not_returned
https://openalex.org/W6930198022,not_returned
https://openalex.org/W4225396975,not_returned
https://openalex.org/W2604565009,not_returned
https://openalex.org/W6619535446,not_returned
https://openalex.org/W6887891130,not_returned
https://openalex.org/W6990255920,not_returned
https://openalex.org/W7015349833,not_returned
https://openalex.org/W7015695654,not_returned
https://openalex.org/W7042338280,not_returned
https://openalex.org/W1652152203,not_returned
https://openalex.org/W4245565490,not_returned
https://openalex.org/W6629091541,not_returned
https://openalex.org/W6639466726,not_returned
https://openalex.org/W6757029268,not_returned
https://openalex.org/W6941143311,not_returned
https://openalex.org/W6992510400,not_returned
https://openalex.org/W7005352643,not_returned
https://openalex.org/W7026480913,not_returned
https://openalex.org/W6839696554,not_returned
https://openalex.org/W6884759414,not_returned
https://openalex.org/W6766699030,not_returned
https://openalex.org/W6849830484,not_returned
https://openalex.org/W2168175751,not_returned
https://openalex.org/W4210381240,not_returned
https://openalex.org/W4220867432,not_returned
https://openalex.org/W4226147091,not_returned
https://openalex.org/W2964158206,not_returned
https://openalex.org/W3098913053,not_returned
https://openalex.org/W3099977553,not_returned
https://openalex.org/W3103204423,not_returned
https://openalex.org/W3207746711,not_returned
https://openalex.org/W6600026603,not_returned
https://openalex.org/W6603626489,not_returned
https://openalex.org/W6893435837,not_returned
https://openalex.org/W6949632203,not_returned
https://openalex.org/W3101772659,not_returned
https://openalex.org/W3172109500,not_returned
https://openalex.org/W2091911949,not_returned
https://openalex.org/W2172255986,not_returned
https://openalex.org/W2991208629,not_returned
https://openalex.org/W4211024474,not_returned
https://openalex.org/W4242791010,not_returned
https://openalex.org/W6757183886,not_returned
https://openalex.org/W6809841816,not_returned
https://openalex.org/W7039612861,not_returned
https://openalex.org/W2145753448,not_returned
https://openalex.org/W4298083039,not_returned
https://openalex.org/W6770530276,not_returned
https://openalex.org/W6921700224,not_returned
https://openalex.org/W6969137220,not_returned
https://openalex.org/W6612791553,not_returned
https://openalex.org/W6621473958,not_returned
https://openalex.org/W6634203918,not_returned
https://openalex.org/W6653248402,not_returned
https://openalex.org/W6688440343,not_returned
https://openalex.org/W6698006833,not_returned
https://openalex.org/W6700866980,not_returned
https://openalex.org/W6819208497,not_returned
https://openalex.org/W6989763337,not_returned
https://openalex.org/W3099223034,not_returned
https://openalex.org/W3099242510,not_returned
https://openalex.org/W3102334546,not_returned
https://openalex.org/W3105454325,not_returned
https://openalex.org/W3206769861,not_returned
https://openalex.org/W4246450893,not_returned
https://openalex.org/W4391737785,not_returned
https://openalex.org/W6739926838,not_returned
https://openalex.org/W2748232066,not_returned
https://openalex.org/W3113127362,not_returned
https://openalex.org/W6637052084,not_returned
https://openalex.org/W6661638885,not_returned
https://openalex.org/W6663600231,not_returned
https://openalex.org/W6669315660,not_returned
https://openalex.org/W6683973717,not_returned
https://openalex.org/W6697244375,not_returned
https://openalex.org/W6729736189,not_returned
https://openalex.org/W6758341513,not_returned
https://openalex.org/W6774572931,not_returned
https://openalex.org/W6782502135,not_returned
https://openalex.org/W6839148000,not_returned
https://openalex.org/W6848973563,not_returned
https://openalex.org/W4210358411,not_returned
https://openalex.org/W6732905866,not_returned
https://openalex.org/W6638027793,not_returned
https://openalex.org/W6654812451,not_returned
https://openalex.org/W6704561351,not_returned
https://openalex.org/W6728942089,not_returned
https://openalex.org/W6787815814,not_returned
https://openalex.org/W6789959243,not_returned
https://openalex.org/W2993303538,not_returned
https://openalex.org/W3100003598,not_returned
https://openalex.org/W2344268888,not_returned
https://openalex.org/W3099768174,not_returned
https://openalex.org/W6675393169,not_returned
https://openalex.org/W3125140147,not_returned
https://openalex.org/W6651639787,not_returned
https://openalex.org/W6684943477,not_returned
https://openalex.org/W6854267908,not_returned
https://openalex.org/W6602546581,not_returned
https://openalex.org/W6615711101,not_returned
https://openalex.org/W6640543372,not_returned
https://openalex.org/W6791216869,not_returned
https://openalex.org/W6943685112,not_returned
https://openalex.org/W6675471023,not_returned
https://openalex.org/W4299687266,not_returned
https://openalex.org/W2094517081,not_returned
https://openalex.org/W6796114251,not_returned
https://openalex.org/W6827282023,not_returned
https://openalex.org/W6835165223,not_returned
https://openalex.org/W6853249844,not_returned
https://openalex.org/W3007339283,not_returned
https://openalex.org/W3039181188,not_returned
https://openalex.org/W3098059121,not_returned
https://openalex.org/W3098264814,not_returned
https://openalex.org/W3098750715,not_returned
https://openalex.org/W3099853610,not_returned
https://openalex.org/W3099937007,not_returned
https://openalex.org/W3101012297,not_returned
https://openalex.org/W3101386624,not_returned
https://openalex.org/W3102636433,not_returned
https://openalex.org/W3103479076,not_returned
https://openalex.org/W3103658580,not_returned
https://openalex.org/W3104560173,not_returned
https://openalex.org/W3104813694,not_returned
https://openalex.org/W3104972090,not_returned
https://openalex.org/W3105475698,not_returned
https://openalex.org/W3135080566,not_returned
https://openalex.org/W4396214129,not_returned
https://openalex.org/W4401113155,not_returned
https://openalex.org/W6927317267,not_returned
https://openalex.org/W6637833800,not_returned
https://openalex.org/W7006374455,not_returned
https://openalex.org/W3102027041,not_returned
https://openalex.org/W6721602866,not_returned
https://openalex.org/W6786626327,not_returned
https://openalex.org/W6792753165,not_returned
https://openalex.org/W6799177421,not_returned
https://openalex.org/W6809429929,not_returned
https://openalex.org/W6632482457,not_returned
https://openalex.org/W6639350448,not_returned
https://openalex.org/W6676817092,not_returned
https://openalex.org/W6681047574,not_returned
https://openalex.org/W6724052439,not_returned
https://openalex.org/W6735541123,not_returned
https://openalex.org/W6781241526,not_returned
https://openalex.org/W6800325811,not_returned
https://openalex.org/W6857716316,not_returned
https://openalex.org/W7047604637,not_returned
https://openalex.org/W7082752474,not_returned
https://openalex.org/W2061127146,not_returned
https://openalex.org/W2998702515,not_returned
https://openalex.org/W6730323794,not_returned
https://openalex.org/W6739901393,not_returned
https://openalex.org/W6769627184,not_returned
https://openalex.org/W6853554831,not_returned
https://openalex.org/W6619314647,not_returned
https://openalex.org/W6751832510,not_returned
https://openalex.org/W6762255180,not_returned
https://openalex.org/W6873151896,not_returned
https://openalex.org/W6628245192,not_returned
https://openalex.org/W6671644377,not_returned
https://openalex.org/W6683385935,not_returned
https://openalex.org/W6782054926,not_returned
https://openalex.org/W6853510751,not_returned
https://openalex.org/W6855113852,not_returned
https://openalex.org/W6874301606,not_returned
https://openalex.org/W6876242258,not_returned
https://openalex.org/W6878639748,not_returned
https://openalex.org/W571768225,not_returned
https://openalex.org/W2025113236,not_returned
https://openalex.org/W6887839419,not_returned
https://openalex.org/W6906471467,not_returned
https://openalex.org/W6921213192,not_returned
https://openalex.org/W6959131177,not_returned
https://openalex.org/W6678179467,not_returned
https://openalex.org/W3122383732,not_returned
https://openalex.org/W4246475614,not_returned
https://openalex.org/W4251972227,not_returned
https://openalex.org/W3099802519,not_returned
https://openalex.org/W6636352058,not_returned
https://openalex.org/W6754307800,not_returned
https://openalex.org/W6767889445,not_returned
https://openalex.org/W6776841207,not_returned
https://openalex.org/W6791017800,not_returned
https://openalex.org/W6799772898,not_returned
https://openalex.org/W6802754160,not_returned
https://openalex.org/W6839256838,not_returned
https://openalex.org/W6841168040,not_returned
https://openalex.org/W6847018516,not_returned
https://openalex.org/W6849671135,not_returned
https://openalex.org/W6850318874,not_returned
https://openalex.org/W6853762877,not_returned
https://openalex.org/W6854484462,not_returned
https://openalex.org/W6856493581,not_returned
https://openalex.org/W6857455689,not_returned
https://openalex.org/W6846093461,not_returned
https://openalex.org/W3098564372,not_returned
https://openalex.org/W3098898251,not_returned
https://openalex.org/W3099143289,not_returned
https://openalex.org/W3099836758,not_returned
https://openalex.org/W3101565378,not_returned
https://openalex.org/W3102402662,not_returned
https://openalex.org/W3143424278,not_returned
https://openalex.org/W4395480958,not_returned
https://openalex.org/W7061412440,not_returned
https://openalex.org/W6964314636,not_returned
https://openalex.org/W6862973148,not_returned
https://openalex.org/W6901713282,not_returned
https://openalex.org/W3105636987,not_returned
https://openalex.org/W3176102465,not_returned
https://openalex.org/W4295312788,not_returned
https://openalex.org/W6910781507,not_returned
https://openalex.org/W7036571541,not_returned
https://openalex.org/W2168175751,not_returned
https://openalex.org/W2963726844,not_returned
https://openalex.org/W3098307221,not_returned
https://openalex.org/W3099437399,not_returned
https://openalex.org/W3099855863,not_returned
https://openalex.org/W3100416326,not_returned
https://openalex.org/W3102402163,not_returned
https://openalex.org/W3102586433,not_returned
https://openalex.org/W3103422522,not_returned
https://openalex.org/W3104227023,not_returned
https://openalex.org/W3105073782,not_returned
https://openalex.org/W3105390848,not_returned
https://openalex.org/W3105423860,not_returned
https://openalex.org/W3105477858,not_returned
https://openalex.org/W3106337941,not_returned
https://openalex.org/W3106402285,not_returned
https://openalex.org/W3122834883,not_returned
https://openalex.org/W3123550779,not_returned
https://openalex.org/W3125863663,not_returned
https://openalex.org/W3134185375,not_returned
https://openalex.org/W3174865733,not_returned
https://openalex.org/W3189422366,not_returned
https://openalex.org/W3215267764,not_returned
https://openalex.org/W4403012259,not_returned
https://openalex.org/W6894032002,not_returned
https://openalex.org/W6927201886,not_returned
https://openalex.org/W6639272505,not_returned
https://openalex.org/W6692668740,not_returned
https://openalex.org/W6772500782,not_returned
https://openalex.org/W6856504457,not_returned
https://openalex.org/W3043310732,not_returned
https://openalex.org/W3098851951,not_returned
https://openalex.org/W3099343048,not_returned
https://openalex.org/W3101743353,not_returned
https://openalex.org/W3102092249,not_returned
https://openalex.org/W3102679327,not_returned
https://openalex.org/W3102962098,not_returned
https://openalex.org/W3103415621,not_returned
https://openalex.org/W3103431355,not_returned
https://openalex.org/W3104728800,not_returned
https://openalex.org/W3104730542,not_returned
https://openalex.org/W3105021748,not_returned
https://openalex.org/W3122073972,not_returned
https://openalex.org/W3201172649,not_returned
https://openalex.org/W4377941114,not_returned
https://openalex.org/W6950118739,not_returned
https://openalex.org/W6657583847,not_returned
https://openalex.org/W6790934156,not_returned
https://openalex.org/W6805443781,not_returned
https://openalex.org/W6842383253,not_returned
https://openalex.org/W6859209956,not_returned
https://openalex.org/W6872265745,not_returned
https://openalex.org/W6872434852,not_returned
https://openalex.org/W7034375841,not_returned
https://openalex.org/W3099211663,not_returned
https://openalex.org/W3110169625,not_returned
https://openalex.org/W6784418962,not_returned
https://openalex.org/W6639481705,not_returned
https://openalex.org/W6678192934,not_returned
https://openalex.org/W6838418734,not_returned
https://openalex.org/W6853112158,not_returned
https://openalex.org/W6858531800,not_returned
https://openalex.org/W6864582624,not_returned
https://openalex.org/W6878345642,not_returned
https://openalex.org/W6604422468,not_returned
https://openalex.org/W6605386710,not_returned
https://openalex.org/W6911867116,not_returned
https://openalex.org/W6912318210,not_returned
https://openalex.org/W3121748006,not_returned
https://openalex.org/W3123124183,not_returned
https://openalex.org/W3124531746,not_returned
https://openalex.org/W3124679335,not_returned
https://openalex.org/W3124838210,not_returned
https://openalex.org/W3125458234,not_returned
https://openalex.org/W4307884551,not_returned
https://openalex.org/W6630873793,not_returned
https://openalex.org/W6631862332,not_returned
https://openalex.org/W6631995234,not_returned
https://openalex.org/W6765903727,not_returned
https://openalex.org/W6789707077,not_returned
https://openalex.org/W6803823846,not_returned
https://openalex.org/W6948177145,not_returned
https://openalex.org/W2146746218,not_returned
https://openalex.org/W3208553288,not_returned
https://openalex.org/W6619756871,not_returned
https://openalex.org/W6779186416,not_returned
https://openalex.org/W6678112119,not_returned
https://openalex.org/W6748003479,not_returned
https://openalex.org/W6764553642,not_returned
https://openalex.org/W6827548679,not_returned
https://openalex.org/W6740054362,not_returned
https://openalex.org/W6799071284,not_returned
https://openalex.org/W6838687010,not_returned
https://openalex.org/W6845846547,not_returned
https://openalex.org/W6850465962,not_returned
https://openalex.org/W7070638515,not_returned
https://openalex.org/W6893441365,not_returned
https://openalex.org/W6946124313,not_returned
https://openalex.org/W6963654720,not_returned
https://openalex.org/W6968325863,not_returned
https://openalex.org/W2963857521,not_returned
https://openalex.org/W2524206055,not_returned
https://openalex.org/W6761559220,not_returned
https://openalex.org/W6804769604,not_returned
https://openalex.org/W6877203592,not_returned
https://openalex.org/W6922729415,not_returned
https://openalex.org/W7023803773,not_returned
https://openalex.org/W4221016675,not_returned
https://openalex.org/W6675268048,not_returned
https://openalex.org/W6783330913,not_returned
https://openalex.org/W6857585697,not_returned
https://openalex.org/W6637468910,not_returned
https://openalex.org/W2297775324,not_returned
https://openalex.org/W6737079664,not_returned
https://openalex.org/W6766170593,not_returned
https://openalex.org/W6768435695,not_returned
https://openalex.org/W4205810287,not_returned
https://openalex.org/W2300161993,not_returned
https://openalex.org/W2005105333,not_returned
https://openalex.org/W4225408423,not_returned
https://openalex.org/W4226028826,not_returned
https://openalex.org/W4229011824,not_returned
https://openalex.org/W3098537298,not_returned
https://openalex.org/W3098679716,not_returned
https://openalex.org/W3100223365,not_returned
https://openalex.org/W3102634048,not_returned
https://openalex.org/W3105169336,not_returned
https://openalex.org/W3105939329,not_returned
https://openalex.org/W3106362737,not_returned
https://openalex.org/W3164445194,not_returned
https://openalex.org/W6948072228,not_returned
https://openalex.org/W4411392672,not_returned
https://openalex.org/W3102378358,not_returned
https://openalex.org/W2615977713,not_returned
https://openalex.org/W3086413979,not_returned
https://openalex.org/W3099398672,not_returned
https://openalex.org/W3105286646,not_returned
https://openalex.org/W3105966255,not_returned
https://openalex.org/W4212803898,not_returned
https://openalex.org/W2025113236,not_returned
https://openalex.org/W3103567150,not_returned
https://openalex.org/W2149128385,not_returned
https://openalex.org/W4291594996,not_returned
https://openalex.org/W6969259846,not_returned
https://openalex.org/W3150635270,not_returned
https://openalex.org/W4282837933,not_returned
https://openalex.org/W3095265488,not_returned
https://openalex.org/W3097497661,not_returned
https://openalex.org/W3098624753,not_returned
https://openalex.org/W3099201935,not_returned
https://openalex.org/W3100956606,not_returned
https://openalex.org/W3103249977,not_returned
https://openalex.org/W3106325157,not_returned
https://openalex.org/W2757926280,not_returned
https://openalex.org/W2949475378,not_returned
https://openalex.org/W3004258403,not_returned
https://openalex.org/W3100901715,not_returned
https://openalex.org/W3101369860,not_returned
https://openalex.org/W3101918321,not_returned
https://openalex.org/W3102411768,not_returned
https://openalex.org/W3103416737,not_returned
https://openalex.org/W3103434436,not_returned
https://openalex.org/W3104396395,not_returned
https://openalex.org/W3105098118,not_returned
https://openalex.org/W3105408820,not_returned
https://openalex.org/W3105577920,not_returned
https://openalex.org/W3121317088,not_returned
https://openalex.org/W2997752956,not_returned
https://openalex.org/W3098764722,not_returned
https://openalex.org/W3098779384,not_returned
https://openalex.org/W3098876014,not_returned
https://openalex.org/W3098951160,not_returned
https://openalex.org/W3099709599,not_returned
https://openalex.org/W3100595835,not_returned
https://openalex.org/W3102388736,not_returned
https://openalex.org/W3103038605,not_returned
https://openalex.org/W3103946095,not_returned
https://openalex.org/W3105601162,not_returned
https://openalex.org/W3110172929,not_returned
https://openalex.org/W4213226327,not_returned
https://openalex.org/W2409281150,not_returned
https://openalex.org/W4229620032,not_returned
https://openalex.org/W6893161528,not_returned
https://openalex.org/W4211108571,not_returned
https://openalex.org/W7091652616,not_returned
https://openalex.org/W7091664895,not_returned
https://openalex.org/W4411392672,not_returned
https://openalex.org/W3197152986,not_returned
https://openalex.org/W3212919642,not_returned
https://openalex.org/W6944963314,not_returned
https://openalex.org/W6977725947,not_returned
https://openalex.org/W4205531464,not_returned
https://openalex.org/W2338061419,not_returned
https://openalex.org/W4235463088,not_returned
https://openalex.org/W7091347835,not_returned
https://openalex.org/W3216242988,not_returned
https://openalex.org/W4205525706,not_returned
https://openalex.org/W6959708580,not_returned
https://openalex.org/W3124410800,not_returned
https://openalex.org/W4244558044,not_returned
https://openalex.org/W4394650611,not_returned
https://openalex.org/W4394672655,not_returned
https://openalex.org/W4281853713,not_returned
https://openalex.org/W6893342156,not_returned
https://openalex.org/W3118164462,not_returned
https://openalex.org/W3155198371,not_returned
https://openalex.org/W2972732693,not_returned
https://openalex.org/W2094517081,not_returned
https://openalex.org/W4214612132,not_returned
https://openalex.org/W2969714402,not_returned
https://openalex.org/W3136027957,not_returned
https://openalex.org/W2964060368,not_returned
https://openalex.org/W4210565251,not_returned
https://openalex.org/W4214855887,not_returned
https://openalex.org/W6976863845,not_returned
https://openalex.org/W2963410151,not_returned
https://openalex.org/W6966366657,not_returned
https://openalex.org/W6931067523,not_returned
https://openalex.org/W4237168541,not_returned
https://openalex.org/W2314890846,not_returned
https://openalex.org/W6911449590,not_returned
https://openalex.org/W7105603680,not_returned
https://openalex.org/W4206235232,not_returned
https://openalex.org/W4249159632,not_returned
https://openalex.org/W2951104886,not_returned
https://openalex.org/W3016401366,not_returned
https://openalex.org/W4297749952,not_returned
https://openalex.org/W6949779191,not_returned
https://openalex.org/W6911949159,not_returned
https://openalex.org/W2164918307,not_returned
https://openalex.org/W6944112336,not_returned
https://openalex.org/W3122671452,not_returned
https://openalex.org/W3122756704,not_returned
https://openalex.org/W6675288914,not_returned
https://openalex.org/W6758351988,not_returned
https://openalex.org/W6615812377,not_returned
https://openalex.org/W6618993243,not_returned
https://openalex.org/W6623192119,not_returned
https://openalex.org/W6754692359,not_returned
https://openalex.org/W6759443226,not_returned
https://openalex.org/W6778078585,not_returned
https://openalex.org/W6781545543,not_returned
https://openalex.org/W6793148938,not_returned
https://openalex.org/W6851508442,not_returned
https://openalex.org/W6852339514,not_returned
https://openalex.org/W6602597033,not_returned
https://openalex.org/W6605650187,not_returned
https://openalex.org/W6613300096,not_returned
https://openalex.org/W6630662276,not_returned
https://openalex.org/W6674951577,not_returned
https://openalex.org/W6680792732,not_returned
https://openalex.org/W6724608240,not_returned
https://openalex.org/W6726838998,not_returned
https://openalex.org/W6757260481,not_returned
https://openalex.org/W6768584405,not_returned
https://openalex.org/W6982422158,not_returned
https://openalex.org/W3124380383,not_returned
https://openalex.org/W6751780614,not_returned
https://openalex.org/W2189625117,not_returned
https://openalex.org/W2564168723,not_returned
https://openalex.org/W2624809190,not_returned
https://openalex.org/W6648966786,not_returned
https://openalex.org/W6660024832,not_returned
https://openalex.org/W6713584933,not_returned
https://openalex.org/W6756132539,not_returned
https://openalex.org/W6802859665,not_returned
https://openalex.org/W6803396011,not_returned
https://openalex.org/W6806997508,not_returned
https://openalex.org/W6839434808,not_returned
https://openalex.org/W6904180099,not_returned
https://openalex.org/W6912808419,not_returned
https://openalex.org/W7002323018,not_returned
https://openalex.org/W7010278807,not_returned
https://openalex.org/W7034112092,not_returned
https://openalex.org/W7036871421,not_returned
https://openalex.org/W7056229956,not_returned
https://openalex.org/W3124410800,not_returned
https://openalex.org/W6758756064,not_returned
https://openalex.org/W2962996535,not_returned
https://openalex.org/W2963187666,not_returned
https://openalex.org/W2963237125,not_returned
https://openalex.org/W2963599794,not_returned
https://openalex.org/W2963969644,not_returned
https://openalex.org/W2969104429,not_returned
https://openalex.org/W2999344533,not_returned
https://openalex.org/W3002739438,not_returned
https://openalex.org/W3028332830,not_returned
https://openalex.org/W3094580508,not_returned
https://openalex.org/W3101974007,not_returned
https://openalex.org/W3102595297,not_returned
https://openalex.org/W3102602540,not_returned
https://openalex.org/W3104709962,not_returned
https://openalex.org/W3119672818,not_returned
https://openalex.org/W3157766147,not_returned
https://openalex.org/W3160014912,not_returned
https://openalex.org/W3204490664,not_returned
https://openalex.org/W3205754789,not_returned
https://openalex.org/W3210245353,not_returned
https://openalex.org/W3211244777,not_returned
https://openalex.org/W4295268746,not_returned
https://openalex.org/W6764682399,not_returned
https://openalex.org/W3125854390,not_returned
https://openalex.org/W4254349805,not_returned
https://openalex.org/W6628482730,not_returned
https://openalex.org/W6634712756,not_returned
https://openalex.org/W6639144594,not_returned
https://openalex.org/W6648250504,not_returned
https://openalex.org/W6649593909,not_returned
https://openalex.org/W6650080034,not_returned
https://openalex.org/W6650588910,not_returned
https://openalex.org/W6651795625,not_returned
https://openalex.org/W6655292226,not_returned
https://openalex.org/W6663938264,not_returned
https://openalex.org/W6664919751,not_returned
https://openalex.org/W6665223570,not_returned
https://openalex.org/W6675170625,not_returned
https://openalex.org/W6675544624,not_returned
https://openalex.org/W6678934100,not_returned
https://openalex.org/W6678949414,not_returned
https://openalex.org/W6679601113,not_returned
https://openalex.org/W6685946071,not_returned
https://openalex.org/W6693395720,not_returned
https://openalex.org/W6699411199,not_returned
https://openalex.org/W6722563306,not_returned
https://openalex.org/W6722978483,not_returned
https://openalex.org/W6724663594,not_returned
https://openalex.org/W6727348360,not_returned
https://openalex.org/W6727847045,not_returned
https://openalex.org/W6735472671,not_returned
https://openalex.org/W6737949718,not_returned
https://openalex.org/W6744143157,not_returned
https://openalex.org/W6762052352,not_returned
https://openalex.org/W6777415877,not_returned
https://openalex.org/W6779127521,not_returned
https://openalex.org/W6793045953,not_returned
https://openalex.org/W6794954589,not_returned
https://openalex.org/W6795215036,not_returned
https://openalex.org/W6795249312,not_returned
https://openalex.org/W6807831829,not_returned
https://openalex.org/W6808021272,not_returned
https://openalex.org/W6832300317,not_returned
https://openalex.org/W6842300835,not_returned
https://openalex.org/W6853055555,not_returned
https://openalex.org/W6858800899,not_returned
https://openalex.org/W6869702318,not_returned
https://openalex.org/W7061981246,not_returned
https://openalex.org/W2283479734,not_returned
https://openalex.org/W3101599699,not_returned
https://openalex.org/W2136451622,not_returned
https://openalex.org/W6775829283,not_returned
https://openalex.org/W6777523357,not_returned
https://openalex.org/W6856129313,not_returned
https://openalex.org/W6639166117,not_returned
https://openalex.org/W6770247764,not_returned
https://openalex.org/W6860828209,not_returned
https://openalex.org/W6662373986,not_returned
https://openalex.org/W7052513338,not_returned
https://openalex.org/W4221012059,not_returned
https://openalex.org/W6873336844,not_returned
https://openalex.org/W6781878367,not_returned
https://openalex.org/W6769316794,not_returned
https://openalex.org/W1969870130,not_returned
https://openalex.org/W6603835122,not_returned
https://openalex.org/W6682044412,not_returned
https://openalex.org/W6641379536,not_returned
https://openalex.org/W6672130553,not_returned
https://openalex.org/W6683832114,not_returned
https://openalex.org/W6756758815,not_returned
https://openalex.org/W6769958925,not_returned
https://openalex.org/W6772465084,not_returned
https://openalex.org/W6782223847,not_returned
https://openalex.org/W6783069394,not_returned
https://openalex.org/W6800627673,not_returned
https://openalex.org/W6809511151,not_returned
https://openalex.org/W6840418194,not_returned
https://openalex.org/W6846560754,not_returned
https://openalex.org/W6855369530,not_returned
https://openalex.org/W6857500410,not_returned
https://openalex.org/W6980250837,not_returned
https://openalex.org/W2480272034,not_returned
https://openalex.org/W6604694321,not_returned
https://openalex.org/W6747460869,not_returned
https://openalex.org/W6758526762,not_returned
https://openalex.org/W6846819245,not_returned
https://openalex.org/W6869103442,not_returned
https://openalex.org/W3125303226,not_returned
https://openalex.org/W3125493564,not_returned
https://openalex.org/W4240150923,not_returned
https://openalex.org/W6634475328,not_returned
https://openalex.org/W6643600893,not_returned
https://openalex.org/W6645413106,not_returned
https://openalex.org/W6648934853,not_returned
https://openalex.org/W6666404428,not_returned
https://openalex.org/W6670222973,not_returned
https://openalex.org/W6672278749,not_returned
https://openalex.org/W6673461555,not_returned
https://openalex.org/W6688931560,not_returned
https://openalex.org/W6713403190,not_returned
https://openalex.org/W6728518013,not_returned
https://openalex.org/W6809462410,not_returned
https://openalex.org/W6605386710,not_returned
https://openalex.org/W6607789082,not_returned
https://openalex.org/W6611795218,not_returned
https://openalex.org/W6629654288,not_returned
https://openalex.org/W6636361120,not_returned
https://openalex.org/W6766913335,not_returned
https://openalex.org/W6812632051,not_returned
https://openalex.org/W6825545439,not_returned
https://openalex.org/W6831710278,not_returned
https://openalex.org/W6983712927,not_returned
https://openalex.org/W6991174474,not_returned
https://openalex.org/W7036302047,not_returned
https://openalex.org/W7049115063,not_returned
https://openalex.org/W7075289822,not_returned
https://openalex.org/W2497952889,not_returned
https://openalex.org/W3006377205,not_returned
https://openalex.org/W6629703545,not_returned
https://openalex.org/W6642529895,not_returned
https://openalex.org/W6646812776,not_returned
https://openalex.org/W6649145144,not_returned
https://openalex.org/W6653279970,not_returned
https://openalex.org/W6678072427,not_returned
https://openalex.org/W6679041236,not_returned
https://openalex.org/W6684171614,not_returned
https://openalex.org/W6716386257,not_returned
https://openalex.org/W6740034924,not_returned
https://openalex.org/W6753048304,not_returned
https://openalex.org/W6781998017,not_returned
https://openalex.org/W6785478258,not_returned
https://openalex.org/W6801962603,not_returned
https://openalex.org/W6847606304,not_returned
https://openalex.org/W6853331012,not_returned
https://openalex.org/W6854527794,not_returned
https://openalex.org/W6856942985,not_returned
https://openalex.org/W6857198397,not_returned
https://openalex.org/W6861616851,not_returned
https://openalex.org/W6863846076,not_returned
https://openalex.org/W6870135621,not_returned
https://openalex.org/W4226468499,not_returned
https://openalex.org/W6775047284,not_returned
https://openalex.org/W6948170523,not_returned
https://openalex.org/W6635318968,not_returned
https://openalex.org/W6637985133,not_returned
https://openalex.org/W6682542285,not_returned
https://openalex.org/W6781427459,not_returned
https://openalex.org/W6810282858,not_returned
https://openalex.org/W6828906920,not_returned
https://openalex.org/W6842603526,not_returned
https://openalex.org/W6849257074,not_returned
https://openalex.org/W6849349378,not_returned
https://openalex.org/W6851764699,not_returned
https://openalex.org/W6861275872,not_returned
https://openalex.org/W3210030168,not_returned
https://openalex.org/W6600564863,not_returned
https://openalex.org/W6645229677,not_returned
https://openalex.org/W6674552318,not_returned
https://openalex.org/W6794728057,not_returned
https://openalex.org/W6736372271,not_returned
https://openalex.org/W3102470192,not_returned
https://openalex.org/W3104850318,not_returned
https://openalex.org/W3105743592,not_returned
https://openalex.org/W3106112951,not_returned
https://openalex.org/W4206275761,not_returned
https://openalex.org/W4214487032,not_returned
https://openalex.org/W6635546969,not_returned
https://openalex.org/W6981124426,not_returned
https://openalex.org/W3123367471,not_returned
https://openalex.org/W3124160882,not_returned
https://openalex.org/W3125232880,not_returned
https://openalex.org/W4288375845,not_returned
https://openalex.org/W6807091881,not_returned
https://openalex.org/W6906466221,not_returned
https://openalex.org/W2153255438,not_returned
https://openalex.org/W6602638570,not_returned
https://openalex.org/W6637071116,not_returned
https://openalex.org/W6637544908,not_returned
https://openalex.org/W6687209877,not_returned
https://openalex.org/W6741526015,not_returned
https://openalex.org/W6772651438,not_returned
https://openalex.org/W6799239039,not_returned
https://openalex.org/W6893353722,not_returned
https://openalex.org/W2025113236,not_returned
https://openalex.org/W2990159799,not_returned
https://openalex.org/W2997752956,not_returned
https://openalex.org/W3098009857,not_returned
https://openalex.org/W3098624753,not_returned
https://openalex.org/W3099201935,not_returned
https://openalex.org/W3099583735,not_returned
https://openalex.org/W3100689422,not_returned
https://openalex.org/W3102180213,not_returned
https://openalex.org/W3102229173,not_returned
https://openalex.org/W3102413694,not_returned
https://openalex.org/W3103244270,not_returned
https://openalex.org/W3104407518,not_returned
https://openalex.org/W3105426174,not_returned
https://openalex.org/W3106124999,not_returned
https://openalex.org/W3125432920,not_returned
https://openalex.org/W2506480916,not_returned
https://openalex.org/W6944118160,not_returned
https://openalex.org/W4221130986,not_returned
https://openalex.org/W3088216215,not_returned
https://openalex.org/W2112850441,not_returned
https://openalex.org/W4213296217,not_returned
https://openalex.org/W6969259846,not_returned
https://openalex.org/W6602079914,not_returned
https://openalex.org/W6607900152,not_returned
https://openalex.org/W6610577467,not_returned
https://openalex.org/W3098384935,not_returned
https://openalex.org/W3103683500,not_returned
https://openalex.org/W2054739375,not_returned
https://openalex.org/W2766535141,not_returned
https://openalex.org/W6791764714,not_returned
https://openalex.org/W4207064127,not_returned
https://openalex.org/W6704649575,not_returned
https://openalex.org/W6775116577,not_returned
https://openalex.org/W4226119862,not_returned
https://openalex.org/W4296518652,not_returned
https://openalex.org/W6745936816,not_returned
https://openalex.org/W3140631004,not_returned
https://openalex.org/W3151002452,not_returned
https://openalex.org/W6608893238,not_returned
https://openalex.org/W6643126860,not_returned
https://openalex.org/W6687450645,not_returned
https://openalex.org/W6719446730,not_returned
https://openalex.org/W6729078167,not_returned
https://openalex.org/W6999732150,not_returned
https://openalex.org/W4200188493,not_returned
https://openalex.org/W4226209964,not_returned
https://openalex.org/W4399384171,not_returned
https://openalex.org/W6637914708,not_returned
https://openalex.org/W6853192375,not_returned
https://openalex.org/W2905869146,not_returned
https://openalex.org/W4256692134,not_returned
https://openalex.org/W6930326368,not_returned
https://openalex.org/W2883078476,not_returned
https://openalex.org/W3183677756,not_returned
https://openalex.org/W6963696694,not_returned
https://openalex.org/W6968185600,not_returned
https://openalex.org/W2963350607,not_returned
https://openalex.org/W3102572323,not_returned
https://openalex.org/W3103172354,not_returned
https://openalex.org/W6629322403,not_returned
https://openalex.org/W2030677000,not_returned
https://openalex.org/W3099881166,not_returned
https://openalex.org/W2964317724,not_returned
https://openalex.org/W3086327144,not_returned
https://openalex.org/W3098553153,not_returned
https://openalex.org/W3102570049,not_returned
https://openalex.org/W3102683371,not_returned
https://openalex.org/W3103167567,not_returned
https://openalex.org/W3103901556,not_returned
https://openalex.org/W3104603447,not_returned
https://openalex.org/W3105208962,not_returned
https://openalex.org/W3105911001,not_returned
https://openalex.org/W3106323205,not_returned
https://openalex.org/W3106428092,not_returned
https://openalex.org/W3122725944,not_returned
https://openalex.org/W3126133694,not_returned
https://openalex.org/W6605926019,not_returned
https://openalex.org/W6658292152,not_returned
https://openalex.org/W6740204349,not_returned
https://openalex.org/W6740975078,not_returned
https://openalex.org/W6754546729,not_returned
https://openalex.org/W6840003991,not_returned
https://openalex.org/W6776105752,not_returned
https://openalex.org/W6842136582,not_returned
https://openalex.org/W2963245295,not_returned
https://openalex.org/W3070317303,not_returned
https://openalex.org/W3098157987,not_returned
https://openalex.org/W3099033830,not_returned
https://openalex.org/W3100595640,not_returned
https://openalex.org/W3103760178,not_returned
https://openalex.org/W3105203032,not_returned
https://openalex.org/W3105428010,not_returned
https://openalex.org/W3105490352,not_returned
https://openalex.org/W3124549281,not_returned
https://openalex.org/W3125677001,not_returned
https://openalex.org/W4289382725,not_returned
https://openalex.org/W6949894721,not_returned
https://openalex.org/W2978725006,not_returned
https://openalex.org/W6616328786,not_returned
https://openalex.org/W6806842146,not_returned
https://openalex.org/W6810539607,not_returned
https://openalex.org/W6843101488,not_returned
https://openalex.org/W6859337044,not_returned
https://openalex.org/W6871525206,not_returned
https://openalex.org/W2982902350,not_returned
https://openalex.org/W4226109996,not_returned
https://openalex.org/W6745265944,not_returned
https://openalex.org/W7073732528,not_returned
https://openalex.org/W6739308689,not_returned
https://openalex.org/W3123714303,not_returned
https://openalex.org/W6941498469,not_returned
https://openalex.org/W6982433577,not_returned
https://openalex.org/W2109631166,not_returned
https://openalex.org/W6638560198,not_returned
https://openalex.org/W6758559906,not_returned
https://openalex.org/W7056811937,not_returned
https://openalex.org/W3124762779,not_returned
https://openalex.org/W4226512818,not_returned
https://openalex.org/W4298028931,not_returned
https://openalex.org/W6713197267,not_returned
https://openalex.org/W6783325516,not_returned
https://openalex.org/W6920781724,not_returned
https://openalex.org/W3136103959,not_returned
https://openalex.org/W3037491300,not_returned
https://openalex.org/W6728757088,not_returned
https://openalex.org/W6752985224,not_returned
https://openalex.org/W6763393573,not_returned
https://openalex.org/W6767307205,not_returned
https://openalex.org/W6787335730,not_returned
https://openalex.org/W6850049107,not_returned
https://openalex.org/W6873414942,not_returned
https://openalex.org/W6700515692,not_returned
https://openalex.org/W6760887735,not_returned
https://openalex.org/W6764159384,not_returned
https://openalex.org/W6852211727,not_returned
https://openalex.org/W7073528388,not_returned
https://openalex.org/W1201749067,not_returned
https://openalex.org/W2963410151,not_returned
https://openalex.org/W6663718991,not_returned
https://openalex.org/W6734093888,not_returned
https://openalex.org/W6983719079,not_returned
https://openalex.org/W7030600805,not_returned
https://openalex.org/W6673209958,not_returned
https://openalex.org/W6730190940,not_returned
https://openalex.org/W6602452458,not_returned
https://openalex.org/W6962429084,not_returned
https://openalex.org/W3152723740,not_returned
https://openalex.org/W3161306075,not_returned
https://openalex.org/W6704579532,not_returned
https://openalex.org/W3098624753,not_returned
https://openalex.org/W4280570437,not_returned
https://openalex.org/W6770135123,not_returned
https://openalex.org/W6645325381,not_returned
https://openalex.org/W6746436729,not_returned
https://openalex.org/W6853995060,not_returned
https://openalex.org/W6873860154,not_returned
https://openalex.org/W6874483112,not_returned
https://openalex.org/W6772457863,not_returned
https://openalex.org/W6790104363,not_returned
https://openalex.org/W6849691429,not_returned
https://openalex.org/W2941174111,not_returned
https://openalex.org/W6607628016,not_returned
https://openalex.org/W6664932726,not_returned
https://openalex.org/W6667771662,not_returned
https://openalex.org/W6684917502,not_returned
https://openalex.org/W6697646303,not_returned
https://openalex.org/W6738866487,not_returned
https://openalex.org/W6777486847,not_returned
https://openalex.org/W6880210688,not_returned
https://openalex.org/W6888413606,not_returned
https://openalex.org/W6911662008,not_returned
https://openalex.org/W6708944258,not_returned
https://openalex.org/W6850455092,not_returned
https://openalex.org/W2968157960,not_returned
https://openalex.org/W3125432920,not_returned
https://openalex.org/W6602673515,not_returned
https://openalex.org/W6620747097,not_returned
https://openalex.org/W6637639269,not_returned
https://openalex.org/W6653062831,not_returned
https://openalex.org/W6727886354,not_returned
https://openalex.org/W6754290736,not_returned
https://openalex.org/W6761740335,not_returned
https://openalex.org/W6839291086,not_returned
https://openalex.org/W6857011184,not_returned
https://openalex.org/W6862517532,not_returned
https://openalex.org/W6787279443,not_returned
https://openalex.org/W6870034753,not_returned
https://openalex.org/W6604915493,not_returned
https://openalex.org/W6786051618,not_returned
https://openalex.org/W6786264474,not_returned
https://openalex.org/W6633459795,not_returned
https://openalex.org/W6738248613,not_returned
https://openalex.org/W6674717247,not_returned
https://openalex.org/W6675066712,not_returned
https://openalex.org/W6676576766,not_returned
https://openalex.org/W6761764063,not_returned
https://openalex.org/W6786190416,not_returned
https://openalex.org/W6856042948,not_returned
https://openalex.org/W6869559725,not_returned
https://openalex.org/W6872084473,not_returned
https://openalex.org/W6876060823,not_returned
https://openalex.org/W6910681941,not_returned
https://openalex.org/W6731083267,not_returned
https://openalex.org/W6877601995,not_returned
https://openalex.org/W6912430767,not_returned
https://openalex.org/W1201749067,not_returned
https://openalex.org/W6608376067,not_returned
https://openalex.org/W6686594859,not_returned
https://openalex.org/W6727867161,not_returned
https://openalex.org/W6649729886,not_returned
https://openalex.org/W4287917834,not_returned
https://openalex.org/W6600209739,not_returned
https://openalex.org/W6606624046,not_returned
https://openalex.org/W6607911972,not_returned
https://openalex.org/W6627305795,not_returned
https://openalex.org/W6674913956,not_returned
https://openalex.org/W6675539284,not_returned
https://openalex.org/W6686098594,not_returned
https://openalex.org/W6712590448,not_returned
https://openalex.org/W6728464590,not_returned
https://openalex.org/W6770076380,not_returned
https://openalex.org/W6855993147,not_returned
https://openalex.org/W6893153359,not_returned
https://openalex.org/W4210536096,not_returned
https://openalex.org/W4226299484,not_returned
https://openalex.org/W3145295302,not_returned
https://openalex.org/W4254274555,not_returned
https://openalex.org/W4256717294,not_returned
https://openalex.org/W6674561834,not_returned
https://openalex.org/W6765091524,not_returned
https://openalex.org/W7005094282,not_returned
https://openalex.org/W7039540511,not_returned
https://openalex.org/W7044012588,not_returned
https://openalex.org/W7070480241,not_returned
https://openalex.org/W7075299474,not_returned
https://openalex.org/W6697557770,not_returned
https://openalex.org/W6697600627,not_returned
https://openalex.org/W6755692081,not_returned
https://openalex.org/W6800478131,not_returned
https://openalex.org/W6876600060,not_returned
https://openalex.org/W6877975167,not_returned
https://openalex.org/W6977678836,not_returned
https://openalex.org/W4214839510,not_returned
https://openalex.org/W6646522904,not_returned
https://openalex.org/W6892581222,not_returned
https://openalex.org/W6948543545,not_returned
https://openalex.org/W4220859125,not_returned
https://openalex.org/W4226345894,not_returned
https://openalex.org/W4229365632,not_returned
https://openalex.org/W3098384935,not_returned
https://openalex.org/W3099814042,not_returned
https://openalex.org/W3103683500,not_returned
https://openalex.org/W3105388558,not_returned
https://openalex.org/W3105409365,not_returned
https://openalex.org/W3105697951,not_returned
https://openalex.org/W3105782036,not_returned
https://openalex.org/W3105815301,not_returned
https://openalex.org/W2032337752,not_returned
https://openalex.org/W3202049559,not_returned
https://openalex.org/W4212932015,not_returned
https://openalex.org/W4247205789,not_returned
https://openalex.org/W6633527678,not_returned
https://openalex.org/W6696673826,not_returned
https://openalex.org/W6799914319,not_returned
https://openalex.org/W6800594724,not_returned
https://openalex.org/W6893680075,not_returned
https://openalex.org/W6894285541,not_returned
https://openalex.org/W6968996978,not_returned
https://openalex.org/W6628071801,not_returned
https://openalex.org/W6800559848,not_returned
https://openalex.org/W6849076755,not_returned
https://openalex.org/W6868506755,not_returned
https://openalex.org/W6770824191,not_returned
https://openalex.org/W6774237854,not_returned
https://openalex.org/W6789590914,not_returned
https://openalex.org/W2022919231,not_returned
https://openalex.org/W3121572695,not_returned
https://openalex.org/W3122609948,not_returned
https://openalex.org/W3124589918,not_returned
https://openalex.org/W3125601827,not_returned
https://openalex.org/W6631190155,not_returned
https://openalex.org/W6637585824,not_returned
https://openalex.org/W6645607943,not_returned
https://openalex.org/W6766978945,not_returned
https://openalex.org/W6809599169,not_returned
https://openalex.org/W3101255618,not_returned
https://openalex.org/W3102014803,not_returned
https://openalex.org/W3102527484,not_returned
https://openalex.org/W3103233012,not_returned
https://openalex.org/W3104612337,not_returned
https://openalex.org/W3105009951,not_returned
https://openalex.org/W3105560390,not_returned
https://openalex.org/W6969235256,not_returned
https://openalex.org/W6949402985,not_returned
https://openalex.org/W6676810990,not_returned
https://openalex.org/W2727567844,not_returned
https://openalex.org/W3121594191,not_returned
https://openalex.org/W6726335208,not_returned
https://openalex.org/W2963372104,not_returned
https://openalex.org/W6600013530,not_returned
https://openalex.org/W6836326345,not_returned
https://openalex.org/W2521291078,not_returned
https://openalex.org/W6862267827,not_returned
https://openalex.org/W3202687954,not_returned
https://openalex.org/W4291001544,not_returned
https://openalex.org/W6629606759,not_returned
https://openalex.org/W6703605043,not_returned
https://openalex.org/W6787671222,not_returned
https://openalex.org/W6799267683,not_returned
https://openalex.org/W6866577667,not_returned
https://openalex.org/W3100196872,not_returned
https://openalex.org/W3105230272,not_returned
https://openalex.org/W4212904394,not_returned
https://openalex.org/W6893665287,not_returned
https://openalex.org/W6600491263,not_returned
https://openalex.org/W6667703489,not_returned
https://openalex.org/W6669085443,not_returned
https://openalex.org/W6728171025,not_returned
https://openalex.org/W6751144925,not_returned
https://openalex.org/W6881543917,not_returned
https://openalex.org/W3104250195,not_returned
https://openalex.org/W6604265652,not_returned
https://openalex.org/W3060960901,not_returned
https://openalex.org/W3090672951,not_returned
https://openalex.org/W6603350482,not_returned
https://openalex.org/W6610926206,not_returned
https://openalex.org/W6628779290,not_returned
https://openalex.org/W6629162594,not_returned
https://openalex.org/W6677383763,not_returned
https://openalex.org/W6679590498,not_returned
https://openalex.org/W6686966722,not_returned
https://openalex.org/W6689810129,not_returned
https://openalex.org/W6722442455,not_returned
https://openalex.org/W6755072748,not_returned
https://openalex.org/W6776298087,not_returned
https://openalex.org/W6803652988,not_returned
https://openalex.org/W6803659117,not_returned
https://openalex.org/W6842624986,not_returned
https://openalex.org/W7047243328,not_returned
https://openalex.org/W6609434516,not_returned
https://openalex.org/W6633527678,not_returned
https://openalex.org/W6650921777,not_returned
https://openalex.org/W6655055836,not_returned
https://openalex.org/W6669494366,not_returned
https://openalex.org/W6752626825,not_returned
https://openalex.org/W6637125351,not_returned
https://openalex.org/W2071549612,not_returned
https://openalex.org/W6668071221,not_returned
https://openalex.org/W6717041367,not_returned
https://openalex.org/W6963121244,not_returned
https://openalex.org/W4376595873,not_returned
https://openalex.org/W4411392672,not_returned
https://openalex.org/W6773857574,not_returned
https://openalex.org/W6860536161,not_returned
https://openalex.org/W7073564441,not_returned
https://openalex.org/W6634485698,not_returned
https://openalex.org/W6873938291,not_returned
https://openalex.org/W4210606200,not_returned
https://openalex.org/W4220780036,not_returned
https://openalex.org/W4226022699,not_returned
https://openalex.org/W4226298553,not_returned
https://openalex.org/W4226341259,not_returned
https://openalex.org/W3098162209,not_returned
https://openalex.org/W3101524095,not_returned
https://openalex.org/W3102230680,not_returned
https://openalex.org/W3102518173,not_returned
https://openalex.org/W3102834201,not_returned
https://openalex.org/W3103799879,not_returned
https://openalex.org/W3104622896,not_returned
https://openalex.org/W3104709874,not_returned
https://openalex.org/W3104906118,not_returned
https://openalex.org/W3105415104,not_returned
https://openalex.org/W3124492070,not_returned
https://openalex.org/W3125416217,not_returned
https://openalex.org/W4401108948,not_returned
https://openalex.org/W4404209910,not_returned
https://openalex.org/W6891923128,not_returned
https://openalex.org/W3213865845,not_returned
https://openalex.org/W4225259283,not_returned
https://openalex.org/W6603158210,not_returned
https://openalex.org/W2473559982,not_returned
https://openalex.org/W4226149068,not_returned
https://openalex.org/W6727006013,not_returned
https://openalex.org/W6728528714,not_returned
https://openalex.org/W6750472349,not_returned
https://openalex.org/W6767108502,not_returned
https://openalex.org/W6787815814,not_returned
https://openalex.org/W6788601793,not_returned
https://openalex.org/W6807868008,not_returned
https://openalex.org/W6850501782,not_returned
https://openalex.org/W6866694055,not_returned
https://openalex.org/W2963952467,not_returned
https://openalex.org/W3099814042,not_returned
https://openalex.org/W3101232063,not_returned
https://openalex.org/W3102379107,not_returned
https://openalex.org/W3102556478,not_returned
https://openalex.org/W3102743949,not_returned
https://openalex.org/W3103683500,not_returned
https://openalex.org/W3105782036,not_returned
https://openalex.org/W3099700036,not_returned
https://openalex.org/W3101022735,not_returned
https://openalex.org/W3101824347,not_returned
https://openalex.org/W3102728805,not_returned
https://openalex.org/W3102972717,not_returned
https://openalex.org/W3103565900,not_returned
https://openalex.org/W3104486717,not_returned
https://openalex.org/W3104990127,not_returned
https://openalex.org/W3105368785,not_returned
https://openalex.org/W3105510015,not_returned
https://openalex.org/W3105599569,not_returned
https://openalex.org/W3171037114,not_returned
https://openalex.org/W2133498025,not_returned
https://openalex.org/W7101698550,not_returned
https://openalex.org/W4207043717,not_returned
https://openalex.org/W6752585857,not_returned
https://openalex.org/W6807211857,not_returned
https://openalex.org/W6856784585,not_returned
https://openalex.org/W6861101513,not_returned
https://openalex.org/W4255373279,not_returned
https://openalex.org/W6731160120,not_returned
https://openalex.org/W4207062736,not_returned
https://openalex.org/W6687087091,not_returned
https://openalex.org/W6724110285,not_returned
https://openalex.org/W6753474606,not_returned
https://openalex.org/W6786710812,not_returned
https://openalex.org/W2995129893,not_returned
https://openalex.org/W4210310819,not_returned
https://openalex.org/W4220960679,not_returned
https://openalex.org/W4225546412,not_returned
https://openalex.org/W4225807698,not_returned
https://openalex.org/W4225997329,not_returned
https://openalex.org/W6687481429,not_returned
https://openalex.org/W3098005406,not_returned
https://openalex.org/W3098398944,not_returned
https://openalex.org/W3098857294,not_returned
https://openalex.org/W3100173740,not_returned
https://openalex.org/W3100490281,not_returned
https://openalex.org/W3101418457,not_returned
https://openalex.org/W3102263166,not_returned
https://openalex.org/W3102343717,not_returned
https://openalex.org/W3102723557,not_returned
https://openalex.org/W3103514768,not_returned
https://openalex.org/W3103590943,not_returned
https://openalex.org/W3103737011,not_returned
https://openalex.org/W3104362046,not_returned
https://openalex.org/W3104739175,not_returned
https://openalex.org/W3105327375,not_returned
https://openalex.org/W3105453180,not_returned
https://openalex.org/W3105527084,not_returned
https://openalex.org/W3106049425,not_returned
https://openalex.org/W3155597215,not_returned
https://openalex.org/W3166342502,not_returned
https://openalex.org/W6776385312,not_returned
https://openalex.org/W6838406843,not_returned
https://openalex.org/W6672398059,not_returned
https://openalex.org/W6840434115,not_returned
https://openalex.org/W2938447018,not_returned
https://openalex.org/W6625469151,not_returned
https://openalex.org/W6680008783,not_returned
https://openalex.org/W6709211749,not_returned
https://openalex.org/W6724114147,not_returned
https://openalex.org/W6729949057,not_returned
https://openalex.org/W6761805333,not_returned
https://openalex.org/W3014330958,not_returned
https://openalex.org/W3104341239,not_returned
https://openalex.org/W4206544889,not_returned
https://openalex.org/W2604272474,not_returned
https://openalex.org/W2962933288,not_returned
https://openalex.org/W2963952467,not_returned
https://openalex.org/W6769353967,not_returned
https://openalex.org/W3005633550,not_returned
https://openalex.org/W4244393449,not_returned
https://openalex.org/W6777754439,not_returned
https://openalex.org/W6782711341,not_returned
https://openalex.org/W4210775853,not_returned
https://openalex.org/W3125358592,not_returned
https://openalex.org/W6686051051,not_returned
https://openalex.org/W6712360337,not_returned
https://openalex.org/W6731919544,not_returned
https://openalex.org/W6744796111,not_returned
https://openalex.org/W6939681341,not_returned
https://openalex.org/W6958741195,not_returned
https://openalex.org/W4226517436,not_returned
https://openalex.org/W6605506293,not_returned
https://openalex.org/W6664125295,not_returned
https://openalex.org/W6846268835,not_returned
https://openalex.org/W6671061980,not_returned
https://openalex.org/W6706237132,not_returned
https://openalex.org/W6792946964,not_returned
https://openalex.org/W6804840736,not_returned
https://openalex.org/W6850022672,not_returned
https://openalex.org/W6861766791,not_returned
https://openalex.org/W6989900278,not_returned
https://openalex.org/W6999439319,not_returned
https://openalex.org/W7015184578,not_returned
https://openalex.org/W7027893609,not_returned
https://openalex.org/W7029399035,not_returned
https://openalex.org/W7033603323,not_returned
https://openalex.org/W7047471222,not_returned
https://openalex.org/W7052971845,not_returned
https://openalex.org/W7067432507,not_returned
https://openalex.org/W6627232445,not_returned
https://openalex.org/W6629808497,not_returned
https://openalex.org/W6744975541,not_returned
https://openalex.org/W4220722519,not_returned
https://openalex.org/W4221012768,not_returned
https://openalex.org/W6632734570,not_returned
https://openalex.org/W4226090447,not_returned
https://openalex.org/W6810579084,not_returned
https://openalex.org/W2961703895,not_returned
https://openalex.org/W3102244603,not_returned
https://openalex.org/W2963431494,not_returned
https://openalex.org/W6949148408,not_returned
https://openalex.org/W6959231413,not_returned
https://openalex.org/W3102244603,not_returned
https://openalex.org/W4205403320,not_returned
https://openalex.org/W4250589301,not_returned
https://openalex.org/W6636566387,not_returned
https://openalex.org/W6632620156,not_returned
https://openalex.org/W6739738626,not_returned
https://openalex.org/W6756029919,not_returned
https://openalex.org/W6793481262,not_returned
https://openalex.org/W6802026289,not_returned
https://openalex.org/W6861655984,not_returned
https://openalex.org/W6948299006,not_returned
https://openalex.org/W6892256227,not_returned
https://openalex.org/W6754896737,not_returned
https://openalex.org/W6847579436,not_returned
https://openalex.org/W6856088474,not_returned
https://openalex.org/W6860010975,not_returned
https://openalex.org/W6637297528,not_returned
https://openalex.org/W6669923829,not_returned
https://openalex.org/W6745321200,not_returned
https://openalex.org/W6751734419,not_returned
https://openalex.org/W6775918359,not_returned
https://openalex.org/W3098827009,not_returned
https://openalex.org/W3101705438,not_returned
https://openalex.org/W3105369740,not_returned
https://openalex.org/W3154838446,not_returned
https://openalex.org/W6753775711,not_returned
https://openalex.org/W6779507159,not_returned
https://openalex.org/W6852952940,not_returned
https://openalex.org/W6853824737,not_returned
https://openalex.org/W2296042795,not_returned
https://openalex.org/W6638510884,not_returned
https://openalex.org/W2483011231,not_returned
https://openalex.org/W6892875941,not_returned
https://openalex.org/W6893030579,not_returned
https://openalex.org/W6861472660,not_returned
https://openalex.org/W6680839639,not_returned
https://openalex.org/W6685125986,not_returned
https://openalex.org/W6713456621,not_returned
https://openalex.org/W4210898577,not_returned
https://openalex.org/W6658548378,not_returned
https://openalex.org/W6788091433,not_returned
https://openalex.org/W194875739,not_returned
https://openalex.org/W2308020741,not_returned
https://openalex.org/W3158906693,not_returned
https://openalex.org/W6835865567,not_returned
https://openalex.org/W7027563081,not_returned
https://openalex.org/W7055811966,not_returned
https://openalex.org/W6639343545,not_returned
https://openalex.org/W6641973978,not_returned
https://openalex.org/W6686409103,not_returned
https://openalex.org/W6619235450,not_returned
https://openalex.org/W6637229922,not_returned
https://openalex.org/W2046929875,not_returned
https://openalex.org/W4248681815,not_returned
https://openalex.org/W6679758355,not_returned
https://openalex.org/W6682308145,not_returned
https://openalex.org/W6699800755,not_returned
https://openalex.org/W6790508761,not_returned
https://openalex.org/W2963909149,not_returned
https://openalex.org/W3102053454,not_returned
https://openalex.org/W3177870469,not_returned
https://openalex.org/W3099814042,not_returned
https://openalex.org/W3102611432,not_returned
https://openalex.org/W3104260163,not_returned
https://openalex.org/W4206978143,not_returned
https://openalex.org/W4225316123,not_returned
https://openalex.org/W4229030231,not_returned
https://openalex.org/W4230544147,not_returned
https://openalex.org/W6603615201,not_returned
https://openalex.org/W6613316242,not_returned
https://openalex.org/W6666076075,not_returned
https://openalex.org/W6684375639,not_returned
https://openalex.org/W6727180403,not_returned
https://openalex.org/W6870455323,not_returned
https://openalex.org/W6859371040,not_returned
https://openalex.org/W2344268888,not_returned
https://openalex.org/W3119420868,not_returned
https://openalex.org/W4312290409,not_returned
https://openalex.org/W6605949320,not_returned
https://openalex.org/W6640309464,not_returned
https://openalex.org/W6724945531,not_returned
https://openalex.org/W6821922498,not_returned
https://openalex.org/W2648420140,not_returned
https://openalex.org/W2738210075,not_returned
https://openalex.org/W6755230390,not_returned
https://openalex.org/W6799884908,not_returned
https://openalex.org/W6803919944,not_returned
https://openalex.org/W6807008809,not_returned
https://openalex.org/W6807876091,not_returned
https://openalex.org/W6843019928,not_returned
https://openalex.org/W6654959027,not_returned
https://openalex.org/W6704261492,not_returned
https://openalex.org/W6727163054,not_returned
https://openalex.org/W6921213192,not_returned
https://openalex.org/W6959048537,not_returned
https://openalex.org/W6648284483,not_returned
https://openalex.org/W2025113236,not_returned
https://openalex.org/W2532183648,not_returned
https://openalex.org/W6722372028,not_returned
https://openalex.org/W4213330825,not_returned
https://openalex.org/W4225604190,not_returned
https://openalex.org/W6641757446,not_returned
https://openalex.org/W6769221040,not_returned
https://openalex.org/W6770828316,not_returned
https://openalex.org/W6868036230,not_returned
https://openalex.org/W2963767194,not_returned
https://openalex.org/W3182380222,not_returned
https://openalex.org/W3199041638,not_returned
https://openalex.org/W6638046521,not_returned
https://openalex.org/W6747063171,not_returned
https://openalex.org/W6791555302,not_returned
https://openalex.org/W6799256709,not_returned
https://openalex.org/W6851943455,not_returned
https://openalex.org/W6856463381,not_returned
https://openalex.org/W7038443880,not_returned
https://openalex.org/W3098335928,not_returned
https://openalex.org/W3098500199,not_returned
https://openalex.org/W3099327142,not_returned
https://openalex.org/W3102197895,not_returned
https://openalex.org/W3103132411,not_returned
https://openalex.org/W3123839246,not_returned
https://openalex.org/W4212970780,not_returned
https://openalex.org/W6911888594,not_returned
https://openalex.org/W6738148513,not_returned
https://openalex.org/W6602704194,not_returned
https://openalex.org/W6726902661,not_returned
https://openalex.org/W6893514965,not_returned
https://openalex.org/W6680492509,not_returned
https://openalex.org/W6605226921,not_returned
https://openalex.org/W6911589467,not_returned
https://openalex.org/W6911813563,not_returned
https://openalex.org/W6912013898,not_returned
https://openalex.org/W3094753305,not_returned
https://openalex.org/W3099629604,not_returned
https://openalex.org/W3100145146,not_returned
https://openalex.org/W3101144084,not_returned
https://openalex.org/W3102230680,not_returned
https://openalex.org/W3102549914,not_returned
https://openalex.org/W3103782454,not_returned
https://openalex.org/W3103846872,not_returned
https://openalex.org/W3103910670,not_returned
https://openalex.org/W3104012369,not_returned
https://openalex.org/W3104089052,not_returned
https://openalex.org/W3104668222,not_returned
https://openalex.org/W3105206382,not_returned
https://openalex.org/W3105239739,not_returned
https://openalex.org/W3105277756,not_returned
https://openalex.org/W3105451944,not_returned
https://openalex.org/W3105477036,not_returned
https://openalex.org/W3121198563,not_returned
https://openalex.org/W3124055148,not_returned
https://openalex.org/W3125070545,not_returned
https://openalex.org/W3164685053,not_returned
https://openalex.org/W3213364455,not_returned
https://openalex.org/W4281256738,not_returned
https://openalex.org/W6743313740,not_returned
https://openalex.org/W6755842014,not_returned
https://openalex.org/W6774475810,not_returned
https://openalex.org/W6784705740,not_returned
https://openalex.org/W6858277827,not_returned
https://openalex.org/W6859848879,not_returned
https://openalex.org/W3120493027,not_returned
https://openalex.org/W6684616594,not_returned
https://openalex.org/W6725800065,not_returned
https://openalex.org/W6948438705,not_returned
https://openalex.org/W6967532793,not_returned
https://openalex.org/W6607926188,not_returned
https://openalex.org/W6607951531,not_returned
https://openalex.org/W6807553959,not_returned
https://openalex.org/W6947854661,not_returned
https://openalex.org/W6601206172,not_returned
https://openalex.org/W4226145765,not_returned
https://openalex.org/W6712313876,not_returned
https://openalex.org/W6633658626,not_returned
https://openalex.org/W6643300626,not_returned
https://openalex.org/W6681952984,not_returned
https://openalex.org/W6779910493,not_returned
https://openalex.org/W6796335609,not_returned
https://openalex.org/W6855070011,not_returned
https://openalex.org/W7038737858,not_returned
https://openalex.org/W6622289908,not_returned
https://openalex.org/W6765352712,not_returned
https://openalex.org/W6779964181,not_returned
https://openalex.org/W6780804299,not_returned
https://openalex.org/W6782807182,not_returned
https://openalex.org/W6811760702,not_returned
https://openalex.org/W6818322188,not_returned
https://openalex.org/W3123634543,not_returned
https://openalex.org/W6606561701,not_returned
https://openalex.org/W6608563923,not_returned
https://openalex.org/W6631112768,not_returned
https://openalex.org/W6638380345,not_returned
https://openalex.org/W6908754072,not_returned
https://openalex.org/W6981474992,not_returned
https://openalex.org/W6986710585,not_returned
https://openalex.org/W6988017661,not_returned
https://openalex.org/W7015662229,not_returned
https://openalex.org/W7027082905,not_returned
https://openalex.org/W7036302047,not_returned
https://openalex.org/W7052970743,not_returned
https://openalex.org/W7057422596,not_returned
https://openalex.org/W7066158693,not_returned
https://openalex.org/W6684173463,not_returned
https://openalex.org/W6755896185,not_returned
https://openalex.org/W4310386780,not_returned
https://openalex.org/W6631638895,not_returned
https://openalex.org/W6777716040,not_returned
https://openalex.org/W3106094481,not_returned
https://openalex.org/W6902073234,not_returned
https://openalex.org/W6939536336,not_returned
https://openalex.org/W6939587646,not_returned
https://openalex.org/W6939868759,not_returned
https://openalex.org/W6939948312,not_returned
https://openalex.org/W6940246953,not_returned
https://openalex.org/W6976775283,not_returned
https://openalex.org/W6977214705,not_returned
https://openalex.org/W6977307981,not_returned
https://openalex.org/W6977814801,not_returned
https://openalex.org/W6892277864,not_returned
https://openalex.org/W6929433543,not_returned
https://openalex.org/W6948094118,not_returned
https://openalex.org/W6948301624,not_returned
https://openalex.org/W4214810885,not_returned
https://openalex.org/W4225913157,not_returned
https://openalex.org/W6849391087,not_returned
https://openalex.org/W7034318750,not_returned
https://openalex.org/W6652641856,not_returned
https://openalex.org/W6673715311,not_returned
https://openalex.org/W6677108153,not_returned
https://openalex.org/W6713981114,not_returned
https://openalex.org/W6770105071,not_returned
https://openalex.org/W6796977281,not_returned
https://openalex.org/W6848981518,not_returned
https://openalex.org/W2332568958,not_returned
https://openalex.org/W2600814427,not_returned
https://openalex.org/W3099646988,not_returned
https://openalex.org/W3103252997,not_returned
https://openalex.org/W3208032532,not_returned
https://openalex.org/W4297997263,not_returned
https://openalex.org/W6686750891,not_returned
https://openalex.org/W6810411736,not_returned
https://openalex.org/W6866563984,not_returned
https://openalex.org/W4212984409,not_returned
https://openalex.org/W6697833232,not_returned
https://openalex.org/W1201749067,not_returned
https://openalex.org/W3124410800,not_returned
https://openalex.org/W6600210932,not_returned
https://openalex.org/W6674385629,not_returned
https://openalex.org/W6674989872,not_returned
https://openalex.org/W6878089565,not_returned
https://openalex.org/W7075681480,not_returned
https://openalex.org/W3098790947,not_returned
https://openalex.org/W3098961841,not_returned
https://openalex.org/W3099369182,not_returned
https://openalex.org/W3103614059,not_returned
https://openalex.org/W3103714828,not_returned
https://openalex.org/W3104243987,not_returned
https://openalex.org/W3104311499,not_returned
https://openalex.org/W3104430781,not_returned
https://openalex.org/W3105019629,not_returned
https://openalex.org/W3106094130,not_returned
https://openalex.org/W3106094881,not_returned
https://openalex.org/W3106313144,not_returned
https://openalex.org/W3111229082,not_returned
https://openalex.org/W3121392225,not_returned
https://openalex.org/W3123018380,not_returned
https://openalex.org/W6745633951,not_returned
https://openalex.org/W6776773840,not_returned
https://openalex.org/W7074234824,not_returned
https://openalex.org/W3099178054,not_returned
https://openalex.org/W3101062390,not_returned
https://openalex.org/W3103011820,not_returned
https://openalex.org/W3135145783,not_returned
https://openalex.org/W4225791729,not_returned
https://openalex.org/W4295678686,not_returned
https://openalex.org/W4220874303,not_returned
https://openalex.org/W4225529913,not_returned
https://openalex.org/W4226191029,not_returned
https://openalex.org/W6775671363,not_returned
https://openalex.org/W6853138656,not_returned
https://openalex.org/W6869792608,not_returned
https://openalex.org/W6636566387,not_returned
https://openalex.org/W6696452938,not_returned
https://openalex.org/W6945190751,not_returned
https://openalex.org/W6959231413,not_returned
https://openalex.org/W6647941293,not_returned
https://openalex.org/W6681202834,not_returned
https://openalex.org/W6685622690,not_returned
https://openalex.org/W6739901393,not_returned
https://openalex.org/W6765927240,not_returned
https://openalex.org/W6768140178,not_returned
https://openalex.org/W6775384881,not_returned
https://openalex.org/W6793918292,not_returned
https://openalex.org/W6800286998,not_returned
https://openalex.org/W6803376547,not_returned
https://openalex.org/W6810200420,not_returned
https://openalex.org/W6627615177,not_returned
https://openalex.org/W6696977290,not_returned
https://openalex.org/W6730312410,not_returned
https://openalex.org/W6730331861,not_returned
https://openalex.org/W6758898144,not_returned
https://openalex.org/W6768069718,not_returned
https://openalex.org/W6781044380,not_returned
https://openalex.org/W6790682968,not_returned
https://openalex.org/W6714712811,not_returned
https://openalex.org/W4411392672,not_returned
https://openalex.org/W6931058607,not_returned
https://openalex.org/W3215520284,not_returned
https://openalex.org/W4226056375,not_returned
https://openalex.org/W1981792553,not_returned
https://openalex.org/W3125746058,not_returned
https://openalex.org/W7036593860,not_returned
https://openalex.org/W3212560231,not_returned
https://openalex.org/W6608843951,not_returned
https://openalex.org/W6628942999,not_returned
https://openalex.org/W6747863276,not_returned
https://openalex.org/W6787638359,not_returned
https://openalex.org/W6795469225,not_returned
https://openalex.org/W6859421927,not_returned
https://openalex.org/W6640606139,not_returned
https://openalex.org/W6790901742,not_returned
https://openalex.org/W6861063342,not_returned
https://openalex.org/W6697486271,not_returned
https://openalex.org/W3201019806,not_returned
https://openalex.org/W3102055493,not_returned
https://openalex.org/W3102381539,not_returned
https://openalex.org/W3103443762,not_returned
https://openalex.org/W3105689416,not_returned
https://openalex.org/W3160813655,not_returned
https://openalex.org/W4206490985,not_returned
https://openalex.org/W4280553575,not_returned
https://openalex.org/W6632114405,not_returned
https://openalex.org/W6685112792,not_returned
https://openalex.org/W6853613441,not_returned
https://openalex.org/W6780890595,not_returned
https://openalex.org/W6791286706,not_returned
https://openalex.org/W6807739312,not_returned
https://openalex.org/W6637541119,not_returned
https://openalex.org/W7036926168,not_returned
https://openalex.org/W3099029142,not_returned
https://openalex.org/W3099033830,not_returned
https://openalex.org/W3099987147,not_returned
https://openalex.org/W3100305808,not_returned
https://openalex.org/W3100401287,not_returned
https://openalex.org/W3100678736,not_returned
https://openalex.org/W3101198334,not_returned
https://openalex.org/W3102793581,not_returned
https://openalex.org/W3103771949,not_returned
https://openalex.org/W3105902516,not_returned
https://openalex.org/W3108161022,not_returned
https://openalex.org/W3123315311,not_returned
https://openalex.org/W3125587561,not_returned
https://openalex.org/W3213350242,not_returned
https://openalex.org/W4206069136,not_returned
https://openalex.org/W6605063479,not_returned
https://openalex.org/W6605065671,not_returned
https://openalex.org/W6608481991,not_returned
https://openalex.org/W6636668092,not_returned
https://openalex.org/W6683855792,not_returned
https://openalex.org/W6791321501,not_returned
https://openalex.org/W6929961465,not_returned
https://openalex.org/W6860763984,not_returned
https://openalex.org/W6877239647,not_returned
https://openalex.org/W3124975047,not_returned
https://openalex.org/W4238866732,not_returned
https://openalex.org/W3101954609,not_returned
https://openalex.org/W2168912860,not_returned
https://openalex.org/W3099616015,not_returned
https://openalex.org/W3100439880,not_returned
https://openalex.org/W3100450304,not_returned
https://openalex.org/W3101238164,not_returned
https://openalex.org/W3102871878,not_returned
https://openalex.org/W3104728800,not_returned
https://openalex.org/W3104863121,not_returned
https://openalex.org/W4394924883,not_returned
https://openalex.org/W3100254789,not_returned
https://openalex.org/W3100626482,not_returned
https://openalex.org/W3102635494,not_returned
https://openalex.org/W3104728800,not_returned
https://openalex.org/W3121339456,not_returned
https://openalex.org/W3121714128,not_returned
https://openalex.org/W6636139940,not_returned
https://openalex.org/W6661778083,not_returned
https://openalex.org/W2979717185,not_returned
https://openalex.org/W4200572105,not_returned
https://openalex.org/W4220848838,not_returned
https://openalex.org/W4225579829,not_returned
https://openalex.org/W4226389700,not_returned
https://openalex.org/W6748328607,not_returned
https://openalex.org/W6801225449,not_returned
https://openalex.org/W6680643807,not_returned
https://openalex.org/W6769417417,not_returned
https://openalex.org/W6770676891,not_returned
https://openalex.org/W6782405144,not_returned
https://openalex.org/W6807474698,not_returned
https://openalex.org/W6860386829,not_returned
https://openalex.org/W3103803145,not_returned
https://openalex.org/W3106266371,not_returned
https://openalex.org/W3106419168,not_returned
https://openalex.org/W3126368770,not_returned
https://openalex.org/W3154410347,not_returned
https://openalex.org/W3155567600,not_returned
https://openalex.org/W4295312788,not_returned
https://openalex.org/W2996073524,not_returned
https://openalex.org/W4210251308,not_returned
https://openalex.org/W4210715495,not_returned
https://openalex.org/W4226443173,not_returned
https://openalex.org/W4229075288,not_returned
https://openalex.org/W2158314215,not_returned
https://openalex.org/W4205919723,not_returned
https://openalex.org/W3205606639,not_returned
https://openalex.org/W3211625622,not_returned
https://openalex.org/W3213942197,not_returned
https://openalex.org/W4205919723,not_returned
https://openalex.org/W4205997728,not_returned
https://openalex.org/W4206216377,not_returned
https://openalex.org/W4286001583,not_returned
https://openalex.org/W4286688623,not_returned
https://openalex.org/W4292230945,not_returned
https://openalex.org/W2951624434,not_returned
https://openalex.org/W2963390433,not_returned
https://openalex.org/W4233123035,not_returned
https://openalex.org/W2886409168,not_returned
https://openalex.org/W4236757690,not_returned
https://openalex.org/W3098249847,not_returned
https://openalex.org/W4230271968,not_returned
https://openalex.org/W6831944858,not_returned
https://openalex.org/W7033091360,not_returned
https://openalex.org/W6756365180,not_returned
https://openalex.org/W6683992316,not_returned
https://openalex.org/W6860722979,not_returned
https://openalex.org/W3023156458,not_returned
https://openalex.org/W4229076755,not_returned
https://openalex.org/W6959615417,not_returned
https://openalex.org/W6959806227,not_returned
https://openalex.org/W3121369410,not_returned
https://openalex.org/W6617161650,not_returned
https://openalex.org/W6620329392,not_returned
https://openalex.org/W6960219626,not_returned
https://openalex.org/W7082527790,not_returned
https://openalex.org/W2976513880,not_returned
https://openalex.org/W3207833463,not_returned
https://openalex.org/W3216521614,not_returned
https://openalex.org/W4313227180,not_returned
https://openalex.org/W6638801799,not_returned
https://openalex.org/W6755788883,not_returned
https://openalex.org/W6857717519,not_returned
https://openalex.org/W6859726262,not_returned
https://openalex.org/W6862754151,not_returned
https://openalex.org/W6863497331,not_returned
https://openalex.org/W6869702775,not_returned
https://openalex.org/W6870169374,not_returned
https://openalex.org/W6874539716,not_returned
https://openalex.org/W2147141749,not_returned
https://openalex.org/W6695204218,not_returned
https://openalex.org/W6778151076,not_returned
https://openalex.org/W6801239838,not_returned
https://openalex.org/W6862219428,not_returned
https://openalex.org/W3162172987,not_returned
https://openalex.org/W6739901393,not_returned
https://openalex.org/W6778883912,not_returned
https://openalex.org/W6638017028,not_returned
https://openalex.org/W6641135132,not_returned
https://openalex.org/W6678612830,not_returned
https://openalex.org/W6681277572,not_returned
https://openalex.org/W6749466177,not_returned
https://openalex.org/W3106178528,not_returned
https://openalex.org/W6600291067,not_returned
https://openalex.org/W6611359220,not_returned
https://openalex.org/W7045807653,not_returned
https://openalex.org/W3103647500,not_returned
https://openalex.org/W3104856277,not_returned
https://openalex.org/W3048701627,not_returned
https://openalex.org/W4214928229,not_returned
https://openalex.org/W4290282057,not_returned
https://openalex.org/W6600278025,not_returned
https://openalex.org/W6639936089,not_returned
https://openalex.org/W6642332254,not_returned
https://openalex.org/W6642657073,not_returned
https://openalex.org/W6715180169,not_returned
https://openalex.org/W6906205388,not_returned
https://openalex.org/W6925160391,not_returned
https://openalex.org/W6944016272,not_returned
https://openalex.org/W2162694078,not_returned
https://openalex.org/W4225960012,not_returned
https://openalex.org/W6759846673,not_returned
https://openalex.org/W7030093471,not_returned
https://openalex.org/W3099814042,not_returned
https://openalex.org/W3103683500,not_returned
https://openalex.org/W3103745898,not_returned
https://openalex.org/W3104438747,not_returned
https://openalex.org/W3105782036,not_returned
https://openalex.org/W3122853355,not_returned
https://openalex.org/W3153097845,not_returned
https://openalex.org/W3123957099,not_returned
https://openalex.org/W3124735584,not_returned
https://openalex.org/W3165184413,not_returned
https://openalex.org/W4211249683,not_returned
https://openalex.org/W6604294036,not_returned
https://openalex.org/W6633737402,not_returned
https://openalex.org/W6635919148,not_returned
https://openalex.org/W6638279534,not_returned
https://openalex.org/W6639850679,not_returned
https://openalex.org/W6653435953,not_returned
https://openalex.org/W6670598717,not_returned
https://openalex.org/W6804927672,not_returned
https://openalex.org/W6746548892,not_returned
https://openalex.org/W6906523143,not_returned
https://openalex.org/W6873350400,not_returned
https://openalex.org/W6619476801,not_returned
https://openalex.org/W6892151347,not_returned
https://openalex.org/W6906681735,not_returned
https://openalex.org/W6907970777,not_returned
https://openalex.org/W7073589336,not_returned
https://openalex.org/W6636118370,not_returned
https://openalex.org/W6666438232,not_returned
https://openalex.org/W6728897228,not_returned
https://openalex.org/W6855534075,not_returned
https://openalex.org/W6862620112,not_returned
https://openalex.org/W6869283797,not_returned
https://openalex.org/W4206970633,not_returned
https://openalex.org/W4229020617,not_returned
https://openalex.org/W2017173992,not_returned
https://openalex.org/W6737028071,not_returned
https://openalex.org/W6784675965,not_returned
https://openalex.org/W6999335398,not_returned
https://openalex.org/W7080189883,not_returned
https://openalex.org/W2916328532,not_returned
https://openalex.org/W6885455574,not_returned
https://openalex.org/W6637485935,not_returned
https://openalex.org/W6680714096,not_returned
https://openalex.org/W4213150287,not_returned
https://openalex.org/W3110877271,not_returned
https://openalex.org/W4205994666,not_returned
https://openalex.org/W6750498173,not_returned
https://openalex.org/W7062604469,not_returned
https://openalex.org/W2109631166,not_returned
https://openalex.org/W3158099307,not_returned
https://openalex.org/W6631045033,not_returned
https://openalex.org/W6633527678,not_returned
https://openalex.org/W6636182419,not_returned
https://openalex.org/W6638949701,not_returned
https://openalex.org/W6728032365,not_returned
https://openalex.org/W6785960693,not_returned
https://openalex.org/W6812265799,not_returned
https://openalex.org/W6852521357,not_returned
https://openalex.org/W6860363387,not_returned
https://openalex.org/W6908624841,not_returned
https://openalex.org/W6658003424,not_returned
https://openalex.org/W6842608846,not_returned
https://openalex.org/W6650553872,not_returned
https://openalex.org/W6697390635,not_returned
https://openalex.org/W6701106857,not_returned
https://openalex.org/W6756929720,not_returned
https://openalex.org/W6687780495,not_returned
https://openalex.org/W6700551719,not_returned
https://openalex.org/W6785462536,not_returned
https://openalex.org/W6866482867,not_returned
https://openalex.org/W6670110541,not_returned
https://openalex.org/W6671690960,not_returned
https://openalex.org/W6983685232,not_returned
https://openalex.org/W6804241141,not_returned
https://openalex.org/W6861907718,not_returned
https://openalex.org/W6693199996,not_returned
https://openalex.org/W6772468152,not_returned
https://openalex.org/W6825101089,not_returned
https://openalex.org/W6847965580,not_returned
https://openalex.org/W6856727338,not_returned
https://openalex.org/W3094140884,not_returned
https://openalex.org/W3098615751,not_returned
https://openalex.org/W3099003517,not_returned
https://openalex.org/W3099375786,not_returned
https://openalex.org/W3100783953,not_returned
https://openalex.org/W3102014803,not_returned
https://openalex.org/W3104062568,not_returned
https://openalex.org/W3105322177,not_returned
https://openalex.org/W3105401727,not_returned
https://openalex.org/W3210537603,not_returned
https://openalex.org/W4297954147,not_returned
https://openalex.org/W4309811201,not_returned
https://openalex.org/W6657362792,not_returned
https://openalex.org/W6863059820,not_returned
https://openalex.org/W6717879336,not_returned
https://openalex.org/W6681649704,not_returned
https://openalex.org/W3150635270,not_returned
https://openalex.org/W2962872385,not_returned
https://openalex.org/W6765779288,not_returned
https://openalex.org/W6779823529,not_returned
https://openalex.org/W6798736220,not_returned
https://openalex.org/W3204901048,not_returned
https://openalex.org/W6773230509,not_returned
https://openalex.org/W6862350994,not_returned
https://openalex.org/W6869383892,not_returned
https://openalex.org/W6615542392,not_returned
https://openalex.org/W6784207389,not_returned
https://openalex.org/W6608361079,not_returned
https://openalex.org/W6611042337,not_returned
https://openalex.org/W7073624733,not_returned
https://openalex.org/W6855788490,not_returned
https://openalex.org/W6628731935,not_returned
https://openalex.org/W6672100712,not_returned
https://openalex.org/W6676768469,not_returned
https://openalex.org/W6687265442,not_returned
https://openalex.org/W6693827418,not_returned
https://openalex.org/W6759022092,not_returned
https://openalex.org/W6766475892,not_returned
https://openalex.org/W6766845199,not_returned
https://openalex.org/W6767617275,not_returned
https://openalex.org/W6778989981,not_returned
https://openalex.org/W6852282411,not_returned
https://openalex.org/W6852450503,not_returned
https://openalex.org/W6684981709,not_returned
https://openalex.org/W6768918676,not_returned
https://openalex.org/W6778885590,not_returned
https://openalex.org/W6851067540,not_returned
https://openalex.org/W6852114826,not_returned
https://openalex.org/W6860930300,not_returned
https://openalex.org/W6603121314,not_returned
https://openalex.org/W6607169751,not_returned
https://openalex.org/W6618669868,not_returned
https://openalex.org/W6680467689,not_returned
https://openalex.org/W7037826548,not_returned
https://openalex.org/W6631190155,not_returned
https://openalex.org/W6645607943,not_returned
https://openalex.org/W6747766732,not_returned
https://openalex.org/W6779823529,not_returned
https://openalex.org/W6783531618,not_returned
https://openalex.org/W6786009103,not_returned
https://openalex.org/W6797179183,not_returned
https://openalex.org/W6811291704,not_returned
https://openalex.org/W6861360016,not_returned
https://openalex.org/W6861518573,not_returned
https://openalex.org/W6649639474,not_returned
https://openalex.org/W6728765967,not_returned
https://openalex.org/W6769846664,not_returned
https://openalex.org/W6809509812,not_returned
https://openalex.org/W6862376926,not_returned
https://openalex.org/W6839109910,not_returned
https://openalex.org/W6686628978,not_returned
https://openalex.org/W6715303226,not_returned
https://openalex.org/W6682580257,not_returned
https://openalex.org/W6692892683,not_returned
https://openalex.org/W6807556630,not_returned
https://openalex.org/W6617431418,not_returned
https://openalex.org/W6636790978,not_returned
https://openalex.org/W6675692384,not_returned
https://openalex.org/W2525023633,not_returned
https://openalex.org/W6805721896,not_returned
https://openalex.org/W6930543609,not_returned
https://openalex.org/W4226093113,not_returned
https://openalex.org/W4226186770,not_returned
https://openalex.org/W3098129780,not_returned
https://openalex.org/W3100446834,not_returned
https://openalex.org/W3102600591,not_returned
https://openalex.org/W3102867806,not_returned
https://openalex.org/W3104062568,not_returned
https://openalex.org/W3106029673,not_returned
https://openalex.org/W3106254089,not_returned
https://openalex.org/W3107592972,not_returned
https://openalex.org/W3125918582,not_returned
https://openalex.org/W3200917128,not_returned
https://openalex.org/W4295045789,not_returned
https://openalex.org/W4226139336,not_returned
https://openalex.org/W3016870925,not_returned
https://openalex.org/W4213178930,not_returned
https://openalex.org/W7044122726,not_returned
https://openalex.org/W2997165591,not_returned
https://openalex.org/W6636352135,not_returned
https://openalex.org/W3161274099,not_returned
https://openalex.org/W3197728339,not_returned
https://openalex.org/W3200138407,not_returned
https://openalex.org/W4287775750,not_returned
https://openalex.org/W4376044081,not_returned
https://openalex.org/W6712944776,not_returned
https://openalex.org/W6647033399,not_returned
https://openalex.org/W6652962960,not_returned
https://openalex.org/W6653617808,not_returned
https://openalex.org/W6654706366,not_returned
https://openalex.org/W6655684116,not_returned
https://openalex.org/W6665248503,not_returned
https://openalex.org/W6666294678,not_returned
https://openalex.org/W6668709296,not_returned
https://openalex.org/W6676927039,not_returned
https://openalex.org/W6677372434,not_returned
https://openalex.org/W6692699816,not_returned
https://openalex.org/W6693594527,not_returned
https://openalex.org/W6726905857,not_returned
https://openalex.org/W6729427988,not_returned
https://openalex.org/W6752649430,not_returned
https://openalex.org/W6752809560,not_returned
https://openalex.org/W6752958450,not_returned
https://openalex.org/W6762404249,not_returned
https://openalex.org/W6784601571,not_returned
https://openalex.org/W6810871410,not_returned
https://openalex.org/W6856355242,not_returned
https://openalex.org/W6681168894,not_returned
https://openalex.org/W6700791076,not_returned
https://openalex.org/W6781946581,not_returned
https://openalex.org/W6799972981,not_returned
https://openalex.org/W6849242551,not_returned
https://openalex.org/W6796341423,not_returned
https://openalex.org/W6804446103,not_returned
https://openalex.org/W6854137885,not_returned
https://openalex.org/W6697601265,not_returned
https://openalex.org/W6652404559,not_returned
https://openalex.org/W6682372395,not_returned
https://openalex.org/W6723868856,not_returned
https://openalex.org/W6737528398,not_returned
https://openalex.org/W6740683617,not_returned
https://openalex.org/W7074039598,not_returned
https://openalex.org/W3105773893,not_returned
https://openalex.org/W3216660278,not_returned
https://openalex.org/W6634645708,not_returned
https://openalex.org/W6678363330,not_returned
https://openalex.org/W6777391960,not_returned
https://openalex.org/W6922222858,not_returned
https://openalex.org/W4225285810,not_returned
https://openalex.org/W6643820995,not_returned
https://openalex.org/W6670036555,not_returned
https://openalex.org/W6922222858,not_returned
https://openalex.org/W6606244218,not_returned
https://openalex.org/W6713145158,not_returned
https://openalex.org/W6738199216,not_returned
https://openalex.org/W6762718338,not_returned
https://openalex.org/W6774314701,not_returned
https://openalex.org/W6791353385,not_returned
https://openalex.org/W6638130529,not_returned
https://openalex.org/W6712920029,not_returned
https://openalex.org/W181132972,not_returned
https://openalex.org/W6629597194,not_returned
https://openalex.org/W6633511726,not_returned
https://openalex.org/W6635050697,not_returned
https://openalex.org/W6660946398,not_returned
https://openalex.org/W6666875966,not_returned
https://openalex.org/W6675643965,not_returned
https://openalex.org/W6685204782,not_returned
https://openalex.org/W6725038865,not_returned
https://openalex.org/W6744126121,not_returned
https://openalex.org/W6794324784,not_returned
https://openalex.org/W6808173290,not_returned
https://openalex.org/W7020888575,not_returned
https://openalex.org/W7071854998,not_returned
https://openalex.org/W3099814042,not_returned
https://openalex.org/W3103683500,not_returned
https://openalex.org/W3105782036,not_returned
https://openalex.org/W6776790639,not_returned
https://openalex.org/W3110169626,not_returned
https://openalex.org/W3171218277,not_returned
https://openalex.org/W6600137863,not_returned
https://openalex.org/W6814003322,not_returned
https://openalex.org/W3122600007,not_returned
https://openalex.org/W3123821384,not_returned
https://openalex.org/W3124309523,not_returned
https://openalex.org/W3124624406,not_returned
https://openalex.org/W3126118284,not_returned
https://openalex.org/W4210288477,not_returned
https://openalex.org/W6604743090,not_returned
https://openalex.org/W6604936284,not_returned
https://openalex.org/W6636915900,not_returned
https://openalex.org/W6642353749,not_returned
https://openalex.org/W6650820226,not_returned
https://openalex.org/W6673667360,not_returned
https://openalex.org/W6681698971,not_returned
https://openalex.org/W6736966538,not_returned
https://openalex.org/W6738612829,not_returned
https://openalex.org/W6765686365,not_returned
https://openalex.org/W6771946752,not_returned
https://openalex.org/W6775546313,not_returned
https://openalex.org/W6780181700,not_returned
https://openalex.org/W6803376173,not_returned
https://openalex.org/W6808417889,not_returned
https://openalex.org/W6839789532,not_returned
https://openalex.org/W4411392672,not_returned
https://openalex.org/W6718867754,not_returned
https://openalex.org/W6770123922,not_returned
https://openalex.org/W6846841974,not_returned
https://openalex.org/W7074243411,not_returned
https://openalex.org/W4406155046,not_returned
https://openalex.org/W6637416167,not_returned
https://openalex.org/W6645740008,not_returned
https://openalex.org/W6851198271,not_returned
https://openalex.org/W6996257814,not_returned
https://openalex.org/W7073832134,not_returned
https://openalex.org/W6810669734,not_returned
https://openalex.org/W6929720400,not_returned
https://openalex.org/W6949526656,not_returned
https://openalex.org/W6960907435,not_returned
https://openalex.org/W6999393448,not_returned
https://openalex.org/W7023428515,not_returned
https://openalex.org/W7075586084,not_returned
https://openalex.org/W3099146111,not_returned
https://openalex.org/W3102720119,not_returned
https://openalex.org/W3104636704,not_returned
https://openalex.org/W6684371421,not_returned
https://openalex.org/W6798635429,not_returned
https://openalex.org/W6802870169,not_returned
https://openalex.org/W7027030973,not_returned
https://openalex.org/W6863716240,not_returned
https://openalex.org/W6871948641,not_returned
https://openalex.org/W4220989938,not_returned
https://openalex.org/W4226029975,not_returned
https://openalex.org/W6678157069,not_returned
https://openalex.org/W6800404248,not_returned
https://openalex.org/W6865145082,not_returned
https://openalex.org/W6725311943,not_returned
https://openalex.org/W6731230564,not_returned
https://openalex.org/W6737298479,not_returned
https://openalex.org/W6771714252,not_returned
https://openalex.org/W2963122961,not_returned
https://openalex.org/W4225255173,not_returned
https://openalex.org/W6685543844,not_returned
https://openalex.org/W6697634301,not_returned
https://openalex.org/W6859523632,not_returned
https://openalex.org/W1201749067,not_returned
https://openalex.org/W6681682065,not_returned
https://openalex.org/W6697267379,not_returned
https://openalex.org/W6700288762,not_returned
https://openalex.org/W6729270620,not_returned
https://openalex.org/W6784946327,not_returned
https://openalex.org/W6849604238,not_returned
https://openalex.org/W6633417505,not_returned
https://openalex.org/W4226149134,not_returned
https://openalex.org/W2963227054,not_returned
https://openalex.org/W2969232873,not_returned
https://openalex.org/W3104566386,not_returned
https://openalex.org/W6636124462,not_returned
https://openalex.org/W6756946018,not_returned
https://openalex.org/W6604304922,not_returned
https://openalex.org/W6663718991,not_returned
https://openalex.org/W6734093888,not_returned
https://openalex.org/W7052254568,not_returned
https://openalex.org/W6763282846,not_returned
https://openalex.org/W3186309583,not_returned
https://openalex.org/W6853003254,not_returned
https://openalex.org/W6602190171,not_returned
https://openalex.org/W6605278261,not_returned
https://openalex.org/W6606913885,not_returned
https://openalex.org/W6637699761,not_returned
https://openalex.org/W6870325380,not_returned
https://openalex.org/W2501779499,not_returned
https://openalex.org/W6800167855,not_returned
https://openalex.org/W6766953489,not_returned
https://openalex.org/W6872400722,not_returned
https://openalex.org/W2172270063,not_returned
https://openalex.org/W2490898939,not_returned
https://openalex.org/W2962742471,not_returned
https://openalex.org/W3033941809,not_returned
https://openalex.org/W3087832814,not_returned
https://openalex.org/W3090340529,not_returned
https://openalex.org/W3098901573,not_returned
https://openalex.org/W3099661759,not_returned
https://openalex.org/W3100382299,not_returned
https://openalex.org/W3100517574,not_returned
https://openalex.org/W3103302017,not_returned
https://openalex.org/W3103909119,not_returned
https://openalex.org/W3104479789,not_returned
https://openalex.org/W3136558436,not_returned
https://openalex.org/W3197530338,not_returned
https://openalex.org/W4284882817,not_returned
https://openalex.org/W6969512037,not_returned
https://openalex.org/W3142915818,not_returned
https://openalex.org/W6670807256,not_returned
https://openalex.org/W6757047726,not_returned
https://openalex.org/W7074050543,not_returned
https://openalex.org/W7075586461,not_returned
https://openalex.org/W7075736444,not_returned
https://openalex.org/W2964042421,not_returned
https://openalex.org/W3098307479,not_returned
https://openalex.org/W3099608236,not_returned
https://openalex.org/W3100515080,not_returned
https://openalex.org/W3102000137,not_returned
https://openalex.org/W3102501197,not_returned
https://openalex.org/W3104406892,not_returned
https://openalex.org/W3104562450,not_returned
https://openalex.org/W3105995392,not_returned
https://openalex.org/W3106154096,not_returned
https://openalex.org/W3106205355,not_returned
https://openalex.org/W3138313696,not_returned
https://openalex.org/W4399907223,not_returned
https://openalex.org/W6912985574,not_returned
https://openalex.org/W2142721422,not_returned
https://openalex.org/W6608790803,not_returned
https://openalex.org/W4255938156,not_returned
https://openalex.org/W6634526209,not_returned
https://openalex.org/W7033365179,not_returned
https://openalex.org/W6856258845,not_returned
https://openalex.org/W6875707147,not_returned
https://openalex.org/W4220987299,not_returned
https://openalex.org/W4226365566,not_returned
https://openalex.org/W6693390969,not_returned
https://openalex.org/W3144782227,not_returned
https://openalex.org/W6686966722,not_returned
https://openalex.org/W6793268499,not_returned
https://openalex.org/W6803652988,not_returned
https://openalex.org/W6803659117,not_returned
https://openalex.org/W6811359821,not_returned
https://openalex.org/W6873139175,not_returned
https://openalex.org/W6677336263,not_returned
https://openalex.org/W6737663175,not_returned
https://openalex.org/W6855334064,not_returned
https://openalex.org/W6868858038,not_returned
https://openalex.org/W6869071227,not_returned
https://openalex.org/W6631816260,not_returned
https://openalex.org/W6770991408,not_returned
https://openalex.org/W2963037989,not_returned
https://openalex.org/W2993182889,not_returned
https://openalex.org/W3176831374,not_returned
https://openalex.org/W6741036071,not_returned
https://openalex.org/W6745935785,not_returned
https://openalex.org/W6750749703,not_returned
https://openalex.org/W6753468839,not_returned
https://openalex.org/W6777046832,not_returned
https://openalex.org/W6784545786,not_returned
https://openalex.org/W2962691384,not_returned
https://openalex.org/W2962819920,not_returned
https://openalex.org/W2995545873,not_returned
https://openalex.org/W3094595762,not_returned
https://openalex.org/W3011221771,not_returned
https://openalex.org/W3098089347,not_returned
https://openalex.org/W3098790947,not_returned
https://openalex.org/W3099057661,not_returned
https://openalex.org/W3099445296,not_returned
https://openalex.org/W3100575885,not_returned
https://openalex.org/W3105390848,not_returned
https://openalex.org/W3106247334,not_returned
https://openalex.org/W3123550779,not_returned
https://openalex.org/W3132511822,not_returned
https://openalex.org/W3197082558,not_returned
https://openalex.org/W3156669901,not_returned
https://openalex.org/W3176502563,not_returned
https://openalex.org/W4206648492,not_returned
https://openalex.org/W6966844147,not_returned
https://openalex.org/W3186309583,not_returned
https://openalex.org/W3099616713,not_returned
https://openalex.org/W3100525239,not_returned
https://openalex.org/W3100988723,not_returned
https://openalex.org/W3102014803,not_returned
https://openalex.org/W3103276181,not_returned
https://openalex.org/W3103685199,not_returned
https://openalex.org/W3103965076,not_returned
https://openalex.org/W3104895428,not_returned
https://openalex.org/W3105854230,not_returned
https://openalex.org/W3122773803,not_returned
https://openalex.org/W3123550779,not_returned
https://openalex.org/W6775192165,not_returned
https://openalex.org/W6780691314,not_returned
https://openalex.org/W7073665817,not_returned
https://openalex.org/W6665001004,not_returned
https://openalex.org/W6724933598,not_returned
https://openalex.org/W6760840395,not_returned
https://openalex.org/W6761093839,not_returned
https://openalex.org/W6762276279,not_returned
https://openalex.org/W6777291960,not_returned
https://openalex.org/W6782164241,not_returned
https://openalex.org/W6785716055,not_returned
https://openalex.org/W6852289901,not_returned
https://openalex.org/W6718426782,not_returned
https://openalex.org/W6966896589,not_returned
https://openalex.org/W6967313042,not_returned
https://openalex.org/W6646182305,not_returned
https://openalex.org/W6679141186,not_returned
https://openalex.org/W6716105475,not_returned
https://openalex.org/W6751632958,not_returned
https://openalex.org/W6758882995,not_returned
https://openalex.org/W6783961824,not_returned
https://openalex.org/W6868023955,not_returned
https://openalex.org/W6652255035,not_returned
https://openalex.org/W6764010985,not_returned
https://openalex.org/W7075633074,not_returned
https://openalex.org/W6704266155,not_returned
https://openalex.org/W4211223259,not_returned
https://openalex.org/W6606388802,not_returned
https://openalex.org/W6679054419,not_returned
https://openalex.org/W6862989007,not_returned
https://openalex.org/W6636567604,not_returned
https://openalex.org/W6839191510,not_returned
https://openalex.org/W6849709433,not_returned
https://openalex.org/W6600096798,not_returned
https://openalex.org/W6608375976,not_returned
https://openalex.org/W1573077361,not_returned
https://openalex.org/W4225509043,not_returned
https://openalex.org/W6672592694,not_returned
https://openalex.org/W2236623899,not_returned
https://openalex.org/W3101814833,not_returned
https://openalex.org/W6631927982,not_returned
https://openalex.org/W6635288097,not_returned
https://openalex.org/W6638980069,not_returned
https://openalex.org/W6678911119,not_returned
https://openalex.org/W6679970901,not_returned
https://openalex.org/W4226022525,not_returned
https://openalex.org/W6675886469,not_returned
https://openalex.org/W6682992135,not_returned
https://openalex.org/W6786783967,not_returned
https://openalex.org/W6853265314,not_returned
https://openalex.org/W6869659162,not_returned
https://openalex.org/W2963805080,not_returned
https://openalex.org/W6604274123,not_returned
https://openalex.org/W6676170769,not_returned
https://openalex.org/W6680069083,not_returned
https://openalex.org/W6685764665,not_returned
https://openalex.org/W6719786346,not_returned
https://openalex.org/W6760542532,not_returned
https://openalex.org/W6763231262,not_returned
https://openalex.org/W4205624542,not_returned
https://openalex.org/W2895831233,not_returned
https://openalex.org/W2952382295,not_returned
https://openalex.org/W3100416609,not_returned
https://openalex.org/W3102611432,not_returned
https://openalex.org/W6748033643,not_returned
https://openalex.org/W6786874340,not_returned
https://openalex.org/W3195381059,not_returned
https://openalex.org/W6721232178,not_returned
https://openalex.org/W6740705602,not_returned
https://openalex.org/W6743507782,not_returned
https://openalex.org/W6753254131,not_returned
https://openalex.org/W6760361587,not_returned
https://openalex.org/W6772737239,not_returned
https://openalex.org/W6776302864,not_returned
https://openalex.org/W6780355206,not_returned
https://openalex.org/W6780788286,not_returned
https://openalex.org/W6872378800,not_returned
https://openalex.org/W6765011397,not_returned
https://openalex.org/W6791312860,not_returned
https://openalex.org/W4220769547,not_returned
https://openalex.org/W3201455390,not_returned
https://openalex.org/W3099882506,not_returned
https://openalex.org/W3102872723,not_returned
https://openalex.org/W6628957982,not_returned
https://openalex.org/W3099423427,not_returned
https://openalex.org/W6601241090,not_returned
https://openalex.org/W6640579827,not_returned
https://openalex.org/W6823045577,not_returned
https://openalex.org/W6684027706,not_returned
https://openalex.org/W6716591342,not_returned
https://openalex.org/W6780149328,not_returned
https://openalex.org/W6785296130,not_returned
https://openalex.org/W6837449150,not_returned
https://openalex.org/W6847201352,not_returned
https://openalex.org/W6848608072,not_returned
https://openalex.org/W6638922827,not_returned
https://openalex.org/W6684827916,not_returned
https://openalex.org/W6684930184,not_returned
https://openalex.org/W6694537303,not_returned
https://openalex.org/W6756250179,not_returned
https://openalex.org/W6871262945,not_returned
https://openalex.org/W1987826795,not_returned
https://openalex.org/W2908383791,not_returned
https://openalex.org/W6638453969,not_returned
https://openalex.org/W6716500238,not_returned
https://openalex.org/W6748687104,not_returned
https://openalex.org/W6757862641,not_returned
https://openalex.org/W6818392747,not_returned
https://openalex.org/W3125039557,not_returned
https://openalex.org/W6632042564,not_returned
https://openalex.org/W6649908568,not_returned
https://openalex.org/W6736960337,not_returned
https://openalex.org/W6753884200,not_returned
https://openalex.org/W6802341134,not_returned
https://openalex.org/W6618018791,not_returned
https://openalex.org/W6676273098,not_returned
https://openalex.org/W6694995880,not_returned
https://openalex.org/W6745108314,not_returned
https://openalex.org/W6760334922,not_returned
https://openalex.org/W6830844936,not_returned
https://openalex.org/W3157173860,not_returned
https://openalex.org/W3176566042,not_returned
https://openalex.org/W4289763872,not_returned
https://openalex.org/W4256692134,not_returned
https://openalex.org/W6664467554,not_returned
https://openalex.org/W2059083047,not_returned
https://openalex.org/W2074639618,not_returned
https://openalex.org/W6603441475,not_returned
https://openalex.org/W6629202031,not_returned
https://openalex.org/W6635937077,not_returned
https://openalex.org/W6639446464,not_returned
https://openalex.org/W6676243906,not_returned
https://openalex.org/W6686320437,not_returned
https://openalex.org/W6714167645,not_returned
https://openalex.org/W6717117913,not_returned
https://openalex.org/W6717302985,not_returned
https://openalex.org/W6718061442,not_returned
https://openalex.org/W6720418883,not_returned
https://openalex.org/W6753291338,not_returned
https://openalex.org/W6763916894,not_returned
https://openalex.org/W6769131041,not_returned
https://openalex.org/W6778120316,not_returned
https://openalex.org/W6789269743,not_returned
https://openalex.org/W6800741936,not_returned
https://openalex.org/W6806994911,not_returned
https://openalex.org/W6838586136,not_returned
https://openalex.org/W6842447553,not_returned
https://openalex.org/W6853857269,not_returned
https://openalex.org/W6854031898,not_returned
https://openalex.org/W6854105004,not_returned
https://openalex.org/W6861830914,not_returned
https://openalex.org/W4290852327,not_returned
https://openalex.org/W6756011485,not_returned
https://openalex.org/W6776708688,not_returned
https://openalex.org/W6838750806,not_returned
https://openalex.org/W6846988067,not_returned
https://openalex.org/W6857763390,not_returned
https://openalex.org/W6859504961,not_returned
https://openalex.org/W6873329172,not_returned
https://openalex.org/W4376595369,not_returned
https://openalex.org/W6796581206,not_returned
https://openalex.org/W6859165492,not_returned
https://openalex.org/W1761322838,not_returned
https://openalex.org/W1981030602,not_returned
https://openalex.org/W2964087321,not_returned
https://openalex.org/W2984571287,not_returned
https://openalex.org/W3098903678,not_returned
https://openalex.org/W3098907028,not_returned
https://openalex.org/W3099853610,not_returned
https://openalex.org/W3100203643,not_returned
https://openalex.org/W3100302622,not_returned
https://openalex.org/W3100445047,not_returned
https://openalex.org/W3100873285,not_returned
https://openalex.org/W3101012297,not_returned
https://openalex.org/W3101048365,not_returned
https://openalex.org/W3101129033,not_returned
https://openalex.org/W3101597562,not_returned
https://openalex.org/W3101889479,not_returned
https://openalex.org/W3101899679,not_returned
https://openalex.org/W3102262863,not_returned
https://openalex.org/W3102334017,not_returned
https://openalex.org/W3104343793,not_returned
https://openalex.org/W3104556279,not_returned
https://openalex.org/W3104656920,not_returned
https://openalex.org/W3104730542,not_returned
https://openalex.org/W3105296684,not_returned
https://openalex.org/W3105672396,not_returned
https://openalex.org/W3106022358,not_returned
https://openalex.org/W3106176341,not_returned
https://openalex.org/W3106182096,not_returned
https://openalex.org/W3106335500,not_returned
https://openalex.org/W3120092411,not_returned
https://openalex.org/W3121711486,not_returned
https://openalex.org/W3124013957,not_returned
https://openalex.org/W3125334667,not_returned
https://openalex.org/W3135080566,not_returned
https://openalex.org/W3135258549,not_returned
https://openalex.org/W6969115258,not_returned
https://openalex.org/W4241819366,not_returned
https://openalex.org/W6853045027,not_returned
https://openalex.org/W7065786077,not_returned
https://openalex.org/W4226093007,not_returned
https://openalex.org/W4226421340,not_returned
https://openalex.org/W6642809226,not_returned
https://openalex.org/W6868057355,not_returned
https://openalex.org/W6796764680,not_returned
https://openalex.org/W6640617122,not_returned
https://openalex.org/W6644682428,not_returned
https://openalex.org/W6675354045,not_returned
https://openalex.org/W6726296085,not_returned
https://openalex.org/W4210256325,not_returned
https://openalex.org/W4255027551,not_returned
https://openalex.org/W6605413476,not_returned
https://openalex.org/W6630130632,not_returned
https://openalex.org/W6632971716,not_returned
https://openalex.org/W6633801822,not_returned
https://openalex.org/W6636342395,not_returned
https://openalex.org/W6652847485,not_returned
https://openalex.org/W6686604055,not_returned
https://openalex.org/W6698932697,not_returned
https://openalex.org/W6717864388,not_returned
https://openalex.org/W6721898272,not_returned
https://openalex.org/W6767699219,not_returned
https://openalex.org/W6772661619,not_returned
https://openalex.org/W6783359074,not_returned
https://openalex.org/W6795492643,not_returned
https://openalex.org/W6871382882,not_returned
https://openalex.org/W6788457149,not_returned
https://openalex.org/W2945165529,not_returned
https://openalex.org/W3123831277,not_returned
https://openalex.org/W3123970885,not_returned
https://openalex.org/W6697558712,not_returned
https://openalex.org/W6718098258,not_returned
https://openalex.org/W5457035,not_returned
https://openalex.org/W2061828456,not_returned
https://openalex.org/W2063829818,not_returned
https://openalex.org/W3124957330,not_returned
https://openalex.org/W3125937743,not_returned
https://openalex.org/W4212985032,not_returned
https://openalex.org/W6809797951,not_returned
https://openalex.org/W6921480288,not_returned
https://openalex.org/W4302827845,not_returned
https://openalex.org/W6730267373,not_returned
https://openalex.org/W6739901393,not_returned
https://openalex.org/W6759579507,not_returned
https://openalex.org/W6853251322,not_returned
https://openalex.org/W6929549605,not_returned
https://openalex.org/W6735372543,not_returned
https://openalex.org/W6786438810,not_returned
https://openalex.org/W6939677539,not_returned
https://openalex.org/W6767035975,not_returned
https://openalex.org/W6806191785,not_returned
https://openalex.org/W6852349918,not_returned
https://openalex.org/W6797214308,not_returned
https://openalex.org/W6802006936,not_returned
https://openalex.org/W6887913194,not_returned
https://openalex.org/W6838274826,not_returned
https://openalex.org/W6666513438,not_returned
https://openalex.org/W6783360225,not_returned
https://openalex.org/W6831895251,not_returned
https://openalex.org/W3016777079,not_returned
https://openalex.org/W3147952773,not_returned
https://openalex.org/W6640572098,not_returned
https://openalex.org/W6681654991,not_returned
https://openalex.org/W6712190067,not_returned
https://openalex.org/W6948321272,not_returned
https://openalex.org/W6639272505,not_returned
https://openalex.org/W6681429889,not_returned
https://openalex.org/W6682314459,not_returned
https://openalex.org/W6800469441,not_returned
https://openalex.org/W6873739582,not_returned
https://openalex.org/W7073780284,not_returned
https://openalex.org/W6601346332,not_returned
https://openalex.org/W6632760065,not_returned
https://openalex.org/W6678825438,not_returned
https://openalex.org/W6680070927,not_returned
https://openalex.org/W6738516224,not_returned
https://openalex.org/W6770358763,not_returned
https://openalex.org/W6775748976,not_returned
https://openalex.org/W6790614965,not_returned
https://openalex.org/W6810819671,not_returned
https://openalex.org/W6606682017,not_returned
https://openalex.org/W6657242792,not_returned
https://openalex.org/W6715695663,not_returned
https://openalex.org/W6771644086,not_returned
https://openalex.org/W6811113224,not_returned
https://openalex.org/W6850633080,not_returned
https://openalex.org/W6858551528,not_returned
https://openalex.org/W6872900574,not_returned
https://openalex.org/W6875769350,not_returned
https://openalex.org/W6789612834,not_returned
https://openalex.org/W6850429748,not_returned
https://openalex.org/W6871055844,not_returned
https://openalex.org/W4225977730,not_returned
https://openalex.org/W3209024737,not_returned
https://openalex.org/W6968687841,not_returned
https://openalex.org/W6795031591,not_returned
https://openalex.org/W6802104032,not_returned
https://openalex.org/W6855766219,not_returned
https://openalex.org/W6858786928,not_returned
https://openalex.org/W6865264152,not_returned
https://openalex.org/W6869227382,not_returned
https://openalex.org/W4411392672,not_returned
https://openalex.org/W6996784427,not_returned
https://openalex.org/W6660246812,not_returned
https://openalex.org/W6661539189,not_returned
https://openalex.org/W6685494605,not_returned
https://openalex.org/W6723528669,not_returned
https://openalex.org/W6733638177,not_returned
https://openalex.org/W6751276392,not_returned
https://openalex.org/W6756691388,not_returned
https://openalex.org/W6760513150,not_returned
https://openalex.org/W4207004303,not_returned
https://openalex.org/W6788374264,not_returned
https://openalex.org/W4206748252,not_returned
https://openalex.org/W7054657000,not_returned
https://openalex.org/W2607507525,not_returned
https://openalex.org/W6629200860,not_returned
https://openalex.org/W6694544175,not_returned
https://openalex.org/W6869620999,not_returned
https://openalex.org/W6980096884,not_returned
https://openalex.org/W6982624438,not_returned
https://openalex.org/W3098215361,not_returned
https://openalex.org/W3105629305,not_returned
https://openalex.org/W3158099307,not_returned
https://openalex.org/W2136023648,not_returned
https://openalex.org/W6603238402,not_returned
https://openalex.org/W6616943929,not_returned
https://openalex.org/W7030123355,not_returned
https://openalex.org/W3046369228,not_returned
https://openalex.org/W3127362370,not_returned
https://openalex.org/W4255084180,not_returned
https://openalex.org/W2988196502,not_returned
https://openalex.org/W3098393148,not_returned
https://openalex.org/W3100242525,not_returned
https://openalex.org/W3100383555,not_returned
https://openalex.org/W3101856994,not_returned
https://openalex.org/W3102197895,not_returned
https://openalex.org/W3102306221,not_returned
https://openalex.org/W3105326287,not_returned
https://openalex.org/W3106004755,not_returned
https://openalex.org/W3123839246,not_returned
https://openalex.org/W3183927240,not_returned
https://openalex.org/W3206781741,not_returned
https://openalex.org/W4392293446,not_returned
https://openalex.org/W4401275175,not_returned
https://openalex.org/W6636684921,not_returned
https://openalex.org/W6680255230,not_returned
https://openalex.org/W6786184017,not_returned
https://openalex.org/W6863488771,not_returned
https://openalex.org/W6872820864,not_returned
https://openalex.org/W6872826703,not_returned
https://openalex.org/W4399577727,not_returned
https://openalex.org/W6757118201,not_returned
https://openalex.org/W6887927980,not_returned
https://openalex.org/W6887942245,not_returned
https://openalex.org/W6888005555,not_returned
https://openalex.org/W6888018674,not_returned
https://openalex.org/W6944396406,not_returned
https://openalex.org/W7034290409,not_returned
https://openalex.org/W6605660861,not_returned
https://openalex.org/W6687391076,not_returned
https://openalex.org/W6765496459,not_returned
https://openalex.org/W6821651675,not_returned
https://openalex.org/W3099814042,not_returned
https://openalex.org/W3100230296,not_returned
https://openalex.org/W3102611432,not_returned
https://openalex.org/W3103683500,not_returned
https://openalex.org/W4295312788,not_returned
https://openalex.org/W1975623725,not_returned
https://openalex.org/W3102129039,not_returned
https://openalex.org/W3173147770,not_returned
https://openalex.org/W3123173048,not_returned
https://openalex.org/W3123890320,not_returned
https://openalex.org/W6608070043,not_returned
https://openalex.org/W6770586215,not_returned
https://openalex.org/W6782895898,not_returned
https://openalex.org/W7056077995,not_returned
https://openalex.org/W3102564565,not_returned
https://openalex.org/W3156465006,not_returned
https://openalex.org/W6666875296,not_returned
https://openalex.org/W6802308666,not_returned
https://openalex.org/W6888902104,not_returned
https://openalex.org/W6893324176,not_returned
https://openalex.org/W6683963272,not_returned
https://openalex.org/W6776484311,not_returned
https://openalex.org/W6683243388,not_returned
https://openalex.org/W6777606053,not_returned
https://openalex.org/W6850289440,not_returned
https://openalex.org/W3005222590,not_returned
https://openalex.org/W3098221295,not_returned
https://openalex.org/W3099146111,not_returned
https://openalex.org/W3099363866,not_returned
https://openalex.org/W3099490443,not_returned
https://openalex.org/W3099924128,not_returned
https://openalex.org/W3100567887,not_returned
https://openalex.org/W3102768819,not_returned
https://openalex.org/W3104134028,not_returned
https://openalex.org/W3104569238,not_returned
https://openalex.org/W3105157981,not_returned
https://openalex.org/W3105767433,not_returned
https://openalex.org/W3158974058,not_returned
https://openalex.org/W3163980457,not_returned
https://openalex.org/W3164445194,not_returned
https://openalex.org/W2025113236,not_returned
https://openalex.org/W6907947368,not_returned
https://openalex.org/W4221030787,not_returned
https://openalex.org/W2963460797,not_returned
https://openalex.org/W3098844916,not_returned
https://openalex.org/W2953320111,not_returned
https://openalex.org/W3098377510,not_returned
https://openalex.org/W3098409623,not_returned
https://openalex.org/W3099814042,not_returned
https://openalex.org/W3100018573,not_returned
https://openalex.org/W3101869822,not_returned
https://openalex.org/W3103683500,not_returned
https://openalex.org/W3103878125,not_returned
https://openalex.org/W3104438747,not_returned
https://openalex.org/W3105782036,not_returned
https://openalex.org/W3122853355,not_returned
https://openalex.org/W3124825980,not_returned
https://openalex.org/W3126022735,not_returned
https://openalex.org/W3153097845,not_returned
https://openalex.org/W3155304201,not_returned
https://openalex.org/W3100618065,not_returned
https://openalex.org/W3101363214,not_returned
https://openalex.org/W4366462678,not_returned
https://openalex.org/W3098220822,not_returned
https://openalex.org/W3098222704,not_returned
https://openalex.org/W3100273056,not_returned
https://openalex.org/W3100685542,not_returned
https://openalex.org/W3100752182,not_returned
https://openalex.org/W3101128907,not_returned
https://openalex.org/W3103066939,not_returned
https://openalex.org/W3103575815,not_returned
https://openalex.org/W3104728800,not_returned
https://openalex.org/W3105475698,not_returned
https://openalex.org/W3105906803,not_returned
https://openalex.org/W3106508174,not_returned
https://openalex.org/W3117648562,not_returned
https://openalex.org/W3121966899,not_returned
https://openalex.org/W3125882627,not_returned
https://openalex.org/W3160030944,not_returned
https://openalex.org/W6944279301,not_returned
https://openalex.org/W6944443183,not_returned
https://openalex.org/W6964408833,not_returned
https://openalex.org/W2978725006,not_returned
https://openalex.org/W4200561246,not_returned
https://openalex.org/W4225643912,not_returned
https://openalex.org/W3084772092,not_returned
https://openalex.org/W6902842841,not_returned
https://openalex.org/W6940150648,not_returned
https://openalex.org/W6940213112,not_returned
https://openalex.org/W6958747878,not_returned
https://openalex.org/W6964791771,not_returned
https://openalex.org/W6977707227,not_returned
https://openalex.org/W2907944255,not_returned
https://openalex.org/W3124630312,not_returned
https://openalex.org/W4244147025,not_returned
https://openalex.org/W4205714481,not_returned
https://openalex.org/W4225396975,not_returned
https://openalex.org/W4226321666,not_returned
https://openalex.org/W3100157108,not_returned
https://openalex.org/W6967919164,not_returned
https://openalex.org/W4200435065,not_returned
https://openalex.org/W4248933783,not_returned
https://openalex.org/W2169302147,not_returned
https://openalex.org/W4220753965,not_returned
https://openalex.org/W4224277461,not_returned
https://openalex.org/W3099191600,not_returned
https://openalex.org/W3100699223,not_returned
https://openalex.org/W3102230680,not_returned
https://openalex.org/W3103233012,not_returned
https://openalex.org/W3103448990,not_returned
https://openalex.org/W3103700436,not_returned
https://openalex.org/W3104570194,not_returned
https://openalex.org/W3106170694,not_returned
https://openalex.org/W3204286869,not_returned
https://openalex.org/W2183065571,not_returned
https://openalex.org/W4411392672,not_returned
https://openalex.org/W4411392672,not_returned
https://openalex.org/W4250461442,not_returned
https://openalex.org/W4225587545,not_returned
https://openalex.org/W2963877097,not_returned
https://openalex.org/W2964311904,not_returned
https://openalex.org/W2973441443,not_returned
https://openalex.org/W3014508506,not_returned
https://openalex.org/W3015652178,not_returned
https://openalex.org/W3019203882,not_returned
https://openalex.org/W3100159707,not_returned
https://openalex.org/W3101435958,not_returned
https://openalex.org/W3112563613,not_returned
https://openalex.org/W3138912609,not_returned
https://openalex.org/W3157766147,not_returned
https://openalex.org/W3204490664,not_returned
https://openalex.org/W3213476957,not_returned
https://openalex.org/W4295268746,not_returned
https://openalex.org/W3171188815,not_returned
https://openalex.org/W3097274528,not_returned
https://openalex.org/W3146613606,not_returned
https://openalex.org/W6967919164,not_returned
https://openalex.org/W4411392672,not_returned
https://openalex.org/W2085494338,not_returned
https://openalex.org/W3102641634,not_returned
https://openalex.org/W3153869003,not_returned
https://openalex.org/W2994830568,not_returned
https://openalex.org/W4225707399,not_returned
https://openalex.org/W3105240097,not_returned
https://openalex.org/W4206563937,not_returned
https://openalex.org/W4210494174,not_returned
https://openalex.org/W4387773429,not_returned
https://openalex.org/W3205749470,not_returned
https://openalex.org/W4210791648,not_returned
https://openalex.org/W4211243502,not_returned
https://openalex.org/W4411392672,not_returned
https://openalex.org/W4206471589,not_returned
https://openalex.org/W4229018519,not_returned
https://openalex.org/W3099350624,not_returned
https://openalex.org/W3099760025,not_returned
https://openalex.org/W3104984361,not_returned
https://openalex.org/W3105669292,not_returned
https://openalex.org/W3205023833,not_returned
https://openalex.org/W4226276174,not_returned
https://openalex.org/W4411392672,not_returned
https://openalex.org/W4225959197,not_returned
https://openalex.org/W4226265595,not_returned
https://openalex.org/W2146320994,not_returned
https://openalex.org/W3004147653,not_returned
https://openalex.org/W2303528716,not_returned
https://openalex.org/W2999258273,not_returned
https://openalex.org/W3100781752,not_returned
https://openalex.org/W3101696393,not_returned
https://openalex.org/W3101930298,not_returned
https://openalex.org/W3103814412,not_returned
https://openalex.org/W3104683924,not_returned
https://openalex.org/W3089779446,not_returned
https://openalex.org/W4200613624,not_returned
https://openalex.org/W3098629121,not_returned
https://openalex.org/W3099369182,not_returned
https://openalex.org/W3099814257,not_returned
https://openalex.org/W3104728800,not_returned
https://openalex.org/W3104730542,not_returned
https://openalex.org/W3177906286,not_returned
https://openalex.org/W4400418136,not_returned
https://openalex.org/W3098136397,not_returned
https://openalex.org/W3099069130,not_returned
https://openalex.org/W3099658771,not_returned
https://openalex.org/W3099849763,not_returned
https://openalex.org/W3099933281,not_returned
https://openalex.org/W3099953821,not_returned
https://openalex.org/W3101095874,not_returned
https://openalex.org/W3101131646,not_returned
https://openalex.org/W3102780421,not_returned
https://openalex.org/W3103167567,not_returned
https://openalex.org/W3103181187,not_returned
https://openalex.org/W3103901556,not_returned
https://openalex.org/W3105208962,not_returned
https://openalex.org/W3105549795,not_returned
https://openalex.org/W3105582293,not_returned
https://openalex.org/W3105979980,not_returned
https://openalex.org/W3106122278,not_returned
https://openalex.org/W3106298984,not_returned
https://openalex.org/W4206773015,not_returned
https://openalex.org/W4253769861,not_returned
https://openalex.org/W3124742002,not_returned
https://openalex.org/W3124145192,not_returned
https://openalex.org/W3126027044,not_returned
https://openalex.org/W3159798701,not_returned
https://openalex.org/W3200573582,not_returned
https://openalex.org/W6949922809,not_returned
https://openalex.org/W6968260138,not_returned
https://openalex.org/W3007696269,not_returned
https://openalex.org/W3010014472,not_returned
https://openalex.org/W3099938065,not_returned
https://openalex.org/W3101611557,not_returned
https://openalex.org/W3102712081,not_returned
https://openalex.org/W3103181187,not_returned
https://openalex.org/W3103941714,not_returned
https://openalex.org/W3106145954,not_returned
https://openalex.org/W3106170694,not_returned
https://openalex.org/W4388317804,not_returned
https://openalex.org/W4410765978,not_returned
https://openalex.org/W4280642660,not_returned
https://openalex.org/W1201749067,not_returned
https://openalex.org/W3099814042,not_returned
https://openalex.org/W3101363214,not_returned
https://openalex.org/W3101869822,not_returned
https://openalex.org/W3102611432,not_returned
https://openalex.org/W3103683500,not_returned
https://openalex.org/W3105406718,not_returned
https://openalex.org/W3105990006,not_returned
https://openalex.org/W4366462678,not_returned
https://openalex.org/W4396904063,not_returned
https://openalex.org/W4213180963,not_returned
https://openalex.org/W3207833463,not_returned
https://openalex.org/W3216521614,not_returned
https://openalex.org/W4313227180,not_returned
https://openalex.org/W3014714397,not_returned
https://openalex.org/W4200470582,not_returned
https://openalex.org/W6949199792,not_returned
https://openalex.org/W3015938454,not_returned
https://openalex.org/W3105629718,not_returned
https://openalex.org/W3133931590,not_returned
https://openalex.org/W7075872045,not_returned
https://openalex.org/W3099814042,not_returned
https://openalex.org/W3103683500,not_returned
https://openalex.org/W3103722330,not_returned
https://openalex.org/W3153097845,not_returned
https://openalex.org/W3094633181,not_returned
https://openalex.org/W3098161776,not_returned
https://openalex.org/W3103882241,not_returned
https://openalex.org/W3104977741,not_returned
https://openalex.org/W3105065117,not_returned
https://openalex.org/W3105332292,not_returned
https://openalex.org/W6912139625,not_returned
https://openalex.org/W2963563136,not_returned
https://openalex.org/W3122586224,not_returned
https://openalex.org/W4400600810,not_returned
https://openalex.org/W4281386332,not_returned
https://openalex.org/W6892159797,not_returned
https://openalex.org/W3124972474,not_returned
https://openalex.org/W3125154729,not_returned
https://openalex.org/W3149902754,not_returned
https://openalex.org/W3021087668,not_returned
https://openalex.org/W7083695672,not_returned
https://openalex.org/W3096609285,not_returned
https://openalex.org/W3123143230,not_returned
https://openalex.org/W2963400073,not_returned
https://openalex.org/W2977616754,not_returned
https://openalex.org/W2981897634,not_returned
https://openalex.org/W3145871289,not_returned
https://openalex.org/W3208180310,not_returned
https://openalex.org/W3216933404,not_returned
https://openalex.org/W4223621111,not_returned
https://openalex.org/W4226333452,not_returned
https://openalex.org/W4210275858,not_returned
https://openalex.org/W2143233814,not_returned
https://openalex.org/W1998253114,not_returned
https://openalex.org/W3023160000,not_returned
https://openalex.org/W4225506596,not_returned
https://openalex.org/W6889680257,not_returned
https://openalex.org/W2758840874,not_returned
https://openalex.org/W2951672137,not_returned
https://openalex.org/W2963165251,not_returned
https://openalex.org/W2973628901,not_returned
https://openalex.org/W3020263945,not_returned
https://openalex.org/W3217173135,not_returned
https://openalex.org/W4213451376,not_returned
https://openalex.org/W2963413409,not_returned
https://openalex.org/W3195753438,not_returned
https://openalex.org/W4206078812,not_returned
https://openalex.org/W4210728668,not_returned
https://openalex.org/W4226333822,not_returned
https://openalex.org/W3088353768,not_returned
https://openalex.org/W4287162274,not_returned
https://openalex.org/W4301597511,not_returned
https://openalex.org/W6893928221,not_returned
https://openalex.org/W6969418918,not_returned
https://openalex.org/W2105722596,not_returned
https://openalex.org/W2963626393,not_returned
https://openalex.org/W6949001534,not_returned
https://openalex.org/W2053552436,not_returned
https://openalex.org/W2117786871,not_returned
https://openalex.org/W3134846988,not_returned
https://openalex.org/W7084056498,not_returned
https://openalex.org/W2034306361,not_returned
https://openalex.org/W6912848246,not_returned
https://openalex.org/W2963288738,not_returned
https://openalex.org/W3113009972,not_returned
https://openalex.org/W6887746096,not_returned
https://openalex.org/W4288325255,not_returned
https://openalex.org/W6926714461,not_returned
https://openalex.org/W6977428404,not_returned
https://openalex.org/W2963003308,not_returned
https://openalex.org/W3012621877,not_returned
https://openalex.org/W1972264551,not_returned
https://openalex.org/W2488709105,not_returned
https://openalex.org/W4205507929,not_returned
https://openalex.org/W4249247825,not_returned
https://openalex.org/W7078756996,not_returned
https://openalex.org/W3011877239,not_returned
https://openalex.org/W4250589301,not_returned
https://openalex.org/W7084056498,not_returned
https://openalex.org/W4206099957,not_returned
https://openalex.org/W2963413409,not_returned
https://openalex.org/W4313591884,not_returned
https://openalex.org/W2962960827,not_returned
https://openalex.org/W2963108679,not_returned
https://openalex.org/W2964237960,not_returned
https://openalex.org/W3004147653,not_returned
https://openalex.org/W4213269786,not_returned
https://openalex.org/W6884600126,not_returned
https://openalex.org/W2954040150,not_returned
https://openalex.org/W4247690662,not_returned
https://openalex.org/W4287756134,not_returned
https://openalex.org/W2972449503,not_returned
https://openalex.org/W2618530766,not_returned
https://openalex.org/W4376616081,not_returned
https://openalex.org/W2952160489,not_returned
https://openalex.org/W3101390974,not_returned
https://openalex.org/W3102244703,not_returned
https://openalex.org/W3102690211,not_returned
https://openalex.org/W3103553255,not_returned
https://openalex.org/W3105173544,not_returned
https://openalex.org/W6785706739,not_returned
https://openalex.org/W6846714186,not_returned
https://openalex.org/W6603691354,not_returned
https://openalex.org/W6629531000,not_returned
https://openalex.org/W6805607565,not_returned
https://openalex.org/W2963626393,not_returned
https://openalex.org/W3098564610,not_returned
https://openalex.org/W3099462218,not_returned
https://openalex.org/W3099535812,not_returned
https://openalex.org/W3100397452,not_returned
https://openalex.org/W3100778795,not_returned
https://openalex.org/W3101539222,not_returned
https://openalex.org/W3102364569,not_returned
https://openalex.org/W3102561388,not_returned
https://openalex.org/W3102620471,not_returned
https://openalex.org/W3104127565,not_returned
https://openalex.org/W3105021753,not_returned
https://openalex.org/W3105102067,not_returned
https://openalex.org/W3105203003,not_returned
https://openalex.org/W3106079717,not_returned
https://openalex.org/W3106246295,not_returned
https://openalex.org/W3123063098,not_returned
https://openalex.org/W4212970780,not_returned
https://openalex.org/W6647975832,not_returned
https://openalex.org/W6748740636,not_returned
https://openalex.org/W7001867580,not_returned
https://openalex.org/W1543672175,not_returned
https://openalex.org/W6825425800,not_returned
https://openalex.org/W6635520899,not_returned
https://openalex.org/W6712440101,not_returned
https://openalex.org/W6743333030,not_returned
https://openalex.org/W6744214798,not_returned
https://openalex.org/W6790803763,not_returned
https://openalex.org/W6793546081,not_returned
https://openalex.org/W6794465407,not_returned
https://openalex.org/W6805014603,not_returned
https://openalex.org/W6850187699,not_returned
https://openalex.org/W6851597060,not_returned
https://openalex.org/W6854275998,not_returned
https://openalex.org/W6856272441,not_returned
https://openalex.org/W6873954185,not_returned
https://openalex.org/W6784838859,not_returned
https://openalex.org/W3103346293,not_returned
https://openalex.org/W3105195789,not_returned
https://openalex.org/W3157409062,not_returned
https://openalex.org/W6616144201,not_returned
https://openalex.org/W6702959510,not_returned
https://openalex.org/W6754785915,not_returned
https://openalex.org/W6762658282,not_returned
https://openalex.org/W3100618065,not_returned
https://openalex.org/W3101215066,not_returned
https://openalex.org/W3102185061,not_returned
https://openalex.org/W3105782036,not_returned
https://openalex.org/W3125479215,not_returned
https://openalex.org/W3193620644,not_returned
https://openalex.org/W4286436537,not_returned
https://openalex.org/W6600332794,not_returned
https://openalex.org/W6603443879,not_returned
https://openalex.org/W6609930444,not_returned
https://openalex.org/W6620230337,not_returned
https://openalex.org/W6628140767,not_returned
https://openalex.org/W6670766117,not_returned
https://openalex.org/W6675184654,not_returned
https://openalex.org/W6678134785,not_returned
https://openalex.org/W6678754554,not_returned
https://openalex.org/W6686533054,not_returned
https://openalex.org/W6687856280,not_returned
https://openalex.org/W6688344488,not_returned
https://openalex.org/W6719812521,not_returned
https://openalex.org/W6722672619,not_returned
https://openalex.org/W6805029875,not_returned
https://openalex.org/W6875964227,not_returned
https://openalex.org/W7018102484,not_returned
https://openalex.org/W3124624706,not_returned
https://openalex.org/W3125999890,not_returned
https://openalex.org/W3099814042,not_returned
https://openalex.org/W3100618065,not_returned
https://openalex.org/W3102185061,not_returned
https://openalex.org/W3103683500,not_returned
https://openalex.org/W3193620644,not_returned
https://openalex.org/W4286436537,not_returned
https://openalex.org/W6676636582,not_returned
https://openalex.org/W6761992874,not_returned
https://openalex.org/W6768729591,not_returned
https://openalex.org/W6663084891,not_returned
https://openalex.org/W4205373255,not_returned
https://openalex.org/W6639158558,not_returned
https://openalex.org/W6948857020,not_returned
https://openalex.org/W6649121092,not_returned
https://openalex.org/W6651919059,not_returned
https://openalex.org/W6742094196,not_returned
https://openalex.org/W6769642338,not_returned
https://openalex.org/W7073918552,not_returned
https://openalex.org/W6821388271,not_returned
https://openalex.org/W6849287018,not_returned
https://openalex.org/W6727958627,not_returned
https://openalex.org/W6729418667,not_returned
https://openalex.org/W3183581360,not_returned
https://openalex.org/W6607396458,not_returned
https://openalex.org/W3214279814,not_returned
https://openalex.org/W6636894901,not_returned
https://openalex.org/W6775978521,not_returned
https://openalex.org/W3098629121,not_returned
https://openalex.org/W3100604412,not_returned
https://openalex.org/W3100646037,not_returned
https://openalex.org/W3101907055,not_returned
https://openalex.org/W3101961972,not_returned
https://openalex.org/W3103241104,not_returned
https://openalex.org/W3104062568,not_returned
https://openalex.org/W3104898357,not_returned
https://openalex.org/W3104901148,not_returned
https://openalex.org/W3105092509,not_returned
https://openalex.org/W3106094130,not_returned
https://openalex.org/W6703531154,not_returned
https://openalex.org/W6768376006,not_returned
https://openalex.org/W6855929596,not_returned
https://openalex.org/W6741486590,not_returned
https://openalex.org/W6750398466,not_returned
https://openalex.org/W3100742171,not_returned
https://openalex.org/W3169920290,not_returned
https://openalex.org/W6627383888,not_returned
https://openalex.org/W6682631176,not_returned
https://openalex.org/W6742849729,not_returned
https://openalex.org/W6866159504,not_returned
https://openalex.org/W6898505805,not_returned
https://openalex.org/W6683418251,not_returned
https://openalex.org/W6981755702,not_returned
https://openalex.org/W1984569312,not_returned
https://openalex.org/W6656940216,not_returned
https://openalex.org/W6693275420,not_returned
https://openalex.org/W6741615118,not_returned
https://openalex.org/W6852492963,not_returned
https://openalex.org/W2091611776,not_returned
https://openalex.org/W3023779253,not_returned
https://openalex.org/W3102113520,not_returned
https://openalex.org/W3102641634,not_returned
https://openalex.org/W3121286888,not_returned
https://openalex.org/W6653754919,not_returned
https://openalex.org/W6715707089,not_returned
https://openalex.org/W6722515030,not_returned
https://openalex.org/W6723007444,not_returned
https://openalex.org/W6772252737,not_returned
https://openalex.org/W6803790109,not_returned
https://openalex.org/W6813976033,not_returned
https://openalex.org/W6856080044,not_returned
https://openalex.org/W6862201937,not_returned
https://openalex.org/W6872556362,not_returned
https://openalex.org/W6607411511,not_returned
https://openalex.org/W7047466340,not_returned
https://openalex.org/W7071688799,not_returned
https://openalex.org/W6682322716,not_returned
https://openalex.org/W6686409103,not_returned
https://openalex.org/W6724514121,not_returned
https://openalex.org/W6790840975,not_returned
https://openalex.org/W6869708031,not_returned
https://openalex.org/W2168175751,not_returned
https://openalex.org/W3101211917,not_returned
https://openalex.org/W3102139608,not_returned
https://openalex.org/W3103167567,not_returned
https://openalex.org/W3105208962,not_returned
https://openalex.org/W3158680365,not_returned
https://openalex.org/W6948957359,not_returned
https://openalex.org/W6634713334,not_returned
https://openalex.org/W6722640722,not_returned
https://openalex.org/W6751369083,not_returned
https://openalex.org/W6871503661,not_returned
https://openalex.org/W6761774723,not_returned
https://openalex.org/W6782402632,not_returned
https://openalex.org/W6787762932,not_returned
https://openalex.org/W6807868916,not_returned
https://openalex.org/W6808243594,not_returned
https://openalex.org/W6810943028,not_returned
https://openalex.org/W6839741859,not_returned
https://openalex.org/W6843074049,not_returned
https://openalex.org/W6843431596,not_returned
https://openalex.org/W6853671801,not_returned
https://openalex.org/W6857699346,not_returned
https://openalex.org/W6860989721,not_returned
https://openalex.org/W6862824578,not_returned
https://openalex.org/W6670075528,not_returned
https://openalex.org/W6733010563,not_returned
https://openalex.org/W6751888564,not_returned
https://openalex.org/W6780580670,not_returned
https://openalex.org/W6807430667,not_returned
https://openalex.org/W6870206711,not_returned
https://openalex.org/W6604372655,not_returned
https://openalex.org/W6608108888,not_returned
https://openalex.org/W6635890834,not_returned
https://openalex.org/W6648114821,not_returned
https://openalex.org/W6659834816,not_returned
https://openalex.org/W6702391748,not_returned
https://openalex.org/W6737908683,not_returned
https://openalex.org/W6763388045,not_returned
https://openalex.org/W6783808351,not_returned
https://openalex.org/W6784550220,not_returned
https://openalex.org/W6786302994,not_returned
https://openalex.org/W6850528606,not_returned
https://openalex.org/W6853803191,not_returned
https://openalex.org/W6860936064,not_returned
https://openalex.org/W6861683987,not_returned
https://openalex.org/W2962841346,not_returned
https://openalex.org/W3100283647,not_returned
https://openalex.org/W4214849959,not_returned
https://openalex.org/W6930811057,not_returned
https://openalex.org/W2169690324,not_returned
https://openalex.org/W3105543631,not_returned
https://openalex.org/W3106112951,not_returned
https://openalex.org/W4205765479,not_returned
https://openalex.org/W6630894178,not_returned
https://openalex.org/W6635737710,not_returned
https://openalex.org/W6671672967,not_returned
https://openalex.org/W7052611827,not_returned
https://openalex.org/W2182695244,not_returned
https://openalex.org/W4380264010,not_returned
https://openalex.org/W6884631146,not_returned
https://openalex.org/W3099018540,not_returned
https://openalex.org/W3124169140,not_returned
https://openalex.org/W6949140689,not_returned
https://openalex.org/W6950208612,not_returned
https://openalex.org/W6967494316,not_returned
https://openalex.org/W2847630054,not_returned
https://openalex.org/W6752679556,not_returned
https://openalex.org/W3098301786,not_returned
https://openalex.org/W3102818703,not_returned
https://openalex.org/W3105219525,not_returned
https://openalex.org/W3181290353,not_returned
https://openalex.org/W3216521614,not_returned
https://openalex.org/W3216900164,not_returned
https://openalex.org/W4292615879,not_returned
https://openalex.org/W2964237960,not_returned
https://openalex.org/W3004147653,not_returned
https://openalex.org/W2964237960,not_returned
https://openalex.org/W3004147653,not_returned
https://openalex.org/W3080305991,not_returned
https://openalex.org/W3126964934,not_returned
https://openalex.org/W3217583418,not_returned
https://openalex.org/W6636135963,not_returned
https://openalex.org/W6813644989,not_returned
https://openalex.org/W3077251913,not_returned
https://openalex.org/W6642182212,not_returned
https://openalex.org/W7023775250,not_returned
https://openalex.org/W6785611087,not_returned
https://openalex.org/W6839327089,not_returned
https://openalex.org/W4225326650,not_returned
https://openalex.org/W6630837713,not_returned
https://openalex.org/W6634928377,not_returned
https://openalex.org/W6643093088,not_returned
https://openalex.org/W6643652650,not_returned
https://openalex.org/W6648515685,not_returned
https://openalex.org/W6657095285,not_returned
https://openalex.org/W6670832705,not_returned
https://openalex.org/W6686157202,not_returned
https://openalex.org/W6695392567,not_returned
https://openalex.org/W6701802462,not_returned
https://openalex.org/W6717081279,not_returned
https://openalex.org/W6756562685,not_returned
https://openalex.org/W6756980469,not_returned
https://openalex.org/W6776570427,not_returned
https://openalex.org/W6804037638,not_returned
https://openalex.org/W6805000104,not_returned
https://openalex.org/W6814636841,not_returned
https://openalex.org/W6827243213,not_returned
https://openalex.org/W6840163260,not_returned
https://openalex.org/W6850814907,not_returned
https://openalex.org/W6853708714,not_returned
https://openalex.org/W7073860124,not_returned
https://openalex.org/W7073890616,not_returned
https://openalex.org/W6716961342,not_returned
https://openalex.org/W4226110401,not_returned
https://openalex.org/W2622711344,not_returned
https://openalex.org/W3169777496,not_returned
https://openalex.org/W4226212975,not_returned
https://openalex.org/W6728029717,not_returned
https://openalex.org/W6749620529,not_returned
https://openalex.org/W6767214646,not_returned
https://openalex.org/W6783852866,not_returned
https://openalex.org/W6791114008,not_returned
https://openalex.org/W6838418734,not_returned
https://openalex.org/W4226358671,not_returned
https://openalex.org/W4287103243,not_returned
https://openalex.org/W2963149653,not_returned
https://openalex.org/W6791774990,not_returned
https://openalex.org/W6671155183,not_returned
https://openalex.org/W6699269067,not_returned
https://openalex.org/W6728869031,not_returned
https://openalex.org/W6810230737,not_returned
https://openalex.org/W6745148249,not_returned
https://openalex.org/W6653324304,not_returned
https://openalex.org/W311566817,not_returned
https://openalex.org/W4213279905,not_returned
https://openalex.org/W7036407962,not_returned
https://openalex.org/W3118485687,not_returned
https://openalex.org/W4205422455,not_returned
https://openalex.org/W2969942461,not_returned
https://openalex.org/W6677747793,not_returned
https://openalex.org/W6631336868,not_returned
https://openalex.org/W6696384565,not_returned
https://openalex.org/W6784207389,not_returned
https://openalex.org/W3101129687,not_returned
https://openalex.org/W6678344089,not_returned
https://openalex.org/W6693135288,not_returned
https://openalex.org/W6707567262,not_returned
https://openalex.org/W6723718145,not_returned
https://openalex.org/W6735993261,not_returned
https://openalex.org/W6750307353,not_returned
https://openalex.org/W7000791799,not_returned
https://openalex.org/W7038012802,not_returned
https://openalex.org/W2902114326,not_returned
https://openalex.org/W6983653664,not_returned
https://openalex.org/W6636263595,not_returned
https://openalex.org/W6644770117,not_returned
https://openalex.org/W6646811220,not_returned
https://openalex.org/W6662056161,not_returned
https://openalex.org/W6663634980,not_returned
https://openalex.org/W6667022481,not_returned
https://openalex.org/W6680654199,not_returned
https://openalex.org/W6687978417,not_returned
https://openalex.org/W6722451306,not_returned
https://openalex.org/W6735412988,not_returned
https://openalex.org/W6752524988,not_returned
https://openalex.org/W6797622546,not_returned
https://openalex.org/W6838425079,not_returned
https://openalex.org/W6879640660,not_returned
https://openalex.org/W3204944392,not_returned
https://openalex.org/W4206983114,not_returned
https://openalex.org/W4295678686,not_returned
https://openalex.org/W4399299691,not_returned
https://openalex.org/W6925613226,not_returned
https://openalex.org/W2057657786,not_returned
https://openalex.org/W4210531672,not_returned
https://openalex.org/W4292369691,not_returned
https://openalex.org/W6600755281,not_returned
https://openalex.org/W6639263033,not_returned
https://openalex.org/W6676163357,not_returned
https://openalex.org/W6684614255,not_returned
https://openalex.org/W6783380840,not_returned
https://openalex.org/W6810512368,not_returned
https://openalex.org/W7074651963,not_returned
https://openalex.org/W7075657993,not_returned
https://openalex.org/W6713137911,not_returned
https://openalex.org/W6644575431,not_returned
https://openalex.org/W6648777563,not_returned
https://openalex.org/W6719230678,not_returned
https://openalex.org/W6977428404,not_returned
https://openalex.org/W6642886890,not_returned
https://openalex.org/W4226002939,not_returned
https://openalex.org/W6600411712,not_returned
https://openalex.org/W6715876231,not_returned
https://openalex.org/W6782034470,not_returned
https://openalex.org/W6784288934,not_returned
https://openalex.org/W6839438618,not_returned
https://openalex.org/W6842758040,not_returned
https://openalex.org/W6854190226,not_returned
https://openalex.org/W6861617710,not_returned
https://openalex.org/W6821888795,not_returned
https://openalex.org/W6941133789,not_returned
https://openalex.org/W6638501804,not_returned
https://openalex.org/W6675666368,not_returned
https://openalex.org/W6760531781,not_returned
https://openalex.org/W2998157216,not_returned
https://openalex.org/W3099386325,not_returned
https://openalex.org/W4286496586,not_returned
https://openalex.org/W6600279680,not_returned
https://openalex.org/W6605276615,not_returned
https://openalex.org/W6638505455,not_returned
https://openalex.org/W6679945291,not_returned
https://openalex.org/W6734532029,not_returned
https://openalex.org/W6759378087,not_returned
https://openalex.org/W6764094718,not_returned
https://openalex.org/W6801872927,not_returned
https://openalex.org/W6804692708,not_returned
https://openalex.org/W4210586598,not_returned
https://openalex.org/W6756667457,not_returned
https://openalex.org/W6835703203,not_returned
https://openalex.org/W6703697779,not_returned
https://openalex.org/W6754874920,not_returned
https://openalex.org/W6729090211,not_returned
https://openalex.org/W6603658136,not_returned
https://openalex.org/W6620115758,not_returned
https://openalex.org/W6750216560,not_returned
https://openalex.org/W7038121419,not_returned
https://openalex.org/W6713615994,not_returned
https://openalex.org/W7074217683,not_returned
https://openalex.org/W6859680247,not_returned
https://openalex.org/W6616565356,not_returned
https://openalex.org/W6738618805,not_returned
https://openalex.org/W2025044890,not_returned
https://openalex.org/W6604908439,not_returned
https://openalex.org/W6640386296,not_returned
https://openalex.org/W6677335080,not_returned
https://openalex.org/W6678766597,not_returned
https://openalex.org/W6682414184,not_returned
https://openalex.org/W6683419323,not_returned
https://openalex.org/W6791206688,not_returned
https://openalex.org/W6795690193,not_returned
https://openalex.org/W6782663384,not_returned
https://openalex.org/W3129947101,not_returned
https://openalex.org/W4248681815,not_returned
https://openalex.org/W6631894574,not_returned
https://openalex.org/W6679045638,not_returned
https://openalex.org/W6760106805,not_returned
https://openalex.org/W6779823529,not_returned
https://openalex.org/W6786375611,not_returned
https://openalex.org/W6802662687,not_returned
https://openalex.org/W6804447384,not_returned
https://openalex.org/W6841327968,not_returned
https://openalex.org/W6845146177,not_returned
https://openalex.org/W6853876415,not_returned
https://openalex.org/W6854092224,not_returned
https://openalex.org/W6855118933,not_returned
https://openalex.org/W6856937618,not_returned
https://openalex.org/W6861557717,not_returned
https://openalex.org/W6862504810,not_returned
https://openalex.org/W6868791339,not_returned
https://openalex.org/W6869467023,not_returned
https://openalex.org/W6869808133,not_returned
https://openalex.org/W6873519306,not_returned
https://openalex.org/W6607430260,not_returned
https://openalex.org/W6631082458,not_returned
https://openalex.org/W6632262439,not_returned
https://openalex.org/W6637432206,not_returned
https://openalex.org/W6675530750,not_returned
https://openalex.org/W6889134146,not_returned
https://openalex.org/W4214607399,not_returned
https://openalex.org/W6615761276,not_returned
https://openalex.org/W6633504450,not_returned
https://openalex.org/W6635972854,not_returned
https://openalex.org/W6813861048,not_returned
https://openalex.org/W6999471702,not_returned
https://openalex.org/W7052676515,not_returned
https://openalex.org/W6657998692,not_returned
https://openalex.org/W3102182387,not_returned
https://openalex.org/W3103550728,not_returned
https://openalex.org/W3104675078,not_returned
https://openalex.org/W3126959912,not_returned
https://openalex.org/W3196606317,not_returned
https://openalex.org/W3201883795,not_returned
https://openalex.org/W6646020870,not_returned
https://openalex.org/W6664391559,not_returned
https://openalex.org/W6809647637,not_returned
https://openalex.org/W6805357959,not_returned
https://openalex.org/W6695663429,not_returned
https://openalex.org/W6722472528,not_returned
https://openalex.org/W6869256638,not_returned
https://openalex.org/W6635632215,not_returned
https://openalex.org/W6809113222,not_returned
https://openalex.org/W6632214146,not_returned
https://openalex.org/W6671484914,not_returned
https://openalex.org/W6679964946,not_returned
https://openalex.org/W2733192670,not_returned
https://openalex.org/W3093164992,not_returned
https://openalex.org/W4379966011,not_returned
https://openalex.org/W6632919869,not_returned
https://openalex.org/W6638333450,not_returned
https://openalex.org/W6638550655,not_returned
https://openalex.org/W6638948708,not_returned
https://openalex.org/W6642695923,not_returned
https://openalex.org/W6660099279,not_returned
https://openalex.org/W6662107514,not_returned
https://openalex.org/W6666437144,not_returned
https://openalex.org/W6676722842,not_returned
https://openalex.org/W6677689191,not_returned
https://openalex.org/W6681103565,not_returned
https://openalex.org/W6681663112,not_returned
https://openalex.org/W6682268163,not_returned
https://openalex.org/W6683014713,not_returned
https://openalex.org/W6687218841,not_returned
https://openalex.org/W6689070181,not_returned
https://openalex.org/W6689814685,not_returned
https://openalex.org/W6698302382,not_returned
https://openalex.org/W6700835930,not_returned
https://openalex.org/W6703516540,not_returned
https://openalex.org/W6710194793,not_returned
https://openalex.org/W6711465895,not_returned
https://openalex.org/W6714777530,not_returned
https://openalex.org/W6716899481,not_returned
https://openalex.org/W6719653519,not_returned
https://openalex.org/W6722163428,not_returned
https://openalex.org/W6723304322,not_returned
https://openalex.org/W6727267090,not_returned
https://openalex.org/W6735936569,not_returned
https://openalex.org/W6753564961,not_returned
https://openalex.org/W6755494339,not_returned
https://openalex.org/W6772280082,not_returned
https://openalex.org/W6774190067,not_returned
https://openalex.org/W6778943938,not_returned
https://openalex.org/W6798537149,not_returned
https://openalex.org/W6799703958,not_returned
https://openalex.org/W6805804200,not_returned
https://openalex.org/W6851403267,not_returned
https://openalex.org/W6856979703,not_returned
https://openalex.org/W6981977986,not_returned
https://openalex.org/W6986958640,not_returned
https://openalex.org/W6987228640,not_returned
https://openalex.org/W6990370108,not_returned
https://openalex.org/W6996275061,not_returned
https://openalex.org/W7000509230,not_returned
https://openalex.org/W7008041071,not_returned
https://openalex.org/W7010100774,not_returned
https://openalex.org/W7010847110,not_returned
https://openalex.org/W7015438412,not_returned
https://openalex.org/W7024284940,not_returned
https://openalex.org/W7024543776,not_returned
https://openalex.org/W7025007887,not_returned
https://openalex.org/W7028524101,not_returned
https://openalex.org/W7034333159,not_returned
https://openalex.org/W7034568473,not_returned
https://openalex.org/W7035081087,not_returned
https://openalex.org/W7035892536,not_returned
https://openalex.org/W7038259592,not_returned
https://openalex.org/W7039868175,not_returned
https://openalex.org/W7055753493,not_returned
https://openalex.org/W7057179629,not_returned
https://openalex.org/W7061829344,not_returned
https://openalex.org/W7062474224,not_returned
https://openalex.org/W7066764144,not_returned
https://openalex.org/W7067254256,not_returned
https://openalex.org/W3168609198,not_returned
https://openalex.org/W6637020086,not_returned
https://openalex.org/W4226460721,not_returned
https://openalex.org/W6731633972,not_returned
https://openalex.org/W3161273445,not_returned
https://openalex.org/W3206964102,not_returned
https://openalex.org/W6600755281,not_returned
https://openalex.org/W6602535075,not_returned
https://openalex.org/W6632575151,not_returned
https://openalex.org/W6823458554,not_returned
https://openalex.org/W4226389699,not_returned
https://openalex.org/W2025113236,not_returned
https://openalex.org/W6765927185,not_returned
https://openalex.org/W3101181050,not_returned
https://openalex.org/W3102004444,not_returned
https://openalex.org/W6888403824,not_returned
https://openalex.org/W6908456080,not_returned
https://openalex.org/W7045109095,not_returned
https://openalex.org/W6656767875,not_returned
https://openalex.org/W6681862734,not_returned
https://openalex.org/W7037644959,not_returned
https://openalex.org/W6714051038,not_returned
https://openalex.org/W6840971886,not_returned
https://openalex.org/W6650779406,not_returned
https://openalex.org/W6729190047,not_returned
https://openalex.org/W6755159544,not_returned
https://openalex.org/W6888921847,not_returned
https://openalex.org/W6992341118,not_returned
https://openalex.org/W7005503092,not_returned
https://openalex.org/W7060920124,not_returned
https://openalex.org/W6629650833,not_returned
https://openalex.org/W6631644789,not_returned
https://openalex.org/W6636062089,not_returned
https://openalex.org/W6638826600,not_returned
https://openalex.org/W6640176651,not_returned
https://openalex.org/W6653564883,not_returned
https://openalex.org/W6660148829,not_returned
https://openalex.org/W6660853510,not_returned
https://openalex.org/W6666557839,not_returned
https://openalex.org/W6678391705,not_returned
https://openalex.org/W6678944458,not_returned
https://openalex.org/W6771965418,not_returned
https://openalex.org/W6773730039,not_returned
https://openalex.org/W3096372742,not_returned
https://openalex.org/W3103683500,not_returned
https://openalex.org/W4398135486,not_returned
https://openalex.org/W2950914450,not_returned
https://openalex.org/W3124630312,not_returned
https://openalex.org/W3125601827,not_returned
https://openalex.org/W6816263572,not_returned
https://openalex.org/W4211057538,not_returned
https://openalex.org/W4225390273,not_returned
https://openalex.org/W6795247065,not_returned
https://openalex.org/W2147915982,not_returned
https://openalex.org/W6682593337,not_returned
https://openalex.org/W6747023901,not_returned
https://openalex.org/W6784207389,not_returned
https://openalex.org/W3017915815,not_returned
https://openalex.org/W6646469928,not_returned
https://openalex.org/W6803565353,not_returned
https://openalex.org/W3098702884,not_returned
https://openalex.org/W3104097132,not_returned
https://openalex.org/W6673392609,not_returned
https://openalex.org/W6678848921,not_returned
https://openalex.org/W6640736731,not_returned
https://openalex.org/W6682173217,not_returned
https://openalex.org/W6858254693,not_returned
https://openalex.org/W6678682438,not_returned
https://openalex.org/W6724648357,not_returned
https://openalex.org/W6746754398,not_returned
https://openalex.org/W6794370738,not_returned
https://openalex.org/W6856408733,not_returned
https://openalex.org/W6857314862,not_returned
https://openalex.org/W6860788255,not_returned
https://openalex.org/W6868883597,not_returned
https://openalex.org/W6902834238,not_returned
https://openalex.org/W6672250570,not_returned
https://openalex.org/W6732720785,not_returned
https://openalex.org/W6761838459,not_returned
https://openalex.org/W6838867199,not_returned
https://openalex.org/W2963881378,not_returned
https://openalex.org/W6766263406,not_returned
https://openalex.org/W6769247497,not_returned
https://openalex.org/W4206101618,not_returned
https://openalex.org/W6749758225,not_returned
https://openalex.org/W6869283797,not_returned
https://openalex.org/W4288611459,not_returned
https://openalex.org/W6903500591,not_returned
https://openalex.org/W6908473679,not_returned
https://openalex.org/W6775908655,not_returned
https://openalex.org/W6791384927,not_returned
https://openalex.org/W6857106855,not_returned
https://openalex.org/W6871972325,not_returned
https://openalex.org/W6731830124,not_returned
https://openalex.org/W4206544543,not_returned
https://openalex.org/W4299687266,not_returned
https://openalex.org/W6983462944,not_returned
https://openalex.org/W3213019026,not_returned
https://openalex.org/W6825363189,not_returned
https://openalex.org/W6714035323,not_returned
https://openalex.org/W2988881997,not_returned
https://openalex.org/W4282918803,not_returned
https://openalex.org/W4297997263,not_returned
https://openalex.org/W6602210171,not_returned
https://openalex.org/W6728975070,not_returned
https://openalex.org/W6760965537,not_returned
https://openalex.org/W6761151274,not_returned
https://openalex.org/W6782594046,not_returned
https://openalex.org/W6788242715,not_returned
https://openalex.org/W6795421079,not_returned
https://openalex.org/W6846404468,not_returned
https://openalex.org/W4220779972,not_returned
https://openalex.org/W6892174267,not_returned
https://openalex.org/W6809691427,not_returned
https://openalex.org/W6871880446,not_returned
https://openalex.org/W4213412707,not_returned
https://openalex.org/W4214479910,not_returned
https://openalex.org/W4226085518,not_returned
https://openalex.org/W6680401299,not_returned
https://openalex.org/W6756944382,not_returned
https://openalex.org/W4226103413,not_returned
https://openalex.org/W6653173522,not_returned
https://openalex.org/W6869910646,not_returned
https://openalex.org/W4206655969,not_returned
https://openalex.org/W3043288583,not_returned
https://openalex.org/W6640190462,not_returned
https://openalex.org/W6653373467,not_returned
https://openalex.org/W6677548441,not_returned
https://openalex.org/W6679988887,not_returned
https://openalex.org/W6730254238,not_returned
https://openalex.org/W6732972884,not_returned
https://openalex.org/W6737769214,not_returned
https://openalex.org/W6764127808,not_returned
https://openalex.org/W6768660867,not_returned
https://openalex.org/W6774827130,not_returned
https://openalex.org/W6779939457,not_returned
https://openalex.org/W6787597998,not_returned
https://openalex.org/W6787826856,not_returned
https://openalex.org/W6795022148,not_returned
https://openalex.org/W6802764715,not_returned
https://openalex.org/W6803574575,not_returned
https://openalex.org/W6805016526,not_returned
https://openalex.org/W6840599816,not_returned
https://openalex.org/W6856292466,not_returned
https://openalex.org/W6857405549,not_returned
https://openalex.org/W6859499868,not_returned
https://openalex.org/W6859727793,not_returned
https://openalex.org/W6860196348,not_returned
https://openalex.org/W6872728830,not_returned
https://openalex.org/W6873239364,not_returned
https://openalex.org/W6775107130,not_returned
https://openalex.org/W2165247575,not_returned
https://openalex.org/W2580110174,not_returned
https://openalex.org/W3123511243,not_returned
https://openalex.org/W4313026744,not_returned
https://openalex.org/W6612623820,not_returned
https://openalex.org/W6614457300,not_returned
https://openalex.org/W6629601506,not_returned
https://openalex.org/W6637500888,not_returned
https://openalex.org/W6642436195,not_returned
https://openalex.org/W6732672732,not_returned
https://openalex.org/W6997106240,not_returned
https://openalex.org/W6769653046,not_returned
https://openalex.org/W2963958357,not_returned
https://openalex.org/W3088369601,not_returned
https://openalex.org/W3099417970,not_returned
https://openalex.org/W3099657073,not_returned
https://openalex.org/W6600223117,not_returned
https://openalex.org/W6630968715,not_returned
https://openalex.org/W6633513894,not_returned
https://openalex.org/W6603998966,not_returned
https://openalex.org/W3128198169,not_returned
https://openalex.org/W3186309583,not_returned
https://openalex.org/W6949408415,not_returned
https://openalex.org/W6968485128,not_returned
https://openalex.org/W6648722802,not_returned
https://openalex.org/W6719647574,not_returned
https://openalex.org/W4299687266,not_returned
https://openalex.org/W6630441701,not_returned
https://openalex.org/W3100269304,not_returned
https://openalex.org/W3100504159,not_returned
https://openalex.org/W3102755727,not_returned
https://openalex.org/W3102800397,not_returned
https://openalex.org/W3103415621,not_returned
https://openalex.org/W3104126525,not_returned
https://openalex.org/W3104302782,not_returned
https://openalex.org/W3104730542,not_returned
https://openalex.org/W3104929794,not_returned
https://openalex.org/W3105941247,not_returned
https://openalex.org/W4210764756,not_returned
https://openalex.org/W4226140630,not_returned
https://openalex.org/W4298267058,not_returned
https://openalex.org/W4207019200,not_returned
https://openalex.org/W6651622778,not_returned
https://openalex.org/W6769249928,not_returned
https://openalex.org/W6962672547,not_returned
https://openalex.org/W6665161184,not_returned
https://openalex.org/W4230357098,not_returned
https://openalex.org/W4411392672,not_returned
https://openalex.org/W3033565147,not_returned
https://openalex.org/W3102598925,not_returned
https://openalex.org/W3104062568,not_returned
https://openalex.org/W4225509053,not_returned
https://openalex.org/W4297954147,not_returned
https://openalex.org/W6767466367,not_returned
https://openalex.org/W6799343548,not_returned
https://openalex.org/W3125041301,not_returned
https://openalex.org/W6600238479,not_returned
https://openalex.org/W6835481666,not_returned
https://openalex.org/W2050677931,not_returned
https://openalex.org/W3098205221,not_returned
https://openalex.org/W3099066670,not_returned
https://openalex.org/W3099845716,not_returned
https://openalex.org/W3100404432,not_returned
https://openalex.org/W3100884962,not_returned
https://openalex.org/W3101876314,not_returned
https://openalex.org/W3102550802,not_returned
https://openalex.org/W3102796209,not_returned
https://openalex.org/W3103299983,not_returned
https://openalex.org/W3103354228,not_returned
https://openalex.org/W3103462058,not_returned
https://openalex.org/W3103526273,not_returned
https://openalex.org/W3105516382,not_returned
https://openalex.org/W3105544193,not_returned
https://openalex.org/W3105669789,not_returned
https://openalex.org/W3106265149,not_returned
https://openalex.org/W3106294868,not_returned
https://openalex.org/W3134764504,not_returned
https://openalex.org/W4226525051,not_returned
https://openalex.org/W4411392672,not_returned
https://openalex.org/W6651052946,not_returned
https://openalex.org/W6696600492,not_returned
https://openalex.org/W6758703963,not_returned
https://openalex.org/W7025321375,not_returned
https://openalex.org/W6642435899,not_returned
https://openalex.org/W6762834768,not_returned
https://openalex.org/W6767583696,not_returned
https://openalex.org/W6781784330,not_returned
https://openalex.org/W6783864521,not_returned
https://openalex.org/W6809035588,not_returned
https://openalex.org/W6810763590,not_returned
https://openalex.org/W6846038756,not_returned
https://openalex.org/W103886950,not_returned
https://openalex.org/W6604257801,not_returned
https://openalex.org/W6966717098,not_returned
https://openalex.org/W4220798046,not_returned
https://openalex.org/W4224142310,not_returned
https://openalex.org/W6632784332,not_returned
https://openalex.org/W6635165338,not_returned
https://openalex.org/W6635447943,not_returned
https://openalex.org/W6732503703,not_returned
https://openalex.org/W6800738488,not_returned
https://openalex.org/W2168175751,not_returned
https://openalex.org/W2977305012,not_returned
https://openalex.org/W3022269961,not_returned
https://openalex.org/W3024343069,not_returned
https://openalex.org/W3036449252,not_returned
https://openalex.org/W3093167300,not_returned
https://openalex.org/W3104331885,not_returned
https://openalex.org/W6762953017,not_returned
https://openalex.org/W6772523027,not_returned
https://openalex.org/W6790008391,not_returned
https://openalex.org/W2888439886,not_returned
https://openalex.org/W3149252720,not_returned
https://openalex.org/W4411392672,not_returned
https://openalex.org/W6731256261,not_returned
https://openalex.org/W6731763046,not_returned
https://openalex.org/W6849371925,not_returned
https://openalex.org/W3104576986,not_returned
https://openalex.org/W3105031679,not_returned
https://openalex.org/W4225324967,not_returned
https://openalex.org/W2507969470,not_returned
https://openalex.org/W6607930597,not_returned
https://openalex.org/W6725447248,not_returned
https://openalex.org/W6774952928,not_returned
https://openalex.org/W3104626829,not_returned
https://openalex.org/W6608321246,not_returned
https://openalex.org/W6662089345,not_returned
https://openalex.org/W3217243814,not_returned
https://openalex.org/W6893406869,not_returned
https://openalex.org/W6968024301,not_returned
https://openalex.org/W6603658136,not_returned
https://openalex.org/W6658933747,not_returned
https://openalex.org/W6812685676,not_returned
https://openalex.org/W7083352308,not_returned
https://openalex.org/W6791272402,not_returned
https://openalex.org/W2115994519,not_returned
https://openalex.org/W3125244926,not_returned
https://openalex.org/W6684308016,not_returned
https://openalex.org/W4411392672,not_returned
https://openalex.org/W6902808585,not_returned
https://openalex.org/W6958582032,not_returned
https://openalex.org/W6967306874,not_returned
https://openalex.org/W6712761932,not_returned
https://openalex.org/W6802410223,not_returned
https://openalex.org/W4226351424,not_returned
https://openalex.org/W3210030168,not_returned
https://openalex.org/W6606874291,not_returned
https://openalex.org/W6637782680,not_returned
https://openalex.org/W4288108355,not_returned
https://openalex.org/W6767220000,not_returned
https://openalex.org/W6910681941,not_returned
https://openalex.org/W3027879784,not_returned
https://openalex.org/W3098332821,not_returned
https://openalex.org/W3099103450,not_returned
https://openalex.org/W3100778680,not_returned
https://openalex.org/W3105019281,not_returned
https://openalex.org/W3106459869,not_returned
https://openalex.org/W6949778652,not_returned
https://openalex.org/W4226360696,not_returned
https://openalex.org/W3104398746,not_returned
https://openalex.org/W6688742945,not_returned
https://openalex.org/W6772371002,not_returned
https://openalex.org/W6950404042,not_returned
https://openalex.org/W6968670626,not_returned
https://openalex.org/W6969053029,not_returned
https://openalex.org/W3102134862,not_returned
https://openalex.org/W3105681593,not_returned
https://openalex.org/W3126022735,not_returned
https://openalex.org/W3150071957,not_returned
https://openalex.org/W3153097845,not_returned
https://openalex.org/W6887594683,not_returned
https://openalex.org/W2166029367,not_returned
https://openalex.org/W3081134029,not_returned
https://openalex.org/W6639114211,not_returned
https://openalex.org/W3099573548,not_returned
https://openalex.org/W6911427723,not_returned
https://openalex.org/W6911436573,not_returned
https://openalex.org/W6931399584,not_returned
https://openalex.org/W6875871453,not_returned
https://openalex.org/W6746672386,not_returned
https://openalex.org/W6788856958,not_returned
https://openalex.org/W6870617938,not_returned
https://openalex.org/W3100873285,not_returned
https://openalex.org/W3101764115,not_returned
https://openalex.org/W3102203034,not_returned
https://openalex.org/W3103103598,not_returned
https://openalex.org/W3103787182,not_returned
https://openalex.org/W3104342632,not_returned
https://openalex.org/W3105469048,not_returned
https://openalex.org/W3106379278,not_returned
https://openalex.org/W6713137911,not_returned
https://openalex.org/W6732934913,not_returned
https://openalex.org/W6826570894,not_returned
https://openalex.org/W3208435711,not_returned
https://openalex.org/W6946062017,not_returned
https://openalex.org/W2484364564,not_returned
https://openalex.org/W6732131809,not_returned
https://openalex.org/W4205634890,not_returned
https://openalex.org/W4206949052,not_returned
https://openalex.org/W6677118625,not_returned
https://openalex.org/W6766541333,not_returned
https://openalex.org/W6782354965,not_returned
https://openalex.org/W6830784297,not_returned
https://openalex.org/W6848764322,not_returned
https://openalex.org/W6860508982,not_returned
https://openalex.org/W6872460780,not_returned
https://openalex.org/W2910146875,not_returned
https://openalex.org/W6693458716,not_returned
https://openalex.org/W7001091565,not_returned
https://openalex.org/W3099709599,not_returned
https://openalex.org/W3100599655,not_returned
https://openalex.org/W3103511272,not_returned
https://openalex.org/W3103635384,not_returned
https://openalex.org/W3104070581,not_returned
https://openalex.org/W3106336011,not_returned
https://openalex.org/W3134681317,not_returned
https://openalex.org/W6635529023,not_returned
https://openalex.org/W6640005695,not_returned
https://openalex.org/W6681952401,not_returned
https://openalex.org/W6912157861,not_returned
https://openalex.org/W6946048985,not_returned
https://openalex.org/W7046730018,not_returned
https://openalex.org/W6604432466,not_returned
https://openalex.org/W6757625075,not_returned
https://openalex.org/W6764056899,not_returned
https://openalex.org/W6853431765,not_returned
https://openalex.org/W2979212520,not_returned
https://openalex.org/W2245616505,not_returned
https://openalex.org/W6678456684,not_returned
https://openalex.org/W6683093207,not_returned
https://openalex.org/W6911386953,not_returned
https://openalex.org/W2069651269,not_returned
https://openalex.org/W3124429370,not_returned
https://openalex.org/W6657864713,not_returned
https://openalex.org/W6698288753,not_returned
https://openalex.org/W6849020769,not_returned
https://openalex.org/W7033933876,not_returned
https://openalex.org/W2964046991,not_returned
https://openalex.org/W6756486208,not_returned
https://openalex.org/W6873017797,not_returned
https://openalex.org/W3103629656,not_returned
https://openalex.org/W3104991772,not_returned
https://openalex.org/W3105644550,not_returned
https://openalex.org/W6601793877,not_returned
https://openalex.org/W6629138303,not_returned
https://openalex.org/W6629345811,not_returned
https://openalex.org/W6630560557,not_returned
https://openalex.org/W6632473847,not_returned
https://openalex.org/W6633815135,not_returned
https://openalex.org/W6635137765,not_returned
https://openalex.org/W6762837409,not_returned
https://openalex.org/W6836039282,not_returned
https://openalex.org/W7064937209,not_returned
https://openalex.org/W3098409623,not_returned
https://openalex.org/W3099814042,not_returned
https://openalex.org/W3101869822,not_returned
https://openalex.org/W3103683500,not_returned
https://openalex.org/W3105517681,not_returned
https://openalex.org/W3105782036,not_returned
https://openalex.org/W6763131980,not_returned
https://openalex.org/W6887594683,not_returned
https://openalex.org/W2972746170,not_returned
https://openalex.org/W3100719774,not_returned
https://openalex.org/W3108361046,not_returned
https://openalex.org/W2330338143,not_returned
https://openalex.org/W2968945909,not_returned
https://openalex.org/W6630150544,not_returned
https://openalex.org/W6631958452,not_returned
https://openalex.org/W6685108311,not_returned
https://openalex.org/W6797154014,not_returned
https://openalex.org/W2758840874,not_returned
https://openalex.org/W3102014803,not_returned
https://openalex.org/W6892260058,not_returned
https://openalex.org/W6943663453,not_returned
https://openalex.org/W6945024623,not_returned
https://openalex.org/W3124798517,not_returned
https://openalex.org/W3100776264,not_returned
https://openalex.org/W2921254740,not_returned
https://openalex.org/W2990009669,not_returned
https://openalex.org/W2894891763,not_returned
https://openalex.org/W3099768174,not_returned
https://openalex.org/W3104186312,not_returned
https://openalex.org/W3098384935,not_returned
https://openalex.org/W3101940148,not_returned
https://openalex.org/W3105409365,not_returned
https://openalex.org/W3105697951,not_returned
https://openalex.org/W3105815301,not_returned
https://openalex.org/W2295148311,not_returned
https://openalex.org/W4411392672,not_returned
https://openalex.org/W3146319308,not_returned
https://openalex.org/W3093417252,not_returned
https://openalex.org/W3099731119,not_returned
https://openalex.org/W3100990360,not_returned
https://openalex.org/W6940331105,not_returned
https://openalex.org/W6945020821,not_returned
https://openalex.org/W6963696694,not_returned
https://openalex.org/W3104083795,not_returned
https://openalex.org/W3105332292,not_returned
https://openalex.org/W3106095080,not_returned
https://openalex.org/W3172285519,not_returned
https://openalex.org/W2969124070,not_returned
https://openalex.org/W6945132716,not_returned
https://openalex.org/W3125303267,not_returned
https://openalex.org/W2336581752,not_returned
https://openalex.org/W3102593705,not_returned
https://openalex.org/W2963626393,not_returned
https://openalex.org/W3214377178,not_returned
https://openalex.org/W6930332206,not_returned
https://openalex.org/W6950551590,not_returned
https://openalex.org/W3037911070,not_returned
https://openalex.org/W7084137254,not_returned
https://openalex.org/W3191245869,not_returned
https://openalex.org/W3194341128,not_returned
https://openalex.org/W2962730419,not_returned
https://openalex.org/W3129905665,not_returned
https://openalex.org/W2963116854,not_returned
https://openalex.org/W6841410898,not_returned
https://openalex.org/W7042609890,not_returned
https://openalex.org/W2949103564,not_returned
https://openalex.org/W2976868601,not_returned
https://openalex.org/W3099129913,not_returned
https://openalex.org/W3099758868,not_returned
https://openalex.org/W3103379230,not_returned
https://openalex.org/W3103810671,not_returned
https://openalex.org/W3125465383,not_returned
https://openalex.org/W4289783128,not_returned
https://openalex.org/W6906604113,not_returned
https://openalex.org/W6931613829,not_returned
https://openalex.org/W6948646378,not_returned
https://openalex.org/W6962181519,not_returned
https://openalex.org/W6963654720,not_returned
https://openalex.org/W6967301898,not_returned
https://openalex.org/W6969347422,not_returned
https://openalex.org/W2050706463,not_returned
https://openalex.org/W3217172808,not_returned
https://openalex.org/W6678529844,not_returned
https://openalex.org/W6857328381,not_returned
https://openalex.org/W3098075567,not_returned
https://openalex.org/W3099069130,not_returned
https://openalex.org/W3100829578,not_returned
https://openalex.org/W3101479509,not_returned
https://openalex.org/W3102204902,not_returned
https://openalex.org/W3103722753,not_returned
https://openalex.org/W3103993705,not_returned
https://openalex.org/W3201791598,not_returned
https://openalex.org/W6854607658,not_returned
https://openalex.org/W6940354679,not_returned
https://openalex.org/W6757838855,not_returned
https://openalex.org/W6795223927,not_returned
https://openalex.org/W6800070189,not_returned
https://openalex.org/W6854506827,not_returned
https://openalex.org/W6857769598,not_returned
https://openalex.org/W6967280175,not_returned
https://openalex.org/W4206977484,not_returned
https://openalex.org/W4207044059,not_returned
https://openalex.org/W4376848561,not_returned
https://openalex.org/W8833186,not_returned
https://openalex.org/W127262930,not_returned
https://openalex.org/W2963871522,not_returned
https://openalex.org/W3098328789,not_returned
https://openalex.org/W3098500199,not_returned
https://openalex.org/W3098624753,not_returned
https://openalex.org/W3098665567,not_returned
https://openalex.org/W3098914854,not_returned
https://openalex.org/W3099659893,not_returned
https://openalex.org/W3100756555,not_returned
https://openalex.org/W3100887813,not_returned
https://openalex.org/W3100890111,not_returned
https://openalex.org/W3101281901,not_returned
https://openalex.org/W3101509788,not_returned
https://openalex.org/W3101518485,not_returned
https://openalex.org/W3102217133,not_returned
https://openalex.org/W3103144096,not_returned
https://openalex.org/W3103179824,not_returned
https://openalex.org/W3103561948,not_returned
https://openalex.org/W3103652389,not_returned
https://openalex.org/W3105509607,not_returned
https://openalex.org/W3105927318,not_returned
https://openalex.org/W3106250185,not_returned
https://openalex.org/W3123150223,not_returned
https://openalex.org/W3123472368,not_returned
https://openalex.org/W3214737367,not_returned
https://openalex.org/W4283264427,not_returned
https://openalex.org/W4293388099,not_returned
https://openalex.org/W4293729995,not_returned
https://openalex.org/W4392618991,not_returned
https://openalex.org/W4394804019,not_returned
https://openalex.org/W6600360835,not_returned
https://openalex.org/W6601142182,not_returned
https://openalex.org/W6601268437,not_returned
https://openalex.org/W6601530717,not_returned
https://openalex.org/W6607344215,not_returned
https://openalex.org/W6630581932,not_returned
https://openalex.org/W6631536743,not_returned
https://openalex.org/W6632713578,not_returned
https://openalex.org/W6633297639,not_returned
https://openalex.org/W6635388284,not_returned
https://openalex.org/W6635484028,not_returned
https://openalex.org/W6636700386,not_returned
https://openalex.org/W6636829516,not_returned
https://openalex.org/W6636851121,not_returned
https://openalex.org/W6636975508,not_returned
https://openalex.org/W6637191999,not_returned
https://openalex.org/W6637248971,not_returned
https://openalex.org/W6637263183,not_returned
https://openalex.org/W6637267213,not_returned
https://openalex.org/W6637474048,not_returned
https://openalex.org/W6637690721,not_returned
https://openalex.org/W6639591825,not_returned
https://openalex.org/W6639648014,not_returned
https://openalex.org/W6653595220,not_returned
https://openalex.org/W6672930747,not_returned
https://openalex.org/W6674910805,not_returned
https://openalex.org/W6677723384,not_returned
https://openalex.org/W6680904028,not_returned
https://openalex.org/W6682544838,not_returned
https://openalex.org/W6685153556,not_returned
https://openalex.org/W6771166495,not_returned
https://openalex.org/W6773730071,not_returned
https://openalex.org/W6775251599,not_returned
https://openalex.org/W6775544802,not_returned
https://openalex.org/W6776648004,not_returned
https://openalex.org/W6778383016,not_returned
https://openalex.org/W6778651209,not_returned
https://openalex.org/W6778759469,not_returned
https://openalex.org/W6779432541,not_returned
https://openalex.org/W6780228582,not_returned
https://openalex.org/W6780500423,not_returned
https://openalex.org/W6784979278,not_returned
https://openalex.org/W6785471153,not_returned
https://openalex.org/W6803244529,not_returned
https://openalex.org/W6811110295,not_returned
https://openalex.org/W6852725989,not_returned
https://openalex.org/W6874185740,not_returned
https://openalex.org/W6966901372,not_returned
https://openalex.org/W67770540,not_returned
https://openalex.org/W2128384154,not_returned
https://openalex.org/W2939004700,not_returned
https://openalex.org/W2950015636,not_returned
https://openalex.org/W2960746595,not_returned
https://openalex.org/W2962821376,not_returned
https://openalex.org/W2963597745,not_returned
https://openalex.org/W2964323761,not_returned
https://openalex.org/W3043687200,not_returned
https://openalex.org/W3094142324,not_returned
https://openalex.org/W3098397622,not_returned
https://openalex.org/W3098629121,not_returned
https://openalex.org/W3098693196,not_returned
https://openalex.org/W3098848955,not_returned
https://openalex.org/W3099124404,not_returned
https://openalex.org/W3099423322,not_returned
https://openalex.org/W3100445047,not_returned
https://openalex.org/W3100685542,not_returned
https://openalex.org/W3101066050,not_returned
https://openalex.org/W3101203248,not_returned
https://openalex.org/W3101308405,not_returned
https://openalex.org/W3101465640,not_returned
https://openalex.org/W3101548371,not_returned
https://openalex.org/W3101856994,not_returned
https://openalex.org/W3101870769,not_returned
https://openalex.org/W3102037558,not_returned
https://openalex.org/W3102234502,not_returned
https://openalex.org/W3102962098,not_returned
https://openalex.org/W3102978915,not_returned
https://openalex.org/W3103056256,not_returned
https://openalex.org/W3103446530,not_returned
https://openalex.org/W3103559009,not_returned
https://openalex.org/W3103561024,not_returned
https://openalex.org/W3103604048,not_returned
https://openalex.org/W3103679148,not_returned
https://openalex.org/W3103743803,not_returned
https://openalex.org/W3103960306,not_returned
https://openalex.org/W3104206875,not_returned
https://openalex.org/W3104622896,not_returned
https://openalex.org/W3104728800,not_returned
https://openalex.org/W3105304390,not_returned
https://openalex.org/W3105487447,not_returned
https://openalex.org/W3106259088,not_returned
https://openalex.org/W3111229082,not_returned
https://openalex.org/W3121159549,not_returned
https://openalex.org/W3123332806,not_returned
https://openalex.org/W3124144847,not_returned
https://openalex.org/W3124228858,not_returned
https://openalex.org/W3124403154,not_returned
https://openalex.org/W3125270273,not_returned
https://openalex.org/W3125671681,not_returned
https://openalex.org/W3125820053,not_returned
https://openalex.org/W3201172649,not_returned
https://openalex.org/W3207327026,not_returned
https://openalex.org/W3213619913,not_returned
https://openalex.org/W4210731871,not_returned
https://openalex.org/W4311036052,not_returned
https://openalex.org/W4396605191,not_returned
https://openalex.org/W4400565578,not_returned
https://openalex.org/W4401075163,not_returned
https://openalex.org/W4401108948,not_returned
https://openalex.org/W4404209910,not_returned
https://openalex.org/W6641144028,not_returned
https://openalex.org/W6740417703,not_returned
https://openalex.org/W6746107697,not_returned
https://openalex.org/W6785876414,not_returned
https://openalex.org/W6910263123,not_returned
https://openalex.org/W6966723757,not_returned
https://openalex.org/W6634521162,not_returned
https://openalex.org/W6871138992,not_returned
https://openalex.org/W6906361580,not_returned
https://openalex.org/W6912573014,not_returned
https://openalex.org/W6925165668,not_returned
https://openalex.org/W6925284395,not_returned
https://openalex.org/W6943942398,not_returned
https://openalex.org/W6949383278,not_returned
https://openalex.org/W6949748159,not_returned
https://openalex.org/W6949863599,not_returned
https://openalex.org/W6962734179,not_returned
https://openalex.org/W6968304064,not_returned
https://openalex.org/W3102083771,not_returned
https://openalex.org/W3103347192,not_returned
https://openalex.org/W3105075935,not_returned
https://openalex.org/W3105326287,not_returned
https://openalex.org/W6679315718,not_returned
https://openalex.org/W6774375404,not_returned
https://openalex.org/W6810242280,not_returned
https://openalex.org/W6745309925,not_returned
https://openalex.org/W6677383648,not_returned
https://openalex.org/W2963724987,not_returned
https://openalex.org/W4226287429,not_returned
https://openalex.org/W6859932529,not_returned
https://openalex.org/W6892497517,not_returned
https://openalex.org/W6893096865,not_returned
https://openalex.org/W6893767174,not_returned
https://openalex.org/W6902365600,not_returned
https://openalex.org/W6920995009,not_returned
https://openalex.org/W6923706873,not_returned
https://openalex.org/W6930351883,not_returned
https://openalex.org/W6940006931,not_returned
https://openalex.org/W6948511972,not_returned
https://openalex.org/W6949941299,not_returned
https://openalex.org/W6958123424,not_returned
https://openalex.org/W6855840999,not_returned
https://openalex.org/W4285097303,not_returned
https://openalex.org/W3198142352,not_returned
https://openalex.org/W4211213832,not_returned
https://openalex.org/W3124709415,not_returned
https://openalex.org/W3125613397,not_returned
https://openalex.org/W4307884551,not_returned
https://openalex.org/W4226199246,not_returned
https://openalex.org/W4225290396,not_returned
https://openalex.org/W2951032685,not_returned
https://openalex.org/W6683549829,not_returned
https://openalex.org/W6765322213,not_returned
https://openalex.org/W6767772172,not_returned
https://openalex.org/W6781642001,not_returned
https://openalex.org/W6810694154,not_returned
https://openalex.org/W6853720048,not_returned
https://openalex.org/W6861484174,not_returned
https://openalex.org/W4205761037,not_returned
https://openalex.org/W3123650448,not_returned
https://openalex.org/W4226443173,not_returned
https://openalex.org/W4210370111,not_returned
https://openalex.org/W4230357098,not_returned
https://openalex.org/W6775886016,not_returned
https://openalex.org/W6855504522,not_returned
https://openalex.org/W6874363427,not_returned
https://openalex.org/W4205176378,not_returned
https://openalex.org/W4388252848,not_returned
https://openalex.org/W6632275150,not_returned
https://openalex.org/W6646018473,not_returned
https://openalex.org/W7051934559,not_returned
https://openalex.org/W2979805170,not_returned
https://openalex.org/W3098335928,not_returned
https://openalex.org/W3098624753,not_returned
https://openalex.org/W3098842061,not_returned
https://openalex.org/W3099555341,not_returned
https://openalex.org/W3099847486,not_returned
https://openalex.org/W3100215491,not_returned
https://openalex.org/W3100501433,not_returned
https://openalex.org/W3100932106,not_returned
https://openalex.org/W3102188709,not_returned
https://openalex.org/W3103196060,not_returned
https://openalex.org/W3104004109,not_returned
https://openalex.org/W3105935065,not_returned
https://openalex.org/W3124349645,not_returned
https://openalex.org/W3162669411,not_returned
https://openalex.org/W3214737367,not_returned
https://openalex.org/W6603056323,not_returned
https://openalex.org/W6611652008,not_returned
https://openalex.org/W6637188690,not_returned
https://openalex.org/W6660065375,not_returned
https://openalex.org/W6675291302,not_returned
https://openalex.org/W6676735497,not_returned
https://openalex.org/W6677409573,not_returned
https://openalex.org/W6682653380,not_returned
https://openalex.org/W6758748837,not_returned
https://openalex.org/W6772202572,not_returned
https://openalex.org/W6786081505,not_returned
https://openalex.org/W6788086953,not_returned
https://openalex.org/W6811110295,not_returned
https://openalex.org/W6910208610,not_returned
https://openalex.org/W6966288817,not_returned
https://openalex.org/W4226428051,not_returned
https://openalex.org/W4212974116,not_returned
https://openalex.org/W4367138793,not_returned
https://openalex.org/W6750651879,not_returned
https://openalex.org/W6889121121,not_returned
https://openalex.org/W6697724077,not_returned
https://openalex.org/W6741520733,not_returned
https://openalex.org/W6748615027,not_returned
https://openalex.org/W6800962960,not_returned
https://openalex.org/W6803649968,not_returned
https://openalex.org/W2967909347,not_returned
https://openalex.org/W3113722705,not_returned
https://openalex.org/W3121239293,not_returned
https://openalex.org/W3121871026,not_returned
https://openalex.org/W3121901613,not_returned
https://openalex.org/W3122056609,not_returned
https://openalex.org/W3123933399,not_returned
https://openalex.org/W3124384229,not_returned
https://openalex.org/W3125037295,not_returned
https://openalex.org/W4285719527,not_returned
https://openalex.org/W6874253515,not_returned
https://openalex.org/W6874532316,not_returned
https://openalex.org/W6874696852,not_returned
https://openalex.org/W6875001035,not_returned
https://openalex.org/W6875241656,not_returned
https://openalex.org/W6875716426,not_returned
https://openalex.org/W6875955230,not_returned
https://openalex.org/W6875995282,not_returned
https://openalex.org/W6945531713,not_returned
https://openalex.org/W3137665589,not_returned
https://openalex.org/W6790425969,not_returned
https://openalex.org/W6798926906,not_returned
https://openalex.org/W1538627589,not_returned
https://openalex.org/W3121425285,not_returned
https://openalex.org/W3123915401,not_returned
https://openalex.org/W3125981950,not_returned
https://openalex.org/W4211211350,not_returned
https://openalex.org/W6734481204,not_returned
https://openalex.org/W6692541239,not_returned
https://openalex.org/W6748911266,not_returned
https://openalex.org/W6926920017,not_returned
https://openalex.org/W3207594185,not_returned
https://openalex.org/W6679547646,not_returned
https://openalex.org/W6661802475,not_returned
https://openalex.org/W6752113789,not_returned
https://openalex.org/W6803103515,not_returned
https://openalex.org/W6652182920,not_returned
https://openalex.org/W6667535099,not_returned
https://openalex.org/W6712946377,not_returned
https://openalex.org/W6760613391,not_returned
https://openalex.org/W6850994204,not_returned
https://openalex.org/W2962835968,not_returned
https://openalex.org/W3121897340,not_returned
https://openalex.org/W3124424301,not_returned
https://openalex.org/W4206429522,not_returned
https://openalex.org/W6629225236,not_returned
https://openalex.org/W6634304066,not_returned
https://openalex.org/W6681741816,not_returned
https://openalex.org/W6682427290,not_returned
https://openalex.org/W6682720931,not_returned
https://openalex.org/W6684156629,not_returned
https://openalex.org/W6748624330,not_returned
https://openalex.org/W6750649805,not_returned
https://openalex.org/W6770883343,not_returned
https://openalex.org/W6600402904,not_returned
https://openalex.org/W6645412812,not_returned
https://openalex.org/W6606163039,not_returned
https://openalex.org/W6636332532,not_returned
https://openalex.org/W7054621879,not_returned
https://openalex.org/W6631423881,not_returned
https://openalex.org/W4226434015,not_returned
https://openalex.org/W6967809483,not_returned
https://openalex.org/W6738958085,not_returned
https://openalex.org/W4233994114,not_returned
https://openalex.org/W6636458989,not_returned
https://openalex.org/W6642242335,not_returned
https://openalex.org/W6642390457,not_returned
https://openalex.org/W6647726098,not_returned
https://openalex.org/W6658330522,not_returned
https://openalex.org/W6675454699,not_returned
https://openalex.org/W6677886022,not_returned
https://openalex.org/W6678755187,not_returned
https://openalex.org/W6679123138,not_returned
https://openalex.org/W6679509342,not_returned
https://openalex.org/W6680690138,not_returned
https://openalex.org/W6695810008,not_returned
https://openalex.org/W6747944312,not_returned
https://openalex.org/W6748558146,not_returned
https://openalex.org/W6754112943,not_returned
https://openalex.org/W6758654728,not_returned
https://openalex.org/W6760857563,not_returned
https://openalex.org/W6766770716,not_returned
https://openalex.org/W6795706233,not_returned
https://openalex.org/W6843928937,not_returned
https://openalex.org/W6922629577,not_returned
https://openalex.org/W6764109406,not_returned
https://openalex.org/W6796581206,not_returned
https://openalex.org/W6898500776,not_returned
https://openalex.org/W6910588282,not_returned
https://openalex.org/W6613976583,not_returned
https://openalex.org/W6621057501,not_returned
https://openalex.org/W6764109406,not_returned
https://openalex.org/W6796581206,not_returned
https://openalex.org/W6898500776,not_returned
https://openalex.org/W6910588282,not_returned
https://openalex.org/W4406054152,not_returned
https://openalex.org/W4237289832,not_returned
https://openalex.org/W6893563866,not_returned
https://openalex.org/W6944546543,not_returned
https://openalex.org/W6891968337,not_returned
https://openalex.org/W6929416698,not_returned
https://openalex.org/W6948538933,not_returned
https://openalex.org/W4221086201,not_returned
https://openalex.org/W6949821028,not_returned
https://openalex.org/W3099814042,not_returned
https://openalex.org/W3102300340,not_returned
https://openalex.org/W3102611432,not_returned
https://openalex.org/W4366462678,not_returned
https://openalex.org/W3121948532,not_returned
https://openalex.org/W3122757003,not_returned
https://openalex.org/W3123159968,not_returned
https://openalex.org/W6633477436,not_returned
https://openalex.org/W6842909232,not_returned
https://openalex.org/W6871776713,not_returned
https://openalex.org/W6640392697,not_returned
https://openalex.org/W4299545679,not_returned
https://openalex.org/W6644307160,not_returned
https://openalex.org/W2441452153,not_returned
https://openalex.org/W2954483793,not_returned
https://openalex.org/W3122130906,not_returned
https://openalex.org/W6645451728,not_returned
https://openalex.org/W7045115683,not_returned
https://openalex.org/W6612296653,not_returned
https://openalex.org/W6967313042,not_returned
https://openalex.org/W6717701676,not_returned
https://openalex.org/W6637836714,not_returned
https://openalex.org/W6639085127,not_returned
https://openalex.org/W6653797998,not_returned
https://openalex.org/W6664396918,not_returned
https://openalex.org/W6636360309,not_returned
https://openalex.org/W6731153594,not_returned
https://openalex.org/W6760814177,not_returned
https://openalex.org/W6631426863,not_returned
https://openalex.org/W6751534273,not_returned
https://openalex.org/W6784207389,not_returned
https://openalex.org/W7055394790,not_returned
https://openalex.org/W6607193886,not_returned
https://openalex.org/W6665429596,not_returned
https://openalex.org/W6698873770,not_returned
https://openalex.org/W7077234417,not_returned
https://openalex.org/W3122586224,not_returned
https://openalex.org/W3123816264,not_returned
https://openalex.org/W6682694656,not_returned
https://openalex.org/W6712630826,not_returned
https://openalex.org/W6721799239,not_returned
https://openalex.org/W6683401390,not_returned
https://openalex.org/W6700699759,not_returned
https://openalex.org/W3035963275,not_returned
https://openalex.org/W3084137707,not_returned
https://openalex.org/W3215517674,not_returned
https://openalex.org/W6775078294,not_returned
https://openalex.org/W3121685591,not_returned
https://openalex.org/W3121707410,not_returned
https://openalex.org/W3122607671,not_returned
https://openalex.org/W3124173598,not_returned
https://openalex.org/W3124399740,not_returned
https://openalex.org/W6602331621,not_returned
https://openalex.org/W6864124590,not_returned
https://openalex.org/W6821167144,not_returned
https://openalex.org/W4287107840,not_returned
https://openalex.org/W2287015043,not_returned
https://openalex.org/W3125823924,not_returned
https://openalex.org/W4388072854,not_returned
https://openalex.org/W6695876792,not_returned
https://openalex.org/W6640800678,not_returned
https://openalex.org/W6643229098,not_returned
https://openalex.org/W6645581882,not_returned
https://openalex.org/W6676099687,not_returned
https://openalex.org/W6684984828,not_returned
https://openalex.org/W6690853593,not_returned
https://openalex.org/W6741767222,not_returned
https://openalex.org/W4226275570,not_returned
https://openalex.org/W2162918972,not_returned
https://openalex.org/W6648777563,not_returned
https://openalex.org/W6719230678,not_returned
https://openalex.org/W6784207389,not_returned
https://openalex.org/W6755708993,not_returned
https://openalex.org/W6714301607,not_returned
https://openalex.org/W6775016089,not_returned
https://openalex.org/W6794846915,not_returned
https://openalex.org/W6850228352,not_returned
https://openalex.org/W4205525706,not_returned
https://openalex.org/W6770712482,not_returned
https://openalex.org/W6781588305,not_returned
https://openalex.org/W3099224098,not_returned
https://openalex.org/W3130934244,not_returned
https://openalex.org/W4295787460,not_returned
https://openalex.org/W6776671171,not_returned
https://openalex.org/W4200421073,not_returned
https://openalex.org/W4206908986,not_returned
https://openalex.org/W6605728568,not_returned
https://openalex.org/W6632802868,not_returned
https://openalex.org/W6634261296,not_returned
https://openalex.org/W6638129946,not_returned
https://openalex.org/W6649699039,not_returned
https://openalex.org/W6669561437,not_returned
https://openalex.org/W6672535117,not_returned
https://openalex.org/W6675696771,not_returned
https://openalex.org/W6677064048,not_returned
https://openalex.org/W6683956971,not_returned
https://openalex.org/W6684883847,not_returned
https://openalex.org/W6702237265,not_returned
https://openalex.org/W6719935400,not_returned
https://openalex.org/W6769986484,not_returned
https://openalex.org/W6833007692,not_returned
https://openalex.org/W6856692283,not_returned
https://openalex.org/W6660525561,not_returned
https://openalex.org/W6784207389,not_returned
https://openalex.org/W7055394790,not_returned
https://openalex.org/W6758269355,not_returned
https://openalex.org/W3123785521,not_returned
https://openalex.org/W6610014517,not_returned
https://openalex.org/W6638143541,not_returned
https://openalex.org/W6641203750,not_returned
https://openalex.org/W6784207389,not_returned
https://openalex.org/W6839935899,not_returned
https://openalex.org/W4226229183,not_returned
https://openalex.org/W6600005068,not_returned
https://openalex.org/W6855623143,not_returned
https://openalex.org/W6853991300,not_returned
https://openalex.org/W6873022633,not_returned
https://openalex.org/W6773304627,not_returned
https://openalex.org/W3102098378,not_returned
https://openalex.org/W3104512648,not_returned
https://openalex.org/W3125393088,not_returned
https://openalex.org/W4212930636,not_returned
https://openalex.org/W4238137131,not_returned
https://openalex.org/W4241904929,not_returned
https://openalex.org/W6637432206,not_returned
https://openalex.org/W6839056608,not_returned
https://openalex.org/W6852858518,not_returned
https://openalex.org/W6854102907,not_returned
https://openalex.org/W6870038377,not_returned
https://openalex.org/W6950072060,not_returned
https://openalex.org/W2209585788,not_returned
https://openalex.org/W6608087361,not_returned
https://openalex.org/W6629371576,not_returned
https://openalex.org/W6804431831,not_returned
https://openalex.org/W6870776090,not_returned
https://openalex.org/W6999290912,not_returned
https://openalex.org/W7005451474,not_returned
https://openalex.org/W7057702583,not_returned
https://openalex.org/W7074137848,not_returned
https://openalex.org/W7074655271,not_returned
https://openalex.org/W4225737974,not_returned
https://openalex.org/W6649350365,not_returned
https://openalex.org/W6679787589,not_returned
https://openalex.org/W6877135828,not_returned
https://openalex.org/W6784207389,not_returned
https://openalex.org/W7055394790,not_returned
https://openalex.org/W323699689,not_returned
https://openalex.org/W6623918330,not_returned
https://openalex.org/W6629038310,not_returned
https://openalex.org/W6633119080,not_returned
https://openalex.org/W6748601306,not_returned
https://openalex.org/W6791757180,not_returned
https://openalex.org/W6862454062,not_returned
https://openalex.org/W7074009625,not_returned
https://openalex.org/W2030976617,not_returned
https://openalex.org/W2112850441,not_returned
https://openalex.org/W6606034587,not_returned
https://openalex.org/W6866172435,not_returned
https://openalex.org/W3122187932,not_returned
https://openalex.org/W6618859046,not_returned
https://openalex.org/W6784207389,not_returned
https://openalex.org/W3125485542,not_returned
https://openalex.org/W6877854798,not_returned
https://openalex.org/W2061739140,not_returned
https://openalex.org/W2964259921,not_returned
https://openalex.org/W3035241619,not_returned
https://openalex.org/W3098073440,not_returned
https://openalex.org/W3104891522,not_returned
https://openalex.org/W6636647856,not_returned
https://openalex.org/W6638357387,not_returned
https://openalex.org/W6662133996,not_returned
https://openalex.org/W6858173613,not_returned
https://openalex.org/W6756228036,not_returned
https://openalex.org/W6648777563,not_returned
https://openalex.org/W6719230678,not_returned
https://openalex.org/W4211155073,not_returned
https://openalex.org/W3125170354,not_returned
https://openalex.org/W2950780658,not_returned
https://openalex.org/W2963729483,not_returned
https://openalex.org/W6910676030,not_returned
https://openalex.org/W6605574132,not_returned
https://openalex.org/W6609836004,not_returned
https://openalex.org/W6635578394,not_returned
https://openalex.org/W6683011885,not_returned
https://openalex.org/W6730199976,not_returned
https://openalex.org/W6765699723,not_returned
https://openalex.org/W6770971239,not_returned
https://openalex.org/W6780502940,not_returned
https://openalex.org/W6674900188,not_returned
https://openalex.org/W6849770612,not_returned
https://openalex.org/W6853412000,not_returned
https://openalex.org/W6856776499,not_returned
https://openalex.org/W6606536654,not_returned
https://openalex.org/W6753855306,not_returned
https://openalex.org/W6754943701,not_returned
https://openalex.org/W6627962959,not_returned
https://openalex.org/W7077234417,not_returned
https://openalex.org/W608761038,not_returned
https://openalex.org/W6847862597,not_returned
https://openalex.org/W6648777563,not_returned
https://openalex.org/W6719230678,not_returned
https://openalex.org/W6784207389,not_returned
https://openalex.org/W6849211030,not_returned
https://openalex.org/W6995775222,not_returned
https://openalex.org/W7016020048,not_returned
https://openalex.org/W6648982606,not_returned
https://openalex.org/W2964274014,not_returned
https://openalex.org/W2993182889,not_returned
https://openalex.org/W6750469568,not_returned
https://openalex.org/W2186293267,not_returned
https://openalex.org/W4231253262,not_returned
https://openalex.org/W6602054606,not_returned
https://openalex.org/W6610512503,not_returned
https://openalex.org/W6616095458,not_returned
https://openalex.org/W6617842434,not_returned
https://openalex.org/W6629893310,not_returned
https://openalex.org/W6636219578,not_returned
https://openalex.org/W6645045188,not_returned
https://openalex.org/W6645358134,not_returned
https://openalex.org/W6656522157,not_returned
https://openalex.org/W6681436189,not_returned
https://openalex.org/W6699730724,not_returned
https://openalex.org/W6720536444,not_returned
https://openalex.org/W6725038865,not_returned
https://openalex.org/W6745289466,not_returned
https://openalex.org/W6750744860,not_returned
https://openalex.org/W6762955705,not_returned
https://openalex.org/W6768748620,not_returned
https://openalex.org/W6770693275,not_returned
https://openalex.org/W6770712555,not_returned
https://openalex.org/W6771193441,not_returned
https://openalex.org/W6771313445,not_returned
https://openalex.org/W6816875059,not_returned
https://openalex.org/W6820280806,not_returned
https://openalex.org/W6839147546,not_returned
https://openalex.org/W6840307629,not_returned
https://openalex.org/W6981877603,not_returned
https://openalex.org/W6982706212,not_returned
https://openalex.org/W7028851276,not_returned
https://openalex.org/W7038460141,not_returned
https://openalex.org/W7082683485,not_returned
https://openalex.org/W2186293267,not_returned
https://openalex.org/W4231253262,not_returned
https://openalex.org/W6602054606,not_returned
https://openalex.org/W6610512503,not_returned
https://openalex.org/W6616095458,not_returned
https://openalex.org/W6617842434,not_returned
https://openalex.org/W6629893310,not_returned
https://openalex.org/W6636219578,not_returned
https://openalex.org/W6645045188,not_returned
https://openalex.org/W6645358134,not_returned
https://openalex.org/W6656522157,not_returned
https://openalex.org/W6681436189,not_returned
https://openalex.org/W6699730724,not_returned
https://openalex.org/W6720536444,not_returned
https://openalex.org/W6725038865,not_returned
https://openalex.org/W6745289466,not_returned
https://openalex.org/W6750744860,not_returned
https://openalex.org/W6762955705,not_returned
https://openalex.org/W6768748620,not_returned
https://openalex.org/W6770693275,not_returned
https://openalex.org/W6770712555,not_returned
https://openalex.org/W6771193441,not_returned
https://openalex.org/W6771313445,not_returned
https://openalex.org/W6816875059,not_returned
https://openalex.org/W6820280806,not_returned
https://openalex.org/W6839147546,not_returned
https://openalex.org/W6840307629,not_returned
https://openalex.org/W6981877603,not_returned
https://openalex.org/W6982706212,not_returned
https://openalex.org/W7028851276,not_returned
https://openalex.org/W7038460141,not_returned
https://openalex.org/W7082683485,not_returned
https://openalex.org/W3128198169,not_returned
https://openalex.org/W3186309583,not_returned
https://openalex.org/W6728941679,not_returned
https://openalex.org/W6790425969,not_returned
https://openalex.org/W6662199332,not_returned
https://openalex.org/W6746134454,not_returned
https://openalex.org/W6762447616,not_returned
https://openalex.org/W6990445560,not_returned
https://openalex.org/W2489398676,not_returned
https://openalex.org/W2962978766,not_returned
https://openalex.org/W2963113868,not_returned
https://openalex.org/W4229671821,not_returned
https://openalex.org/W4205431722,not_returned
https://openalex.org/W6983767887,not_returned
https://openalex.org/W6758980857,not_returned
https://openalex.org/W6990712617,not_returned
https://openalex.org/W4211105648,not_returned
https://openalex.org/W2270560986,not_returned
https://openalex.org/W6602401047,not_returned
https://openalex.org/W6633160208,not_returned
https://openalex.org/W6634761788,not_returned
https://openalex.org/W6635224917,not_returned
https://openalex.org/W6654135535,not_returned
https://openalex.org/W6775640119,not_returned
https://openalex.org/W6989296138,not_returned
https://openalex.org/W7015335629,not_returned
https://openalex.org/W7036784162,not_returned
https://openalex.org/W7052931348,not_returned
https://openalex.org/W6656205472,not_returned
https://openalex.org/W6853535837,not_returned
https://openalex.org/W7074105937,not_returned
https://openalex.org/W6661081764,not_returned
https://openalex.org/W6779432035,not_returned
https://openalex.org/W4220947540,not_returned
https://openalex.org/W4226373949,not_returned
https://openalex.org/W6818582199,not_returned
https://openalex.org/W6659179114,not_returned
https://openalex.org/W6680872796,not_returned
https://openalex.org/W6639824700,not_returned
https://openalex.org/W6770717842,not_returned
https://openalex.org/W6774314701,not_returned
https://openalex.org/W6774670964,not_returned
https://openalex.org/W6779977557,not_returned
https://openalex.org/W6784333009,not_returned
https://openalex.org/W6787584414,not_returned
https://openalex.org/W6792919013,not_returned
https://openalex.org/W6794655914,not_returned
https://openalex.org/W6844194202,not_returned
https://openalex.org/W4207067744,not_returned
https://openalex.org/W6784207389,not_returned
https://openalex.org/W7062663631,not_returned
https://openalex.org/W8831220,not_returned
https://openalex.org/W6713527554,not_returned
https://openalex.org/W6635733540,not_returned
https://openalex.org/W6806521779,not_returned
https://openalex.org/W4226029548,not_returned
https://openalex.org/W4390899026,not_returned
https://openalex.org/W6782025338,not_returned
https://openalex.org/W6811038186,not_returned
https://openalex.org/W6857103676,not_returned
https://openalex.org/W6857681913,not_returned
https://openalex.org/W6868746443,not_returned
https://openalex.org/W6872796592,not_returned
https://openalex.org/W6874815744,not_returned
https://openalex.org/W6680299164,not_returned
https://openalex.org/W4226405384,not_returned
https://openalex.org/W3106063097,not_returned
https://openalex.org/W6691552284,not_returned
https://openalex.org/W6889777789,not_returned
https://openalex.org/W6751447776,not_returned
https://openalex.org/W4362227092,not_returned
https://openalex.org/W6640330755,not_returned
https://openalex.org/W6713589361,not_returned
https://openalex.org/W6616377808,not_returned
https://openalex.org/W6771768545,not_returned
https://openalex.org/W7075704810,not_returned
https://openalex.org/W6784207389,not_returned
https://openalex.org/W6776393816,not_returned
https://openalex.org/W6892440325,not_returned
https://openalex.org/W6910865527,not_returned
https://openalex.org/W6797317855,not_returned
https://openalex.org/W6940841560,not_returned
https://openalex.org/W6648777563,not_returned
https://openalex.org/W6719230678,not_returned
https://openalex.org/W6784207389,not_returned
https://openalex.org/W4225316123,not_returned
https://openalex.org/W4229030231,not_returned
https://openalex.org/W6784035503,not_returned
https://openalex.org/W6862804131,not_returned
https://openalex.org/W2762835197,not_returned
https://openalex.org/W3122383732,not_returned
https://openalex.org/W2965941075,not_returned
https://openalex.org/W3102266647,not_returned
https://openalex.org/W3105955040,not_returned
https://openalex.org/W3112313613,not_returned
https://openalex.org/W4213035716,not_returned
https://openalex.org/W6741089368,not_returned
https://openalex.org/W6766180719,not_returned
https://openalex.org/W6615605772,not_returned
https://openalex.org/W6622521817,not_returned
https://openalex.org/W6889121121,not_returned
https://openalex.org/W6607470657,not_returned
https://openalex.org/W6687356677,not_returned
https://openalex.org/W6601570405,not_returned
https://openalex.org/W6608060315,not_returned
https://openalex.org/W6629808497,not_returned
https://openalex.org/W4214855350,not_returned
https://openalex.org/W6604768640,not_returned
https://openalex.org/W6770494777,not_returned
https://openalex.org/W6842828680,not_returned
https://openalex.org/W6729412429,not_returned
https://openalex.org/W6787459753,not_returned
https://openalex.org/W6787467486,not_returned
https://openalex.org/W6849327920,not_returned
https://openalex.org/W6871889622,not_returned
https://openalex.org/W6892837470,not_returned
https://openalex.org/W6784207389,not_returned
https://openalex.org/W6949612299,not_returned
https://openalex.org/W6682373550,not_returned
https://openalex.org/W6713992772,not_returned
https://openalex.org/W6717833491,not_returned
https://openalex.org/W6842722610,not_returned
https://openalex.org/W3101962329,not_returned
https://openalex.org/W4226070402,not_returned
https://openalex.org/W3121234526,not_returned
https://openalex.org/W6634885322,not_returned
https://openalex.org/W6636433674,not_returned
https://openalex.org/W6725302749,not_returned
https://openalex.org/W6787220580,not_returned
https://openalex.org/W6600877944,not_returned
https://openalex.org/W2046919791,not_returned
https://openalex.org/W4319590572,not_returned
https://openalex.org/W1999568555,not_returned
https://openalex.org/W3121706727,not_returned
https://openalex.org/W3122694256,not_returned
https://openalex.org/W4205271706,not_returned
https://openalex.org/W4213279905,not_returned
https://openalex.org/W1447696170,not_returned
https://openalex.org/W6750690071,not_returned
https://openalex.org/W6782381091,not_returned
https://openalex.org/W6797976378,not_returned
https://openalex.org/W6839192093,not_returned
https://openalex.org/W597989350,not_returned
https://openalex.org/W4391792343,not_returned
https://openalex.org/W6603240336,not_returned
https://openalex.org/W6611002421,not_returned
https://openalex.org/W6618020468,not_returned
https://openalex.org/W6638722864,not_returned
https://openalex.org/W6639339808,not_returned
https://openalex.org/W6744888764,not_returned
https://openalex.org/W6747175674,not_returned
https://openalex.org/W6795720101,not_returned
https://openalex.org/W4214714969,not_returned
https://openalex.org/W6875203803,not_returned
https://openalex.org/W2504946398,not_returned
https://openalex.org/W4237688284,not_returned
https://openalex.org/W6620799009,not_returned
https://openalex.org/W6653834261,not_returned
https://openalex.org/W4234766275,not_returned
https://openalex.org/W6634048532,not_returned
https://openalex.org/W6655361000,not_returned
https://openalex.org/W7065721928,not_returned
https://openalex.org/W6666266302,not_returned
https://openalex.org/W2149035834,not_returned
https://openalex.org/W6602706793,not_returned
https://openalex.org/W6606823537,not_returned
https://openalex.org/W6612647383,not_returned
https://openalex.org/W6613214171,not_returned
https://openalex.org/W6629833932,not_returned
https://openalex.org/W6630334347,not_returned
https://openalex.org/W6631488236,not_returned
https://openalex.org/W6631678314,not_returned
https://openalex.org/W6635780690,not_returned
https://openalex.org/W6639454016,not_returned
https://openalex.org/W6642702230,not_returned
https://openalex.org/W6642936128,not_returned
https://openalex.org/W6645391629,not_returned
https://openalex.org/W6647671364,not_returned
https://openalex.org/W6649782505,not_returned
https://openalex.org/W6657263036,not_returned
https://openalex.org/W6673888947,not_returned
https://openalex.org/W6677000979,not_returned
https://openalex.org/W6677779847,not_returned
https://openalex.org/W6678550580,not_returned
https://openalex.org/W6679831156,not_returned
https://openalex.org/W6689376525,not_returned
https://openalex.org/W6692652560,not_returned
https://openalex.org/W6704444370,not_returned
https://openalex.org/W6737607963,not_returned
https://openalex.org/W6752939682,not_returned
https://openalex.org/W6775539779,not_returned
https://openalex.org/W6818322188,not_returned
https://openalex.org/W6677373126,not_returned
https://openalex.org/W6853924701,not_returned
https://openalex.org/W3104080797,not_returned
https://openalex.org/W3142182691,not_returned
https://openalex.org/W3160030944,not_returned
https://openalex.org/W4205300282,not_returned
https://openalex.org/W6603793589,not_returned
https://openalex.org/W6758308408,not_returned
https://openalex.org/W6805166607,not_returned
https://openalex.org/W6784401795,not_returned
https://openalex.org/W6652561998,not_returned
https://openalex.org/W6664603321,not_returned
https://openalex.org/W6667103813,not_returned
https://openalex.org/W6675150653,not_returned
https://openalex.org/W6676286517,not_returned
https://openalex.org/W6683154655,not_returned
https://openalex.org/W6684787065,not_returned
https://openalex.org/W6892714439,not_returned
https://openalex.org/W6929924314,not_returned
https://openalex.org/W7074037780,not_returned
https://openalex.org/W6662835146,not_returned
https://openalex.org/W6679721186,not_returned
https://openalex.org/W6805120619,not_returned
https://openalex.org/W6808035884,not_returned
https://openalex.org/W4225396478,not_returned
https://openalex.org/W6633456463,not_returned
https://openalex.org/W6600107786,not_returned
https://openalex.org/W6601597633,not_returned
https://openalex.org/W6603175710,not_returned
https://openalex.org/W4210670182,not_returned
https://openalex.org/W6673570383,not_returned
https://openalex.org/W6776486644,not_returned
https://openalex.org/W6783433855,not_returned
https://openalex.org/W6671843678,not_returned
https://openalex.org/W6733868898,not_returned
https://openalex.org/W6744668381,not_returned
https://openalex.org/W6811232152,not_returned
https://openalex.org/W6861001905,not_returned
https://openalex.org/W6721451220,not_returned
https://openalex.org/W7064954488,not_returned
https://openalex.org/W6697106032,not_returned
https://openalex.org/W6775171121,not_returned
https://openalex.org/W6784392752,not_returned
https://openalex.org/W6810557222,not_returned
https://openalex.org/W6849937633,not_returned
https://openalex.org/W6850940038,not_returned
https://openalex.org/W6851242299,not_returned
https://openalex.org/W6863101938,not_returned
https://openalex.org/W3121789926,not_returned
https://openalex.org/W3122741029,not_returned
https://openalex.org/W3123331292,not_returned
https://openalex.org/W3123988152,not_returned
https://openalex.org/W3125466947,not_returned
https://openalex.org/W4231027382,not_returned
https://openalex.org/W6603476292,not_returned
https://openalex.org/W6620841205,not_returned
https://openalex.org/W6629462360,not_returned
https://openalex.org/W6630764088,not_returned
https://openalex.org/W6634161332,not_returned
https://openalex.org/W6635360447,not_returned
https://openalex.org/W6636115855,not_returned
https://openalex.org/W6639515986,not_returned
https://openalex.org/W6639943120,not_returned
https://openalex.org/W6647797894,not_returned
https://openalex.org/W6651099868,not_returned
https://openalex.org/W6652901597,not_returned
https://openalex.org/W6678165811,not_returned
https://openalex.org/W6689592929,not_returned
https://openalex.org/W6721188204,not_returned
https://openalex.org/W6722280499,not_returned
https://openalex.org/W6750671012,not_returned
https://openalex.org/W6757191787,not_returned
https://openalex.org/W6761113784,not_returned
https://openalex.org/W6768955858,not_returned
https://openalex.org/W6786968766,not_returned
https://openalex.org/W6791279768,not_returned
https://openalex.org/W6801147199,not_returned
https://openalex.org/W6830588826,not_returned
https://openalex.org/W7071180036,not_returned
https://openalex.org/W2495668977,not_returned
https://openalex.org/W6602214016,not_returned
https://openalex.org/W6684968971,not_returned
https://openalex.org/W6740391753,not_returned
https://openalex.org/W6770878678,not_returned
https://openalex.org/W6808961717,not_returned
https://openalex.org/W6866787332,not_returned
https://openalex.org/W6827097419,not_returned
https://openalex.org/W6680981421,not_returned
https://openalex.org/W2807053266,not_returned
https://openalex.org/W4213279905,not_returned
https://openalex.org/W6634682946,not_returned
https://openalex.org/W6949115572,not_returned
https://openalex.org/W7026679274,not_returned
https://openalex.org/W2071549612,not_returned
https://openalex.org/W2767041579,not_returned
https://openalex.org/W6857233031,not_returned
https://openalex.org/W6872726286,not_returned
https://openalex.org/W6695842343,not_returned
https://openalex.org/W6870270413,not_returned
https://openalex.org/W6872814225,not_returned
https://openalex.org/W6873694007,not_returned
https://openalex.org/W6874261070,not_returned
https://openalex.org/W6874350336,not_returned
https://openalex.org/W6875163750,not_returned
https://openalex.org/W6637295955,not_returned
https://openalex.org/W6864738859,not_returned
https://openalex.org/W6870641082,not_returned
https://openalex.org/W6753175103,not_returned
https://openalex.org/W6767729188,not_returned
https://openalex.org/W6869605362,not_returned
https://openalex.org/W6870641082,not_returned
https://openalex.org/W4379095677,not_returned
https://openalex.org/W6784207389,not_returned
https://openalex.org/W6790802070,not_returned
https://openalex.org/W1201749067,not_returned
https://openalex.org/W4211024474,not_returned
https://openalex.org/W6630556913,not_returned
https://openalex.org/W6632449939,not_returned
https://openalex.org/W6635715393,not_returned
https://openalex.org/W6646521516,not_returned
https://openalex.org/W6650030402,not_returned
https://openalex.org/W6668817854,not_returned
https://openalex.org/W6676924107,not_returned
https://openalex.org/W6679562683,not_returned
https://openalex.org/W6724582445,not_returned
https://openalex.org/W6803154468,not_returned
https://openalex.org/W6855422587,not_returned
https://openalex.org/W6743671332,not_returned
https://openalex.org/W6712923490,not_returned
https://openalex.org/W6683424770,not_returned
https://openalex.org/W6717151324,not_returned
https://openalex.org/W6862085392,not_returned
https://openalex.org/W6872267619,not_returned
https://openalex.org/W2333794124,not_returned
https://openalex.org/W6876428397,not_returned
https://openalex.org/W7064954682,not_returned
https://openalex.org/W6643388834,not_returned
https://openalex.org/W6600297347,not_returned
https://openalex.org/W6671934327,not_returned
https://openalex.org/W6738377624,not_returned
https://openalex.org/W6799655614,not_returned
https://openalex.org/W6871673015,not_returned
https://openalex.org/W6767491084,not_returned
https://openalex.org/W6841323221,not_returned
https://openalex.org/W6847141702,not_returned
https://openalex.org/W4242200793,not_returned
https://openalex.org/W6698823379,not_returned
https://openalex.org/W6726264723,not_returned
https://openalex.org/W6813030465,not_returned
https://openalex.org/W6674826558,not_returned
https://openalex.org/W6771432567,not_returned
https://openalex.org/W6843053795,not_returned
https://openalex.org/W3100145213,not_returned
https://openalex.org/W6703572187,not_returned
https://openalex.org/W6846811125,not_returned
https://openalex.org/W6960153649,not_returned
https://openalex.org/W4226120986,not_returned
https://openalex.org/W6750582612,not_returned
https://openalex.org/W6785922734,not_returned
https://openalex.org/W6810761215,not_returned
https://openalex.org/W6839297577,not_returned
https://openalex.org/W6858775636,not_returned
https://openalex.org/W4213446427,not_returned
https://openalex.org/W6990422071,not_returned
https://openalex.org/W6652504744,not_returned
https://openalex.org/W6912009916,not_returned
https://openalex.org/W6921202138,not_returned
https://openalex.org/W6634057643,not_returned
https://openalex.org/W3186309583,not_returned
https://openalex.org/W6608235193,not_returned
https://openalex.org/W6622822913,not_returned
https://openalex.org/W6631292539,not_returned
https://openalex.org/W6655612064,not_returned
https://openalex.org/W6790008116,not_returned
https://openalex.org/W6850971208,not_returned
https://openalex.org/W6600424091,not_returned
https://openalex.org/W6732107138,not_returned
https://openalex.org/W6856176171,not_returned
https://openalex.org/W7073536514,not_returned
https://openalex.org/W2962978766,not_returned
https://openalex.org/W2963113868,not_returned
https://openalex.org/W3098952422,not_returned
https://openalex.org/W3101816981,not_returned
https://openalex.org/W3104393726,not_returned
https://openalex.org/W3106385100,not_returned
https://openalex.org/W6601241726,not_returned
https://openalex.org/W6639319401,not_returned
https://openalex.org/W6676725061,not_returned
https://openalex.org/W6690465252,not_returned
https://openalex.org/W6648777563,not_returned
https://openalex.org/W6719230678,not_returned
https://openalex.org/W6784207389,not_returned
https://openalex.org/W6804599109,not_returned
https://openalex.org/W6648777563,not_returned
https://openalex.org/W6719230678,not_returned
https://openalex.org/W6784207389,not_returned
https://openalex.org/W6775929983,not_returned
https://openalex.org/W6968825237,not_returned
https://openalex.org/W6784207389,not_returned
https://openalex.org/W6799967998,not_returned
https://openalex.org/W3099814042,not_returned
https://openalex.org/W3105990006,not_returned
https://openalex.org/W6784207389,not_returned
https://openalex.org/W4211256848,not_returned
https://openalex.org/W3103226528,not_returned
https://openalex.org/W6603281867,not_returned
https://openalex.org/W3099288741,not_returned
https://openalex.org/W3199860989,not_returned
https://openalex.org/W4229635479,not_returned
https://openalex.org/W4281759045,not_returned
https://openalex.org/W4252646233,not_returned
https://openalex.org/W4221015563,not_returned
https://openalex.org/W4226296089,not_returned
https://openalex.org/W4226315968,not_returned
https://openalex.org/W6759528262,not_returned
https://openalex.org/W4213171100,not_returned
https://openalex.org/W6602986104,not_returned
https://openalex.org/W6639110005,not_returned
https://openalex.org/W6639249928,not_returned
https://openalex.org/W6639336693,not_returned
https://openalex.org/W6639552532,not_returned
https://openalex.org/W6639725775,not_returned
https://openalex.org/W6640817956,not_returned
https://openalex.org/W6640872767,not_returned
https://openalex.org/W6650441845,not_returned
https://openalex.org/W6680752483,not_returned
https://openalex.org/W6685518429,not_returned
https://openalex.org/W6685927283,not_returned
https://openalex.org/W6687254472,not_returned
https://openalex.org/W6687335081,not_returned
https://openalex.org/W6687569435,not_returned
https://openalex.org/W6688031176,not_returned
https://openalex.org/W6688072828,not_returned
https://openalex.org/W6688222274,not_returned
https://openalex.org/W6688336851,not_returned
https://openalex.org/W6688380223,not_returned
https://openalex.org/W6688517084,not_returned
https://openalex.org/W6688750418,not_returned
https://openalex.org/W6688969348,not_returned
https://openalex.org/W6689781208,not_returned
https://openalex.org/W6693474542,not_returned
https://openalex.org/W6694752970,not_returned
https://openalex.org/W6694985021,not_returned
https://openalex.org/W6695221492,not_returned
https://openalex.org/W6695729570,not_returned
https://openalex.org/W6695912149,not_returned
https://openalex.org/W6696109132,not_returned
https://openalex.org/W6696290441,not_returned
https://openalex.org/W6696317038,not_returned
https://openalex.org/W6696961396,not_returned
https://openalex.org/W6697461048,not_returned
https://openalex.org/W6697548333,not_returned
https://openalex.org/W6698357209,not_returned
https://openalex.org/W6698437502,not_returned
https://openalex.org/W6703301176,not_returned
https://openalex.org/W6712204653,not_returned
https://openalex.org/W6712866737,not_returned
https://openalex.org/W6715678770,not_returned
https://openalex.org/W6809058736,not_returned
https://openalex.org/W6833510364,not_returned
https://openalex.org/W6834689946,not_returned
https://openalex.org/W6968429761,not_returned
https://openalex.org/W6747314799,not_returned
https://openalex.org/W6675815789,not_returned
https://openalex.org/W6677728463,not_returned
https://openalex.org/W6689207654,not_returned
https://openalex.org/W7005474818,not_returned
https://openalex.org/W6678547452,not_returned
https://openalex.org/W7075708669,not_returned
https://openalex.org/W6784207389,not_returned
https://openalex.org/W6804599109,not_returned
https://openalex.org/W6784207389,not_returned
https://openalex.org/W6640226662,not_returned
https://openalex.org/W6782159940,not_returned
https://openalex.org/W3100618065,not_returned
https://openalex.org/W3103683500,not_returned
https://openalex.org/W3106293053,not_returned
https://openalex.org/W6784207389,not_returned
https://openalex.org/W6752890940,not_returned
https://openalex.org/W6602341850,not_returned
https://openalex.org/W6656104119,not_returned
https://openalex.org/W6681474808,not_returned
https://openalex.org/W6717713418,not_returned
https://openalex.org/W6750545171,not_returned
https://openalex.org/W6760613391,not_returned
https://openalex.org/W6682134709,not_returned
https://openalex.org/W6699517455,not_returned
https://openalex.org/W6651590349,not_returned
https://openalex.org/W6665543851,not_returned
https://openalex.org/W6679936520,not_returned
https://openalex.org/W6871455173,not_returned
https://openalex.org/W6651951137,not_returned
https://openalex.org/W6744472298,not_returned
https://openalex.org/W6796407435,not_returned
https://openalex.org/W6850994204,not_returned
https://openalex.org/W6673507684,not_returned
https://openalex.org/W6771000528,not_returned
https://openalex.org/W6786726247,not_returned
https://openalex.org/W6604319184,not_returned
https://openalex.org/W6714614629,not_returned
https://openalex.org/W6671393730,not_returned
https://openalex.org/W6682134709,not_returned
https://openalex.org/W6834170424,not_returned
https://openalex.org/W7017666097,not_returned
https://openalex.org/W6660503835,not_returned
https://openalex.org/W6672843477,not_returned
https://openalex.org/W6679248287,not_returned
https://openalex.org/W6682197836,not_returned
https://openalex.org/W6755806565,not_returned
https://openalex.org/W6771723586,not_returned
https://openalex.org/W6773699953,not_returned
https://openalex.org/W6983793155,not_returned
https://openalex.org/W7027977897,not_returned
https://openalex.org/W6717929093,not_returned
https://openalex.org/W6752854199,not_returned
https://openalex.org/W6640418312,not_returned
https://openalex.org/W6670544682,not_returned
https://openalex.org/W6681804997,not_returned
https://openalex.org/W6744664434,not_returned
https://openalex.org/W6838804279,not_returned
https://openalex.org/W6843962354,not_returned
https://openalex.org/W2962971109,not_returned
https://openalex.org/W3042326501,not_returned
https://openalex.org/W3104840653,not_returned
https://openalex.org/W3111489668,not_returned
https://openalex.org/W6642627319,not_returned
https://openalex.org/W6777316339,not_returned
https://openalex.org/W6787156628,not_returned
https://openalex.org/W6821611713,not_returned
https://openalex.org/W6648777563,not_returned
https://openalex.org/W6719230678,not_returned
https://openalex.org/W6635241338,not_returned
https://openalex.org/W1924376557,not_returned
https://openalex.org/W6603337038,not_returned
https://openalex.org/W6653392285,not_returned
https://openalex.org/W6859652792,not_returned
https://openalex.org/W6784207389,not_returned
https://openalex.org/W6784207389,not_returned
https://openalex.org/W6784207389,not_returned
https://openalex.org/W6784207389,not_returned
https://openalex.org/W6669880822,not_returned
https://openalex.org/W3124145192,not_returned
https://openalex.org/W6775962295,not_returned
https://openalex.org/W6921553723,not_returned
https://openalex.org/W6603616642,not_returned
https://openalex.org/W6633589378,not_returned
https://openalex.org/W6675471023,not_returned
https://openalex.org/W6717041367,not_returned
https://openalex.org/W6717346152,not_returned
https://openalex.org/W6733767080,not_returned
https://openalex.org/W6771226312,not_returned
https://openalex.org/W6654310373,not_returned
https://openalex.org/W6704273501,not_returned
https://openalex.org/W6721499722,not_returned
https://openalex.org/W6751702266,not_returned
https://openalex.org/W6775557650,not_returned
https://openalex.org/W6850079984,not_returned
https://openalex.org/W6870283840,not_returned
https://openalex.org/W3111242773,not_returned
https://openalex.org/W6741087337,not_returned
https://openalex.org/W6743688258,not_returned
https://openalex.org/W6747231328,not_returned
https://openalex.org/W6749316771,not_returned
https://openalex.org/W6751707208,not_returned
https://openalex.org/W6762718338,not_returned
https://openalex.org/W6762949792,not_returned
https://openalex.org/W6765715182,not_returned
https://openalex.org/W6778804409,not_returned
https://openalex.org/W6780322082,not_returned
https://openalex.org/W6780369302,not_returned
https://openalex.org/W6790755704,not_returned
https://openalex.org/W6794625728,not_returned
https://openalex.org/W6850398144,not_returned
https://openalex.org/W6854203514,not_returned
https://openalex.org/W6861882225,not_returned
https://openalex.org/W6869171454,not_returned
https://openalex.org/W6888909630,not_returned
https://openalex.org/W4283264427,not_returned
https://openalex.org/W6691551240,not_returned
https://openalex.org/W6675354045,not_returned
https://openalex.org/W6768817161,not_returned
https://openalex.org/W6809687611,not_returned
https://openalex.org/W6850625674,not_returned
https://openalex.org/W6637585824,not_returned
https://openalex.org/W6645607943,not_returned
https://openalex.org/W6752260529,not_returned
https://openalex.org/W6760160946,not_returned
https://openalex.org/W3122520507,not_returned
https://openalex.org/W3122810100,not_returned
https://openalex.org/W3123403882,not_returned
https://openalex.org/W3123579765,not_returned
https://openalex.org/W3123952677,not_returned
https://openalex.org/W3125613485,not_returned
https://openalex.org/W3126059480,not_returned
https://openalex.org/W4213360051,not_returned
https://openalex.org/W6784207389,not_returned
https://openalex.org/W7055394790,not_returned
https://openalex.org/W6964378856,not_returned
https://openalex.org/W4210252774,not_returned
https://openalex.org/W6880407724,not_returned
https://openalex.org/W3103147536,not_returned
https://openalex.org/W3101565378,not_returned
https://openalex.org/W3102402662,not_returned
https://openalex.org/W3122906600,not_returned
https://openalex.org/W4246450893,not_returned
https://openalex.org/W6613716537,not_returned
https://openalex.org/W6632576984,not_returned
https://openalex.org/W6636446947,not_returned
https://openalex.org/W6687102433,not_returned
https://openalex.org/W6778706440,not_returned
https://openalex.org/W6927354541,not_returned
https://openalex.org/W6689693036,not_returned
https://openalex.org/W6709439124,not_returned
https://openalex.org/W6712824836,not_returned
https://openalex.org/W6605275482,not_returned
https://openalex.org/W2963963993,not_returned
https://openalex.org/W6949549905,not_returned
https://openalex.org/W2962706750,not_returned
https://openalex.org/W3044033178,not_returned
https://openalex.org/W4224107678,not_returned
https://openalex.org/W4226218645,not_returned
https://openalex.org/W4229004128,not_returned
https://openalex.org/W4229457158,not_returned
https://openalex.org/W4226238215,not_returned
https://openalex.org/W6633658626,not_returned
https://openalex.org/W4210818786,not_returned
https://openalex.org/W4252087883,not_returned
https://openalex.org/W6616580438,not_returned
https://openalex.org/W6629892571,not_returned
https://openalex.org/W6630358933,not_returned
https://openalex.org/W6991706963,not_returned
https://openalex.org/W2995149074,not_returned
https://openalex.org/W6635108014,not_returned
https://openalex.org/W6757791501,not_returned
https://openalex.org/W6784069562,not_returned
https://openalex.org/W6784207389,not_returned
https://openalex.org/W3102822588,not_returned
https://openalex.org/W3103662153,not_returned
https://openalex.org/W6810560876,not_returned
https://openalex.org/W6607893195,not_returned
https://openalex.org/W6629809197,not_returned
https://openalex.org/W6672462222,not_returned
https://openalex.org/W6679817373,not_returned
https://openalex.org/W6789528015,not_returned
https://openalex.org/W6791014336,not_returned
https://openalex.org/W6858191515,not_returned
https://openalex.org/W6860989678,not_returned
https://openalex.org/W2952160489,not_returned
https://openalex.org/W6699469317,not_returned
https://openalex.org/W6774125045,not_returned
https://openalex.org/W6846714186,not_returned
https://openalex.org/W6802767491,not_returned
https://openalex.org/W6611113590,not_returned
https://openalex.org/W6808409849,not_returned
https://openalex.org/W4378472940,not_returned
https://openalex.org/W6675354045,not_returned
https://openalex.org/W4200218054,not_returned
https://openalex.org/W4226139336,not_returned
https://openalex.org/W6663958636,not_returned
https://openalex.org/W6726277416,not_returned
https://openalex.org/W6773158916,not_returned
https://openalex.org/W6805484727,not_returned
https://openalex.org/W7014514090,not_returned
https://openalex.org/W3125414201,not_returned
https://openalex.org/W4254499959,not_returned
https://openalex.org/W6721089433,not_returned
https://openalex.org/W6757042886,not_returned
https://openalex.org/W6822981073,not_returned
https://openalex.org/W6823023279,not_returned
https://openalex.org/W2992864448,not_returned
https://openalex.org/W6600419395,not_returned
https://openalex.org/W6604299158,not_returned
https://openalex.org/W6612647383,not_returned
https://openalex.org/W6621981480,not_returned
https://openalex.org/W6625952515,not_returned
https://openalex.org/W6631608425,not_returned
https://openalex.org/W6635340787,not_returned
https://openalex.org/W6635680227,not_returned
https://openalex.org/W6636436212,not_returned
https://openalex.org/W6640724919,not_returned
https://openalex.org/W6641026273,not_returned
https://openalex.org/W6684071825,not_returned
https://openalex.org/W6686119443,not_returned
https://openalex.org/W6692646830,not_returned
https://openalex.org/W6694921092,not_returned
https://openalex.org/W6695496992,not_returned
https://openalex.org/W6703881314,not_returned
https://openalex.org/W6717360820,not_returned
https://openalex.org/W6721465555,not_returned
https://openalex.org/W6728609706,not_returned
https://openalex.org/W6735984828,not_returned
https://openalex.org/W6752939682,not_returned
https://openalex.org/W6797516715,not_returned
https://openalex.org/W6808263609,not_returned
https://openalex.org/W7047437342,not_returned
https://openalex.org/W2951032685,not_returned
https://openalex.org/W3104510267,not_returned
https://openalex.org/W6610116977,not_returned
https://openalex.org/W3030066800,not_returned
https://openalex.org/W6794932885,not_returned
https://openalex.org/W3099479360,not_returned
https://openalex.org/W4210618319,not_returned
https://openalex.org/W4394672655,not_returned
https://openalex.org/W6967218631,not_returned
https://openalex.org/W3100710773,not_returned
https://openalex.org/W6775677477,not_returned
https://openalex.org/W3105643282,not_returned
https://openalex.org/W6663941032,not_returned
https://openalex.org/W4200524157,not_returned
https://openalex.org/W6753715209,not_returned
https://openalex.org/W7055394790,not_returned
https://openalex.org/W6784207389,not_returned
https://openalex.org/W6804599109,not_returned
https://openalex.org/W6784207389,not_returned
https://openalex.org/W6636523299,not_returned
https://openalex.org/W6734710448,not_returned
https://openalex.org/W6887878200,not_returned
https://openalex.org/W6603311505,not_returned
https://openalex.org/W3122873328,not_returned
https://openalex.org/W3124091692,not_returned
https://openalex.org/W2066022764,not_returned
https://openalex.org/W6601461827,not_returned
https://openalex.org/W6603771492,not_returned
https://openalex.org/W6604534250,not_returned
https://openalex.org/W6600682742,not_returned
https://openalex.org/W6675528612,not_returned
https://openalex.org/W6677220852,not_returned
https://openalex.org/W6696733713,not_returned
https://openalex.org/W6769832240,not_returned
https://openalex.org/W6868876217,not_returned
https://openalex.org/W6753715209,not_returned
https://openalex.org/W7055394790,not_returned
https://openalex.org/W6788003126,not_returned
https://openalex.org/W2963587345,not_returned
https://openalex.org/W6817910843,not_returned
https://openalex.org/W6784207389,not_returned
https://openalex.org/W2312785390,not_returned
https://openalex.org/W2917700172,not_returned
https://openalex.org/W6601153409,not_returned
https://openalex.org/W2962872206,not_returned
https://openalex.org/W4226345170,not_returned
https://openalex.org/W6600018615,not_returned
https://openalex.org/W6600474606,not_returned
https://openalex.org/W6601211009,not_returned
https://openalex.org/W6815970816,not_returned
https://openalex.org/W6784207389,not_returned
https://openalex.org/W6888702743,not_returned
https://openalex.org/W6893767174,not_returned
https://openalex.org/W6902039429,not_returned
https://openalex.org/W6904887497,not_returned
https://openalex.org/W6930738984,not_returned
https://openalex.org/W6850191134,not_returned
https://openalex.org/W6792150279,not_returned
https://openalex.org/W2963726844,not_returned
https://openalex.org/W3100740890,not_returned
https://openalex.org/W3101531377,not_returned
https://openalex.org/W3102230680,not_returned
https://openalex.org/W3174865733,not_returned
https://openalex.org/W6893428111,not_returned
https://openalex.org/W6601587333,not_returned
https://openalex.org/W6654814059,not_returned
https://openalex.org/W6721354482,not_returned
https://openalex.org/W7008747544,not_returned
https://openalex.org/W6637461618,not_returned
https://openalex.org/W6681822247,not_returned
https://openalex.org/W6634065080,not_returned
https://openalex.org/W6712656314,not_returned
https://openalex.org/W6809313442,not_returned
https://openalex.org/W2963026768,not_returned
https://openalex.org/W3181292541,not_returned
https://openalex.org/W6636510571,not_returned
https://openalex.org/W6640818009,not_returned
https://openalex.org/W6763701032,not_returned
https://openalex.org/W6768021236,not_returned
https://openalex.org/W6771917389,not_returned
https://openalex.org/W6776048684,not_returned
https://openalex.org/W6779068807,not_returned
https://openalex.org/W6781533629,not_returned
https://openalex.org/W6784472380,not_returned
https://openalex.org/W6796119419,not_returned
https://openalex.org/W6858937723,not_returned
https://openalex.org/W6863467715,not_returned
https://openalex.org/W6865043740,not_returned
https://openalex.org/W6869596394,not_returned
https://openalex.org/W6873240872,not_returned
https://openalex.org/W6874852040,not_returned
https://openalex.org/W6911452879,not_returned
https://openalex.org/W2963293684,not_returned
https://openalex.org/W6642978581,not_returned
https://openalex.org/W6771358081,not_returned
https://openalex.org/W6857490845,not_returned
https://openalex.org/W2168175751,not_returned
https://openalex.org/W3150635270,not_returned
https://openalex.org/W6674625721,not_returned
https://openalex.org/W6681054339,not_returned
https://openalex.org/W6784311841,not_returned
https://openalex.org/W6810771344,not_returned
https://openalex.org/W6850808709,not_returned
https://openalex.org/W6856043031,not_returned
https://openalex.org/W6862790159,not_returned
https://openalex.org/W6869909808,not_returned
https://openalex.org/W6784207389,not_returned
https://openalex.org/W6804599109,not_returned
https://openalex.org/W6738592062,not_returned
https://openalex.org/W6848077795,not_returned
https://openalex.org/W6858382160,not_returned
https://openalex.org/W6983167334,not_returned
https://openalex.org/W2942609835,not_returned
https://openalex.org/W3123628113,not_returned
https://openalex.org/W3125384343,not_returned
https://openalex.org/W3148581352,not_returned
https://openalex.org/W4213023357,not_returned
https://openalex.org/W6601657841,not_returned
https://openalex.org/W6633536967,not_returned
https://openalex.org/W6637867490,not_returned
https://openalex.org/W6667616596,not_returned
https://openalex.org/W6799954982,not_returned
https://openalex.org/W7048055286,not_returned
https://openalex.org/W3104858625,not_returned
https://openalex.org/W4238371686,not_returned
https://openalex.org/W6609290172,not_returned
https://openalex.org/W6664702507,not_returned
https://openalex.org/W6698509493,not_returned
https://openalex.org/W6738069816,not_returned
https://openalex.org/W6791818547,not_returned
https://openalex.org/W2557079128,not_returned
https://openalex.org/W3124506642,not_returned
https://openalex.org/W6637282054,not_returned
https://openalex.org/W6638479598,not_returned
https://openalex.org/W6683492328,not_returned
https://openalex.org/W6730192006,not_returned
https://openalex.org/W6754796712,not_returned
https://openalex.org/W3123092107,not_returned
https://openalex.org/W3124845921,not_returned
https://openalex.org/W6648637104,not_returned
https://openalex.org/W6804599109,not_returned
https://openalex.org/W6601893191,not_returned
https://openalex.org/W6668387847,not_returned
https://openalex.org/W6722268954,not_returned
https://openalex.org/W6805385405,not_returned
https://openalex.org/W6784207389,not_returned
https://openalex.org/W4411392672,not_returned
https://openalex.org/W6634508654,not_returned
https://openalex.org/W2361749505,not_returned
https://openalex.org/W6636627454,not_returned
https://openalex.org/W6679676526,not_returned
https://openalex.org/W6813467637,not_returned
https://openalex.org/W4361773820,not_returned
https://openalex.org/W6682623858,not_returned
https://openalex.org/W6863417487,not_returned
https://openalex.org/W6725603465,not_returned
https://openalex.org/W3123428518,not_returned
https://openalex.org/W3124931572,not_returned
https://openalex.org/W3125350889,not_returned
https://openalex.org/W6678073763,not_returned
https://openalex.org/W6753952488,not_returned
https://openalex.org/W6720207676,not_returned
https://openalex.org/W2115994519,not_returned
https://openalex.org/W2163263650,not_returned
https://openalex.org/W6849215587,not_returned
https://openalex.org/W3045606627,not_returned
https://openalex.org/W3099660194,not_returned
https://openalex.org/W3101860351,not_returned
https://openalex.org/W4255525538,not_returned
https://openalex.org/W6600089260,not_returned
https://openalex.org/W6774576251,not_returned
https://openalex.org/W6619289465,not_returned
https://openalex.org/W6650390309,not_returned
https://openalex.org/W6908853922,not_returned
https://openalex.org/W6603274105,not_returned
https://openalex.org/W6640733614,not_returned
https://openalex.org/W6683427343,not_returned
https://openalex.org/W6856510777,not_returned
https://openalex.org/W3123066889,not_returned
https://openalex.org/W3121894050,not_returned
https://openalex.org/W6712501445,not_returned
https://openalex.org/W6800967273,not_returned
https://openalex.org/W6683050718,not_returned
https://openalex.org/W6739233538,not_returned
https://openalex.org/W6982346801,not_returned
https://openalex.org/W4206099957,not_returned
https://openalex.org/W6719230678,not_returned
https://openalex.org/W7055394790,not_returned
https://openalex.org/W6601437529,not_returned
https://openalex.org/W6640300403,not_returned
https://openalex.org/W6749150533,not_returned
https://openalex.org/W6755366571,not_returned
https://openalex.org/W6784397019,not_returned
https://openalex.org/W6853879186,not_returned
https://openalex.org/W6632768465,not_returned
https://openalex.org/W6634785526,not_returned
https://openalex.org/W6660991800,not_returned
https://openalex.org/W6663234412,not_returned
https://openalex.org/W6685318124,not_returned
https://openalex.org/W6716685276,not_returned
https://openalex.org/W6745380194,not_returned
https://openalex.org/W6854254519,not_returned
https://openalex.org/W6645243552,not_returned
https://openalex.org/W6766691477,not_returned
https://openalex.org/W6629301581,not_returned
https://openalex.org/W6600062588,not_returned
https://openalex.org/W6601979175,not_returned
https://openalex.org/W6602022226,not_returned
https://openalex.org/W6631485838,not_returned
https://openalex.org/W6633866810,not_returned
https://openalex.org/W6642402200,not_returned
https://openalex.org/W4220879768,not_returned
https://openalex.org/W4229896977,not_returned
https://openalex.org/W6605100418,not_returned
https://openalex.org/W6638200265,not_returned
https://openalex.org/W6684050470,not_returned
https://openalex.org/W4225724957,not_returned
https://openalex.org/W3208435711,not_returned
https://openalex.org/W6946062017,not_returned
https://openalex.org/W3124499702,not_returned
https://openalex.org/W6860210088,not_returned
https://openalex.org/W4206264738,not_returned
https://openalex.org/W6979909053,not_returned
https://openalex.org/W7033950294,not_returned
https://openalex.org/W6633084002,not_returned
https://openalex.org/W3206054944,not_returned
https://openalex.org/W72502514,not_returned
https://openalex.org/W113118019,not_returned
https://openalex.org/W6605728568,not_returned
https://openalex.org/W6617349808,not_returned
https://openalex.org/W6639030974,not_returned
https://openalex.org/W6674815134,not_returned
https://openalex.org/W6675698761,not_returned
https://openalex.org/W6677274957,not_returned
https://openalex.org/W6678549248,not_returned
https://openalex.org/W6681036910,not_returned
https://openalex.org/W6685057763,not_returned
https://openalex.org/W6686340751,not_returned
https://openalex.org/W6723879237,not_returned
https://openalex.org/W6750712823,not_returned
https://openalex.org/W6770304242,not_returned
https://openalex.org/W6798498847,not_returned
https://openalex.org/W6798646521,not_returned
https://openalex.org/W6852018096,not_returned
https://openalex.org/W6856583223,not_returned
https://openalex.org/W6871536137,not_returned
https://openalex.org/W3122291624,not_returned
https://openalex.org/W6799907433,not_returned
https://openalex.org/W6636567604,not_returned
https://openalex.org/W6849709433,not_returned
https://openalex.org/W6681964535,not_returned
https://openalex.org/W6745399282,not_returned
https://openalex.org/W4206099957,not_returned
https://openalex.org/W6758423701,not_returned
https://openalex.org/W6812836536,not_returned
https://openalex.org/W6998914360,not_returned
https://openalex.org/W7002342444,not_returned
https://openalex.org/W7056518611,not_returned
https://openalex.org/W3103726609,not_returned
https://openalex.org/W6906578470,not_returned
https://openalex.org/W6945293309,not_returned
https://openalex.org/W6601957902,not_returned
https://openalex.org/W6646393372,not_returned
https://openalex.org/W6664159392,not_returned
https://openalex.org/W6721337882,not_returned
https://openalex.org/W6757311492,not_returned
https://openalex.org/W6764010985,not_returned
https://openalex.org/W6779733871,not_returned
https://openalex.org/W6751534273,not_returned
https://openalex.org/W7055394790,not_returned
https://openalex.org/W6873834544,not_returned
https://openalex.org/W6887756497,not_returned
https://openalex.org/W3008306357,not_returned
https://openalex.org/W3102641634,not_returned
https://openalex.org/W3103168877,not_returned
https://openalex.org/W6684578312,not_returned
https://openalex.org/W6636421982,not_returned
https://openalex.org/W6784148734,not_returned
https://openalex.org/W7019916674,not_returned
https://openalex.org/W6638589725,not_returned
https://openalex.org/W6791837034,not_returned
https://openalex.org/W2563120016,not_returned
https://openalex.org/W6636336484,not_returned
https://openalex.org/W6746919339,not_returned
https://openalex.org/W3103168877,not_returned
https://openalex.org/W6629083595,not_returned
https://openalex.org/W6754094609,not_returned
https://openalex.org/W6724615140,not_returned
https://openalex.org/W6717180296,not_returned
https://openalex.org/W7055394790,not_returned
https://openalex.org/W6611183795,not_returned
https://openalex.org/W6635539381,not_returned
https://openalex.org/W6963173965,not_returned
https://openalex.org/W7048817403,not_returned
https://openalex.org/W6659494632,not_returned
https://openalex.org/W6686428848,not_returned
https://openalex.org/W6716776955,not_returned
https://openalex.org/W6630226176,not_returned
https://openalex.org/W3099421840,not_returned
https://openalex.org/W3101232063,not_returned
https://openalex.org/W3102556478,not_returned
https://openalex.org/W3102743949,not_returned
https://openalex.org/W4386647814,not_returned
https://openalex.org/W92298329,not_returned
https://openalex.org/W2476569838,not_returned
https://openalex.org/W3150602976,not_returned
https://openalex.org/W4210956967,not_returned
https://openalex.org/W4386620248,not_returned
https://openalex.org/W6638511367,not_returned
https://openalex.org/W6844507528,not_returned
https://openalex.org/W7046083461,not_returned
https://openalex.org/W6756719129,not_returned
https://openalex.org/W6792059369,not_returned
https://openalex.org/W6642874959,not_returned
https://openalex.org/W7055394790,not_returned
https://openalex.org/W6609657489,not_returned
https://openalex.org/W6684453849,not_returned
https://openalex.org/W6642451545,not_returned
https://openalex.org/W6631785242,not_returned
https://openalex.org/W6637328680,not_returned
https://openalex.org/W6692343970,not_returned
https://openalex.org/W6731522789,not_returned
https://openalex.org/W6768148059,not_returned
https://openalex.org/W6923780376,not_returned
https://openalex.org/W2963073614,not_returned
https://openalex.org/W4225777992,not_returned
https://openalex.org/W6783821729,not_returned
https://openalex.org/W4299866110,not_returned
https://openalex.org/W6908012318,not_returned
https://openalex.org/W6945020821,not_returned
https://openalex.org/W6945182815,not_returned
https://openalex.org/W6977732757,not_returned
https://openalex.org/W6602967522,not_returned
https://openalex.org/W6619091367,not_returned
https://openalex.org/W6631144024,not_returned
https://openalex.org/W6633448486,not_returned
https://openalex.org/W6644246945,not_returned
https://openalex.org/W6773029795,not_returned
https://openalex.org/W6791970966,not_returned
https://openalex.org/W6910681941,not_returned
https://openalex.org/W6608401113,not_returned
https://openalex.org/W6675543581,not_returned
https://openalex.org/W7023974642,not_returned
https://openalex.org/W6608401113,not_returned
https://openalex.org/W6682650124,not_returned
https://openalex.org/W7056141889,not_returned
https://openalex.org/W4206578228,not_returned
https://openalex.org/W4210659148,not_returned
https://openalex.org/W4225958593,not_returned
https://openalex.org/W4226218519,not_returned
https://openalex.org/W4226237774,not_returned
https://openalex.org/W6603748282,not_returned
https://openalex.org/W6621283630,not_returned
https://openalex.org/W6722124119,not_returned
https://openalex.org/W6781726371,not_returned
https://openalex.org/W6854682687,not_returned
https://openalex.org/W6966815744,not_returned
https://openalex.org/W6982222881,not_returned
https://openalex.org/W7030087330,not_returned
https://openalex.org/W7047624924,not_returned
https://openalex.org/W7057702583,not_returned
https://openalex.org/W7061135544,not_returned
https://openalex.org/W7071417215,not_returned
https://openalex.org/W7074565140,not_returned
https://openalex.org/W2105722596,not_returned
https://openalex.org/W6616668706,not_returned
https://openalex.org/W6621675254,not_returned
https://openalex.org/W6621869438,not_returned
https://openalex.org/W6628645819,not_returned
https://openalex.org/W7019522133,not_returned
https://openalex.org/W7039377847,not_returned
https://openalex.org/W7052741686,not_returned
https://openalex.org/W3102704594,not_returned
https://openalex.org/W4225687713,not_returned
https://openalex.org/W6661581179,not_returned
https://openalex.org/W6676960721,not_returned
https://openalex.org/W6743476826,not_returned
https://openalex.org/W6746312732,not_returned
https://openalex.org/W6763142628,not_returned
https://openalex.org/W6786905895,not_returned
https://openalex.org/W6809909533,not_returned
https://openalex.org/W6844899154,not_returned
https://openalex.org/W6856741124,not_returned
https://openalex.org/W6856808491,not_returned
https://openalex.org/W6866756571,not_returned
https://openalex.org/W7043866652,not_returned
https://openalex.org/W6731493810,not_returned
https://openalex.org/W6763405449,not_returned
https://openalex.org/W6773392580,not_returned
https://openalex.org/W6765430614,not_returned
https://openalex.org/W59771232,not_returned
https://openalex.org/W2944820476,not_returned
https://openalex.org/W6607625985,not_returned
https://openalex.org/W6665558246,not_returned
https://openalex.org/W6762628706,not_returned
https://openalex.org/W6769835170,not_returned
https://openalex.org/W6861387845,not_returned
https://openalex.org/W6602806946,not_returned
https://openalex.org/W6630611946,not_returned
https://openalex.org/W6773739278,not_returned
https://openalex.org/W6659031173,not_returned
https://openalex.org/W3007237875,not_returned
https://openalex.org/W4239098620,not_returned
https://openalex.org/W7075695789,not_returned
https://openalex.org/W6600872512,not_returned
https://openalex.org/W4200191011,not_returned
https://openalex.org/W4226382697,not_returned
https://openalex.org/W6640005250,not_returned
https://openalex.org/W6684681065,not_returned
https://openalex.org/W6698943387,not_returned
https://openalex.org/W2041307063,not_returned
https://openalex.org/W4230802166,not_returned
https://openalex.org/W6605024012,not_returned
https://openalex.org/W6793726741,not_returned
https://openalex.org/W6846323740,not_returned
https://openalex.org/W6767769158,not_returned
https://openalex.org/W6872202353,not_returned
https://openalex.org/W6638564872,not_returned
https://openalex.org/W6873220673,not_returned
https://openalex.org/W2063877484,not_returned
https://openalex.org/W6612213969,not_returned
https://openalex.org/W2179437961,not_returned
https://openalex.org/W4205697589,not_returned
https://openalex.org/W4206249616,not_returned
https://openalex.org/W4210342958,not_returned
https://openalex.org/W4212938978,not_returned
https://openalex.org/W4229571994,not_returned
https://openalex.org/W4248144688,not_returned
https://openalex.org/W4248877303,not_returned
https://openalex.org/W4253884679,not_returned
https://openalex.org/W6602885977,not_returned
https://openalex.org/W6604585087,not_returned
https://openalex.org/W6609510823,not_returned
https://openalex.org/W6610839081,not_returned
https://openalex.org/W6611608672,not_returned
https://openalex.org/W6619217038,not_returned
https://openalex.org/W6621847112,not_returned
https://openalex.org/W6622525656,not_returned
https://openalex.org/W6629297579,not_returned
https://openalex.org/W6629720675,not_returned
https://openalex.org/W6630744572,not_returned
https://openalex.org/W6633084002,not_returned
https://openalex.org/W6633811823,not_returned
https://openalex.org/W6635080700,not_returned
https://openalex.org/W6635120607,not_returned
https://openalex.org/W6637548391,not_returned
https://openalex.org/W6649524195,not_returned
https://openalex.org/W6674010311,not_returned
https://openalex.org/W6679433360,not_returned
https://openalex.org/W6682567383,not_returned
https://openalex.org/W6687654444,not_returned
https://openalex.org/W6695083230,not_returned
https://openalex.org/W6720644945,not_returned
https://openalex.org/W6722124459,not_returned
https://openalex.org/W6728031344,not_returned
https://openalex.org/W6733216493,not_returned
https://openalex.org/W6735298331,not_returned
https://openalex.org/W6745628735,not_returned
https://openalex.org/W6748944676,not_returned
https://openalex.org/W6761359194,not_returned
https://openalex.org/W6766620143,not_returned
https://openalex.org/W6767143193,not_returned
https://openalex.org/W6778808768,not_returned
https://openalex.org/W6781198201,not_returned
https://openalex.org/W6798567871,not_returned
https://openalex.org/W6836640232,not_returned
https://openalex.org/W6983167212,not_returned
https://openalex.org/W7046718535,not_returned
https://openalex.org/W3098290321,not_returned
https://openalex.org/W3102230680,not_returned
https://openalex.org/W3102888113,not_returned
https://openalex.org/W6931598016,not_returned
https://openalex.org/W6950328240,not_returned
https://openalex.org/W3100885632,not_returned
https://openalex.org/W4243822810,not_returned
https://openalex.org/W3128198169,not_returned
https://openalex.org/W3100905636,not_returned
https://openalex.org/W3102166370,not_returned
https://openalex.org/W3122170055,not_returned
https://openalex.org/W3124186875,not_returned
https://openalex.org/W3125604615,not_returned
https://openalex.org/W6743716967,not_returned
https://openalex.org/W6839064711,not_returned
https://openalex.org/W6967067117,not_returned
https://openalex.org/W3121718474,not_returned
https://openalex.org/W3153914532,not_returned
https://openalex.org/W4205448344,not_returned
https://openalex.org/W4230058502,not_returned
https://openalex.org/W6607198977,not_returned
https://openalex.org/W6674564188,not_returned
https://openalex.org/W6736398618,not_returned
https://openalex.org/W6763052778,not_returned
https://openalex.org/W6789484307,not_returned
https://openalex.org/W6796156234,not_returned
https://openalex.org/W6630652135,not_returned
https://openalex.org/W6633397620,not_returned
https://openalex.org/W6755102428,not_returned
https://openalex.org/W6797651386,not_returned
https://openalex.org/W6798455503,not_returned
https://openalex.org/W6798623568,not_returned
https://openalex.org/W6852755439,not_returned
https://openalex.org/W6931259419,not_returned
https://openalex.org/W4226038846,not_returned
https://openalex.org/W6840491731,not_returned
https://openalex.org/W4210320756,not_returned
https://openalex.org/W4220778136,not_returned
https://openalex.org/W4225796910,not_returned
https://openalex.org/W3101190453,not_returned
https://openalex.org/W4226030622,not_returned
https://openalex.org/W6753645547,not_returned
https://openalex.org/W6804465173,not_returned
https://openalex.org/W6903232323,not_returned
https://openalex.org/W6675354045,not_returned
https://openalex.org/W6609354480,not_returned
https://openalex.org/W6609545448,not_returned
https://openalex.org/W6628187253,not_returned
https://openalex.org/W6731394079,not_returned
https://openalex.org/W6968208924,not_returned
https://openalex.org/W6791602009,not_returned
https://openalex.org/W2091428334,not_returned
https://openalex.org/W6638693120,not_returned
https://openalex.org/W6631143843,not_returned
https://openalex.org/W6600547093,not_returned
https://openalex.org/W6676224605,not_returned
https://openalex.org/W6785195815,not_returned
https://openalex.org/W6806803470,not_returned
https://openalex.org/W6849818284,not_returned
https://openalex.org/W6873979776,not_returned
https://openalex.org/W6740814052,not_returned
https://openalex.org/W6804749341,not_returned
https://openalex.org/W6846714186,not_returned
https://openalex.org/W6892730284,not_returned
https://openalex.org/W3196624213,not_returned
https://openalex.org/W6645090063,not_returned
https://openalex.org/W6682202874,not_returned
https://openalex.org/W6776868137,not_returned
https://openalex.org/W6683215366,not_returned
https://openalex.org/W4225755327,not_returned
https://openalex.org/W6777752422,not_returned
https://openalex.org/W6850508126,not_returned
https://openalex.org/W6966221094,not_returned
https://openalex.org/W6619424174,not_returned
https://openalex.org/W6634218622,not_returned
https://openalex.org/W6641702156,not_returned
https://openalex.org/W6661425858,not_returned
https://openalex.org/W6793397188,not_returned
https://openalex.org/W6676894842,not_returned
https://openalex.org/W6731233126,not_returned
https://openalex.org/W7014879079,not_returned
https://openalex.org/W2951032685,not_returned
https://openalex.org/W2962681100,not_returned
https://openalex.org/W2962758893,not_returned
https://openalex.org/W3198955617,not_returned
https://openalex.org/W4225606024,not_returned
https://openalex.org/W4226465092,not_returned
https://openalex.org/W4285097303,not_returned
https://openalex.org/W4220943939,not_returned
https://openalex.org/W4225986171,not_returned
https://openalex.org/W6669678768,not_returned
https://openalex.org/W6715989662,not_returned
https://openalex.org/W2484364564,not_returned
https://openalex.org/W6681226013,not_returned
https://openalex.org/W6615690897,not_returned
https://openalex.org/W6617622600,not_returned
https://openalex.org/W6635790073,not_returned
https://openalex.org/W6647975832,not_returned
https://openalex.org/W6762235083,not_returned
https://openalex.org/W6772912382,not_returned
https://openalex.org/W6821902285,not_returned
https://openalex.org/W6878072032,not_returned
https://openalex.org/W6846659131,not_returned
https://openalex.org/W6911006445,not_returned
https://openalex.org/W7056056064,not_returned
https://openalex.org/W7054931112,not_returned
https://openalex.org/W6802921878,not_returned
https://openalex.org/W6838663901,not_returned
https://openalex.org/W6709121247,not_returned
https://openalex.org/W6797457248,not_returned
https://openalex.org/W6809406059,not_returned
https://openalex.org/W6854440665,not_returned
https://openalex.org/W2758840874,not_returned
https://openalex.org/W2886631728,not_returned
https://openalex.org/W6601913397,not_returned
https://openalex.org/W7057288853,not_returned
https://openalex.org/W6620295893,not_returned
https://openalex.org/W4213248042,not_returned
https://openalex.org/W3111656257,not_returned
https://openalex.org/W6603681015,not_returned
https://openalex.org/W6680453275,not_returned
https://openalex.org/W6736007372,not_returned
https://openalex.org/W6787457829,not_returned
https://openalex.org/W2963531473,not_returned
https://openalex.org/W6839079966,not_returned
https://openalex.org/W6902426773,not_returned
https://openalex.org/W6902641800,not_returned
https://openalex.org/W6902787273,not_returned
https://openalex.org/W6930897354,not_returned
https://openalex.org/W6940086433,not_returned
https://openalex.org/W6940440559,not_returned
https://openalex.org/W6943967833,not_returned
https://openalex.org/W6949999444,not_returned
https://openalex.org/W6959157737,not_returned
https://openalex.org/W6977765205,not_returned
https://openalex.org/W4206993891,not_returned
https://openalex.org/W7075644262,not_returned
https://openalex.org/W6629013355,not_returned
https://openalex.org/W6665317223,not_returned
https://openalex.org/W6677311518,not_returned
https://openalex.org/W6726793627,not_returned
https://openalex.org/W6729582527,not_returned
https://openalex.org/W6745671328,not_returned
https://openalex.org/W6746679326,not_returned
https://openalex.org/W6775088221,not_returned
https://openalex.org/W6776383216,not_returned
https://openalex.org/W6780597656,not_returned
https://openalex.org/W6842251519,not_returned
https://openalex.org/W7048352453,not_returned
https://openalex.org/W4226250938,not_returned
https://openalex.org/W6674652244,not_returned
https://openalex.org/W6684826817,not_returned
https://openalex.org/W6772426919,not_returned
https://openalex.org/W6804945317,not_returned
https://openalex.org/W6860943760,not_returned
https://openalex.org/W7074254226,not_returned
https://openalex.org/W6791107018,not_returned
https://openalex.org/W4210764005,not_returned
https://openalex.org/W6773513715,not_returned
https://openalex.org/W6804309325,not_returned
https://openalex.org/W6842013460,not_returned
https://openalex.org/W6862065927,not_returned
https://openalex.org/W6868886685,not_returned
https://openalex.org/W6782626641,not_returned
https://openalex.org/W6852138740,not_returned
https://openalex.org/W7008940275,not_returned
https://openalex.org/W4299866110,not_returned
https://openalex.org/W7036062998,not_returned
https://openalex.org/W4229022020,not_returned
https://openalex.org/W4288366356,not_returned
https://openalex.org/W4249161799,not_returned
https://openalex.org/W6747257654,not_returned
https://openalex.org/W6602801933,not_returned
https://openalex.org/W6664097749,not_returned
https://openalex.org/W6714954830,not_returned
https://openalex.org/W7043974024,not_returned
https://openalex.org/W2168175751,not_returned
https://openalex.org/W6654921761,not_returned
https://openalex.org/W6733718832,not_returned
https://openalex.org/W6685516044,not_returned
https://openalex.org/W6677373126,not_returned
https://openalex.org/W6879548841,not_returned
https://openalex.org/W6607649279,not_returned
https://openalex.org/W6714051226,not_returned
https://openalex.org/W6989997609,not_returned
https://openalex.org/W3121913534,not_returned
https://openalex.org/W2963312217,not_returned
https://openalex.org/W3124806946,not_returned
https://openalex.org/W6878048236,not_returned
https://openalex.org/W6911916883,not_returned
https://openalex.org/W3123390212,not_returned
https://openalex.org/W3125180878,not_returned
https://openalex.org/W3196019877,not_returned
https://openalex.org/W6682881854,not_returned
https://openalex.org/W6693326486,not_returned
https://openalex.org/W3096003873,not_returned
https://openalex.org/W6600030031,not_returned
https://openalex.org/W6675209263,not_returned
https://openalex.org/W6712425742,not_returned
https://openalex.org/W6637654764,not_returned
https://openalex.org/W6963076096,not_returned
https://openalex.org/W7073667337,not_returned
https://openalex.org/W4206227163,not_returned
https://openalex.org/W4220653957,not_returned
https://openalex.org/W4225718876,not_returned
https://openalex.org/W4226079256,not_returned
https://openalex.org/W4226214281,not_returned
https://openalex.org/W4226409874,not_returned
https://openalex.org/W6807997274,not_returned
https://openalex.org/W6862004993,not_returned
https://openalex.org/W6754856246,not_returned
https://openalex.org/W6758399531,not_returned
https://openalex.org/W6773882072,not_returned
https://openalex.org/W6785132516,not_returned
https://openalex.org/W6846234999,not_returned
https://openalex.org/W7074105937,not_returned
https://openalex.org/W3125706321,not_returned
https://openalex.org/W7023808412,not_returned
https://openalex.org/W3093948786,not_returned
https://openalex.org/W6910514405,not_returned
https://openalex.org/W6602623877,not_returned
https://openalex.org/W6780135881,not_returned
https://openalex.org/W3124054989,not_returned
https://openalex.org/W6893281860,not_returned
https://openalex.org/W6930905696,not_returned
https://openalex.org/W3099814042,not_returned
https://openalex.org/W3102611432,not_returned
https://openalex.org/W3155304201,not_returned
https://openalex.org/W3194425208,not_returned
https://openalex.org/W4210275858,not_returned
https://openalex.org/W6625823167,not_returned
https://openalex.org/W6762235083,not_returned
https://openalex.org/W6772352521,not_returned
https://openalex.org/W4388317804,not_returned
https://openalex.org/W6632708151,not_returned
https://openalex.org/W6654770556,not_returned
https://openalex.org/W6716131106,not_returned
https://openalex.org/W6769608398,not_returned
https://openalex.org/W3099814042,not_returned
https://openalex.org/W3100618065,not_returned
https://openalex.org/W3102611432,not_returned
https://openalex.org/W3103878125,not_returned
https://openalex.org/W3105681593,not_returned
https://openalex.org/W6948512087,not_returned
https://openalex.org/W6949042967,not_returned
https://openalex.org/W6681088916,not_returned
https://openalex.org/W6761749182,not_returned
https://openalex.org/W6844269387,not_returned
https://openalex.org/W6964640999,not_returned
https://openalex.org/W4206913488,not_returned
https://openalex.org/W4225972484,not_returned
https://openalex.org/W4286827360,not_returned
https://openalex.org/W6601791254,not_returned
https://openalex.org/W6638431658,not_returned
https://openalex.org/W6648184150,not_returned
https://openalex.org/W6677652029,not_returned
https://openalex.org/W6681025370,not_returned
https://openalex.org/W6682733639,not_returned
https://openalex.org/W6699135433,not_returned
https://openalex.org/W6715647656,not_returned
https://openalex.org/W6732861036,not_returned
https://openalex.org/W6743246986,not_returned
https://openalex.org/W6815916185,not_returned
https://openalex.org/W3186309583,not_returned
https://openalex.org/W6628074855,not_returned
https://openalex.org/W6911668188,not_returned
https://openalex.org/W3103277421,not_returned
https://openalex.org/W3104997534,not_returned
https://openalex.org/W3105743592,not_returned
https://openalex.org/W4246202617,not_returned
https://openalex.org/W6630045802,not_returned
https://openalex.org/W6635546969,not_returned
https://openalex.org/W6663279102,not_returned
https://openalex.org/W6671082024,not_returned
https://openalex.org/W6770914464,not_returned
https://openalex.org/W6776559368,not_returned
https://openalex.org/W7052611827,not_returned
https://openalex.org/W3004147653,not_returned
https://openalex.org/W6674851815,not_returned
https://openalex.org/W6723879079,not_returned
https://openalex.org/W6785635064,not_returned
https://openalex.org/W6981124426,not_returned
https://openalex.org/W88682941,not_returned
https://openalex.org/W3103277421,not_returned
https://openalex.org/W6671082024,not_returned
https://openalex.org/W6674851815,not_returned
https://openalex.org/W6681027134,not_returned
https://openalex.org/W3021609141,not_returned
https://openalex.org/W6629498772,not_returned
https://openalex.org/W6633596149,not_returned
https://openalex.org/W6636396655,not_returned
https://openalex.org/W6640495867,not_returned
https://openalex.org/W6674851815,not_returned
https://openalex.org/W6703819876,not_returned
https://openalex.org/W6704128375,not_returned
https://openalex.org/W6737951652,not_returned
https://openalex.org/W6992664410,not_returned
https://openalex.org/W7018733341,not_returned
https://openalex.org/W7066987989,not_returned
https://openalex.org/W3104997534,not_returned
https://openalex.org/W6611968124,not_returned
https://openalex.org/W6630045802,not_returned
https://openalex.org/W6663279102,not_returned
https://openalex.org/W6674851815,not_returned
https://openalex.org/W6770914464,not_returned
https://openalex.org/W2914714618,not_returned
https://openalex.org/W2963275892,not_returned
https://openalex.org/W2963991642,not_returned
https://openalex.org/W3123299285,not_returned
https://openalex.org/W6618859283,not_returned
https://openalex.org/W6624913820,not_returned
https://openalex.org/W6629498772,not_returned
https://openalex.org/W6674851815,not_returned
https://openalex.org/W6676211797,not_returned
https://openalex.org/W6722217856,not_returned
https://openalex.org/W6723879079,not_returned
https://openalex.org/W6776559368,not_returned
https://openalex.org/W7024010555,not_returned
https://openalex.org/W7052611827,not_returned
https://openalex.org/W3104997534,not_returned
https://openalex.org/W6630045802,not_returned
https://openalex.org/W6663279102,not_returned
https://openalex.org/W6666959507,not_returned
https://openalex.org/W6723382206,not_returned
https://openalex.org/W6769775019,not_returned
https://openalex.org/W6770914464,not_returned
https://openalex.org/W3103277421,not_returned
https://openalex.org/W4246202617,not_returned
https://openalex.org/W6624913820,not_returned
https://openalex.org/W6722217856,not_returned
https://openalex.org/W6723879079,not_returned
https://openalex.org/W6776559368,not_returned
https://openalex.org/W7052611827,not_returned
https://openalex.org/W6617594460,not_returned
https://openalex.org/W6630045802,not_returned
https://openalex.org/W6630890774,not_returned
https://openalex.org/W6633596149,not_returned
https://openalex.org/W6634857850,not_returned
https://openalex.org/W6635159939,not_returned
https://openalex.org/W6649574799,not_returned
https://openalex.org/W6652040870,not_returned
https://openalex.org/W6655773005,not_returned
https://openalex.org/W6659539031,not_returned
https://openalex.org/W6663279102,not_returned
https://openalex.org/W6674851815,not_returned
https://openalex.org/W6750801495,not_returned
https://openalex.org/W6772506265,not_returned
https://openalex.org/W6773388567,not_returned
https://openalex.org/W7033487276,not_returned
https://openalex.org/W4207027936,not_returned
https://openalex.org/W6705320294,not_returned
https://openalex.org/W6757873655,not_returned
https://openalex.org/W6804107713,not_returned
https://openalex.org/W6840621023,not_returned
https://openalex.org/W6804465173,not_returned
https://openalex.org/W6684919972,not_returned
https://openalex.org/W6687908421,not_returned
https://openalex.org/W6735598527,not_returned
https://openalex.org/W6739761051,not_returned
https://openalex.org/W4226188264,not_returned
https://openalex.org/W6742855443,not_returned
https://openalex.org/W6774695946,not_returned
https://openalex.org/W7039510032,not_returned
https://openalex.org/W4225396975,not_returned
https://openalex.org/W3086839086,not_returned
https://openalex.org/W3210030168,not_returned
https://openalex.org/W6797335992,not_returned
https://openalex.org/W6600291810,not_returned
https://openalex.org/W6633414443,not_returned
https://openalex.org/W6855528851,not_returned
https://openalex.org/W4200385934,not_returned
https://openalex.org/W3122201559,not_returned
https://openalex.org/W3122347709,not_returned
https://openalex.org/W6838439812,not_returned
https://openalex.org/W6774281873,not_returned
https://openalex.org/W2963795951,not_returned
https://openalex.org/W3110474347,not_returned
https://openalex.org/W6786406807,not_returned
https://openalex.org/W6828984606,not_returned
https://openalex.org/W3045464143,not_returned
https://openalex.org/W3109301572,not_returned
https://openalex.org/W6643680028,not_returned
https://openalex.org/W6601908271,not_returned
https://openalex.org/W3123018078,not_returned
https://openalex.org/W3123449240,not_returned
https://openalex.org/W3124193932,not_returned
https://openalex.org/W3124538093,not_returned
https://openalex.org/W3124563011,not_returned
https://openalex.org/W3210162706,not_returned
https://openalex.org/W6714882754,not_returned
https://openalex.org/W6875898872,not_returned
https://openalex.org/W4226117828,not_returned
https://openalex.org/W6856456270,not_returned
https://openalex.org/W3121462797,not_returned
https://openalex.org/W6631414734,not_returned
https://openalex.org/W6634056584,not_returned
https://openalex.org/W6660912970,not_returned
https://openalex.org/W6734138294,not_returned
https://openalex.org/W6793290085,not_returned
https://openalex.org/W4206941544,not_returned
https://openalex.org/W6637470006,not_returned
https://openalex.org/W4226417325,not_returned
https://openalex.org/W6760027794,not_returned
https://openalex.org/W6839944171,not_returned
https://openalex.org/W6851270005,not_returned
https://openalex.org/W6601145768,not_returned
https://openalex.org/W6812845166,not_returned
https://openalex.org/W6871739167,not_returned
https://openalex.org/W6780785253,not_returned
https://openalex.org/W6602447795,not_returned
https://openalex.org/W6654710947,not_returned
https://openalex.org/W6750635223,not_returned
https://openalex.org/W6781168991,not_returned
https://openalex.org/W6849296519,not_returned
https://openalex.org/W6850336573,not_returned
https://openalex.org/W6876659148,not_returned
https://openalex.org/W4226187578,not_returned
https://openalex.org/W4226420163,not_returned
https://openalex.org/W6640733614,not_returned
https://openalex.org/W6877413719,not_returned
https://openalex.org/W6643031748,not_returned
https://openalex.org/W6775624657,not_returned
https://openalex.org/W6632970295,not_returned
https://openalex.org/W6651542904,not_returned
https://openalex.org/W6760466547,not_returned
https://openalex.org/W6839149652,not_returned
https://openalex.org/W6855627077,not_returned
https://openalex.org/W4225310410,not_returned
https://openalex.org/W6628850029,not_returned
https://openalex.org/W6637951223,not_returned
https://openalex.org/W7073990424,not_returned
https://openalex.org/W2963401811,not_returned
https://openalex.org/W6784207389,not_returned
https://openalex.org/W6780424520,not_returned
https://openalex.org/W3007056952,not_returned
https://openalex.org/W6784207389,not_returned
https://openalex.org/W6635272944,not_returned
https://openalex.org/W6646758662,not_returned
https://openalex.org/W6648905082,not_returned
https://openalex.org/W6652566145,not_returned
https://openalex.org/W6711622656,not_returned
https://openalex.org/W6755808487,not_returned
https://openalex.org/W6842141519,not_returned
https://openalex.org/W7073635206,not_returned
https://openalex.org/W6603461812,not_returned
https://openalex.org/W6719230678,not_returned
https://openalex.org/W6720306300,not_returned
https://openalex.org/W6784207389,not_returned
https://openalex.org/W7055394790,not_returned
https://openalex.org/W2747009031,not_returned
https://openalex.org/W3122889739,not_returned
https://openalex.org/W3124073261,not_returned
https://openalex.org/W3125197491,not_returned
https://openalex.org/W4211053332,not_returned
https://openalex.org/W4221127695,not_returned
https://openalex.org/W6636574693,not_returned
https://openalex.org/W6718374736,not_returned
https://openalex.org/W6648777563,not_returned
https://openalex.org/W6701905845,not_returned
https://openalex.org/W6713077423,not_returned
https://openalex.org/W6719230678,not_returned
https://openalex.org/W6726211477,not_returned
https://openalex.org/W6784207389,not_returned
https://openalex.org/W7055394790,not_returned
https://openalex.org/W6688484709,not_returned
https://openalex.org/W6784207389,not_returned
https://openalex.org/W6632947585,not_returned
https://openalex.org/W6660923819,not_returned
https://openalex.org/W6712174779,not_returned
https://openalex.org/W6719230678,not_returned
https://openalex.org/W6719593900,not_returned
https://openalex.org/W6726211477,not_returned
https://openalex.org/W6784207389,not_returned
https://openalex.org/W7055394790,not_returned
https://openalex.org/W4225977730,not_returned
https://openalex.org/W6769555762,not_returned
https://openalex.org/W6800082182,not_returned
https://openalex.org/W6999106851,not_returned
https://openalex.org/W7067202048,not_returned
https://openalex.org/W3122554526,not_returned
https://openalex.org/W6604736736,not_returned
https://openalex.org/W6605093326,not_returned
https://openalex.org/W6606698304,not_returned
https://openalex.org/W6609477889,not_returned
https://openalex.org/W6614894129,not_returned
https://openalex.org/W6615758414,not_returned
https://openalex.org/W6621473958,not_returned
https://openalex.org/W6628997192,not_returned
https://openalex.org/W6646430035,not_returned
https://openalex.org/W6659564370,not_returned
https://openalex.org/W6662108038,not_returned
https://openalex.org/W6664088730,not_returned
https://openalex.org/W6667647190,not_returned
https://openalex.org/W6673509345,not_returned
https://openalex.org/W6681076088,not_returned
https://openalex.org/W6691509903,not_returned
https://openalex.org/W6700866980,not_returned
https://openalex.org/W6724971693,not_returned
https://openalex.org/W6727460868,not_returned
https://openalex.org/W6732231445,not_returned
https://openalex.org/W6733138085,not_returned
https://openalex.org/W6749520136,not_returned
https://openalex.org/W6773944468,not_returned
https://openalex.org/W6784078617,not_returned
https://openalex.org/W6794349536,not_returned
https://openalex.org/W6798191353,not_returned
https://openalex.org/W6798200786,not_returned
https://openalex.org/W6798728403,not_returned
https://openalex.org/W6799768906,not_returned
https://openalex.org/W6802939417,not_returned
https://openalex.org/W6806783108,not_returned
https://openalex.org/W6812244618,not_returned
https://openalex.org/W6814977943,not_returned
https://openalex.org/W6824325524,not_returned
https://openalex.org/W6825075697,not_returned
https://openalex.org/W6827409255,not_returned
https://openalex.org/W6829876797,not_returned
https://openalex.org/W6836997920,not_returned
https://openalex.org/W6854200939,not_returned
https://openalex.org/W6986971162,not_returned
https://openalex.org/W7006674125,not_returned
https://openalex.org/W7011511317,not_returned
https://openalex.org/W7024064984,not_returned
https://openalex.org/W7064332389,not_returned
https://openalex.org/W4233504528,not_returned
https://openalex.org/W4241165797,not_returned
https://openalex.org/W6608736225,not_returned
https://openalex.org/W6609003326,not_returned
https://openalex.org/W6613429980,not_returned
https://openalex.org/W6634912486,not_returned
https://openalex.org/W6635832025,not_returned
https://openalex.org/W6681843549,not_returned
https://openalex.org/W6695796649,not_returned
https://openalex.org/W6696344401,not_returned
https://openalex.org/W6751349884,not_returned
https://openalex.org/W6817587194,not_returned
https://openalex.org/W6903619450,not_returned
https://openalex.org/W6996543102,not_returned
https://openalex.org/W6691681411,not_returned
https://openalex.org/W6760650713,not_returned
https://openalex.org/W6781619740,not_returned
https://openalex.org/W6798242373,not_returned
https://openalex.org/W6809875395,not_returned
https://openalex.org/W6851428631,not_returned
https://openalex.org/W6870740302,not_returned
https://openalex.org/W6634682946,not_returned
https://openalex.org/W6785655149,not_returned
https://openalex.org/W6949115572,not_returned
https://openalex.org/W7026679274,not_returned
https://openalex.org/W2064985956,not_returned
https://openalex.org/W4251045210,not_returned
https://openalex.org/W4251783549,not_returned
https://openalex.org/W6961057158,not_returned
https://openalex.org/W6756211949,not_returned
https://openalex.org/W6790104363,not_returned
https://openalex.org/W3121948532,not_returned
https://openalex.org/W3122889739,not_returned
https://openalex.org/W3123086253,not_returned
https://openalex.org/W3123880912,not_returned
https://openalex.org/W3124849064,not_returned
https://openalex.org/W3125037295,not_returned
https://openalex.org/W3125172220,not_returned
https://openalex.org/W3125643792,not_returned
https://openalex.org/W3196019877,not_returned
https://openalex.org/W4229544653,not_returned
https://openalex.org/W4229585435,not_returned
https://openalex.org/W6823230595,not_returned
https://openalex.org/W6872937747,not_returned
https://openalex.org/W4225547385,not_returned
https://openalex.org/W6634753153,not_returned
https://openalex.org/W6744121157,not_returned
https://openalex.org/W6781780332,not_returned
https://openalex.org/W6805195086,not_returned
https://openalex.org/W6811458549,not_returned
https://openalex.org/W6817584199,not_returned
https://openalex.org/W6999291845,not_returned
https://openalex.org/W4213343398,not_returned
https://openalex.org/W2146544184,not_returned
https://openalex.org/W6776167639,not_returned
https://openalex.org/W4211245804,not_returned
https://openalex.org/W4206978045,not_returned
https://openalex.org/W6714329630,not_returned
https://openalex.org/W4210568196,not_returned
https://openalex.org/W4213297715,not_returned
https://openalex.org/W6626519971,not_returned
https://openalex.org/W6663297567,not_returned
https://openalex.org/W6754714494,not_returned
https://openalex.org/W6754750768,not_returned
https://openalex.org/W6759435164,not_returned
https://openalex.org/W6768458978,not_returned
https://openalex.org/W6771570335,not_returned
https://openalex.org/W6784143485,not_returned
https://openalex.org/W6794751119,not_returned
https://openalex.org/W6801638564,not_returned
https://openalex.org/W6804455961,not_returned
https://openalex.org/W6804737406,not_returned
https://openalex.org/W6809383959,not_returned
https://openalex.org/W6810222739,not_returned
https://openalex.org/W6842702654,not_returned
https://openalex.org/W6848110508,not_returned
https://openalex.org/W6848401064,not_returned
https://openalex.org/W6869178897,not_returned
https://openalex.org/W6873977682,not_returned
https://openalex.org/W4213279905,not_returned
https://openalex.org/W6949808872,not_returned
https://openalex.org/W268676361,not_returned
https://openalex.org/W6665515936,not_returned
https://openalex.org/W6678884064,not_returned
https://openalex.org/W6621800789,not_returned
https://openalex.org/W6637104015,not_returned
https://openalex.org/W6698453140,not_returned
https://openalex.org/W6733000276,not_returned
https://openalex.org/W6686960354,not_returned
https://openalex.org/W6693919493,not_returned
https://openalex.org/W6734265508,not_returned
https://openalex.org/W6743736894,not_returned
https://openalex.org/W6748676082,not_returned
https://openalex.org/W6751797489,not_returned
https://openalex.org/W6755905128,not_returned
https://openalex.org/W6770145604,not_returned
https://openalex.org/W6780106526,not_returned
https://openalex.org/W6795968969,not_returned
https://openalex.org/W6838816629,not_returned
https://openalex.org/W6848955768,not_returned
https://openalex.org/W6849960554,not_returned
https://openalex.org/W6850716132,not_returned
https://openalex.org/W6870091724,not_returned
https://openalex.org/W6947863533,not_returned
https://openalex.org/W3101921891,not_returned
https://openalex.org/W3102501525,not_returned
https://openalex.org/W3103658364,not_returned
https://openalex.org/W3204400955,not_returned
https://openalex.org/W4225869466,not_returned
https://openalex.org/W4247225077,not_returned
https://openalex.org/W6929846783,not_returned
https://openalex.org/W6931830305,not_returned
https://openalex.org/W6931890597,not_returned
https://openalex.org/W6962542170,not_returned
https://openalex.org/W6841786806,not_returned
https://openalex.org/W6852258951,not_returned
https://openalex.org/W6875770710,not_returned
https://openalex.org/W6681760519,not_returned
https://openalex.org/W6730564558,not_returned
https://openalex.org/W6734748856,not_returned
https://openalex.org/W6737707046,not_returned
https://openalex.org/W6749769865,not_returned
https://openalex.org/W6759589072,not_returned
https://openalex.org/W6851868387,not_returned
https://openalex.org/W6852021006,not_returned
https://openalex.org/W6866386149,not_returned
https://openalex.org/W4230613179,not_returned
https://openalex.org/W6691175037,not_returned
https://openalex.org/W6822433357,not_returned
https://openalex.org/W6604298272,not_returned
https://openalex.org/W6784611929,not_returned
https://openalex.org/W2888003499,not_returned
https://openalex.org/W4206708239,not_returned
https://openalex.org/W6804193559,not_returned
https://openalex.org/W6987111923,not_returned
https://openalex.org/W6804927461,not_returned
https://openalex.org/W6841470391,not_returned
https://openalex.org/W4200489402,not_returned
https://openalex.org/W6607450019,not_returned
https://openalex.org/W6633654932,not_returned
https://openalex.org/W6634400826,not_returned
https://openalex.org/W6667936201,not_returned
https://openalex.org/W6690821882,not_returned
https://openalex.org/W6791566740,not_returned
https://openalex.org/W6809022891,not_returned
https://openalex.org/W3099078529,not_returned
https://openalex.org/W6888037662,not_returned
https://openalex.org/W3103891807,not_returned
https://openalex.org/W4210552567,not_returned
https://openalex.org/W6600788641,not_returned
https://openalex.org/W6672351882,not_returned
https://openalex.org/W6734748856,not_returned
https://openalex.org/W4226257897,not_returned
https://openalex.org/W3100399825,not_returned
https://openalex.org/W3102197895,not_returned
https://openalex.org/W3102230680,not_returned
https://openalex.org/W3123550779,not_returned
https://openalex.org/W3123839246,not_returned
https://openalex.org/W4287587186,not_returned
https://openalex.org/W4300002067,not_returned
https://openalex.org/W4302197380,not_returned
https://openalex.org/W6601931427,not_returned
https://openalex.org/W6803720462,not_returned
https://openalex.org/W6930833652,not_returned
https://openalex.org/W2966860188,not_returned
https://openalex.org/W6681589086,not_returned
https://openalex.org/W6704530840,not_returned
https://openalex.org/W6801964250,not_returned
https://openalex.org/W6810042633,not_returned
https://openalex.org/W3098042634,not_returned
https://openalex.org/W3098830744,not_returned
https://openalex.org/W3099340172,not_returned
https://openalex.org/W3100127926,not_returned
https://openalex.org/W3100504159,not_returned
https://openalex.org/W3102937208,not_returned
https://openalex.org/W3103231839,not_returned
https://openalex.org/W3105019160,not_returned
https://openalex.org/W3105069141,not_returned
https://openalex.org/W3122101807,not_returned
https://openalex.org/W4399104761,not_returned
https://openalex.org/W4225558465,not_returned
https://openalex.org/W3037776276,not_returned
https://openalex.org/W3098025998,not_returned
https://openalex.org/W3100868364,not_returned
https://openalex.org/W3105439835,not_returned
https://openalex.org/W3155896897,not_returned
https://openalex.org/W3163817245,not_returned
https://openalex.org/W3187858103,not_returned
https://openalex.org/W6630948287,not_returned
https://openalex.org/W6640374692,not_returned
https://openalex.org/W6677952248,not_returned
https://openalex.org/W6744238040,not_returned
https://openalex.org/W6766446457,not_returned
https://openalex.org/W6879219044,not_returned
https://openalex.org/W3103786587,not_returned
https://openalex.org/W2962766617,not_returned
https://openalex.org/W2963074722,not_returned
https://openalex.org/W3096609285,not_returned
https://openalex.org/W3166543103,not_returned
https://openalex.org/W6633949838,not_returned
https://openalex.org/W6639480849,not_returned
https://openalex.org/W6745986955,not_returned
https://openalex.org/W6746282794,not_returned
https://openalex.org/W6750697433,not_returned
https://openalex.org/W6765401191,not_returned
https://openalex.org/W6777046832,not_returned
https://openalex.org/W6779586474,not_returned
https://openalex.org/W6786802102,not_returned
https://openalex.org/W6798838024,not_returned
https://openalex.org/W6663136626,not_returned
https://openalex.org/W6795680263,not_returned
https://openalex.org/W6808404842,not_returned
https://openalex.org/W2916086000,not_returned
https://openalex.org/W2962739339,not_returned
https://openalex.org/W6600005967,not_returned
https://openalex.org/W6600344744,not_returned
https://openalex.org/W6702248584,not_returned
https://openalex.org/W6967051119,not_returned
https://openalex.org/W6804871226,not_returned
https://openalex.org/W6810539535,not_returned
https://openalex.org/W6677779352,not_returned
https://openalex.org/W6678364380,not_returned
https://openalex.org/W6683766829,not_returned
https://openalex.org/W6700368770,not_returned
https://openalex.org/W6753775711,not_returned
https://openalex.org/W6776690489,not_returned
https://openalex.org/W6779030992,not_returned
https://openalex.org/W6877854767,not_returned
https://openalex.org/W7073851873,not_returned
https://openalex.org/W6855516147,not_returned
https://openalex.org/W6610194780,not_returned
https://openalex.org/W6612567208,not_returned
https://openalex.org/W6819038406,not_returned
https://openalex.org/W6866709825,not_returned
https://openalex.org/W6849601449,not_returned
https://openalex.org/W6621606028,not_returned
https://openalex.org/W6804394553,not_returned
https://openalex.org/W2300161993,not_returned
https://openalex.org/W6604075253,not_returned
https://openalex.org/W6649644898,not_returned
https://openalex.org/W6682239019,not_returned
https://openalex.org/W6769433687,not_returned
https://openalex.org/W6771654154,not_returned
https://openalex.org/W6780582832,not_returned
https://openalex.org/W11924750,not_returned
https://openalex.org/W3121391964,not_returned
https://openalex.org/W3122252075,not_returned
https://openalex.org/W3125017641,not_returned
https://openalex.org/W3125466947,not_returned
https://openalex.org/W3201539130,not_returned
https://openalex.org/W4385861373,not_returned
https://openalex.org/W6609447419,not_returned
https://openalex.org/W6626569308,not_returned
https://openalex.org/W6638380345,not_returned
https://openalex.org/W6681546220,not_returned
https://openalex.org/W6688708963,not_returned
https://openalex.org/W6692369860,not_returned
https://openalex.org/W6721160802,not_returned
https://openalex.org/W6754789959,not_returned
https://openalex.org/W6824111898,not_returned
https://openalex.org/W6838573627,not_returned
https://openalex.org/W4214521886,not_returned
https://openalex.org/W6647873469,not_returned
https://openalex.org/W6730684980,not_returned
https://openalex.org/W6856706610,not_returned
https://openalex.org/W4226089783,not_returned
https://openalex.org/W6612843488,not_returned
https://openalex.org/W6648777563,not_returned
https://openalex.org/W6657162924,not_returned
https://openalex.org/W6719230678,not_returned
https://openalex.org/W6719594724,not_returned
https://openalex.org/W6758108495,not_returned
https://openalex.org/W6784207389,not_returned
https://openalex.org/W6912079162,not_returned
https://openalex.org/W4205671036,not_returned
https://openalex.org/W6600286828,not_returned
https://openalex.org/W6732306946,not_returned
https://openalex.org/W6780725003,not_returned
https://openalex.org/W6871773227,not_returned
https://openalex.org/W6861794086,not_returned
https://openalex.org/W6642215116,not_returned
https://openalex.org/W6655265947,not_returned
https://openalex.org/W6656030563,not_returned
https://openalex.org/W6658859189,not_returned
https://openalex.org/W6660446108,not_returned
https://openalex.org/W6665828268,not_returned
https://openalex.org/W6667290117,not_returned
https://openalex.org/W6671957561,not_returned
https://openalex.org/W6677683969,not_returned
https://openalex.org/W6681150177,not_returned
https://openalex.org/W6685234195,not_returned
https://openalex.org/W6609078791,not_returned
https://openalex.org/W6748066836,not_returned
https://openalex.org/W6763448046,not_returned
https://openalex.org/W6765060869,not_returned
https://openalex.org/W6840960701,not_returned
https://openalex.org/W6849526125,not_returned
https://openalex.org/W6859794627,not_returned
https://openalex.org/W6666156643,not_returned
https://openalex.org/W6671805751,not_returned
https://openalex.org/W6683435183,not_returned
https://openalex.org/W6775483864,not_returned
https://openalex.org/W6787815814,not_returned
https://openalex.org/W6809473003,not_returned
https://openalex.org/W6843298468,not_returned
https://openalex.org/W6844404820,not_returned
https://openalex.org/W3121856702,not_returned
https://openalex.org/W2951624434,not_returned
https://openalex.org/W2963390433,not_returned
https://openalex.org/W3104596566,not_returned
https://openalex.org/W3109477471,not_returned
https://openalex.org/W6743397610,not_returned
https://openalex.org/W3098393952,not_returned
https://openalex.org/W3098406255,not_returned
https://openalex.org/W3106434552,not_returned
https://openalex.org/W3185173457,not_returned
https://openalex.org/W2952140516,not_returned
https://openalex.org/W3106653142,not_returned
https://openalex.org/W6728622933,not_returned
https://openalex.org/W6745891213,not_returned
https://openalex.org/W6802159084,not_returned
https://openalex.org/W6639178584,not_returned
https://openalex.org/W6655168378,not_returned
https://openalex.org/W6740227500,not_returned
https://openalex.org/W6769031787,not_returned
https://openalex.org/W6852644102,not_returned
https://openalex.org/W6684309535,not_returned
https://openalex.org/W6628895078,not_returned
https://openalex.org/W6987254036,not_returned
https://openalex.org/W6631742216,not_returned
https://openalex.org/W6634218622,not_returned
https://openalex.org/W6704485536,not_returned
https://openalex.org/W6788418388,not_returned
https://openalex.org/W6995709398,not_returned
https://openalex.org/W6674385629,not_returned
https://openalex.org/W6725595360,not_returned
https://openalex.org/W6806869283,not_returned
https://openalex.org/W6807751306,not_returned
https://openalex.org/W6832085856,not_returned
https://openalex.org/W2109534191,not_returned
https://openalex.org/W4247225077,not_returned
https://openalex.org/W6691943625,not_returned
https://openalex.org/W6770528114,not_returned
https://openalex.org/W6772599417,not_returned
https://openalex.org/W6872552931,not_returned
https://openalex.org/W576884434,not_returned
https://openalex.org/W3125923573,not_returned
https://openalex.org/W6796522240,not_returned
https://openalex.org/W2065161432,not_returned
https://openalex.org/W6652791077,not_returned
https://openalex.org/W6666133445,not_returned
https://openalex.org/W6700732854,not_returned
https://openalex.org/W2361749505,not_returned
https://openalex.org/W6959231413,not_returned
https://openalex.org/W6644456614,not_returned
https://openalex.org/W6656562811,not_returned
https://openalex.org/W6656880300,not_returned
https://openalex.org/W6949222726,not_returned
https://openalex.org/W4200601336,not_returned
https://openalex.org/W95608104,not_returned
https://openalex.org/W6681019726,not_returned
https://openalex.org/W3121186307,not_returned
https://openalex.org/W3121882910,not_returned
https://openalex.org/W3122564006,not_returned
https://openalex.org/W3122590067,not_returned
https://openalex.org/W3123823803,not_returned
https://openalex.org/W3149404796,not_returned
https://openalex.org/W6645080343,not_returned
https://openalex.org/W6803129817,not_returned
https://openalex.org/W6869256735,not_returned
https://openalex.org/W2962764069,not_returned
https://openalex.org/W2963494510,not_returned
https://openalex.org/W3024129362,not_returned
https://openalex.org/W6632206819,not_returned
https://openalex.org/W6636906358,not_returned
https://openalex.org/W6637119629,not_returned
https://openalex.org/W6667393037,not_returned
https://openalex.org/W6693822938,not_returned
https://openalex.org/W6785267034,not_returned
https://openalex.org/W6786245010,not_returned
https://openalex.org/W3081917354,not_returned
https://openalex.org/W3097158613,not_returned
https://openalex.org/W4206275166,not_returned
https://openalex.org/W2207083292,not_returned
https://openalex.org/W6618360646,not_returned
https://openalex.org/W6638840654,not_returned
https://openalex.org/W6648571558,not_returned
https://openalex.org/W6663449173,not_returned
https://openalex.org/W6672188106,not_returned
https://openalex.org/W6672930466,not_returned
https://openalex.org/W6673108471,not_returned
https://openalex.org/W6678299940,not_returned
https://openalex.org/W6679378622,not_returned
https://openalex.org/W6679955642,not_returned
https://openalex.org/W6684082819,not_returned
https://openalex.org/W6703923855,not_returned
https://openalex.org/W6714367762,not_returned
https://openalex.org/W6725966392,not_returned
https://openalex.org/W6730364891,not_returned
https://openalex.org/W6750346550,not_returned
https://openalex.org/W6752420388,not_returned
https://openalex.org/W6772686976,not_returned
https://openalex.org/W6779147523,not_returned
https://openalex.org/W6790580896,not_returned
https://openalex.org/W6811963622,not_returned
https://openalex.org/W6841726987,not_returned
https://openalex.org/W7029013599,not_returned
https://openalex.org/W7083352868,not_returned
https://openalex.org/W3199938161,not_returned
https://openalex.org/W6633843982,not_returned
https://openalex.org/W6649909420,not_returned
https://openalex.org/W6671106433,not_returned
https://openalex.org/W2979652999,not_returned
https://openalex.org/W4248861293,not_returned
https://openalex.org/W4294170691,not_returned
https://openalex.org/W2096881176,not_returned
https://openalex.org/W4206235320,not_returned
https://openalex.org/W4380451798,not_returned
https://openalex.org/W6649705885,not_returned
https://openalex.org/W6724825720,not_returned
https://openalex.org/W6743767803,not_returned
https://openalex.org/W6764081839,not_returned
https://openalex.org/W3034999214,not_returned
https://openalex.org/W6698888547,not_returned
https://openalex.org/W6778883912,not_returned
https://openalex.org/W6813585207,not_returned
https://openalex.org/W3103773954,not_returned
https://openalex.org/W6607553881,not_returned
https://openalex.org/W6778212648,not_returned
https://openalex.org/W6893920355,not_returned
https://openalex.org/W6959090029,not_returned
https://openalex.org/W6978368471,not_returned
https://openalex.org/W6703739216,not_returned
https://openalex.org/W6759421646,not_returned
https://openalex.org/W6678618728,not_returned
https://openalex.org/W6679473451,not_returned
https://openalex.org/W6685208226,not_returned
https://openalex.org/W6745683049,not_returned
https://openalex.org/W6814820918,not_returned
https://openalex.org/W6852602192,not_returned
https://openalex.org/W6871568708,not_returned
https://openalex.org/W6872714147,not_returned
https://openalex.org/W3033396937,not_returned
https://openalex.org/W3121457308,not_returned
https://openalex.org/W3121654045,not_returned
https://openalex.org/W3148918829,not_returned
https://openalex.org/W6645656806,not_returned
https://openalex.org/W6911498096,not_returned
https://openalex.org/W3123601687,not_returned
https://openalex.org/W6617528533,not_returned
https://openalex.org/W6796399376,not_returned
https://openalex.org/W4226193619,not_returned
https://openalex.org/W6789029770,not_returned
https://openalex.org/W6791188242,not_returned
https://openalex.org/W6808612640,not_returned
https://openalex.org/W6939071846,not_returned
https://openalex.org/W6923404548,not_returned
https://openalex.org/W3123822217,not_returned
https://openalex.org/W2270560986,not_returned
https://openalex.org/W3213044520,not_returned
https://openalex.org/W3165174865,not_returned
https://openalex.org/W2982298417,not_returned
https://openalex.org/W2963401811,not_returned
https://openalex.org/W3161053694,not_returned
https://openalex.org/W6887691060,not_returned
https://openalex.org/W6912078382,not_returned
https://openalex.org/W6912177247,not_returned
https://openalex.org/W6921818566,not_returned
https://openalex.org/W6929957795,not_returned
https://openalex.org/W6945182815,not_returned
https://openalex.org/W6948269047,not_returned
https://openalex.org/W6949647820,not_returned
https://openalex.org/W6967213418,not_returned
https://openalex.org/W6967342698,not_returned
https://openalex.org/W3123066889,not_returned
https://openalex.org/W3123372976,not_returned
https://openalex.org/W3123952677,not_returned
https://openalex.org/W3125689160,not_returned
https://openalex.org/W3125756421,not_returned
https://openalex.org/W4294170691,not_returned
https://openalex.org/W4226422873,not_returned
https://openalex.org/W4230924274,not_returned
https://openalex.org/W3099802519,not_returned
https://openalex.org/W3129739153,not_returned
https://openalex.org/W4411392672,not_returned
https://openalex.org/W2804007336,not_returned
https://openalex.org/W4225825939,not_returned
https://openalex.org/W2962956164,not_returned
https://openalex.org/W3000969835,not_returned
https://openalex.org/W3123487566,not_returned
https://openalex.org/W2488344734,not_returned
https://openalex.org/W3122015110,not_returned
https://openalex.org/W3127451557,not_returned
https://openalex.org/W4226027772,not_returned
https://openalex.org/W2137913192,not_returned
https://openalex.org/W4411392672,not_returned
https://openalex.org/W2963410151,not_returned
https://openalex.org/W3124073261,not_returned
https://openalex.org/W3125197491,not_returned
https://openalex.org/W3125955195,not_returned
https://openalex.org/W3124473712,not_returned
https://openalex.org/W3124666058,not_returned
https://openalex.org/W3162155481,not_returned
https://openalex.org/W6959588505,not_returned
https://openalex.org/W2340485832,not_returned
https://openalex.org/W3158099307,not_returned
https://openalex.org/W6948472833,not_returned
https://openalex.org/W6958990991,not_returned
https://openalex.org/W3138819813,not_returned
https://openalex.org/W4226334489,not_returned
https://openalex.org/W3094738227,not_returned
https://openalex.org/W3121324299,not_returned
https://openalex.org/W3122673712,not_returned
https://openalex.org/W3123575648,not_returned
https://openalex.org/W3125034975,not_returned
https://openalex.org/W3126094558,not_returned
https://openalex.org/W3204901048,not_returned
https://openalex.org/W3104062568,not_returned
https://openalex.org/W6911219900,not_returned
https://openalex.org/W6911975835,not_returned
https://openalex.org/W6921222107,not_returned
https://openalex.org/W6921500138,not_returned
https://openalex.org/W6949676240,not_returned
https://openalex.org/W4225737988,not_returned
https://openalex.org/W4252512408,not_returned
https://openalex.org/W4206655969,not_returned
https://openalex.org/W4226054192,not_returned
https://openalex.org/W4226402612,not_returned
https://openalex.org/W2985939722,not_returned
https://openalex.org/W3098612230,not_returned
https://openalex.org/W3098787491,not_returned
https://openalex.org/W3099718057,not_returned
https://openalex.org/W3099845716,not_returned
https://openalex.org/W3101856994,not_returned
https://openalex.org/W3105447105,not_returned
https://openalex.org/W3105639637,not_returned
https://openalex.org/W3106265149,not_returned
https://openalex.org/W3106294868,not_returned
https://openalex.org/W4205373146,not_returned
https://openalex.org/W3121191282,not_returned
https://openalex.org/W3123680712,not_returned
https://openalex.org/W3124630682,not_returned
https://openalex.org/W3125059772,not_returned
https://openalex.org/W3125303267,not_returned
https://openalex.org/W3125641031,not_returned
https://openalex.org/W3182669865,not_returned
https://openalex.org/W3121341409,not_returned
https://openalex.org/W3121483285,not_returned
https://openalex.org/W3124501066,not_returned
https://openalex.org/W3124655627,not_returned
https://openalex.org/W3124908900,not_returned
https://openalex.org/W3125037295,not_returned
https://openalex.org/W3125265259,not_returned
https://openalex.org/W3125944002,not_returned
https://openalex.org/W3126048743,not_returned
https://openalex.org/W3133184567,not_returned
https://openalex.org/W3194572555,not_returned
https://openalex.org/W4212894516,not_returned
https://openalex.org/W4234648256,not_returned
https://openalex.org/W3134774296,not_returned
https://openalex.org/W4221035367,not_returned
https://openalex.org/W3207833463,not_returned
https://openalex.org/W3216957975,not_returned
https://openalex.org/W2963057320,not_returned
https://openalex.org/W4376453352,not_returned
https://openalex.org/W2950673314,not_returned
https://openalex.org/W2963189767,not_returned
https://openalex.org/W3011248981,not_returned
https://openalex.org/W3164446335,not_returned
https://openalex.org/W3181414820,not_returned
https://openalex.org/W4294568653,not_returned
https://openalex.org/W4205426733,not_returned
https://openalex.org/W4281385612,not_returned
https://openalex.org/W2570451112,not_returned
https://openalex.org/W3021239840,not_returned
https://openalex.org/W6943901862,not_returned
https://openalex.org/W1858416843,not_returned
https://openalex.org/W6959157715,not_returned
https://openalex.org/W6979174502,not_returned
https://openalex.org/W2953596275,not_returned
https://openalex.org/W3215061012,not_returned
https://openalex.org/W2962730419,not_returned
https://openalex.org/W4200393916,not_returned
https://openalex.org/W3104061742,not_returned
https://openalex.org/W4206269291,not_returned
https://openalex.org/W3121948532,not_returned
https://openalex.org/W3123880912,not_returned
https://openalex.org/W3125037295,not_returned
https://openalex.org/W3196019877,not_returned
https://openalex.org/W3179784018,not_returned
https://openalex.org/W2890353604,not_returned
https://openalex.org/W3021718079,not_returned
https://openalex.org/W3121589528,not_returned
https://openalex.org/W3122597427,not_returned
https://openalex.org/W2963410151,not_returned
https://openalex.org/W4225360013,not_returned
https://openalex.org/W3206604724,not_returned
https://openalex.org/W6892885860,not_returned
https://openalex.org/W3102778910,not_returned
https://openalex.org/W3136758531,not_returned
https://openalex.org/W4385539683,not_returned
https://openalex.org/W6912992814,not_returned
https://openalex.org/W6920346715,not_returned
https://openalex.org/W3092201446,not_returned
https://openalex.org/W4248288458,not_returned
https://openalex.org/W2147141749,not_returned
https://openalex.org/W4379462612,not_returned
https://openalex.org/W4207003102,not_returned
https://openalex.org/W4226049333,not_returned
https://openalex.org/W3104442802,not_returned
https://openalex.org/W3101096774,not_returned
https://openalex.org/W4200393916,not_returned
https://openalex.org/W4205104973,not_returned
https://openalex.org/W4388317804,not_returned
https://openalex.org/W2033492061,not_returned
https://openalex.org/W4210870859,not_returned
https://openalex.org/W4226165168,not_returned
https://openalex.org/W3099020913,not_returned
https://openalex.org/W3126726422,not_returned
https://openalex.org/W3122262851,not_returned
https://openalex.org/W3125283999,not_returned
https://openalex.org/W2951032685,not_returned
https://openalex.org/W4223640259,not_returned
https://openalex.org/W6912076706,not_returned
https://openalex.org/W3101515325,not_returned
https://openalex.org/W4226429307,not_returned
https://openalex.org/W3104775265,not_returned
https://openalex.org/W3145295302,not_returned
https://openalex.org/W4220823318,not_returned
https://openalex.org/W3103229552,not_returned
https://openalex.org/W3211055580,not_returned
https://openalex.org/W4307285170,not_returned
https://openalex.org/W3103252997,not_returned
https://openalex.org/W2466851000,not_returned
https://openalex.org/W7084092134,not_returned
https://openalex.org/W2025113236,not_returned
https://openalex.org/W7082637258,not_returned
https://openalex.org/W4243015196,not_returned
https://openalex.org/W4205259984,not_returned
https://openalex.org/W4225547385,not_returned
https://openalex.org/W6889459286,not_returned
https://openalex.org/W4206129636,not_returned
https://openalex.org/W4207042801,not_returned
https://openalex.org/W4254773074,not_returned
https://openalex.org/W3022528661,not_returned
https://openalex.org/W3121258478,not_returned
https://openalex.org/W3121974517,not_returned
https://openalex.org/W3122597427,not_returned
https://openalex.org/W3124154220,not_returned
https://openalex.org/W3125409639,not_returned
https://openalex.org/W3125475163,not_returned
https://openalex.org/W3105398416,not_returned
https://openalex.org/W3135547872,not_returned
https://openalex.org/W3161550517,not_returned
https://openalex.org/W2988432345,not_returned
https://openalex.org/W3105648296,not_returned
https://openalex.org/W3124154220,not_returned
https://openalex.org/W3093946832,not_returned
https://openalex.org/W3099898344,not_returned
https://openalex.org/W3092002622,not_returned
https://openalex.org/W3099540351,not_returned
https://openalex.org/W3214279814,not_returned
https://openalex.org/W3102230680,not_returned
https://openalex.org/W3102279444,not_returned
https://openalex.org/W3105221886,not_returned
https://openalex.org/W4214576688,not_returned
https://openalex.org/W4214503184,not_returned
https://openalex.org/W6969346338,not_returned
https://openalex.org/W4225644299,not_returned
https://openalex.org/W3196323897,not_returned
https://openalex.org/W3099814042,not_returned
https://openalex.org/W3105681593,not_returned
https://openalex.org/W3105782036,not_returned
https://openalex.org/W3105901934,not_returned
https://openalex.org/W3153097845,not_returned
https://openalex.org/W3164847339,not_returned
https://openalex.org/W4225360013,not_returned
https://openalex.org/W4226193619,not_returned
https://openalex.org/W2965175493,not_returned
https://openalex.org/W3213496957,not_returned
https://openalex.org/W3216683579,not_returned
https://openalex.org/W3123538498,not_returned
https://openalex.org/W3124227914,not_returned
https://openalex.org/W3121345963,not_returned
https://openalex.org/W2168175751,not_returned
https://openalex.org/W2995149074,not_returned
https://openalex.org/W6910850522,not_returned
https://openalex.org/W6949348648,not_returned
https://openalex.org/W4286436537,not_returned
https://openalex.org/W3099029142,not_returned
https://openalex.org/W3100305808,not_returned
https://openalex.org/W3102793581,not_returned
https://openalex.org/W3103671561,not_returned
https://openalex.org/W3104549730,not_returned
https://openalex.org/W3105221764,not_returned
https://openalex.org/W3105388478,not_returned
https://openalex.org/W3105902516,not_returned
https://openalex.org/W3125587561,not_returned
https://openalex.org/W3213350242,not_returned
https://openalex.org/W6910650194,not_returned
https://openalex.org/W3099160309,not_returned
https://openalex.org/W4206006937,not_returned
https://openalex.org/W4243036552,not_returned
https://openalex.org/W4206006937,not_returned
https://openalex.org/W4301671181,not_returned
https://openalex.org/W4256566455,not_returned
https://openalex.org/W4251291456,not_returned
https://openalex.org/W3155223420,not_returned
https://openalex.org/W7092676301,not_returned
https://openalex.org/W3176196997,not_returned
https://openalex.org/W6958688511,not_returned
https://openalex.org/W3124423723,not_returned
https://openalex.org/W7084768279,not_returned
https://openalex.org/W3099187551,not_returned
https://openalex.org/W3099463388,not_returned
https://openalex.org/W3099469494,not_returned
https://openalex.org/W3099902606,not_returned
https://openalex.org/W3100036146,not_returned
https://openalex.org/W3100849483,not_returned
https://openalex.org/W3100877008,not_returned
https://openalex.org/W3101548745,not_returned
https://openalex.org/W3102323336,not_returned
https://openalex.org/W3102957361,not_returned
https://openalex.org/W3103693481,not_returned
https://openalex.org/W3104321453,not_returned
https://openalex.org/W3104671257,not_returned
https://openalex.org/W3104680213,not_returned
https://openalex.org/W3105212611,not_returned
https://openalex.org/W3105582558,not_returned
https://openalex.org/W3105918155,not_returned
https://openalex.org/W3105973816,not_returned
https://openalex.org/W3106184779,not_returned
https://openalex.org/W3106232920,not_returned
https://openalex.org/W3106297756,not_returned
https://openalex.org/W3116742835,not_returned
https://openalex.org/W3209041704,not_returned
https://openalex.org/W4289755472,not_returned
https://openalex.org/W3124410800,not_returned
https://openalex.org/W6959643188,not_returned
https://openalex.org/W2341699597,not_returned
https://openalex.org/W6931830305,not_returned
https://openalex.org/W6931890597,not_returned
https://openalex.org/W6962542170,not_returned
https://openalex.org/W7077078555,not_returned
https://openalex.org/W2913533115,not_returned
https://openalex.org/W2963225233,not_returned
https://openalex.org/W2964182635,not_returned
https://openalex.org/W2972440601,not_returned
https://openalex.org/W3081071837,not_returned
https://openalex.org/W3081072124,not_returned
https://openalex.org/W3197406425,not_returned
https://openalex.org/W3206731135,not_returned
https://openalex.org/W3215602683,not_returned
https://openalex.org/W6967313042,not_returned
https://openalex.org/W7081566009,not_returned
https://openalex.org/W2964171924,not_returned
https://openalex.org/W2951032685,not_returned
https://openalex.org/W6963305775,not_returned
https://openalex.org/W3124648789,not_returned
https://openalex.org/W3147658258,not_returned
https://openalex.org/W2970960342,not_returned
https://openalex.org/W3034469191,not_returned
https://openalex.org/W3035497479,not_returned
https://openalex.org/W3099950029,not_returned
https://openalex.org/W2963073614,not_returned
https://openalex.org/W2951529591,not_returned
https://openalex.org/W3020759564,not_returned
https://openalex.org/W4299732308,not_returned
https://openalex.org/W2314167581,not_returned
https://openalex.org/W2168175751,not_returned
https://openalex.org/W3125090905,not_returned
https://openalex.org/W4313026744,not_returned
https://openalex.org/W6902657861,not_returned
https://openalex.org/W6922159011,not_returned
https://openalex.org/W7077060362,not_returned
https://openalex.org/W1979187276,not_returned
https://openalex.org/W1973083723,not_returned
https://openalex.org/W6927211044,not_returned
https://openalex.org/W3122640201,not_returned
https://openalex.org/W3186206342,not_returned
https://openalex.org/W6963818563,not_returned
https://openalex.org/W2617952534,not_returned
https://openalex.org/W3124062921,not_returned
https://openalex.org/W7091577833,not_returned
https://openalex.org/W4205912375,not_returned
https://openalex.org/W4248681815,not_returned
https://openalex.org/W3122702484,not_returned
https://openalex.org/W3123867872,not_returned
https://openalex.org/W6893369701,not_returned
https://openalex.org/W6906624508,not_returned
https://openalex.org/W6912015862,not_returned
https://openalex.org/W6912261060,not_returned
https://openalex.org/W6912573014,not_returned
https://openalex.org/W6930655726,not_returned
https://openalex.org/W6931077446,not_returned
https://openalex.org/W6943827219,not_returned
https://openalex.org/W6948404839,not_returned
https://openalex.org/W6949617103,not_returned
https://openalex.org/W3021006221,not_returned
https://openalex.org/W4213448154,not_returned
https://openalex.org/W3123952677,not_returned
https://openalex.org/W4248001038,not_returned
https://openalex.org/W2964350128,not_returned
https://openalex.org/W3181931494,not_returned
https://openalex.org/W4229456944,not_returned
https://openalex.org/W4205615360,not_returned
https://openalex.org/W3097224309,not_returned
https://openalex.org/W4411019079,not_returned
https://openalex.org/W4246223421,not_returned
https://openalex.org/W3123599280,not_returned
https://openalex.org/W4211077846,not_returned
https://openalex.org/W4240423672,not_returned
https://openalex.org/W3126097131,not_returned
https://openalex.org/W3142261399,not_returned
https://openalex.org/W3214493391,not_returned
https://openalex.org/W4210563123,not_returned
https://openalex.org/W3125458234,not_returned
https://openalex.org/W3181292541,not_returned
https://openalex.org/W2950783320,not_returned
https://openalex.org/W4213270655,not_returned
https://openalex.org/W2962714513,not_returned
https://openalex.org/W2963161934,not_returned
https://openalex.org/W2963187666,not_returned
https://openalex.org/W2963503088,not_returned
https://openalex.org/W2963620126,not_returned
https://openalex.org/W2963740588,not_returned
https://openalex.org/W2964161848,not_returned
https://openalex.org/W2964203884,not_returned
https://openalex.org/W3011942667,not_returned
https://openalex.org/W3019203882,not_returned
https://openalex.org/W3047374541,not_returned
https://openalex.org/W3088369601,not_returned
https://openalex.org/W3200438559,not_returned
https://openalex.org/W3204490664,not_returned
https://openalex.org/W4306173828,not_returned
https://openalex.org/W3004147653,not_returned
https://openalex.org/W3123053713,not_returned
https://openalex.org/W3123605999,not_returned
https://openalex.org/W6948336003,not_returned
https://openalex.org/W4254748353,not_returned
https://openalex.org/W6908127759,not_returned
https://openalex.org/W6926083162,not_returned
https://openalex.org/W6945900815,not_returned
https://openalex.org/W2225860579,not_returned
https://openalex.org/W3035381835,not_returned
https://openalex.org/W3176594951,not_returned
https://openalex.org/W2147141749,not_returned
https://openalex.org/W3021657269,not_returned
https://openalex.org/W4286904820,not_returned
https://openalex.org/W2963408536,not_returned
https://openalex.org/W2964070430,not_returned
https://openalex.org/W2964175260,not_returned
https://openalex.org/W3121158394,not_returned
https://openalex.org/W3124839119,not_returned
https://openalex.org/W4237353297,not_returned
https://openalex.org/W2962863944,not_returned
https://openalex.org/W2978914293,not_returned
https://openalex.org/W4225774523,not_returned
https://openalex.org/W4292583380,not_returned
https://openalex.org/W3083713847,not_returned
https://openalex.org/W1915024344,not_returned
https://openalex.org/W3125904736,not_returned
https://openalex.org/W4394672655,not_returned
https://openalex.org/W6931625734,not_returned
https://openalex.org/W3120537596,not_returned
https://openalex.org/W7084582439,not_returned
https://openalex.org/W4288412864,not_returned
https://openalex.org/W6921742276,not_returned
https://openalex.org/W3121645878,not_returned
https://openalex.org/W3122271142,not_returned
https://openalex.org/W3123832781,not_returned
https://openalex.org/W3125583209,not_returned
https://openalex.org/W3123832781,not_returned
https://openalex.org/W3125583209,not_returned
https://openalex.org/W2963601356,not_returned
https://openalex.org/W7101732474,not_returned
https://openalex.org/W2762835197,not_returned
https://openalex.org/W7084076689,not_returned
https://openalex.org/W3060960901,not_returned
https://openalex.org/W3206809046,not_returned
https://openalex.org/W3216521614,not_returned
https://openalex.org/W4225576570,not_returned
https://openalex.org/W3216521614,not_returned
https://openalex.org/W2963893013,not_returned
https://openalex.org/W2992163789,not_returned
https://openalex.org/W3129905665,not_returned
https://openalex.org/W3215826701,not_returned
https://openalex.org/W6962418133,not_returned
https://openalex.org/W2941132817,not_returned
https://openalex.org/W6886034458,not_returned
https://openalex.org/W6942523459,not_returned
https://openalex.org/W2766005785,not_returned
https://openalex.org/W3136619051,not_returned
https://openalex.org/W3212478476,not_returned
https://openalex.org/W2966860188,not_returned
https://openalex.org/W4247300965,not_returned
https://openalex.org/W3021813749,not_returned
https://openalex.org/W6892061976,not_returned
https://openalex.org/W6892230847,not_returned
https://openalex.org/W6910745703,not_returned
https://openalex.org/W6910996621,not_returned
https://openalex.org/W6948170523,not_returned
https://openalex.org/W6967076434,not_returned
https://openalex.org/W3161117461,not_returned
https://openalex.org/W3212478476,not_returned
https://openalex.org/W2488439660,not_returned
https://openalex.org/W3122645841,not_returned
https://openalex.org/W3145544159,not_returned
https://openalex.org/W4237168541,not_returned
https://openalex.org/W4251389184,not_returned
https://openalex.org/W4409476262,not_returned
https://openalex.org/W6973699417,not_returned
https://openalex.org/W2963803189,not_returned
https://openalex.org/W4285097945,not_returned
https://openalex.org/W6894216185,not_returned
https://openalex.org/W7081962588,not_returned
https://openalex.org/W4212996155,not_returned
https://openalex.org/W4243439874,not_returned
https://openalex.org/W4295045789,not_returned
https://openalex.org/W4321378389,not_returned
https://openalex.org/W4249934049,not_returned
https://openalex.org/W3145112245,not_returned
https://openalex.org/W1985915092,not_returned
https://openalex.org/W3124775616,not_returned
https://openalex.org/W4281565759,not_returned
https://openalex.org/W3122233860,not_returned
https://openalex.org/W3122727604,not_returned
https://openalex.org/W4214569686,not_returned
https://openalex.org/W2964321317,not_returned
https://openalex.org/W2962738321,not_returned
https://openalex.org/W3181931494,not_returned
https://openalex.org/W3201232741,not_returned
https://openalex.org/W2517356002,not_returned
https://openalex.org/W2728339607,not_returned
https://openalex.org/W2728579776,not_returned
https://openalex.org/W2757483995,not_returned
https://openalex.org/W2804585571,not_returned
https://openalex.org/W2896023962,not_returned
https://openalex.org/W2902648850,not_returned
https://openalex.org/W2963479129,not_returned
https://openalex.org/W3013545155,not_returned
https://openalex.org/W3030541041,not_returned
https://openalex.org/W3033430444,not_returned
https://openalex.org/W3036559272,not_returned
https://openalex.org/W3041448216,not_returned
https://openalex.org/W3094700341,not_returned
https://openalex.org/W3110784893,not_returned
https://openalex.org/W3157254968,not_returned
https://openalex.org/W3157821548,not_returned
https://openalex.org/W3161523622,not_returned
https://openalex.org/W3164875870,not_returned
https://openalex.org/W3188048115,not_returned
https://openalex.org/W3188696378,not_returned
https://openalex.org/W3194785730,not_returned
https://openalex.org/W3194958680,not_returned
https://openalex.org/W3195746727,not_returned
https://openalex.org/W3196155327,not_returned
https://openalex.org/W3196284257,not_returned
https://openalex.org/W3213705021,not_returned
https://openalex.org/W4210256938,not_returned
https://openalex.org/W4210589325,not_returned
https://openalex.org/W4282559876,not_returned
https://openalex.org/W4286008977,not_returned
https://openalex.org/W4313909791,not_returned
https://openalex.org/W4320856474,not_returned
https://openalex.org/W4384277430,not_returned
https://openalex.org/W4375952498,not_returned
https://openalex.org/W1973640743,not_returned
https://openalex.org/W2791004613,not_returned
https://openalex.org/W2897755679,not_returned
https://openalex.org/W2964306570,not_returned
https://openalex.org/W2966086598,not_returned
https://openalex.org/W3021941048,not_returned
https://openalex.org/W3026157801,not_returned
https://openalex.org/W3082947597,not_returned
https://openalex.org/W3100925971,not_returned
https://openalex.org/W3108835732,not_returned
https://openalex.org/W3164988417,not_returned
https://openalex.org/W3179841826,not_returned
https://openalex.org/W4205445870,not_returned
https://openalex.org/W4213253225,not_returned
https://openalex.org/W4281852323,not_returned
https://openalex.org/W4308142462,not_returned
https://openalex.org/W4308444435,not_returned
https://openalex.org/W4367297747,not_returned
https://openalex.org/W4367721794,not_returned
https://openalex.org/W4386238116,not_returned
https://openalex.org/W4388724647,not_returned
https://openalex.org/W4390397628,not_returned
https://openalex.org/W4390501842,not_returned
https://openalex.org/W4391529945,not_returned
https://openalex.org/W4393942699,not_returned
https://openalex.org/W4394595640,not_returned
https://openalex.org/W4396827044,not_returned
https://openalex.org/W4399787595,not_returned
https://openalex.org/W4400119092,not_returned
https://openalex.org/W4407735561,not_returned
https://openalex.org/W4409323861,not_returned
https://openalex.org/W4409328865,not_returned
https://openalex.org/W4409395984,not_returned
https://openalex.org/W19608559,not_returned
https://openalex.org/W1787775508,not_returned
https://openalex.org/W1876810883,not_returned
https://openalex.org/W1930672182,not_returned
https://openalex.org/W1931094051,not_returned
https://openalex.org/W2024757059,not_returned
https://openalex.org/W2026167933,not_returned
https://openalex.org/W2040272097,not_returned
https://openalex.org/W2044064593,not_returned
https://openalex.org/W2070918473,not_returned
https://openalex.org/W2077956622,not_returned
https://openalex.org/W2103882222,not_returned
https://openalex.org/W2111647798,not_returned
https://openalex.org/W2143565172,not_returned
https://openalex.org/W2157798058,not_returned
https://openalex.org/W2160576507,not_returned
https://openalex.org/W2166105101,not_returned
https://openalex.org/W2170080889,not_returned
https://openalex.org/W2491195567,not_returned
https://openalex.org/W2904010870,not_returned
https://openalex.org/W3081908920,not_returned
https://openalex.org/W3123534837,not_returned
https://openalex.org/W3197225059,not_returned
https://openalex.org/W4233020791,not_returned
https://openalex.org/W4281871893,not_returned
https://openalex.org/W4313251079,not_returned
https://openalex.org/W4321598493,not_returned
https://openalex.org/W4400817360,not_returned
https://openalex.org/W4416651599,not_returned
https://openalex.org/W7102393732,not_returned
https://openalex.org/W1784564451,not_returned
https://openalex.org/W1931861466,not_returned
https://openalex.org/W4247259495,not_returned
https://openalex.org/W3037776276,not_returned
https://openalex.org/W3207833463,not_returned
https://openalex.org/W3216521614,not_returned
https://openalex.org/W3217173135,not_returned
https://openalex.org/W4213145634,not_returned
https://openalex.org/W3046369228,not_returned
https://openalex.org/W3124724067,not_returned
https://openalex.org/W4205230783,not_returned
https://openalex.org/W6969346338,not_returned
https://openalex.org/W6892777056,not_returned
https://openalex.org/W4241644505,not_returned
https://openalex.org/W4206235320,not_returned
https://openalex.org/W3034917890,not_returned
https://openalex.org/W3124473712,not_returned
https://openalex.org/W4211042622,not_returned
https://openalex.org/W3122125651,not_returned
https://openalex.org/W3197291352,not_returned
https://openalex.org/W3197368366,not_returned
https://openalex.org/W3201935337,not_returned
https://openalex.org/W2467997928,not_returned
https://openalex.org/W2896342372,not_returned
https://openalex.org/W2168175751,not_returned
https://openalex.org/W3123822217,not_returned
https://openalex.org/W2989771311,not_returned
https://openalex.org/W3123406623,not_returned
https://openalex.org/W2112850441,not_returned
https://openalex.org/W2963809228,not_returned
https://openalex.org/W3008736151,not_returned
https://openalex.org/W3034238904,not_returned
https://openalex.org/W3099950029,not_returned
https://openalex.org/W3174688068,not_returned
https://openalex.org/W7093298933,not_returned
https://openalex.org/W2802505424,not_returned
https://openalex.org/W2962715987,not_returned
https://openalex.org/W2962983518,not_returned
https://openalex.org/W2009429512,not_returned
https://openalex.org/W2962972208,not_returned
https://openalex.org/W4232679236,not_returned
https://openalex.org/W4247225077,not_returned
https://openalex.org/W4250211297,not_returned
https://openalex.org/W7087021622,not_returned
https://openalex.org/W4300179783,not_returned
https://openalex.org/W4395661183,not_returned
https://openalex.org/W4313026744,not_returned
https://openalex.org/W6906331484,not_returned
https://openalex.org/W6921070157,not_returned
https://openalex.org/W3203632628,not_returned
https://openalex.org/W3203570626,not_returned
https://openalex.org/W3010268791,not_returned
https://openalex.org/W3020263945,not_returned
https://openalex.org/W2963655078,not_returned
https://openalex.org/W2982083293,not_returned
https://openalex.org/W2999803881,not_returned
https://openalex.org/W3187370891,not_returned
https://openalex.org/W2963599909,not_returned
