id,title,display_name,authorships,abstract,doi,publication_date,publication_year,fwci,cited_by_count,counts_by_year,ids,type,is_oa,is_oa_anywhere,oa_status,oa_url,any_repository_has_fulltext,source_display_name,source_id,issn_l,host_organization,host_organization_name,landing_page_url,pdf_url,license,version,referenced_works,referenced_works_count,related_works,concepts,topics,keywords,is_paratext,is_retracted,language,apc,first_page,last_page,volume,issue,focal_author,csv_collaborators
https://openalex.org/W3119049610,Interventions for Loneliness Among Adult Cancer Survivors: A Systematic Review and Meta-Analysis,Interventions for Loneliness Among Adult Cancer Survivors: A Systematic Review and Meta-Analysis,,"<b>Problem identification:</b> Loneliness is common after cancer, contributing to poor outcomes. Interventions to modify loneliness are needed. This systematic review describes the current literature regarding loneliness interventions in cancer survivors.<b>Literature search:</b> Databases including: Ovid/MEDLINE; The Cochrane Central Register of Controlled Trials (CENTRAL); Elsevier/Embase; Clarivate/Web of Science (Core Collection), EBSCO/PsycINFO, EBSCO/CINAHL were used to perform a systematic review of literature using PRISMA guidelines. Second, risk of bias, meta-analysis and a narrative synthesis approach was completed to synthesize findings from multiple studies.<b>Data evaluation/synthesis:</b> Six thousand five hundred three studies were initially evaluated; eight studies met inclusion criteria. Findings indicate a paucity of interventions, generally of lower quality. Interventions were feasible and acceptable; those interventions with cultural modifications were more likely to demonstrate effectiveness.<b>Conclusions:</b> There are limited interventions addressing loneliness in cancer survivors. Development and testing of culturally-relevant programs are warranted.<b>Implications for psychosocial oncology:</b> Current studies suggest the psychosocial symptom of loneliness is modifiable among adult cancer survivors. Few interventions have been tested and shown to be effectiveness in cancer survivors in the U.S. and none have been tailored for older adult survivors, by patient gender/sex and few for specific race/ethnic groups. Results from this systematic review: a narrative synthesis and meta-analysis can inform future interventions targeting loneliness in this growing, yet vulnerable, adult cancer survivor population.",https://doi.org/10.1080/07347332.2020.1867690,2021-01-08,2021,2.26720001,30,,,review,TRUE,TRUE,bronze,https://www.tandfonline.com/doi/pdf/10.1080/07347332.2020.1867690?needAccess=true,FALSE,Journal of Psychosocial Oncology,https://openalex.org/S150756764,0734-7332,https://openalex.org/P4310320547,Taylor & Francis,https://doi.org/10.1080/07347332.2020.1867690,https://www.tandfonline.com/doi/pdf/10.1080/07347332.2020.1867690?needAccess=true,NA,publishedVersion,,51,,,,,FALSE,FALSE,en,,509,533,39,4,Terry Badger,Meghan B. Skiba
https://openalex.org/W4214914411,Optimizing a Behavioral Sleep Intervention for Gynecologic Cancer Survivors: Study Design and Protocol,Optimizing a Behavioral Sleep Intervention for Gynecologic Cancer Survivors: Study Design and Protocol,,"Sleep difficulties, particularly symptoms of insomnia and circadian disruption, are among the primary complaints of gynecologic cancer survivors before, during, and after treatment. Moreover, difficulty sleeping has been linked to poorer health-related quality of life and elevated symptom burden in this population. Although leading behavioral sleep interventions have demonstrated efficacy among cancer survivors, up to 50% of survivors are non-adherent to these treatments, likely because these interventions require labor-intensive behavior and lifestyle changes. Therefore, there is a need for more effective and acceptable approaches to diminish sleep disturbance among cancer survivors. This manuscript describes the methodology of a two-part study guided by the Multiphase Optimization Strategy (MOST) framework to identify a streamlined behavioral sleep intervention for gynecologic cancer survivors. Three candidate intervention components previously shown to decrease sleep disturbance will be evaluated, including sleep restriction, stimulus control, and systematic bright light exposure. Participants will be adult women with a history of non-metastatic gynecologic cancer who have completed primary treatment and who report current poor sleep quality. Fifteen participants will be recruited for Part 1 of the study, which will utilize qualitative methods to identify barriers to and facilitators of intervention adherence. Results will inform changes to the delivery of the candidate intervention components to promote adherence in Part 2, where 80 participants will be recruited and randomized to one of eight conditions reflecting every possible combination of the three candidate intervention components in a full factorial design. Participants will complete assessments at baseline, post-intervention, and 3-months post-intervention. Part 2 results will identify the combination of candidate intervention components that yields the most efficacious yet efficient 6-week intervention for diminishing sleep disturbance. This is the first known study to apply the MOST framework to optimize a behavioral sleep intervention and will yield a resource-efficient treatment to diminish sleep disturbance, improve health-related quality of life, and decrease symptom burden among gynecologic cancer survivors. ClinicalTrials.gov Identifier: NCT05044975.",https://doi.org/10.3389/fnins.2022.818718,2022-03-04,2022,1.72195628,7,,,article,TRUE,TRUE,gold,https://www.frontiersin.org/articles/10.3389/fnins.2022.818718/pdf,FALSE,Frontiers in Neuroscience,https://openalex.org/S115201632,1662-453X,https://openalex.org/P4310320527,Frontiers Media,https://doi.org/10.3389/fnins.2022.818718,https://www.frontiersin.org/articles/10.3389/fnins.2022.818718/pdf,cc-by,publishedVersion,,61,,,,,FALSE,FALSE,en,,818718,818718,16,NA,Terry Badger,Sairam Parthasarathy
https://openalex.org/W4224252892,Depression among underserved rural and urban caregivers of Latinas with breast cancer,Depression among underserved rural and urban caregivers of Latinas with breast cancer,,"Among Latino/as, informal caregiving duties are often deemed a family responsibility. Understanding psychological outcomes tied to caregivers of Latina breast cancer survivors is important to identify the impacts of cancer. Secondary analysis of baseline data collected in a randomized clinical trial (RCT) from 230 Latina breast cancer survivor-caregiver dyads. Characteristics of caregivers residing in rural/underserved and urban areas were compared using t- or chi-square tests. General linear models were used to analyze depressive symptoms in relation to residence, survivor-caregiver relationship, acculturation, obligation, reciprocity, and comorbidities. Urban residence was significantly associated with higher levels of depression controlling for survivor-caregiver relationship acculturation, obligation, reciprocity, and comorbidities. Mother caregivers had significantly higher levels of depression than other caregivers. Depression among Latino/a caregiver’s providing care to an adult child is an important consideration as Latino/as are less likely to seek out/have access to mental health services than other groups.",https://doi.org/10.1080/10911359.2022.2062516,2022-04-20,2022,1.4494629,3,,,article,TRUE,TRUE,bronze,https://www.tandfonline.com/doi/pdf/10.1080/10911359.2022.2062516?needAccess=true,FALSE,Journal of Human Behavior in the Social Environment,https://openalex.org/S51144326,1091-1359,https://openalex.org/P4310320547,Taylor & Francis,https://doi.org/10.1080/10911359.2022.2062516,https://www.tandfonline.com/doi/pdf/10.1080/10911359.2022.2062516?needAccess=true,NA,publishedVersion,,60,,,,,FALSE,FALSE,en,,450,464,33,3,Terry Badger,Celina I. Valencia
https://openalex.org/W4395046029,Adapting a dyadic exercise program to be culturally relevant for Hispanic men with prostate cancer using community engagement studio: a brief report,Adapting a dyadic exercise program to be culturally relevant for Hispanic men with prostate cancer using community engagement studio: a brief report,,"Background Cancer disparities exist for Hispanic men with prostate cancer and their caregivers that could be reduced through exercise. Exercising Together © is a six-month, evidence-based dyadic resistance training program that promotes teamwork between prostate cancer survivors and their spouses to improve physical, mental, and relational health outcomes. The purpose of this study was to elicit feedback and recommendations from stakeholders on the Exercising Together © intervention to inform the cultural adaptation of this program for Hispanic men with prostate cancer. Methods We conducted a virtual Community Engagement Studio (V-CES) with community expert stakeholders representing the Hispanic and cancer care communities in Southern Arizona. The V-CES process included orientation, presentation of the research, guided discussion, and evaluation. The V-CES was audio recorded, transcribed, and rapidly analyzed to identify actionable feedback and contextual adaptations. Results Nine stakeholders (6/9 male; 5/9 Hispanic) completed all V-CES activities. Through stakeholder engagement and feedback from the V-CES, adaptations to the original Exercising Together © intervention included: (1) inclusion of the cancer survivor’s identified caregiver, who may not be a spouse; (2) availability in English and Spanish; (3) shortening the intervention to 3 months; (4) remote delivery of the intervention; and (5) incorporation of low burden procedures. Conclusion Findings from our V-CES informed the adaptation of a culturally relevant dyadic progressive resistance training program for Hispanic men with prostate cancer and their caregivers.",https://doi.org/10.3389/fpsyg.2024.1294546,2024-04-23,2024,0.53774674,1,,,article,TRUE,TRUE,gold,https://www.frontiersin.org/journals/psychology/articles/10.3389/fpsyg.2024.1294546/pdf,FALSE,Frontiers in Psychology,https://openalex.org/S9692511,1664-1078,https://openalex.org/P4310320527,Frontiers Media,https://doi.org/10.3389/fpsyg.2024.1294546,https://www.frontiersin.org/journals/psychology/articles/10.3389/fpsyg.2024.1294546/pdf,cc-by,publishedVersion,,43,,,,,FALSE,FALSE,en,,1294546,1294546,15,NA,Terry Badger,Meghan B. Skiba; Floyd H. Chilton
https://openalex.org/W4407190260,Stakeholder-informed refinement of a behavioral sleep/circadian intervention for gynecologic cancer survivors: an application of the MOST preparation phase,Stakeholder-informed refinement of a behavioral sleep/circadian intervention for gynecologic cancer survivors: an application of the MOST preparation phase,,"Abstract Background Sleep disturbance is among the most frequent and distressing symptoms reported by gynecologic cancer survivors. Existing evidence-based behavioral sleep interventions are limited by implementation burden, which can decrease adherence. Purpose As part of the preparation phase of the multiphase optimization strategy (MOST), this study solicited stakeholder feedback to maximize adherence in a planned behavioral sleep/circadian intervention optimization trial. Methods Thirteen post-treatment survivors of early-stage gynecologic cancer completed the protocol for the planned optimization trial, including simultaneous receipt of all candidate intervention components. This included six weeks of combined sleep restriction, stimulus control, and systematic exposure to morning bright light. Participants then completed a semi-structured interview to provide feedback on their experience. We used a rapid analytic approach to quickly identify actionable feedback from de-identified transcripts. Results Participants generally reacted positively to the intervention components. Actionable feedback identified recommended protocol modifications and was categorized into four overarching themes: (i) remove barriers to engagement; (ii) revise for clarity; (iii) augment content; and (iv) consider individual circumstances. Conclusions Rapid qualitative analysis enabled us to effectively modify our planned study protocol on an expedited timeline. This approach is consistent with the core principles of MOST and can be incorporated into the Preparation phase to enhance optimization efforts.",https://doi.org/10.1093/tbm/ibaf001,2025-01-01,2025,6.27620984,1,,,article,FALSE,TRUE,green,https://pubmed.ncbi.nlm.nih.gov/39907220/,FALSE,Translational Behavioral Medicine,https://openalex.org/S2764609401,1613-9860,https://openalex.org/P4310311648,Oxford University Press,https://doi.org/10.1093/tbm/ibaf001,NA,NA,publishedVersion,,29,,,,,FALSE,FALSE,en,,NA,NA,15,1,Terry Badger,Sairam Parthasarathy
https://openalex.org/W4407256506,A New Holistic Theoretical Framework to Inform Opioid Use Disorder Management,A New Holistic Theoretical Framework to Inform Opioid Use Disorder Management,,"Abstract Opioid use disorders (OUDs) are a public health crisis. Individuals with OUD often have coexisting symptoms: smoking, chronic pain, and anxiety. These coexisting symptoms increase the prevalence and severity of OUD. To inform OUD management, a new holistic theoretical framework (Complexity of Opioid Use Disorder Model [COUDM]) is proposed by combining two theories: Theory of Unpleasant Symptoms and Self-Determination Theory (SDT). TOUS and SDT comprehensively represent the complexity of the OUD experience, including influencing factors, interconnected conditions, and the motivation of individuals based on psychological needs that impact overall outcomes. Individuals receiving OUD treatment informed by SDT are more engaged and experience lower occurrences of drug relapse when they are intrinsically and autonomously motivated. COUDM encompasses the multidimensional aspects of OUD. To acquire a healthier and better future for OUD patients, novel frameworks to guide new approaches are needed. COUDM is a new theoretical framework, incorporating biopsychosocial factors and symptom clusters associated with OUD to improve treatment strategies.",https://doi.org/10.1097/jan.0000000000000603,2025-01-01,2025,6.47427621,1,,,article,TRUE,TRUE,hybrid,https://doi.org/10.1097/jan.0000000000000603,FALSE,Journal of Addictions Nursing,https://openalex.org/S101300946,1088-4602,https://openalex.org/P4310315671,Lippincott Williams & Wilkins,https://doi.org/10.1097/jan.0000000000000603,NA,cc-by-nc-nd,publishedVersion,,56,,,,,FALSE,FALSE,en,,3,10,36,1,Terry Badger,Ruth E. Taylor‐Piliae
https://openalex.org/W4394840994,"Patterns of Dietary Quality, Physical Activity, and Sleep Duration among Cancer Survivors and Caregivers","Patterns of Dietary Quality, Physical Activity, and Sleep Duration among Cancer Survivors and Caregivers",,"<title>Abstract</title> Health behaviors such as fruit and vegetable intake (FVI), moderate-to-vigorous physical activity (MVPA), and sleep duration are associated with cancer-related and general health outcomes. This analysis examined to what degree FVI, MVPA, and sleep co-occur among cancer survivors and informal cancer caregivers and identified sociodemographic and clinical correlates of health behavior engagement. Using data from the Health Information National Trends Survey (HINTS), an exploratory latent profile analysis (LPA) was conducted among a nationally representative sample of those self-reporting a history of cancer or identifying as a cancer caregiver. The LPA model was fit with continuous variables for daily self-reported FVI (servings/d), MPVA (minutes/d) and sleep duration (hours/d). Multinomial logistic regression models were used to predict profile membership based on current age, education, relationship status, income, rurality, body mass index (BMI), other health behaviors, and role (survivor or caregiver). Four health behavior profiles were identified (Least Engaged–Sedentary, Least Engaged–Inactive, Moderately Engaged, and Highly Engaged). The largest profile membership was Least-Engaged Sedentary, capturing 37% of the sample. Profiles were most distinguished by MVPA with the lowest variance in sleep duration. Health behavior profile membership was significantly associated with current age, relationship status, education, income, rurality, alcohol use, self-efficacy, psychological distress, BMI, and cancer type. This study identified that, in a nationally representative sample, cancer survivors and cancer caregivers who reported more FVI also often reported greater MVPA and longer sleep duration. Health behavior profiles and sociodemographic correlates can help identify for whom health behavior interventions may be of greatest benefit.",https://doi.org/10.21203/rs.3.rs-4271736/v1,2024-04-16,2024,NA,2,,,preprint,TRUE,TRUE,green,https://www.researchsquare.com/article/rs-4271736/latest.pdf,FALSE,Research Square (Research Square),https://openalex.org/S4306402450,NA,https://openalex.org/I4210096694,Research Square (United States),https://doi.org/10.21203/rs.3.rs-4271736/v1,https://www.researchsquare.com/article/rs-4271736/latest.pdf,cc-by,acceptedVersion,,62,,,,,FALSE,FALSE,en,,NA,NA,NA,NA,Terry Badger,Meghan B. Skiba; Michael A. Grandner
https://openalex.org/W4403077743,"Patterns of dietary quality, physical activity, and sleep duration among cancer survivors and caregivers","Patterns of dietary quality, physical activity, and sleep duration among cancer survivors and caregivers",,NA,https://doi.org/10.1007/s10865-024-00523-0,2024-10-02,2024,0,0,,,article,FALSE,FALSE,closed,NA,FALSE,Journal of Behavioral Medicine,https://openalex.org/S170915847,0160-7715,https://openalex.org/P4310319900,Springer Science+Business Media,https://doi.org/10.1007/s10865-024-00523-0,NA,NA,publishedVersion,,66,,,,,FALSE,FALSE,en,,162,175,48,1,Terry Badger,Meghan B. Skiba; Michael A. Grandner
https://openalex.org/W4412521943,Tai Chi Easy for Opioid Use Disorder: Pilot Feasibility Outcomes and Lessons Learned,Tai Chi Easy for Opioid Use Disorder: Pilot Feasibility Outcomes and Lessons Learned,,"<b><i>Background:</i></b> Opioid use disorder (OUD) remains a global crisis, with chronic pain (CP), anxiety, and opioid cravings contributing to treatment discontinuation and return to opioid use. Despite the effectiveness of medications for OUD (MOUD) such as buprenorphine and methadone, they are underutilized, with nearly 50% of individuals discontinuing prematurely or returning to opioid use. Mind-body therapies (e.g., mindfulness, acupuncture, Tai Chi) have shown promise in reducing stress, drug cravings, and pain while improving well-being. However, Tai Chi has not been systematically tested for individuals with OUD and co-occurring CP and anxiety. The authors aimed to evaluate the feasibility of a virtual Tai Chi Easy (vTCE) intervention as an adjunct therapy for adults with OUD and co-occurring CP, and/or anxiety. <b><i>Methods:</i></b> A theory-driven, pre-post, single-group quasi-experimental design was used to evaluate intervention feasibility benchmarks and conduct baseline comparisons between inpatient and outpatient participants. The 8-week vTCE intervention consisted of gentle movements, breathing exercises, self-massage, and mindfulness practices, integrating these components into a holistic mind-body approach. <b><i>Results:</i></b> Of 32 screened individuals, 19 enrolled and 15 participated. Recruitment goals were partially met after expanding to outpatient settings (65% of the target). Retention was low, with only 3 participants (15.8%) completing the final assessment. Presurvey completion was high (95%), but postsurvey completion was limited (15.7%). Adherence was low, with only 20% attending more than one session. Acceptability and appropriateness averaged 3.5/5, and feasibility reached 4/5. No injuries were reported, supporting intervention safety. <b><i>Conclusion:</i></b> The vTCE intervention was not feasible in the inpatient setting. Outpatient settings showed greater feasibility, with notable differences in baseline characteristics, including self-reported opioid cravings. Lessons learned from this pilot study highlight the need to tailor recruitment, retention, and intervention strategies for future research testing vTCE as an adjunct therapy for individuals with OUD and co-occurring symptoms receiving outpatient MOUD. <b><i>Trial Registration:</i></b> ClinicalTrials.gov (Identifier: NCT05850533). Registered: 04/25/2023.",https://doi.org/10.1177/27683605251360930,2025-11-01,2025,0,0,,,article,FALSE,FALSE,closed,NA,FALSE,Journal of Integrative and Complementary Medicine,https://openalex.org/S4210171987,2768-3605,https://openalex.org/P4310320443,"Mary Ann Liebert, Inc.",https://doi.org/10.1177/27683605251360930,NA,NA,publishedVersion,,35,,,,,FALSE,FALSE,en,,979,986,31,11,Terry Badger,Ruth E. Taylor‐Piliae
https://openalex.org/W4402529758,Inspiratory muscle strength training to improve cardiometabolic health in patients with type 2 diabetes mellitus: protocol for the diabetes inspiratory training clinical trial,Inspiratory muscle strength training to improve cardiometabolic health in patients with type 2 diabetes mellitus: protocol for the diabetes inspiratory training clinical trial,,"Type 2 diabetes mellitus (T2DM) is a complex, chronic metabolic disease that carries with it a high prevalence of comorbid conditions, making T2DM one of the leading causes of death in the U.S. Traditional lifestyle interventions (e.g., diet, exercise) can counter some adverse effects of T2DM, however, participation in these activities is low with reasons ranging from physical discomfort to lack of time. Thus, there is a critical need to develop novel management strategies that effectively reduce cardiometabolic disease risk and address barriers to adherence. High-resistance inspiratory muscle strength training (IMST) is a time-efficient and simple breathing exercise that significantly reduces systolic and diastolic BP and improves vascular endothelial function in adults with above-normal blood pressure. Herein we describe the study protocol for a randomized clinical trial to determine the effects of a 6-week IMST regimen on glycemic control and insulin sensitivity in adults with T2DM. Our primary outcome measures include fasting plasma glucose, fasting serum insulin, and insulin resistance utilizing homeostatic model assessment for insulin resistance (HOMA-IR). Secondary outcome measures include resting systolic BP and endothelium-dependent dilation. Further, we will collect plasma for exploratory proteomic analyses. This trial seeks to establish the cardiometabolic effects of 6 weeks of high-resistance IMST in patients with T2DM.",https://doi.org/10.3389/fendo.2024.1383131,2024-09-13,2024,1.39037883,1,,,article,TRUE,TRUE,gold,https://public-pages-files-2025.frontiersin.org/journals/endocrinology/articles/10.3389/fendo.2024.1383131/pdf,FALSE,Frontiers in Endocrinology,https://openalex.org/S2597401208,1664-2392,https://openalex.org/P4310320527,Frontiers Media,https://doi.org/10.3389/fendo.2024.1383131,https://public-pages-files-2025.frontiersin.org/journals/endocrinology/articles/10.3389/fendo.2024.1383131/pdf,cc-by,publishedVersion,,43,,,,,FALSE,FALSE,en,,1383131,1383131,15,NA,Fiona Bailey,Dawn K. Coletta
https://openalex.org/W4388011409,Inspiratory Muscle Strength Training to Improve Cardiometabolic Health in Patients with Type 2 Diabetes Mellitus: Protocol for the Diabetes Inspiratory Training (DIT) Clinical Trial,Inspiratory Muscle Strength Training to Improve Cardiometabolic Health in Patients with Type 2 Diabetes Mellitus: Protocol for the Diabetes Inspiratory Training (DIT) Clinical Trial,,"Abstract Type 2 diabetes mellitus (T2DM) is a complex, chronic metabolic disease that carries with it a high prevalence of comorbid conditions, making T2DM one of the leading causes of death in the U.S. Traditional lifestyle interventions (e.g., diet, exercise) can counter some adverse effects of T2DM; however, participation in these activities is low with reasons ranging from physical discomfort to lack of time. Thus, there is a critical need to develop novel management strategies that effectively reduce cardiometabolic disease risk and address barriers to adherence. High-resistance inspiratory muscle strength training (IMST) is a time-efficient and simple breathing exercise that significantly reduces systolic and diastolic BP and improves vascular endothelial function in adults with above-normal blood pressure. Herein, we describe the study protocol for a randomized clinical trial to determine the effects of a 6 week IMST regimen on glycemic control and insulin sensitivity in adults with T2DM. Our primary outcome measures include fasting plasma glucose, fasting serum insulin, and insulin sensitivity utilizing homeostatic model assessment for insulin resistance (HOMA-IR). Secondary outcome measures include casual (resting) systolic BP and endothelial-dependent dilation. Further, we will collect plasma for exploratory proteomic analyses. This trial seeks to establish the cardiometabolic effects of 6 weeks of high-resistance IMST in patients with T2DM.",https://doi.org/10.1101/2023.10.27.23297688,2023-10-28,2023,NA,0,,,preprint,TRUE,TRUE,gold,https://www.medrxiv.org/content/medrxiv/early/2023/10/28/2023.10.27.23297688.full.pdf,FALSE,NA,NA,NA,NA,NA,https://doi.org/10.1101/2023.10.27.23297688,https://www.medrxiv.org/content/medrxiv/early/2023/10/28/2023.10.27.23297688.full.pdf,cc-by,acceptedVersion,,32,,,,,FALSE,FALSE,en,,NA,NA,NA,NA,Fiona Bailey,Dawn K. Coletta
https://openalex.org/W4398166005,Inspiratory Muscle Strength Training to Improve Cardiometabolic Health in Patients with Type 2 Diabetes Mellitus,Inspiratory Muscle Strength Training to Improve Cardiometabolic Health in Patients with Type 2 Diabetes Mellitus,,"Type 2 diabetes mellitus (T2DM) is a complex, chronic metabolic disease that is associated with a high prevalence of comorbid conditions. Traditional lifestyle interventions (e.g., diet and exercise) can counter some adverse effects of T2DM; however, participation in these activities is low. High-resistance inspiratory muscle strength training (IMST) is a time-effcient and simple breathing exercise that significantly reduces blood pressure (BP) and improves vascular endothelial function in several nondiabetic populations. Herein, we performed a blinded, randomized, sham-controlled trial to investigate the effects of a 6-week IMST regimen (30 breaths/day, 6 days/week) on glycemic control and insulin sensitivity in adults with T2DM. Currently, we have eight participants (aged 35-71 years, 5 females and 3 males) who have completed either low-resistance sham training (15% maximal inspiratory mouth pressure, n=5) or high-resistance IMST (75% maximal inspiratory mouth pressure, n=3). Our data suggests that fasting plasma glucose and fasting serum insulin did not significantly change by IMST or sham training. Utilizing a homeostatic model assessment of insulin sensitivity to evaluate insulin action, our results indicate no change by either IMST or sham training. IMST revealed a trend towards a reduction in systolic BP (pre: 133.0 ± 4.8 vs. post: 128.8 ± 4.9) and diastolic BP (pre: 84.8 ± 2.7 vs. post: 81.7 ± 3.6). These findings align with prior research indicating improved resting BP, further corroborating previous studies. We performed an exploratory analysis to examine the potential impact of IMST on lipid levels. Interestingly, IMST resulted in a trend towards a reduction in cholesterol (pre: 259.3 ± 29.4 vs. post: 230.3 ± 3.7) and LDL (pre: 153.3 ± 19.7 vs. post: 127.7 ± 8.7). Analysis of the endothelial function data is forthcoming until we have enough individuals to complete those analyses. In conclusion, our results to date are preliminary; however, we expect to see continued improvements in resting BP and cholesterol/LDL with IMST. Moreover, with a higher number of individuals in the study (our goal is to have 12 in each group), we anticipate seeing changes in glycemia or insulin action. Lastly, IMST stands out as a distinctive and time-effective exercise method, addressing adherence challenges while demonstrating enhancements in cardiometabolic health. This could be particularly advantageous for T2DM patients with an increased cardiovascular disease risk. University of Arizona College of Medicine SPARK Grant. This is the full abstract presented at the American Physiology Summit 2024 meeting and is only available in HTML format. There are no additional versions or additional content available for this abstract. Physiology was not involved in the peer review process.",https://doi.org/10.1152/physiol.2024.39.s1.2492,2024-05-01,2024,0,0,,,article,FALSE,FALSE,closed,NA,FALSE,Physiology,https://openalex.org/S88977973,1548-9213,https://openalex.org/P4310320155,American Physiological Society,http://dx.doi.org/10.1152/physiol.2024.39.s1.2492,NA,NA,publishedVersion,,0,,,,,FALSE,FALSE,en,,NA,NA,39,S1,Fiona Bailey,Dawn K. Coletta
https://openalex.org/W4411789654,The Tolerability of Resisted Inspiratory Efforts on Cardiopulmonary Pressures and Hemodynamics in Patients with Pulmonary Hypertension,The Tolerability of Resisted Inspiratory Efforts on Cardiopulmonary Pressures and Hemodynamics in Patients with Pulmonary Hypertension,,"Pulmonary hypertension (PH) is a progressive condition characterized by elevated mean pulmonary arterial pressures (mPAP&gt;20mmHg) which, if left untreated, can progress to right ventricular (RV) failure and death. Resistive breathing protocols have emerged as a therapeutic strategy to reduce common PH symptoms such as dyspnea, exercise intolerance, and respiratory muscle weakness. However, no studies have assessed the effects of resistive breathing on RV preload, nor is it clear whether hemodynamic alterations during these maneuvers are safe and tolerable in the context of PH. Here, we used invasive cardiopulmonary exercise testing (iCPET) to document cardiopulmonary pressures and hemodynamics at rest, throughout a bout of resisted inspiratory efforts (RIE) and a maximal cycling test. Using this approach, we tested the hypothesis that RIE results in transient increases in cardiopulmonary pressures without compromising RV function, as demonstrated by the maintenance of adequate cardiac output reserve immediately following RIE and throughout a subsequent cycling test. Thirteen patients (F:11; age: 59.4±12.2 yrs, mPAP: 28.3±14.6 mmHg) undergoing a clinically indicated iCPET for exertional dyspnea or PH were recruited to the study. Patients performed a bout of RIE (5 sets of 6 breaths at 60% of maximum inspiratory pressure) followed by a maximal cycling test (2-min stages with increasing workload until exhaustion). End-expiratory and respiratory cycle-averaged pressures in the right atrium (RA), pulmonary artery (mPAP) and pulmonary capillary wedge pressure (PCWP; an estimate of left ventricular filling), were obtained at baseline, during RIE, post RIE, during maximal cycling, and in recovery. We used a repeated measures ANOVA with Tukey post hoc tests (p=0.05) to compare cardiopulmonary pressures across baseline, RIE, and post RIE and to compare cardiac output across baseline, post RIE, and maximal cycling. Our analyses show RIE-related increases in RA ( p =0.012), mPAP ( p =0.007), and PCWP ( p =0.026) that return to baseline levels immediately post RIE. There was no change in cardiac output from baseline to post RIE ( p =0.82), however, cardiac output was higher during the cycling test compared to baseline ( p =0.017) and to post-RIE ( p =0.024). Our findings demonstrate that RIE induces elevations in pulmonary and cardiac pressures through enhanced venous return and preload. The rapid normalization of cardiac pressures post RIE combined with preserved cardiac output reserve during the subsequent cycling test indicates the effects are transient and do not result in RV decompensation. These preliminary findings indicate that RIE is safe and well-tolerated by patients with PH. This research was supported by the National Institutes of Health T32 Training Grant (T32HL007249) and R01 Grant (5R01AG065346-05). This abstract was presented at the American Physiology Summit 2025 and is only available in HTML format. There is no downloadable file or PDF version. The Physiology editorial board was not involved in the peer review process.",https://doi.org/10.1152/physiol.2025.40.s1.2097,2025-05-01,2025,0,0,,,article,FALSE,FALSE,closed,NA,FALSE,Physiology,https://openalex.org/S88977973,1548-9213,https://openalex.org/P4310320155,American Physiological Society,https://doi.org/10.1152/physiol.2025.40.s1.2097,NA,NA,publishedVersion,,0,,,,,FALSE,FALSE,en,,NA,NA,40,S1,Fiona Bailey,Franz Rischard
https://openalex.org/W3196410232,Cross-sectional associations between adipose tissue depots and areal bone mineral density in the UK Biobank imaging study,Cross-sectional associations between adipose tissue depots and areal bone mineral density in the UK Biobank imaging study,,NA,https://doi.org/10.1007/s00198-021-06140-w,2021-09-06,2021,3.02941616,18,,,article,FALSE,FALSE,closed,NA,FALSE,Osteoporosis International,https://openalex.org/S170889201,0937-941X,https://openalex.org/P4310319900,Springer Science+Business Media,https://doi.org/10.1007/s00198-021-06140-w,NA,NA,publishedVersion,,35,,,,,FALSE,FALSE,en,,391,402,33,2,Jennifer Bea,Yann C. Klimentidis
https://openalex.org/W4283165084,Physical Activity in Young BRCA Carriers and Reduced Risk of Breast Cancer,Physical Activity in Young BRCA Carriers and Reduced Risk of Breast Cancer,,NA,https://doi.org/10.1016/j.amepre.2022.04.022,2022-06-20,2022,2.54840198,10,,,review,FALSE,TRUE,green,https://www.ncbi.nlm.nih.gov/pmc/articles/9900869,FALSE,American Journal of Preventive Medicine,https://openalex.org/S195759676,0749-3797,https://openalex.org/P4310320990,Elsevier BV,https://doi.org/10.1016/j.amepre.2022.04.022,NA,NA,publishedVersion,,26,,,,,FALSE,FALSE,en,,837,845,63,5,Jennifer Bea,Celina I. Valencia
https://openalex.org/W4312106832,Metabolically favorable adiposity and bone mineral density: a Mendelian randomization analysis,Metabolically favorable adiposity and bone mineral density: a Mendelian randomization analysis,,"Abstract Objective This analysis assessed the putative causal association between genetically predicted percent body fat and areal bone mineral density (aBMD) and, more specifically, the association between genetically predicted metabolically “favorable adiposity” (MFA) and aBMD at clinically relevant bone sites. Methods Mendelian randomization was used to assess the relationship of MFA and percent body fat with whole‐body, lumbar spine, femoral neck, and forearm aBMD. Sex‐stratified and age‐stratified exploratory analyses were conducted. Results In all MR analyses, genetically predicted MFA was inversely associated with aBMD for the whole body (β = −0.053, p = 0.0002), lumbar spine (β = −0.075; p = 0.0001), femoral neck (β = −0.045; p = 0.008), and forearm (β = −0.115; p = 0.001). This negative relationship was strongest in older individuals and did not differ by sex. The relationship between genetically predicted percent body fat and aBMD was nonsignificant across all Mendelian randomization analyses. Several loci that were associated at a genome‐wide significance level ( p &lt; 5 × 10 −8 ) in opposite directions with body fat and aBMD measures were also identified. Conclusions This study did not support the hypothesis that MFA protects against low aBMD. Instead, it showed that MFA may result in lower aBMD. Further research is needed to understand how MFA affects aBMD and other components of bone health such as bone turnover, bone architecture, and osteoporotic fractures.",https://doi.org/10.1002/oby.23604,2022-12-10,2022,1.27420099,5,,,article,FALSE,TRUE,green,https://repository.arizona.edu/bitstream/10150/667798/1/21-1068-Orig.R2.pdf,FALSE,Obesity,https://openalex.org/S29918858,1930-7381,https://openalex.org/P4310320595,Wiley,https://doi.org/10.1002/oby.23604,NA,NA,publishedVersion,,50,,,,,FALSE,FALSE,en,,267,278,31,1,Jennifer Bea,Yann C. Klimentidis
https://openalex.org/W4406739222,Abdominal visceral and subcutaneous adipose tissue associations with postmenopausal breast cancer incidence,Abdominal visceral and subcutaneous adipose tissue associations with postmenopausal breast cancer incidence,,"Abstract Background Obesity, classified by body mass index (BMI), is associated with higher postmenopausal breast cancer (BCa) risk. Yet, the associations between abdominal visceral (VAT) and subcutaneous adipose tissue (SAT) with BCa are unclear. Methods We assessed BCa associations with abdominal VAT and SAT in a prospective cohort of postmenopausal women without a history of cancer and with 27 years follow-up (N = 9950), during which all new cancers were adjudicated. Dual-energy x-ray absorptiometry scans assessed adiposity at baseline, year 3, and year 6. Competing-risks multivariable sub-hazard ratios (SHR), with adjustments for sociodemographic, behavioral, reproductive, and anthropometric characteristics, were estimated for baseline and time-dependent associations between VAT, SAT, and incident BCa. Results Participants averaged 63.3 ± 7.4 years of age and a BMI of 28.20 ± 5.72 kg/m2 at baseline. The models included 738 incident BCa case patients (N = 593 invasive; N = 145 in situ). Baseline VAT and SAT area were associated with statistically significantly increased BCa risk, by 36% and 19%, respectively. Increasing VAT/SAT ratio was associated with an 8% increase in incident BCa. Time-dependent models produced similar results. VAT and VAT/SAT associated BCa risk was highest for African American/Black women, although not statistically significantly different from other groups. Quartiles (Q) of VAT/SAT were also explored; the SHR for Q4 compared with Q1 was 1.49 (95% CI = 1.18 to 1.87). Conclusion Higher abdominal VAT and SAT are associated with an increased risk of postmenopausal BCa, and VAT/SAT may provide a distinctive risk estimate. Potential racial and ethnic differences require replication in a larger sample (Women’s Health Initiative; NCT00000611; https://clinicaltrials.gov/study/NCT00000611).",https://doi.org/10.1093/jncics/pkaf007,2025-01-03,2025,9.81161728,3,,,article,TRUE,TRUE,gold,https://academic.oup.com/jncics/advance-article-pdf/doi/10.1093/jncics/pkaf007/61591841/pkaf007.pdf,FALSE,JNCI Cancer Spectrum,https://openalex.org/S2735282665,2515-5091,https://openalex.org/P4310311648,Oxford University Press,https://doi.org/10.1093/jncics/pkaf007,https://academic.oup.com/jncics/advance-article-pdf/doi/10.1093/jncics/pkaf007/61591841/pkaf007.pdf,cc-by-nc,publishedVersion,,49,,,,,FALSE,FALSE,en,,NA,NA,9,1,Jennifer Bea,Celina I. Valencia
https://openalex.org/W4289444651,Association of sedentary and physical activity behaviours with body composition: a genome-wide association and Mendelian randomisation study,Association of sedentary and physical activity behaviours with body composition: a genome-wide association and Mendelian randomisation study,,"Objectives Studies suggest that body composition can be independently improved through physical activity (PA). We performed a Mendelian randomisation (MR) study to test the incremental benefits of sedentary behaviour and various PA exposures on body composition outcomes as assessed by anthropometric indices, lean body mass (kg), body fat ( % ) and visceral adipose tissue (VAT) (kg). Methods Genetic instruments were identified for both self-reported and accelerometer-measured sedentary behaviour and PA. Outcomes included anthropometric and dual-energy X-ray absorptiometry measures of adiposity, extracted from the UK Biobank and the largest available consortia. Multivariable MR (MVMR) included educational attainment as a covariate to address potential confounding. Sensitivity analyses were evaluated for weak instrument bias and pleiotropic effects. Results We did not identify consistent associations between genetically predicted self-reported and accelerometer-measured sedentary behaviour and body composition outcomes. All analyses for self-reported moderate PA were null for body composition outcomes. Genetically predicted PA at higher intensities was protective against VAT in MR and MVMR analyses of both accelerometer-measured vigorous PA (MVMR β=−0.15, 95% CI: −0.24 to –0.07, p&lt;0.001) and self-reported participation in strenuous sports or other exercises (MVMR β=−0.27, 95% CI: −0.52 to –0.01, p=0.034) was robust across several sensitivity analyses. Conclusions We did not identify evidence of a causal relationship between genetically predicted PA and body composition, with the exception of a putatively protective effect of higher-intensity PA on VAT. Protective effects of PA against VAT may support prior evidence of biological pathways through which PA decreases risk of downstream cardiometabolic diseases.",https://doi.org/10.1136/bmjsem-2021-001291,2022-08-01,2022,1.14570675,4,,,article,TRUE,TRUE,gold,https://bmjopensem.bmj.com/content/bmjosem/8/3/e001291.full.pdf,FALSE,BMJ Open Sport & Exercise Medicine,https://openalex.org/S2764939095,2055-7647,https://openalex.org/P4310319945,BMJ,https://doi.org/10.1136/bmjsem-2021-001291,https://bmjopensem.bmj.com/content/bmjosem/8/3/e001291.full.pdf,other-oa,publishedVersion,,67,,,,,FALSE,FALSE,en,,e001291,e001291,8,3,Jennifer Bea,Yann C. Klimentidis
https://openalex.org/W3164971638,The intersectional role of social stress in fracture risk: results from the Women’s Health Initiative,The intersectional role of social stress in fracture risk: results from the Women’s Health Initiative,,"Background The biological consequences of stress from the social environment pattern health outcomes. This study investigated whether social stress is prospectively associated with fracture incidence among racially and ethnically diverse, postmenopausal women. Methods Data from 160 709 postmenopausal women in the Women’s Health Initiative was analysed using Cox proportional hazards regression models to examine prospective associations of social stress with time to total and hip fracture incidence. Self-reported questionnaires measuring social strain, social functioning and social support were used to assess social stress. Results Age and race/ethnicity modified associations between social stress and total and hip fractures. HRs for the associations between higher social support (indicating lower social stress) and total fractures among those age 50–59 years were 0.92 (95% CI: 0.90 to 0.94); HR=0.94 (95% CI: 0.93 to 0.95) for those age 60–69 years and HR=0.96 (95% CI: 0.95 to 0.98) for those age 70–79 years. Higher social strain was associated with greater hip fracture incidence among Native American women (HR=1.84, 95% CI: 1.10 to 3.10), Asian women (HR=1.37, 95% CI: 1.01 to 1.86) and white women (HR=1.04, 95% CI: 1.01 to 1.08). Conclusion Identifying population patterns of fracture incidence as biological expressions of social environments reveals how race/ethnic specific social environmental factors influence disparities in fractures.",https://doi.org/10.1136/jech-2020-216354,2021-05-26,2021,0.26672941,2,,,article,FALSE,FALSE,closed,NA,FALSE,Journal of Epidemiology & Community Health,https://openalex.org/S156988948,0143-005X,https://openalex.org/P4310319945,BMJ,https://doi.org/10.1136/jech-2020-216354,NA,NA,publishedVersion,,44,,,,,FALSE,FALSE,en,,1208,1214,75,12,Jennifer Bea,Yann C. Klimentidis; Melissa Flores
https://openalex.org/W4399827474,The association between reproductive history and abdominal adipose tissue among postmenopausal women: results from the Women’s Health Initiative,The association between reproductive history and abdominal adipose tissue among postmenopausal women: results from the Women’s Health Initiative,,"Abstract STUDY QUESTION What is the association between reproductive health history (e.g. age at menarche, menopause, reproductive lifespan) with abdominal adiposity in postmenopausal women? SUMMARY ANSWER Higher visceral adipose tissue (VAT) and subcutaneous adipose tissue (SAT) tissue levels were observed among women with earlier menarche, earlier menopause, and greater parity. WHAT IS KNOWN ALREADY Postmenopausal women are predisposed to accumulation of VAT and SAT. Reproductive health variables are known predictors of overall obesity status in women, defined by BMI. STUDY DESIGN, SIZE, DURATION This study is a secondary analysis of data collected from the baseline visit of the Women’s Health Initiative (WHI). The WHI is a large prospective study of postmenopausal women, including both a randomized trial and observational study. There were 10 184 women included in this analysis. PARTICIPANTS/MATERIALS, SETTING, METHODS Data were collected from a reproductive health history questionnaire, dual-energy x-ray absorptiometry scans, and anthropometric measures at WHI baseline. Reproductive history was measured via self-report, and included age at menarche, variables related to pregnancy, and age at menopause. Reproductive lifespan was calculated as age at menopause minus age at menarche. Statistical analyses included descriptive analyses and multivariable linear regression models to examine the association between reproductive history with VAT, SAT, total body fat, and BMI. MAIN RESULTS AND THE ROLE OF CHANCE Women who reported early menarche (&amp;lt;10 years) or early menopause (&amp;lt;40 years) had the highest levels of VAT. Adjusted multivariable linear regression results demonstrate women who experienced menarche &amp;gt;15 years had 23 cm2 less VAT (95% CI: −31.4, −14.4) and 47 cm2 less SAT (95% CI: −61.8, −33.4) than women who experienced menarche at age 10 years or earlier. A similar pattern was observed for age at menopause: compared to women who experienced menopause &amp;lt;40 years, menopause at 50–55 years was associated with 19.3 cm2 (95% CI: −25.4, −13.3) less VAT and 27.4 cm2 (−29.6, 10.3) less SAT. High parity (&amp;gt;3 pregnancies) was also associated with VAT and SAT. For example, adjusted beta coefficients for VAT were 8.36 (4.33, 12.4) and 17.9 (12.6, 23.2) comparing three to four pregnancies with the referent, one to two pregnancies. LIMITATIONS, REASONS FOR CAUTION The WHI reproductive health history questionnaire may be subject to poor recall owing to a long look-back window. Residual confounding may be present given lack of data on early life characteristics, such as maternal and pre-menarche characteristics. WIDER IMPLICATIONS OF THE FINDINGS This study contributes to our understanding of reproductive lifespan, including menarche and menopause, as an important predictor of late-life adiposity in women. Reproductive health has also been recognized as a sentinel marker for chronic disease in late life. Given established links between adiposity and cardiometabolic outcomes, this research has implications for future research, clinical practice, and public health policy that makes use of reproductive health history as an opportunity for chronic disease prevention. STUDY FUNDING/COMPETING INTEREST(S) HRB and AOO are supported by the National Institute of Health National Institute of Aging (R01AG055018-04). JWB reports royalties from ‘ACSM’S Body Composition Assessment Book’ and consulting fees from the WHI. The remaining authors have no competing interests to declare. TRIAL REGISTRATION NUMBER N/A.",https://doi.org/10.1093/humrep/deae118,2024-06-18,2024,1.72590515,2,,,article,TRUE,TRUE,hybrid,https://academic.oup.com/humrep/advance-article-pdf/doi/10.1093/humrep/deae118/58273071/deae118.pdf,FALSE,Human Reproduction,https://openalex.org/S127900037,0268-1161,https://openalex.org/P4310311648,Oxford University Press,https://doi.org/10.1093/humrep/deae118,https://academic.oup.com/humrep/advance-article-pdf/doi/10.1093/humrep/deae118/58273071/deae118.pdf,cc-by,publishedVersion,,65,,,,,FALSE,FALSE,en,,1804,1815,39,8,Jennifer Bea,Leslie V. Farland
https://openalex.org/W4412378468,Adiposity associations with risk of colorectal cancer: a systematic review,Adiposity associations with risk of colorectal cancer: a systematic review,,"Abstract Objective This systematic review evaluates the relationship between adiposity and incident colorectal cancer (CRC) risk. Methods MEDLINE, Scopus, Embase, CINAHL, and CENTRAL were searched for articles that met the following criteria: 1) assessed adiposity measures; 2) included incident data for any diagnosed malignant stage of CRC, colon cancer, or rectal cancer; and 3) studied adults aged older than 18 years. Articles were assessed for bias using the National Institutes of Health study quality assessment tools. Results Fifteen articles across ten studies met the inclusion criteria. Three significant associations were positive, one was negative, and eleven were nonsignificant and positive. Measures varied based on the tool, and these four tools were used to gather body composition measures: bioelectrical impedance, computerized tomography, dual‐energy x‐ray absorptiometry, and ultrasound. The most used were total body fat mass and percent fat, along with abdominal visceral and subcutaneous adipose tissues. Overall, higher levels of adipose were positively associated with an increased risk of CRC. The strength of associations and significance varied by body composition variable, measurement technique, tumor location, and sex. Conclusions Standardization is needed to better elucidate the relation between CRC and adiposity to allow for comparisons across papers. Additionally, a balance among precision, accessibility, and cost of measurements must be struck. image",https://doi.org/10.1002/oby.24314,2025-07-13,2025,4.10667583,1,,,review,FALSE,FALSE,closed,NA,FALSE,Obesity,https://openalex.org/S29918858,1930-7381,https://openalex.org/P4310320595,Wiley,https://doi.org/10.1002/oby.24314,NA,NA,publishedVersion,,51,,,,,FALSE,FALSE,en,,1416,1431,33,8,Jennifer Bea,Dawn K. Coletta
https://openalex.org/W4406584492,Plasma Proteomic Signatures of Physical Activity Provide Insights into Biological Impacts of Physical Activity and its Protective Role Against Dementia,Plasma Proteomic Signatures of Physical Activity Provide Insights into Biological Impacts of Physical Activity and its Protective Role Against Dementia,,"ABSTRACT Physical activity (PA), including sedentary behavior, is associated with many diseases, including Alzheimer’s disease and all-cause dementia. However, the specific biological mechanisms through which PA protects against disease are not entirely understood. To address this knowledge gap, we first assessed the conventional observational associations of three self-reported and three device-based PA measures with circulating levels of 2,911 plasma proteins measured in the UK Biobank (n max =39,160) and assessed functional enrichment of identified proteins. We then used bi-directional Mendelian randomization (MR) to further evaluate the evidence for causal relationships of PA with protein levels. Finally, we performed mediation analyses to identify proteins that may mediate the relationship of PA with incident all-cause dementia. Our findings revealed 41 proteins consistently associated with all PA measures and 1,027 proteins associated with at least one PA measure. Both conventional observational and MR study designs converged on proteins that appear to increase as a result of PA, including integrin proteins such as ITGAV and ITGAM, as well as MXRA8, CLEC4A, CLEC4M, GFRA1, and ADGRG2; and on proteins that appear to decrease as a result of PA such as LEP, LPL, INHBC, CLMP, PTGDS, ADM, OGN, and PI3. Functional enrichment analyses revealed several relevant processes, including cell-matrix adhesion, integrin-mediated signaling, and collagen binding. Finally, several proteins, including GDF15, ITGAV, HPGDS, BCAN, and MENT, were found to mediate the relationship of PA with all-cause dementia, implicating processes such as synaptic plasticity, neurogenesis and inflammation, through which PA protects against dementia. Our results provide insights into how PA may affect biological processes and protect from all-cause dementia, and provide avenues for future research into the health-promoting effects of PA.",https://doi.org/10.1101/2025.01.16.25320290,2025-01-17,2025,NA,3,,,preprint,TRUE,TRUE,gold,https://www.medrxiv.org/content/medrxiv/early/2025/01/17/2025.01.16.25320290.full.pdf,FALSE,NA,NA,NA,NA,NA,https://doi.org/10.1101/2025.01.16.25320290,https://www.medrxiv.org/content/medrxiv/early/2025/01/17/2025.01.16.25320290.full.pdf,cc-by-nc-nd,acceptedVersion,,72,,,,,FALSE,FALSE,en,,NA,NA,NA,NA,Jennifer Bea,Leslie V. Farland; Dawn K. Coletta; Yann C. Klimentidis
https://openalex.org/W4280549619,Association of Sedentary and Physical Activity Behaviors with Body Composition: a Genome-Wide Association and Mendelian Randomization Study,Association of Sedentary and Physical Activity Behaviors with Body Composition: a Genome-Wide Association and Mendelian Randomization Study,,"ABSTRACT Objectives Studies suggest that body composition can be independently improved through physical activity (PA). We performed a Mendelian randomization (MR) study to test the incremental benefits of sedentary behavior and various physical activity (PA) exposures on body composition outcomes as assessed by anthropometric indices, lean body mass (LBM) ( kg ), body fat ( % ), and visceral adipose tissue (VAT) ( kg ). Methods Genetic instruments were identified for both self-reported and accelerometer-measured sedentary behavior and PA. Outcomes included anthropometric and dual-energy X-ray absorptiometry measures of adiposity, extracted from the UK Biobank and the largest available consortia. Multivariable MR (MVMR) included educational attainment as a covariate to address potential confounding. Sensitivity analyses were evaluated for weak instrument bias and pleiotropic effects. Results We did not identify consistent associations between genetically-predicted self-reported and accelerometer-measured sedentary behavior and body composition outcomes. All analyses for self-reported moderate PA were null for body composition outcomes. Genetically-predicted PA at higher intensities was protective against VAT in MR and MVMR analyses of both accelerometer-measured vigorous PA (MVMR β = -0.15, 95% Confidence Interval (CI): -0.24, -0.07, p&lt;0.001) and self-reported participation in strenuous sports or other exercises (MVMR β = -0.27, 95%CI: -0.52, -0.01, p=0.034) was robust across several sensitivity analyses. Conclusions We did not identify evidence of a causal relationship between genetically-predicted PA and body composition, with the exception of a putatively protective effect of higher-intensity PA on VAT. Protective effects of PA against VAT may support prior evidence of biological pathways through which PA decreases risk of downstream cardiometabolic diseases.",https://doi.org/10.1101/2022.04.20.22274068,2022-04-21,2022,NA,0,,,preprint,TRUE,TRUE,gold,https://www.medrxiv.org/content/medrxiv/early/2022/04/21/2022.04.20.22274068.full.pdf,FALSE,NA,NA,NA,NA,NA,https://doi.org/10.1101/2022.04.20.22274068,https://www.medrxiv.org/content/medrxiv/early/2022/04/21/2022.04.20.22274068.full.pdf,cc-by,acceptedVersion,,57,,,,,FALSE,FALSE,en,,NA,NA,NA,NA,Jennifer Bea,Yann C. Klimentidis
https://openalex.org/W4385734085,Changes in Visceral Adiposity Associated with Social Stress: Racial and Ethnic Disparities,Changes in Visceral Adiposity Associated with Social Stress: Racial and Ethnic Disparities,,NA,https://doi.org/10.2139/ssrn.4534246,2023-01-01,2023,NA,0,,,preprint,TRUE,TRUE,green,http://dx.doi.org/10.2139/ssrn.4534246,FALSE,SSRN Electronic Journal,https://openalex.org/S4210172589,1556-5068,https://openalex.org/I1318003438,RELX Group (Netherlands),http://dx.doi.org/10.2139/ssrn.4534246,NA,NA,acceptedVersion,,38,,,,,FALSE,FALSE,en,,NA,NA,NA,NA,Jennifer Bea,Yann C. Klimentidis
https://openalex.org/W4399491595,Advancing Cancer Workforce Capacity for American Indians and Alaska Natives: The Development of a Validated System to Optimize Trainee Participation and Outcome Tracking,Advancing Cancer Workforce Capacity for American Indians and Alaska Natives: The Development of a Validated System to Optimize Trainee Participation and Outcome Tracking,,"Although American Indian and Alaska Native (AIAN) students are the most underrepresented group in the U.S. in biomedical and health sciences relative to population size, little is known about long-term research education programs and outcome tracking. For over 20 years, the Partnership for Native American Cancer Prevention (NACP) has been supported under the National Cancer Institute’s (NCI)-funded Comprehensive Partnerships to Advance Cancer Health Equity (CPACHE) program. Programming included hands-on mentored research and an array of development opportunities. A validated tracking system combining participation records, institutional records, and enrollment/degree attainment from the National Student Clearinghouse documents outcomes. Collectively (2002–2022) NACP engaged 367 AIAN trainees, of whom 237 individuals earned 220 bachelors, 87 masters, and 34 doctoral/professional degrees. Approximately 45% of AIAN doctoral recipients are currently engaged in academic or clinical work, and 10% in industry or tribal leadership. A total of 238 AIAN students participated in mentored research, with 85% demonstrating strong outcomes; 51% attained a degree, and 34% are currently enrolled. Implementation of a robust tracking system documented acceleration in degree attainment over time. Next steps will evaluate the most impactful training activities on student outcomes.",https://doi.org/10.3390/ijerph21060752,2024-06-08,2024,0,0,,,article,TRUE,TRUE,gold,https://www.mdpi.com/1660-4601/21/6/752/pdf?version=1717839603,FALSE,International Journal of Environmental Research and Public Health,https://openalex.org/S15239247,1660-4601,https://openalex.org/P4310310987,Multidisciplinary Digital Publishing Institute,https://doi.org/10.3390/ijerph21060752,https://www.mdpi.com/1660-4601/21/6/752/pdf?version=1717839603,cc-by,publishedVersion,,15,,,,,FALSE,FALSE,en,,752,752,21,6,Jennifer Bea,Celina I. Valencia
https://openalex.org/W4401106332,DXA-derived abdominal fat-free mass to predict MRI skeletal muscle mass in postmenopausal women,DXA-derived abdominal fat-free mass to predict MRI skeletal muscle mass in postmenopausal women,,"Dual-energy X-ray absorptiometry (DXA) is more available than gold-standard magnetic resonance imaging (MRI), but DXA ability to estimate abdominal skeletal muscle mass (SMM) is unknown. DXA-derived abdominal fat-free mass (FFM; Hologic QDR2000 or QDR4500w) was correlated with single-slice MRI SMM at L4 ( N = 69; r QDR2000 = 0.71, QDR4500w = 0.69; p &lt; 0.0001). Linear regression to predict SMM, including DXA FFM, BMI, and age, resulted in an R-squared of 0.72 and 0.65 for QDR2000 and QDR4500. Bland-Altman limits of agreement were ±21 and ±31 g for 2–3 standard deviations from the mean difference. DXA predicted abdominal SSM is a moderate proxy for MRI abdominal SMM.",https://doi.org/10.1139/apnm-2024-0046,2024-07-30,2024,0,0,,,article,FALSE,FALSE,closed,NA,FALSE,Applied Physiology Nutrition and Metabolism,https://openalex.org/S173941543,1715-5312,https://openalex.org/P4310313060,NRC Research Press,https://doi.org/10.1139/apnm-2024-0046,NA,NA,publishedVersion,,17,,,,,FALSE,FALSE,en,,1606,1610,49,11,Jennifer Bea,Celina I. Valencia
https://openalex.org/W4415753987,Bidirectional Associations Between Obesity and Depressive Symptoms: Results From the Multiethnic Postmenopausal Cohort of the Women’s Health Initiative Study,Bidirectional Associations Between Obesity and Depressive Symptoms: Results From the Multiethnic Postmenopausal Cohort of the Women’s Health Initiative Study,,NA,https://doi.org/10.1016/j.osep.2025.10.002,2025-10-31,2025,NA,0,,,article,TRUE,TRUE,bronze,https://www.oseponline.org/article/S2950-3868(25)00027-9/pdf,FALSE,The American Journal of Geriatric Psychiatry Open Science Education and Practice,https://openalex.org/S5407037047,2950-3868,NA,NA,https://doi.org/10.1016/j.osep.2025.10.002,https://www.oseponline.org/article/S2950-3868(25)00027-9/pdf,NA,publishedVersion,,34,,,,,FALSE,FALSE,en,,63,74,8,NA,Jennifer Bea,Jordan F. Karp
https://openalex.org/W4410764738,Intrinsic immunogenicity is a major determinant of type-specific responses in SARS-CoV-2 infections,Intrinsic immunogenicity is a major determinant of type-specific responses in SARS-CoV-2 infections,,NA,https://doi.org/10.1038/s41590-025-02162-2,2025-05-27,2025,8.8064073,2,,,article,FALSE,TRUE,green,https://www.ncbi.nlm.nih.gov/pmc/articles/12198969,FALSE,Nature Immunology,https://openalex.org/S41063453,1529-2908,https://openalex.org/P4310319908,Nature Portfolio,https://doi.org/10.1038/s41590-025-02162-2,NA,NA,publishedVersion,,47,,,,,FALSE,FALSE,en,,829,836,26,6,Deepta Bhattacharya,Karen Lutrick
https://openalex.org/W4315754302,"T-cell cellular stress and reticulocyte signatures, but not loss of naïve T lymphocytes, characterize severe COVID-19 in older adults","T-cell cellular stress and reticulocyte signatures, but not loss of naïve T lymphocytes, characterize severe COVID-19 in older adults",,NA,https://doi.org/10.1007/s11357-022-00724-y,2023-01-12,2023,0.84502397,3,,,article,TRUE,TRUE,bronze,https://link.springer.com/content/pdf/10.1007/s11357-022-00724-y.pdf,FALSE,GeroScience,https://openalex.org/S4210237251,2509-2715,https://openalex.org/P4310319972,Springer International Publishing,https://doi.org/10.1007/s11357-022-00724-y,https://link.springer.com/content/pdf/10.1007/s11357-022-00724-y.pdf,NA,publishedVersion,,46,,,,,FALSE,FALSE,en,,1713,1728,45,3,Deepta Bhattacharya,Craig Weinkauf; Sairam Parthasarathy
https://openalex.org/W4312096929,"T-cell cellular stress and reticulocyte signatures, but not loss of naïve T lymphocytes, characterize severe COVID-19 in older adults","T-cell cellular stress and reticulocyte signatures, but not loss of naïve T lymphocytes, characterize severe COVID-19 in older adults",,"Abstract In children and younger adults up to 39 years of age, SARS-CoV-2 usually elicits mild symptoms that resemble the common cold. Disease severity increases with age starting at 30 and reaches astounding mortality rates that are ~330 fold higher in persons above 85 years of age compared to those 18-39 years old. To understand age-specific immune pathobiology of COVID-19 we have analyzed soluble mediators, cellular phenotypes, and transcriptome from over 80 COVID-19 patients of varying ages and disease severity, carefully controlling for age as a variable. We found that reticulocyte numbers and peripheral blood transcriptional signatures robustly correlated with disease severity. By contrast, decreased numbers and proportion of naïve T-cells, reported previously as a COVID-19 severity risk factor, were found to be general features of aging and not of COVID-19 severity, as they readily occurred in older participants experiencing only mild or no disease at all. Single-cell transcriptional signatures across age and severity groups showed that severe but not moderate/mild COVID-19 causes cell stress response in different T-cell populations, and some of that stress was unique to old severe participants, suggesting that in severe disease of older adults, these defenders of the organism may be disabled from performing immune protection. These findings shed new light on interactions between age and disease severity in COVID-19.",https://doi.org/10.1101/2022.12.21.521463,2022-12-22,2022,NA,1,,,preprint,TRUE,TRUE,gold,https://www.biorxiv.org/content/biorxiv/early/2022/12/22/2022.12.21.521463.full.pdf,FALSE,NA,NA,NA,NA,NA,https://doi.org/10.1101/2022.12.21.521463,https://www.biorxiv.org/content/biorxiv/early/2022/12/22/2022.12.21.521463.full.pdf,cc-by-nc-nd,acceptedVersion,,47,,,,,FALSE,FALSE,en,,NA,NA,NA,NA,Deepta Bhattacharya,Craig Weinkauf; Sairam Parthasarathy
https://openalex.org/W4386714691,Determinants of <i>de novo</i> B cell responses to drifted epitopes in post-vaccination SARS-CoV-2 infections,Determinants of <i>de novo</i> B cell responses to drifted epitopes in post-vaccination SARS-CoV-2 infections,,"Summary Vaccine-induced immunity may impact subsequent de novo responses to drifted epitopes in SARS-CoV-2 variants, but this has been difficult to quantify due to the challenges in recruiting unvaccinated control groups whose first exposure to SARS-CoV-2 is a primary infection. Through local, statewide, and national SARS-CoV-2 testing programs, we were able to recruit cohorts of individuals who had recovered from either primary or post-vaccination infections by either the Delta or Omicron BA.1 variants. Regardless of variant, we observed greater Spike-specific and neutralizing antibody responses in post-vaccination infections than in those who were infected without prior vaccination. Through analysis of variant-specific memory B cells as markers of de novo responses, we observed that Delta and Omicron BA.1 infections led to a marked shift in immunodominance in which some drifted epitopes elicited minimal responses, even in primary infections. Prior immunity through vaccination had a small negative impact on these de novo responses, but this did not correlate with cross-reactive memory B cells, arguing against competitive inhibition of naïve B cells. We conclude that dampened de novo B cell responses against drifted epitopes are mostly a function of altered immunodominance hierarchies that are apparent even in primary infections, with a more modest contribution from pre-existing immunity, perhaps due to accelerated antigen clearance.",https://doi.org/10.1101/2023.09.12.23295384,2023-09-12,2023,NA,0,,,preprint,TRUE,TRUE,gold,https://www.medrxiv.org/content/medrxiv/early/2023/09/14/2023.09.12.23295384.full.pdf,FALSE,NA,NA,NA,NA,NA,https://doi.org/10.1101/2023.09.12.23295384,https://www.medrxiv.org/content/medrxiv/early/2023/09/14/2023.09.12.23295384.full.pdf,NA,acceptedVersion,,125,,,,,FALSE,FALSE,en,,NA,NA,NA,NA,Deepta Bhattacharya,Karen Lutrick
https://openalex.org/W3207778917,Neurofilament light: a possible prognostic biomarker for treatment of vascular contributions to cognitive impairment and dementia,Neurofilament light: a possible prognostic biomarker for treatment of vascular contributions to cognitive impairment and dementia,,NA,https://doi.org/10.1186/s12974-021-02281-1,2021-10-15,2021,2.30671112,29,,,article,TRUE,TRUE,gold,https://jneuroinflammation.biomedcentral.com/track/pdf/10.1186/s12974-021-02281-1,FALSE,Journal of Neuroinflammation,https://openalex.org/S199572710,1742-2094,https://openalex.org/P4310320256,BioMed Central,https://doi.org/10.1186/s12974-021-02281-1,https://jneuroinflammation.biomedcentral.com/track/pdf/10.1186/s12974-021-02281-1,cc-by,publishedVersion,,59,,,,,FALSE,FALSE,en,,236,236,18,1,Dean Billheimer,Kristian P. Doyle
https://openalex.org/W3175292656,Hypertension prevalence in the All of Us Research Program among groups traditionally underrepresented in medical research,Hypertension prevalence in the All of Us Research Program among groups traditionally underrepresented in medical research,,"Abstract The All of Us Research Program was designed to enable broad-based precision medicine research in a cohort of unprecedented scale and diversity. Hypertension (HTN) is a major public health concern. The validity of HTN data and definition of hypertension cases in the All of Us (AoU) Research Program for use in rule-based algorithms is unknown. In this cross-sectional, population-based study, we compare HTN prevalence in the AoU Research Program to HTN prevalence in the 2015–2016 National Health and Nutrition Examination Survey (NHANES). We used AoU baseline data from patient (age ≥ 18) measurements (PM), surveys, and electronic health record (EHR) blood pressure measurements. We retrospectively examined the prevalence of HTN in the EHR cohort using Systemized Nomenclature of Medicine (SNOMED) codes and blood pressure medications recorded in the EHR. We defined HTN as the participant having at least 2 HTN diagnosis/billing codes on separate dates in the EHR data AND at least one HTN medication. We calculated an age-standardized HTN prevalence according to the age distribution of the U.S. Census, using 3 groups (18–39, 40–59, and ≥ 60). Among the 185,770 participants enrolled in the AoU Cohort (mean age at enrollment = 51.2 years) available in a Researcher Workbench as of October 2019, EHR data was available for at least one SNOMED code from 112,805 participants, medications for 104,230 participants, and 103,490 participants had both medication and SNOMED data. The total number of persons with SNOMED codes on at least two distinct dates and at least one antihypertensive medication was 33,310 for a crude prevalence of HTN of 32.2%. AoU age-adjusted HTN prevalence was 27.9% using 3 groups compared to 29.6% in NHANES. The AoU cohort is a growing source of diverse longitudinal data to study hypertension nationwide and develop precision rule-based algorithms for use in hypertension treatment and prevention research. The prevalence of hypertension in this cohort is similar to that in prior population-based surveys.",https://doi.org/10.1038/s41598-021-92143-w,2021-06-22,2021,1.59695386,16,,,article,TRUE,TRUE,gold,https://www.nature.com/articles/s41598-021-92143-w.pdf,FALSE,Scientific Reports,https://openalex.org/S196734849,2045-2322,https://openalex.org/P4310319908,Nature Portfolio,https://doi.org/10.1038/s41598-021-92143-w,https://www.nature.com/articles/s41598-021-92143-w.pdf,cc-by,publishedVersion,,35,,,,,FALSE,FALSE,en,,12849,12849,11,1,Dean Billheimer,Yann C. Klimentidis
https://openalex.org/W4280499575,Anti-Müllerian Hormone Levels among Female Firefighters,Anti-Müllerian Hormone Levels among Female Firefighters,,"Female firefighters have occupational exposures which may negatively impact their reproductive health. Anti-müllerian hormone (AMH) is a clinical marker of ovarian reserve. We investigated whether AMH levels differed in female firefighters compared to non-firefighters and whether there was a dose-dependent relationship between years of firefighting and AMH levels. Female firefighters from a pre-existing cohort completed a cross-sectional survey regarding their occupational and health history and were asked to recruit a non-firefighter friend or relative. All participants provided a dried blood spot (DBS) for AMH analysis. Linear regression was used to assess the relationship between firefighting status and AMH levels. Among firefighters, the influence of firefighting-related exposures was evaluated. Firefighters (n = 106) and non-firefighters (n = 58) had similar age and BMI. Firefighters had a lower mean AMH compared to non-firefighters (2.93 ng/mL vs. 4.37 ng/mL). In multivariable adjusted models, firefighters had a 33% lower AMH value than non-firefighters (−33.38%∆ (95% CI: −54.97, −1.43)). Years of firefighting was not associated with a decrease in AMH. Firefighters in this study had lower AMH levels than non-firefighters. More research is needed to understand the mechanisms by which firefighting could reduce AMH and affect fertility.",https://doi.org/10.3390/ijerph19105981,2022-05-14,2022,5.40095975,9,,,article,TRUE,TRUE,gold,https://www.mdpi.com/1660-4601/19/10/5981/pdf?version=1652523496,FALSE,International Journal of Environmental Research and Public Health,https://openalex.org/S15239247,1660-4601,https://openalex.org/P4310310987,Multidisciplinary Digital Publishing Institute,https://doi.org/10.3390/ijerph19105981,https://www.mdpi.com/1660-4601/19/10/5981/pdf?version=1652523496,cc-by,publishedVersion,,61,,,,,FALSE,FALSE,en,,5981,5981,19,10,Dean Billheimer,Leslie V. Farland
https://openalex.org/W4285803816,Understanding the Impacts of the COVID-19 Pandemic on Small Businesses and Workers Using Quantitative and Qualitative Methods,Understanding the Impacts of the COVID-19 Pandemic on Small Businesses and Workers Using Quantitative and Qualitative Methods,,"Abstract The COVID-19 pandemic has simultaneously exacerbated and elucidated inequities in resource distribution for small businesses across the United States in terms of worker health and the financial stability of both owners and employees. This disparity was further intensified by the constantly changing and sometimes opposing health and safety guidelines and recommendations to businesses from the local, state, and federal government agencies. To better understand how the pandemic has impacted small businesses, a cross-sectional survey was administered to owners, managers, and workers (n = 45) in the beauty and auto shop sectors from Southern Arizona. The survey identified barriers to safe operation that these businesses faced during the pandemic, illuminated worker concerns about COVID-19, and elicited perceptions of how workplaces have changed since the novel coronavirus outbreak of 2019. A combination of open-ended and close-ended questions explored how businesses adapted to the moving target of pandemic safety recommendations, as well as how the pandemic affected businesses and workers more generally. Almost all the beauty salons surveyed had to close their doors (22/25), either temporarily or permanently, due to COVID-19, while most of the auto repair shops were able to stay open (13/20). Beauty salons were more likely to implement exposure controls meant to limit transmission with customers and coworkers, such as wearing face masks and disallowing walk-ins, and were also more likely to be affected by pandemic-related issues, such as reduced client load and sourcing difficulties. Auto shops, designated by the state of Arizona to be ‘essential’ businesses, were less likely to have experienced financial precarity due to the pandemic. Content analysis of open-ended questions using the social-ecological model documented current and future worker concerns, namely financial hardships from lockdowns and the long-term viability of their business, unwillingness of employees to return to work, uncertainty regarding the progression of the pandemic, conflict over suitable health and safety protocols, and personal or family health and well-being (including anxiety and/or stress). Findings from the survey indicate that small businesses did not have clear guidance from policymakers during the pandemic and that the enacted regulations and guidelines focused on either health and safety or finances, but rarely both. Businesses often improvised and made potentially life-changing decisions with little to no support. This analysis can be used to inform future pandemic preparedness plans for small businesses that are cost-efficient, effective at reducing environmental exposures, and ultimately more likely to be implemented by the workers.",https://doi.org/10.1093/annweh/wxac048,2022-07-16,2022,3.23320151,14,,,article,FALSE,TRUE,green,https://www.ncbi.nlm.nih.gov/pmc/articles/9384486,FALSE,Annals of Work Exposures and Health,https://openalex.org/S2734824697,2398-7308,https://openalex.org/P4310311648,Oxford University Press,https://doi.org/10.1093/annweh/wxac048,NA,NA,publishedVersion,,53,,,,,FALSE,FALSE,en,,87,100,67,1,Dean Billheimer,Scott C. Carvajal
https://openalex.org/W4284883131,Small Peptide Derivatives Within the Carbohydrate Recognition Domain of SP-A2 Modulate Asthma Outcomes in Mouse Models and Human Cells,Small Peptide Derivatives Within the Carbohydrate Recognition Domain of SP-A2 Modulate Asthma Outcomes in Mouse Models and Human Cells,,"Surfactant Protein-A (SP-A) is an innate immune modulator that regulates a variety of pulmonary host defense functions. We have shown that SP-A is dysfunctional in asthma, which could be partly due to genetic heterogeneity. In mouse models and primary bronchial epithelial cells from asthmatic participants, we evaluated the functional significance of a particular single nucleotide polymorphism of SP-A2, which results in an amino acid substitution at position 223 from glutamine (Q) to lysine (K) within the carbohydrate recognition domain (CRD). We found that SP-A 223Q humanized mice had greater protection from inflammation and mucin production after IL-13 exposure as compared to SP-A-2 223K mice. Likewise, asthmatic participants with two copies the major 223Q allele demonstrated better lung function and asthma control as compared to asthmatic participants with two copies of the minor SP-A 223K allele. In primary bronchial epithelial cells from asthmatic participants, full-length recombinant SP-A 223Q was more effective at reducing IL-13-induced MUC5AC gene expression compared to SP-A 223K. Given this activity, we developed 10 and 20 amino acid peptides of SP-A2 spanning position 223Q. We show that the SP-A 223Q peptides reduce eosinophilic inflammation, mucin production and airways hyperresponsiveness in a house dust mite model of asthma, protect from lung function decline during an IL-13 challenge model in mice, and decrease IL-13-induced MUC5AC gene expression in primary airway epithelial cells from asthmatic participants. These results suggest that position 223 within the CRD of SP-A2 may modulate several outcomes relevant to asthma, and that short peptides of SP-A2 retain anti-inflammatory properties similar to that of the endogenous protein.",https://doi.org/10.3389/fimmu.2022.900022,2022-07-08,2022,1.02449246,5,,,article,TRUE,TRUE,gold,https://doi.org/10.3389/fimmu.2022.900022,FALSE,Frontiers in Immunology,https://openalex.org/S2595292759,1664-3224,https://openalex.org/P4310320527,Frontiers Media,https://doi.org/10.3389/fimmu.2022.900022,NA,cc-by,publishedVersion,,26,,,,,FALSE,FALSE,en,,900022,900022,13,NA,Dean Billheimer,Julie G. Ledford
https://openalex.org/W4286750379,Creatine Kinase Is Decreased in Childhood Asthma,Creatine Kinase Is Decreased in Childhood Asthma,,"Abstract Rationale The identification of novel molecules associated with asthma may provide insights into the mechanisms of disease and their potential clinical implications. Objectives To conduct a screening of circulating proteins in childhood asthma and to study proteins that emerged from human studies in a mouse model of asthma. Methods We included 2,264 children from eight birth cohorts from the Mechanisms of the Development of ALLergy project and the Tucson Children’s Respiratory Study. In cross-sectional analyses, we tested 46 circulating proteins for association with asthma in the selection stage and carried significant signals forward to a validation and replication stage. As CK (creatine kinase) was the only protein consistently associated with asthma, we also compared whole blood CK gene expression between subjects with and without asthma (n = 249) and used a house dust mite (HDM)-challenged mouse model to gain insights into CK lung expression and its role in the resolution of asthma phenotypes. Measurements and Main Results As compared with the lowest CK tertile, children in the highest tertile had significantly lower odds for asthma in selection (adjusted odds ratio, 95% confidence interval: 0.31; 0.15–0.65; P = 0.002), validation (0.63; 0.42–0.95; P = 0.03), and replication (0.40; 0.16–0.97; P = 0.04) stages. Both cytosolic CK forms (CKM and CKB) were underexpressed in blood from asthmatics compared with control subjects (P = 0.01 and 0.006, respectively). In the lungs of HDM-challenged mice, Ckb expression was reduced, and after the HDM challenge, a CKB inhibitor blocked the resolution of airway hyperresponsiveness and reduction of airway mucin. Conclusions Circulating concentrations and gene expression of CK are inversely associated with childhood asthma. Mouse models support a possible direct involvement of CK in asthma protection via inhibition of airway hyperresponsiveness and reduction of airway mucin.",https://doi.org/10.1164/rccm.202010-3746oc,2022-07-23,2022,0.71798548,4,,,article,FALSE,TRUE,green,https://research.rug.nl/en/publications/cfe65f10-a196-4dad-8f9b-75084a86f4bc,FALSE,American Journal of Respiratory and Critical Care Medicine,https://openalex.org/S93356601,1073-449X,https://openalex.org/P4310316311,American Thoracic Society,https://doi.org/10.1164/rccm.202010-3746oc,NA,NA,publishedVersion,,45,,,,,FALSE,FALSE,en,,544,552,207,5,Dean Billheimer,Julie G. Ledford
https://openalex.org/W4291825030,Thinking on your feet: Beauty and auto small businesses maneuver the risks of the COVID-19 pandemic,Thinking on your feet: Beauty and auto small businesses maneuver the risks of the COVID-19 pandemic,,"On March 11, 2020, the World Health Organization officially declared SARS-CoV-2 a pandemic, and governments and health institutions enacted various public health measures to decrease its transmission rate. The COVID-19 pandemic made occupational health disparities for small businesses more visible and created an unprecedented financial burden, particularly for those located in communities of color. In part, communities of color experienced disproportionate mortality and morbidity rates from COVID-19 due to their increased exposure. The COVID-19 pandemic has prompted the public to reflect on risks daily. Risk perception is a critical factor influencing how risk gets communicated and perceived by individuals, groups, and communities. This study explores competing risk perceptions regarding COVID-19, economic impacts, vaccination, and disinfectant exposures of workers at beauty salons and auto shops in Tucson, Arizona, using a perceived risk score measured on a scale of 1–10, with higher scores indicating more perceived risk. The primary differences between respondents at beauty salons and auto shops regarding their perceived risks of COVID-19 vaccination were between the vaccinated and unvaccinated. For every group except the unvaccinated, the perceived risk score of getting the COVID-19 vaccine was low, and the score of not getting the COVID-19 vaccine was high. Study participants in different demographic groups ranked economic risk the highest compared to the other five categories: getting the COVID-19 vaccine, not getting the COVID-19 vaccine, COVID-19, disinfection, and general. A meaningful increase of four points in the perceived risk score of not getting the COVID-19 vaccine was associated with a 227% (95% CI: 27%, 740%) increase in the odds of being vaccinated. Analyzing these data collected during the coronavirus pandemic may provide insight into how to promote the health-protective behavior of high-risk workers and employers in the service sector during times of new novel threats (such as a future pandemic or crisis) and how they process competing risks.",https://doi.org/10.3389/fpubh.2022.921704,2022-08-16,2022,0.46188593,2,,,article,TRUE,TRUE,gold,https://doi.org/10.3389/fpubh.2022.921704,FALSE,Frontiers in Public Health,https://openalex.org/S2595931848,2296-2565,https://openalex.org/P4310320527,Frontiers Media,https://doi.org/10.3389/fpubh.2022.921704,NA,cc-by,publishedVersion,,32,,,,,FALSE,FALSE,en,,921704,921704,10,NA,Dean Billheimer,Scott C. Carvajal
https://openalex.org/W4388518244,Temporal Changes in Vaccine-Specific Willingness Across Race/Ethnicity Following Serious Adverse Event Reports,Temporal Changes in Vaccine-Specific Willingness Across Race/Ethnicity Following Serious Adverse Event Reports,,"Temporal Changes in Vaccine-Specific Willingness Across Race/Ethnicity Following Serious Adverse Event Reports Maria Sans-Fuentes PhD, Lidia Azurdia Sierra MPH, Nina Santa Cruz MS, Victoria Rubio MS, Karen Lutrick PhD, Kathryn Hamm PhD, Elizabeth Connick MD, Puneet Shroff MD, Dean Billheimer PhD, Ronald Sorensen MSHA, MA, Alicia Dinsmore MPH, Wendy Wolfersteig PhD, Stephanie Ayers PhD, Janko Nikolich-Zugich MD, PhD, Chyke Doubeni MD, MPH, Jon Tilburt MD, Cecilia Rosales MD, Francisco Moreno MD, Daniel Derksen MD, Sabrina Oesterle PhD, Samantha Sabo DrPH, MPH, and Sairam Parthasarathy MD Affiliation Maria Sans-Fuentes, Elizabeth Connick, and Dean Billheimer are with BIO5 Institute, University of Arizona, Tucson. Lidia Azurdia Sierra, Nina Santa Cruz, Victoria Rubio, Puneet Shroff, and Sairam Parthasarathy are with the Department of Medicine, College of Medicine-Tucson, University of Arizona, Tucson. Karen Lutrick and Cecilia Rosales are with the Mel and Enid Zuckerman College of Public Health, University of Arizona, Tucson. Kathryn Hamm, Wendy Wolfersteig, Stephanie Ayers, and Sabrina Oesterle are with the Southwest Interdisciplinary Research Center, Arizona State University, Phoenix. Ronald Sorensen and Alicia Dinsmore are with the Department of Family and Community Medicine, University of Arizona, Tucson. Janko Nikolich-Zugich is with the Department of Immunobiology, University of Arizona, Tucson. Chyke Doubeni and Jon Tilburt are with the Department of Family and Community Medicine, Mayo Clinic, Scottsdale, AZ. Francisco Moreno and Daniel Derksen are with the University of Arizona Health Sciences, Tucson. Samantha Sabo is with the Center for Health Equity Research, Northern Arizona University, Flagstaff. CopyRightCorrespondence should be sent to Sairam Parthasarathy, Professor of Medicine, University of Arizona, 1501 N Campbell Ave, AHSC Rm# 2346d, Tucson, AZ 85724 (e-mail: spartha1@arizona.edu). Reprints can be ordered at http://www.ajph.org by clicking the ""Reprints"" link. CONTRIBUTORS M. Sans-Fuentes and D. Billheimer completed the analyses. L. A. Sierra, N. Santa Cruz, V. Rubio, R. Sorensen, and A. Dinsmore helped disseminate recruitment materials and collected data. K. Lutrick, K. Hamm, E. Connick, P. Shroff, W. Wolfersteig, S. Ayers, J. Nikolich-Zugich, C. Doubeni, J. Tilburt, C. Rosales, F. Moreno, D. Derksen, S. Oesterle, S. Sabo, and S. Parthasarathy helped write the editorial after critically interpreting the results. C. Doubeni, S. Oesterle, S. Sabo, and S. Parthasarathy helped obtain funding. S. Parthasarathy conceptualized and supervised the study. All authors reviewed, edited, and approved the final draft. https://doi.org/10.2105/AJPH.2023.307484 Accepted: September 29, 2023 Published Online: November 09, 2023",https://doi.org/10.2105/ajph.2023.307484,2023-11-09,2023,0,0,,,editorial,FALSE,TRUE,green,https://pmc.ncbi.nlm.nih.gov/articles/PMC10785178/pdf/AJPH.2023.307484.pdf,FALSE,American Journal of Public Health,https://openalex.org/S168049282,0090-0036,https://openalex.org/P4310320277,American Public Health Association,http://dx.doi.org/10.2105/ajph.2023.307484,NA,NA,publishedVersion,,9,,,,,FALSE,FALSE,en,,S37,S40,114,S1,Dean Billheimer,Karen Lutrick; Sairam Parthasarathy
https://openalex.org/W4411845179,"Characterizing full-shift worker exposures to VOCs in small-sized auto repair shops in the Tucson, Arizona, USA metropolitan area","Characterizing full-shift worker exposures to VOCs in small-sized auto repair shops in the Tucson, Arizona, USA metropolitan area",,"Auto repair shops employ 1% of the US labor force. These workers are constantly exposed to volatile organic compounds (VOCs), which have known and often irreversible health effects, yet exposure studies are sparse. Our goal was to assess what exposure factors were related to total personal and shop-level specific VOC exposures for entire shifts in marginalized, predominantly Spanish-speaking workers in auto repair shops. Full-shift, real-time worker exposure factors like activities and ventilation conditions were recorded, along with personal total VOCs and shop-level specific VOC samples. The relationship of total VOCs with activity and ventilation, along with shift and shop, was analyzed using linear mixed effects modeling. Specific VOC concentrations were combined into hazard scores for potential health risks based on EPA inhalation reference or reference dose. Personal exposures were characterized by episodic peaks, with the highest peaks during spraying brake cleaner and painting activities in 22/35 shifts. Shift within shop and shop accounted for about half the variation in total VOC exposures to workers (35% and 15%, respectively), while activity and ventilation explained almost none. Acetone and toluene were detected in all samples. While worker exposure patterns were characterized by infrequent but very high peak exposures to total VOCs related to aerosolization activities, activities were only slightly predictive of VOC exposure overall. Instead, shift within shop and shop explained just half the variability. While additional study on exposure factors is needed, this should be done with a focus on interventions tailored to worker and shop.",https://doi.org/10.1038/s41598-025-08546-6,2025-07-01,2025,0,0,,,article,TRUE,TRUE,gold,https://www.nature.com/articles/s41598-025-08546-6.pdf,FALSE,Scientific Reports,https://openalex.org/S196734849,2045-2322,https://openalex.org/P4310319908,Nature Portfolio,https://doi.org/10.1038/s41598-025-08546-6,https://www.nature.com/articles/s41598-025-08546-6.pdf,cc-by-nc-nd,publishedVersion,,31,,,,,FALSE,FALSE,en,,20382,20382,15,1,Dean Billheimer,Scott C. Carvajal
https://openalex.org/W4412886742,UnSeenTimeQA: Time-Sensitive Question-Answering Beyond LLMs’ Memorization,UnSeenTimeQA: Time-Sensitive Question-Answering Beyond LLMs’ Memorization,,NA,https://doi.org/10.18653/v1/2025.acl-long.94,2025-01-01,2025,4.81974515,1,,,article,TRUE,TRUE,gold,https://aclanthology.org/2025.acl-long.94.pdf,FALSE,NA,NA,NA,NA,NA,https://doi.org/10.18653/v1/2025.acl-long.94,https://aclanthology.org/2025.acl-long.94.pdf,cc-by,publishedVersion,,0,,,,,FALSE,FALSE,en,,1873,1913,NA,NA,Eduardo Blanco,Chitta Baral
https://openalex.org/W4400433809,UnSeenTimeQA: Time-Sensitive Question-Answering Beyond LLMs' Memorization,UnSeenTimeQA: Time-Sensitive Question-Answering Beyond LLMs' Memorization,,"This paper introduces UnSeenTimeQA, a novel data contamination-free time-sensitive question-answering (TSQA) benchmark. It differs from existing TSQA benchmarks by avoiding web-searchable queries grounded in the real world. We present a series of time-sensitive event scenarios based on synthetically generated facts. It requires large language models (LLMs) to engage in genuine temporal reasoning without depending on the factual knowledge acquired during the pre-training phase. Our data generation framework enables on-demand generation of new samples, mitigating the risk of data leakage. We designed three types of time-sensitive questions to test LLMs' temporal reasoning abilities over sequential and parallel event occurrences. Our evaluation of five LLMs on synthetic fact-based TSQA reveals mixed results: while they perform well on simpler subsets, their overall performance remains inferior as compared to real world fact-based TSQA. Error analysis indicates that LLMs face difficulties in reasoning over long-range event dependencies and parallel events.",https://doi.org/10.48550/arxiv.2407.03525,2024-07-03,2024,NA,0,,,preprint,TRUE,TRUE,green,https://arxiv.org/pdf/2407.03525,FALSE,arXiv (Cornell University),https://openalex.org/S4306400194,NA,https://openalex.org/I205783295,Cornell University,http://arxiv.org/abs/2407.03525,https://arxiv.org/pdf/2407.03525,cc-by,submittedVersion,,0,,,,,FALSE,FALSE,en,,NA,NA,NA,NA,Eduardo Blanco,Chitta Baral
https://openalex.org/W4380320018,"RENAL5: ADVANCE Kidney Health: Student, Faculty and University Engagement to Advance the Renal Workforce and Drive Innovation for the Future","RENAL5: ADVANCE Kidney Health: Student, Faculty and University Engagement to Advance the Renal Workforce and Drive Innovation for the Future",,"Background: Kidney Disease (KD) is a significant cause of morbidity and morbidity on the rise in the U.S. and worldwide. A widening gap is developing between the present workforce and technology available to address KD and that which is anticipated as needed to meet future demands associated with rising KD prevalence. We developed a program - ADVANCE Kidney Health (Arizona Technology Development and Clinical Education Program for Students in Kidney Health), aimed specifically at undergraduates, to foster interest, education, engagement and research in Kidney Medicine. The program is supported by the NIH. We report on the early phase of this program. Methods: A hands-on program was developed based on four pillars: 1) science, medical and engineering education; 2) training in innovation, entrepreneurship and translation; 3) experiential learning, mentorship and clinical immersion; and 4) needs-based application and practical translation – aimed at producing motivated, trained and committed biomedical trainees interested in renal health and science. Undergraduate students were recruited as Freshman/Sophomores immersed in didactic and lab experiences, advanced in Junior year with increasing lab and clinical exposure and specific project definition, culminating in a full Senior Year Engineering Design Capstone project. Students were selected by a faculty panel based on interest, academic performance, and diversity considerations. Students were required to report and present on results and participate in science/medical meetings fostering increasing engagement in the field. Results: The program overall has attracted great undergraduate interest with increasing application rates, demand and popularity among engineering, physiology and computer science majors, In Year 1 of the program 80+ students applied with 4 students selected. In Year 2 100+ students applied with 8 selected. All students have largely continued in the program with minimal attrition, in fact attracting more adjunct students to join though related elective courses available. In Yr 1, 3 Sr. design projects advanced; in Yr 2, 5 Sr. Design projects advanced, involving 15 and 25 students, respectively. In Yr 2 individual research was submitted to national meetings including ASAIO. Conclusion: A multi-component engagement program aimed at undergraduates is an effective means of immersing students in the broad space of Kidney Medicine. To date it is apparent that students from a wide range of undergraduate majors find interest and a surprising ""fit"" into this space. A wide range of novel technologies and projects have emerged. Many have expressed interest in advancing to either medical school, graduate education or work in the kidney space. This approach to advance workforce development shows great promise for the future.",https://doi.org/10.1097/01.mat.0000943788.42871.f6,2023-06-01,2023,0,0,,,article,FALSE,FALSE,closed,NA,FALSE,ASAIO Journal,https://openalex.org/S8999885,1058-2916,https://openalex.org/P4310315671,Lippincott Williams & Wilkins,https://doi.org/10.1097/01.mat.0000943788.42871.f6,NA,NA,publishedVersion,,0,,,,,FALSE,FALSE,en,,99,99,69,Supplement 2,Frank Brosius,Jason A. Wertheim
https://openalex.org/W4395464055,Neighborhood ethnic density and disparities in proximal blood donation opportunities,Neighborhood ethnic density and disparities in proximal blood donation opportunities,,"Abstract Background Despite being the largest racial/ethnic minority group in the United States, Hispanic/Latinos (H/L) are significantly underrepresented among blood donors. A lack of proximal blood donation opportunities may be one factor contributing to these disparities. However, few studies have investigated this possibility. Study Design and Methods Proprietary data on mobile blood collections in Maricopa County, Arizona, were gathered for the period of January 01, 2022 to April 30, 2022 and paired with census tract information using ArcGIS. Maricopa County encompasses the city of Phoenix with a total population of approximately 4.5 million people, including 1.5 million H/L residents. Blood drive count was regressed on H/L ethnic density and total population, and model estimates were exponentiated to obtain odds ratios (ORs) and 95% confidence intervals (CIs). Results During the specified period, approximately 27,000 red blood cell units were collected through mobile drives. Consistent with expectations, when controlling for total neighborhood population, each 10% increase in H/L ethnic density lowered the odds of having a blood drive in the corresponding neighborhood by 12% (OR = 0.88, 95% CI (0.83, 0.92), p &lt; .001). Discussion These findings provide initial evidence of fewer proximal donation opportunities in areas with greater H/L population density which may contribute to H/L underrepresentation in blood donation and the need for more inclusive collection efforts. Improved access to blood collection is modifiable and could help to increase the overall blood supply, enhance the ability to successfully match specific blood antigen needs of an increasingly diverse population, and bring about a more resilient blood system.",https://doi.org/10.1111/trf.17847,2024-04-25,2024,6.97428791,5,,,article,FALSE,TRUE,green,https://pmc.ncbi.nlm.nih.gov/articles/PMC11895835/pdf/nihms-2017245.pdf,FALSE,Transfusion,https://openalex.org/S186746772,0041-1132,https://openalex.org/P4310320595,Wiley,https://doi.org/10.1111/trf.17847,NA,NA,publishedVersion,,26,,,,,FALSE,FALSE,en,,1008,1015,64,6,Scott Carvajal,John Ruiz; Melissa Flores
https://openalex.org/W3167259682,Neurological Manifestations in COVID-19: An Unrecognized Crisis in Our Elderly?,Neurological Manifestations in COVID-19: An Unrecognized Crisis in Our Elderly?,,"As of December 2020, there were more than 900,000 COVID-19 hospitalizations in the US with about 414,000 among individuals aged 65 years and older. Recent evidence suggests a growing number of older patients continue to suffer serious neurological comorbidities including polyneuropathy, cerebrovascular disease, central nervous system infection, cognitive deficits, and fatigue following discharge. Studies suggest that complaints manifest late in disease and persist beyond resolution of acute COVID-19 symptoms. Recent research reports that neurocognitive symptoms are correlated with severe disease, older age, male gender, and comorbidities including hypertension, renal failure, and neoplastic disease. The underlying causes are unclear, but current hypotheses include hypoxic-ischemic brain injury, immunopathological mechanisms, and neurotropism of SARS-CoV-2 infection. There is a pressing need for more research into the underlying mechanisms of post-COVID-19 neurological sequela, particularly in the elderly, a population already burdened with neurocognitive disorders.",https://doi.org/10.20900/agmr20210013,2021-01-01,2021,0.40708139,3,,,article,TRUE,TRUE,diamond,https://doi.org/10.20900/agmr20210013,FALSE,Advances in Geriatric Medicine and Research,https://openalex.org/S4210236783,2632-9921,NA,NA,https://doi.org/10.20900/agmr20210013,NA,cc-by,publishedVersion,,25,,,,,FALSE,FALSE,en,,NA,NA,3,3,Scott Carvajal,John Ruiz; Michael A. Grandner
https://openalex.org/W4287147602,The Arizona Prevention Research Center partnerships in Arizona to promote COVID-19 vaccine health equity,The Arizona Prevention Research Center partnerships in Arizona to promote COVID-19 vaccine health equity,,"Background Vaccine hesitancy in the face of the COVID-19 pandemic is a complex issue that undermines our national ability to reduce the burden of the disease and control the pandemic. The COVID-19 pandemic revealed widening health disparities and disproportionate adverse health outcomes in terms of transmission, hospitalizations, morbidity and mortality among Arizona's Latinx rural, underserved, farmworker, disabled and elderly populations. In March 2021, ~8.1% of those vaccinated were Latinx, though Latinxs make up 32% of Arizona's population. The Arizona Vaccine Confidence Network (AzVCN) proposed to leverage the expertise of the Arizona Prevention Research Center (AzPRC) and the resources of the Mel and Enid Zuckerman College of Public Health (MEZCOPH) Mobile Health Unit (MHU) to identify, implement and evaluate a MHU intervention to increase uptake of COVID-19 vaccines. Methods The AzVCN focused efforts on Latinx, rural, un/underinsured and farmworker communities in the four Arizona border counties that are at greater risk of COVID-19 morbidity and mortality and may have limited access to vaccination and other essential health services. The AzVCN used listening sessions to create a feedback loop with key stakeholders and critical health care workers to validate barriers/enablers and identify solutions to increase vaccination uptake emerging from the network. The AzVCN also implemented a community-based intervention using community health workers (CHWs) based in a MHU to increase knowledge of the COVID-19 vaccines, reduce vaccination hesitancy and increase vaccination uptake among Latinx rural, un/underinsured and farmworker populations in Southern Arizona. Results AzVCN outcomes include: identification of enablers and barriers of COVID-19 vaccination in the priority populations; identification of strategies and solutions to address vaccine hesitancy and increase vaccine uptake among priority population; and evidence that the proposed solutions being tested through the AzVCN contribute to increased vaccine uptake among the priority populations. Conclusion Through these efforts the AzPRC contributed to the CDC's Vaccinate with Confidence Strategy by collaborating with CHWs and other key stakeholders to engage directly with communities in identifying and addressing structural and misinformation barriers to vaccine uptake.",https://doi.org/10.3389/fpubh.2022.944887,2022-07-25,2022,0.41742788,2,,,article,TRUE,TRUE,gold,https://www.frontiersin.org/articles/10.3389/fpubh.2022.944887/pdf,FALSE,Frontiers in Public Health,https://openalex.org/S2595931848,2296-2565,https://openalex.org/P4310320527,Frontiers Media,https://doi.org/10.3389/fpubh.2022.944887,https://www.frontiersin.org/articles/10.3389/fpubh.2022.944887/pdf,cc-by,publishedVersion,,14,,,,,FALSE,FALSE,en,,944887,944887,10,NA,Scott Carvajal,Tomas Nuño
https://openalex.org/W4410325884,"The Association between Neighborhood Context, Allostatic Load, and Metabolic Dysfunction-Associated Steatosis Liver Disease in Mexican-origin Farmworkers along the Southern Arizona US/Mexico Border","The Association between Neighborhood Context, Allostatic Load, and Metabolic Dysfunction-Associated Steatosis Liver Disease in Mexican-origin Farmworkers along the Southern Arizona US/Mexico Border",,NA,https://doi.org/10.21203/rs.3.rs-6448142/v1,2025-05-13,2025,NA,0,,,preprint,TRUE,TRUE,gold,https://www.researchsquare.com/article/rs-6448142/latest.pdf,FALSE,NA,NA,NA,NA,NA,https://doi.org/10.21203/rs.3.rs-6448142/v1,https://www.researchsquare.com/article/rs-6448142/latest.pdf,cc-by,acceptedVersion,,42,,,,,FALSE,FALSE,en,,NA,NA,NA,NA,Scott Carvajal,Melissa Flores
https://openalex.org/W4414104948,"The association between neighborhood context, allostatic load, and metabolic dysfunction-associated steatosis liver disease in Mexican-origin farmworkers along the Southern Arizona US/Mexico border","The association between neighborhood context, allostatic load, and metabolic dysfunction-associated steatosis liver disease in Mexican-origin farmworkers along the Southern Arizona US/Mexico border",,NA,https://doi.org/10.1016/j.ssmph.2025.101862,2025-09-11,2025,0,0,,,article,TRUE,TRUE,gold,https://doi.org/10.1016/j.ssmph.2025.101862,FALSE,SSM - Population Health,https://openalex.org/S2764672113,2352-8273,https://openalex.org/P4310320990,Elsevier BV,https://doi.org/10.1016/j.ssmph.2025.101862,NA,cc-by-nc-nd,publishedVersion,,70,,,,,FALSE,FALSE,en,,101862,101862,32,NA,Scott Carvajal,Melissa Flores
https://openalex.org/W4416275919,The Arizona prevention research center vaccine confidence network: A Mobile health unit intervention and survey results of barriers and facilitators to COVID-19 vaccination,The Arizona prevention research center vaccine confidence network: A Mobile health unit intervention and survey results of barriers and facilitators to COVID-19 vaccination,,"The COVID-19 pandemic had a major impact on the Hispanic community. Addressing structural barriers of COVID-19 vaccination had a major impact on vaccination experiences, knowledge, beliefs, and uptake among Hispanics in Southern Arizona. By leveraging the MHU to address COVID-19 vaccination structural barriers and misinformation, the AzVCN has made an impact in the COVID-19 vaccine efforts in Arizona.",https://doi.org/10.1016/j.vaccine.2025.127970,2025-07-01,2025,NA,0,,,article,TRUE,TRUE,hybrid,https://doi.org/10.1016/j.vaccine.2025.127970,FALSE,Vaccine,https://openalex.org/S27359860,0264-410X,https://openalex.org/P4310320990,Elsevier BV,https://doi.org/10.1016/j.vaccine.2025.127970,NA,cc-by,publishedVersion,,18,,,,,FALSE,FALSE,en,,127970,127970,60,NA,Scott Carvajal,Tomas Nuño
https://openalex.org/W7117354296,Psychometric properties of the “ <i>Inventario de Resiliencia</i> ” in an adult Mexican Origin population living in the southwest United States,Psychometric properties of the “ <i>Inventario de Resiliencia</i> ” in an adult Mexican Origin population living in the southwest United States,,"Latino/as in the US face disadvantages related to the social-ecological environment in which they live, contributing to poor physical and mental health outcomes. Despite these challenges, Latino/as demonstrate protective factors that may buffer the effects of a high stress burden and lead to more positive health outcomes. Resilience measurements can often lack cultural specificity, a critical component to understanding social mechanisms that may contribute to health in this population. This study aims to assess the psychometric properties of the <i>Inventario de Resiliencia</i> (IRES), a Spanish-language resilience instrument developed in Mexico. The study utilized data from a community-based-participatory research study in the border town of South Yuma, Arizona (<i>N</i> = 282). Resilience was measured at time points over one year, alongside assessments of self-rated health, social connectedness, psychological distress, and perceived ecological stress. A confirmatory factor analysis (CFA) was performed at each time point to confirm the latent structure of resilience. To assess whether participants responded similarly to the IRES over time, a confirmatory factor analytic model was used to test for the invariance of factor covariance, mean, and residual variance structures across the time points. Cronbach's Alpha, Pearson product-moment and Kendall's Tau correlations were used to assess construct validity, and reliability. Findings demonstrated that IRES has excellent internal consistency, the structure of the original scale fit well with the data, and the IRES exhibited strong invariance across time. Test-retest reliability and construct validity were established by convergent and discriminant validity. This study establishes and supports the use of the IRES as a reliable and valid tool for measuring resilience in U.S. Latino/a populations. These findings underscore the importance of culturally tailored instruments in research and suggest that a more nuanced understanding of resilience can be leveraged to inform interventions and policies aimed at reducing health disparities in minority populations.",https://doi.org/10.1080/10852352.2025.2604176,2025-12-26,2025,0,0,,,article,FALSE,FALSE,closed,NA,FALSE,Journal of Prevention & Intervention in the Community,https://openalex.org/S4210175304,1085-2352,https://openalex.org/P4310320547,Taylor & Francis,https://doi.org/10.1080/10852352.2025.2604176,NA,NA,publishedVersion,,46,,,,,FALSE,FALSE,en,,1,14,NA,NA,Scott Carvajal,Melissa Flores
https://openalex.org/W3195517888,Group IIA secreted phospholipase A2 is associated with the pathobiology leading to COVID-19 mortality,Group IIA secreted phospholipase A2 is associated with the pathobiology leading to COVID-19 mortality,,"There is an urgent need to identify the cellular and molecular mechanisms responsible for severe COVID-19 that results in death. We initially performed both untargeted and targeted lipidomics as well as focused biochemical analyses of 127 plasma samples and found elevated metabolites associated with secreted phospholipase A2 (sPLA2) activity and mitochondrial dysfunction in patients with severe COVID-19. Deceased COVID-19 patients had higher levels of circulating, catalytically active sPLA2 group IIA (sPLA2-IIA), with a median value that was 9.6-fold higher than that for patients with mild disease and 5.0-fold higher than the median value for survivors of severe COVID-19. Elevated sPLA2-IIA levels paralleled several indices of COVID-19 disease severity (e.g., kidney dysfunction, hypoxia, multiple organ dysfunction). A decision tree generated by machine learning identified sPLA2-IIA levels as a central node in the stratification of patients who died from COVID-19. Random forest analysis and least absolute shrinkage and selection operator-based (LASSO-based) regression analysis additionally identified sPLA2-IIA and blood urea nitrogen (BUN) as the key variables among 80 clinical indices in predicting COVID-19 mortality. The combined PLA-BUN index performed significantly better than did either one alone. An independent cohort (n = 154) confirmed higher plasma sPLA2-IIA levels in deceased patients compared with levels in plasma from patients with severe or mild COVID-19, with the PLA-BUN index-based decision tree satisfactorily stratifying patients with mild, severe, or fatal COVID-19. With clinically tested inhibitors available, this study identifies sPLA2-IIA as a therapeutic target to reduce COVID-19 mortality.",https://doi.org/10.1172/jci149236,2021-08-17,2021,6.5097894,98,,,article,TRUE,TRUE,bronze,http://www.jci.org/articles/view/149236/files/pdf,FALSE,Journal of Clinical Investigation,https://openalex.org/S114430552,0021-9738,https://openalex.org/P4310320279,American Society for Clinical Investigation,https://doi.org/10.1172/jci149236,http://www.jci.org/articles/view/149236/files/pdf,NA,publishedVersion,,56,,,,,FALSE,FALSE,en,,NA,NA,131,19,(Ski) Floyd Chilton,Ashley J. Snider; Karen Lutrick; Sairam Parthasarathy
https://openalex.org/W3183944334,Impact of Amerind ancestry and FADS genetic variation on omega-3 deficiency and cardiometabolic traits in Hispanic populations,Impact of Amerind ancestry and FADS genetic variation on omega-3 deficiency and cardiometabolic traits in Hispanic populations,,NA,https://doi.org/10.1038/s42003-021-02431-4,2021-07-28,2021,2.94681144,23,,,article,TRUE,TRUE,gold,https://www.nature.com/articles/s42003-021-02431-4.pdf,FALSE,Communications Biology,https://openalex.org/S4210225776,2399-3642,https://openalex.org/P4310319908,Nature Portfolio,https://doi.org/10.1038/s42003-021-02431-4,https://www.nature.com/articles/s42003-021-02431-4.pdf,cc-by,publishedVersion,,106,,,,,FALSE,FALSE,en,,918,918,4,1,(Ski) Floyd Chilton,Lawrence J. Mandarino; Dawn K. Coletta
https://openalex.org/W4295945115,Effects of docosahexaenoic acid and eicosapentaoic acid supplementation on white matter integrity after repetitive sub-concussive head impacts during American football: Exploratory neuroimaging findings from a pilot RCT,Effects of docosahexaenoic acid and eicosapentaoic acid supplementation on white matter integrity after repetitive sub-concussive head impacts during American football: Exploratory neuroimaging findings from a pilot RCT,,"Context Repetitive sub-concussive head impacts (RSHIs) are common in American football and result in changes to the microstructural integrity of white matter. Both docosahexaenoic acid (DHA) and eicosapentaoic acid (EPA) supplementation exerted neuroprotective effects against RSHIs in animal models and in a prior study in football players supplemented with DHA alone. Objective Here, we present exploratory neuroimaging outcomes from a randomized controlled trial of DHA + EPA supplementation in American football players. We hypothesized that supplementation would result in less white matter integrity loss on diffusion weighted imaging over the season. Design, setting, participants We conducted a double-blind placebo-controlled trial in 38 American football players between June 2019 and January 2020. Intervention Participants were randomized to the treatment (2.442 g/day DHA and 1.020 g/day EPA) or placebo group for five times-per-week supplementation for 7 months. Of these, 27 participants were included in the neuroimaging data analysis ( n = 16 placebo; n = 11 DHA + EPA). Exploratory outcome measures Changes in white matter integrity were quantified using both voxelwise diffusion kurtosis scalars and deterministic tractography at baseline and end of season. Additional neuroimaging outcomes included changes in regional gray matter volume as well as intra-regional, edge-wise, and network level functional connectivity. Serum neurofilament light (NfL) provided a peripheral biomarker of axonal damage. Results No voxel-wise between-group differences were identified on diffusion tensor metrics. Deterministic tractography using quantitative anisotropy (QA) revealed increased structural connectivity in ascending corticostriatal fibers and decreased connectivity in long association and commissural fibers in the DHA+EPA group compared to the placebo group. Serum NfL increases were correlated with increased mean (ρ = 0.47), axial (ρ = 0.44), and radial (ρ = 0.51) diffusivity and decreased QA (ρ = −0.52) in the corpus callosum and bilateral corona radiata irrespective of treatment group. DHA + EPA supplementation did preserve default mode/frontoparietal control network connectivity ( g = 0.96, p = 0.024). Conclusions These exploratory findings did not provide strong evidence that DHA + EPA prevented or protected against axonal damage as quantified via neuroimaging. Neuroprotective effects on functional connectivity were observed despite white matter damage. Further studies with larger samples are needed to fully establish the relationship between omega-3 supplementation, RSHIs, and neuroimaging biomarkers. Trial registration ClinicalTrials.gov -NCT04796207",https://doi.org/10.3389/fneur.2022.891531,2022-09-15,2022,1.75724561,10,,,article,TRUE,TRUE,gold,https://www.frontiersin.org/articles/10.3389/fneur.2022.891531/pdf,FALSE,Frontiers in Neurology,https://openalex.org/S96975567,1664-2295,https://openalex.org/P4310320527,Frontiers Media,https://doi.org/10.3389/fneur.2022.891531,https://www.frontiersin.org/articles/10.3389/fneur.2022.891531/pdf,cc-by,publishedVersion,,133,,,,,FALSE,FALSE,en,,891531,891531,13,NA,(Ski) Floyd Chilton,Roberta Dı́az Brinton
https://openalex.org/W4400416887,Impact of fish oil supplementation on plasma levels of highly unsaturated fatty acid-containing lipid classes and molecular species in American football athletes,Impact of fish oil supplementation on plasma levels of highly unsaturated fatty acid-containing lipid classes and molecular species in American football athletes,,NA,https://doi.org/10.1186/s12986-024-00815-x,2024-07-08,2024,3.64043115,5,,,article,TRUE,TRUE,gold,https://nutritionandmetabolism.biomedcentral.com/counter/pdf/10.1186/s12986-024-00815-x,FALSE,Nutrition & Metabolism,https://openalex.org/S69338484,1743-7075,https://openalex.org/P4310320256,BioMed Central,https://doi.org/10.1186/s12986-024-00815-x,https://nutritionandmetabolism.biomedcentral.com/counter/pdf/10.1186/s12986-024-00815-x,cc-by,publishedVersion,,63,,,,,FALSE,FALSE,en,,43,43,21,1,(Ski) Floyd Chilton,Roberta Dı́az Brinton
https://openalex.org/W4280488979,Effects of Fish Oil on Biomarkers of Axonal Injury and Inflammation in American Football Players: A Placebo-Controlled Randomized Controlled Trial,Effects of Fish Oil on Biomarkers of Axonal Injury and Inflammation in American Football Players: A Placebo-Controlled Randomized Controlled Trial,,"There are limited studies on neuroprotection from repeated subconcussive head impacts (RSHI) following docosahexaenoic acid (DHA) + eicosapentaenoic acid (EPA) supplementation in contact sports athletes. We performed a randomized, placebo-controlled, double-blinded, parallel-group design trial to determine the impact of 26 weeks of DHA+EPA supplementation (n = 12) vs. placebo (high-oleic safflower oil) (n = 17) on serum concentrations of neurofilament light (NfL), a biomarker of axonal injury, and inflammatory cytokines (interleukin-6 (IL-6) and tumor necrosis factor-alpha (TNF-a)) in National Collegiate Athletic Association Division I American football athletes. DHA+EPA supplementation increased (p &lt; 0.01) plasma DHA and EPA concentrations throughout the treatment period. NfL concentrations increased from baseline to week 26 in both groups (treatment (&lt;0.001); placebo (p &lt; 0.05)), with starting players (vs. non-starters) showing significant higher circulating concentrations at week 26 (p &lt; 0.01). Fish oil (DHA+EPA) supplementation did not mitigate the adverse effects of RSHI, as measured by NfL levels; however, participants with the highest plasma DHA+EPA concentrations tended to have lower NfL levels. DHA+EPA supplementation had no effects on inflammatory cytokine levels at any of the timepoints tested. These findings emphasize the need for effective strategies to protect American football participants from the effects of RSHI.",https://doi.org/10.3390/nu14102139,2022-05-20,2022,2.54693403,15,,,article,TRUE,TRUE,gold,https://www.mdpi.com/2072-6643/14/10/2139/pdf?version=1653041504,FALSE,Nutrients,https://openalex.org/S110785341,2072-6643,https://openalex.org/P4310310987,Multidisciplinary Digital Publishing Institute,https://doi.org/10.3390/nu14102139,https://www.mdpi.com/2072-6643/14/10/2139/pdf?version=1653041504,cc-by,publishedVersion,,45,,,,,FALSE,FALSE,en,,2139,2139,14,10,(Ski) Floyd Chilton,Roberta Dı́az Brinton
https://openalex.org/W4408285731,The influence of FADS genetic variation and omega-3 fatty acid deficiency on cardiometabolic disease risk in a Mexican American population,The influence of FADS genetic variation and omega-3 fatty acid deficiency on cardiometabolic disease risk in a Mexican American population,,"Background Latinos, the largest racial/ethnic minority group in the United States, have high rates of cardiometabolic diseases, hypothesized due in part to genetic variation in the fatty acid desaturase ( FADS ) cluster that is associated with reduced omega-3 (n-3) highly unsaturated fatty acid (HUFA) biosynthesis. This study examined how variations in FADS and other HUFA pathway-related genes ( ELOVL5 and ELOVL2 ) impact cardiometabolic disease risk factors in Latinos of Mexican Ancestry (LMA). Results This study analyzed 493 self-identified LMA from the Arizona Insulin Resistance registry (AIR) and found a marked enrichment in FADS alleles linked the ancestral haplotype (AH) compared to European Americans. LMA individuals with two AH alleles produced markedly lower levels of n-6 and n-3 HUFAs. However, this was more pronounced with the n-3 HUFAs, eicosapentaenoic acid (EPA) and docosahexaenoic acid (DHA), where the n-6 arachidonic acid (ARA) to EPA and DHA ratios were 30:1 and 5:1, respectively, and circulating EPA levels were reduced to &amp;lt;5 ng/mL. Importantly, genetic variations in both FADS and ELOVL2/5 regions also were strongly associated with several cardiometabolic disease (CMD) markers, with the presence of two FADS AH alleles corresponding to a 45, 33, and 41% increase in fasting insulin, triglyceride levels and HOMA-IR, respectively. Conclusion This study reveals the potential impact of genetically influenced HUFA regulation and n-3 HUFA deficiency on cardiometabolic disease risk within LMA. These insights provide a strong rationale for future studies and clinical trials that focus on n-3 HUFA supplementation to mitigate CMD disparities in LMA populations.",https://doi.org/10.3389/fnut.2025.1538505,2025-03-10,2025,7.48068599,2,,,article,TRUE,TRUE,gold,https://www.frontiersin.org/journals/nutrition/articles/10.3389/fnut.2025.1538505/pdf,FALSE,Frontiers in Nutrition,https://openalex.org/S2596909297,2296-861X,https://openalex.org/P4310320527,Frontiers Media,https://doi.org/10.3389/fnut.2025.1538505,https://www.frontiersin.org/journals/nutrition/articles/10.3389/fnut.2025.1538505/pdf,cc-by,publishedVersion,,76,,,,,FALSE,FALSE,en,,1538505,1538505,12,NA,(Ski) Floyd Chilton,Yann C. Klimentidis; Lawrence J. Mandarino; Dawn K. Coletta
https://openalex.org/W3132056732,Group IIA Secreted Phospholipase A <sub>2</sub> Plays a Central Role in the Pathobiology of COVID-19,Group IIA Secreted Phospholipase A <sub>2</sub> Plays a Central Role in the Pathobiology of COVID-19,,"Abstract There is an urgent need to identify cellular and molecular mechanisms responsible for severe COVID-19 disease accompanied by multiple organ failure and high mortality rates. Here, we performed untargeted/targeted lipidomics and focused biochemistry on 127 patient plasma samples, and showed high levels of circulating, enzymatically active secreted phospholipase A 2 Group IIA (sPLA 2 -IIA) in severe and fatal COVID-19 disease compared with uninfected patients or mild illness. Machine learning demonstrated that sPLA 2 -IIA effectively stratifies severe from fatal COVID-19 disease. We further introduce a PLA-BUN index that combines sPLA 2 -IIA and blood urea nitrogen (BUN) threshold levels as a critical risk factor for mitochondrial dysfunction, sustained inflammatory injury and lethal COVID-19. With the availability of clinically tested inhibitors of sPLA 2 -IIA, our study opens the door to a precision intervention using indices discovered here to reduce COVID-19 mortality.",https://doi.org/10.1101/2021.02.22.21252237,2021-02-23,2021,NA,7,,,preprint,TRUE,TRUE,gold,https://www.medrxiv.org/content/medrxiv/early/2021/02/23/2021.02.22.21252237.full.pdf,FALSE,NA,NA,NA,NA,NA,https://doi.org/10.1101/2021.02.22.21252237,https://www.medrxiv.org/content/medrxiv/early/2021/02/23/2021.02.22.21252237.full.pdf,NA,acceptedVersion,,52,,,,,FALSE,FALSE,en,,NA,NA,NA,NA,(Ski) Floyd Chilton,Ashley J. Snider
https://openalex.org/W3153073561,"Amerind ancestry predicts the impact of <i>FADS</i> genetic variation on omega-3 PUFA deficiency, cardiometabolic and inflammatory risk in Hispanic populations","Amerind ancestry predicts the impact of <i>FADS</i> genetic variation on omega-3 PUFA deficiency, cardiometabolic and inflammatory risk in Hispanic populations",,"Abstract Hispanic populations have higher rates of obesity, elevated triglycerides, and a greater prevalence of diabetes. Long chain polyunsaturated fatty acids (LC-PUFAs) and LC-PUFA metabolites have critical signaling roles that regulate dyslipidemia and inflammation. Genetic variation in the FADS cluster accounts for a large part of the interindividual differences in circulating and tissue levels of LC-PUFAs, with the genotypes most strongly predictive of low LC-PUFA levels at strikingly higher frequencies in Amerind (AI) ancestry populations. In this study, we examined relationships between genetic ancestry and FADS variation, plasma phospholipid levels of LC-PUFAs, anthropometric measures, and circulating metabolic and inflammatory biomarkers in 1,102 Hispanic American participants, representing six distinct ancestry populations from the Multi-Ethnic Study of Atherosclerosis. We demonstrate strong negative associations between AI genetic ancestry and LC-PUFA levels. The FADS rs174537 single nucleotide polymorphism (SNP) accounted for much of the AI ancestry effect on LC-PUFAs, especially for low levels of n-3 LC-PUFAs. Rs174537 was also strongly associated with several metabolic, inflammatory and anthropomorphic traits including circulating triglycerides (TGs) and E-selectin in MESA Hispanics. We further replicated the association with circulating TGs in two additional Hispanic cohorts: the Hispanic Community Health Study/Study of Latinos and the Arizona Insulin Resistance Registry. Our study demonstrates that Amerind ancestry provides a useful and readily available tool to identify individuals most likely to have FADS -related n-3 LC-PUFA deficiencies and associated cardiovascular risk.",https://doi.org/10.1101/2021.04.16.21255626,2021-04-20,2021,NA,1,,,preprint,TRUE,TRUE,gold,https://www.medrxiv.org/content/medrxiv/early/2021/04/20/2021.04.16.21255626.full.pdf,FALSE,NA,NA,NA,NA,NA,https://doi.org/10.1101/2021.04.16.21255626,https://www.medrxiv.org/content/medrxiv/early/2021/04/20/2021.04.16.21255626.full.pdf,NA,acceptedVersion,,103,,,,,FALSE,FALSE,en,,NA,NA,NA,NA,(Ski) Floyd Chilton,Lawrence J. Mandarino; Dawn K. Coletta
https://openalex.org/W4408083467,Parallel multiOMIC analysis reveals glutamine deprivation enhances directed differentiation of renal organoids,Parallel multiOMIC analysis reveals glutamine deprivation enhances directed differentiation of renal organoids,,"Abstract Metabolic pathways play a critical role in driving differentiation but remain poorly understood in the development of kidney organoids. In this study, parallel metabolite and transcriptome profiling of differentiating human pluripotent stem cells (hPSCs) to multicellular renal organoids revealed key metabolic drivers of the differentiation process. In the early stage, transitioning from hPSCs to nephron progenitor cells (NPCs), both the glutamine and the alanine-aspartate-glutamate pathways changed significantly, as detected by enrichment and pathway impact analyses. Intriguingly, hPSCs maintained their ability to generate NPCs, even when deprived of both glutamine and glutamate. Surprisingly, single cell RNA-Seq analysis detected enhanced maturation and enrichment for podocytes under glutamine-deprived conditions. Together, these findings illustrate a novel role of glutamine metabolism in regulating podocyte development.",https://doi.org/10.1101/2025.02.27.640060,2025-03-01,2025,NA,1,,,preprint,TRUE,TRUE,gold,https://www.biorxiv.org/content/biorxiv/early/2025/03/01/2025.02.27.640060.full.pdf,FALSE,NA,NA,NA,NA,NA,https://doi.org/10.1101/2025.02.27.640060,https://www.biorxiv.org/content/biorxiv/early/2025/03/01/2025.02.27.640060.full.pdf,cc-by-nc-nd,acceptedVersion,,43,,,,,FALSE,FALSE,en,,NA,NA,NA,NA,(Ski) Floyd Chilton,Jason A. Wertheim
https://openalex.org/W3168767296,The effects of docosahexaenoic acid and eicosapentaenoic acid on biomarkers of sub‐concussive injury in National Collegiate Athletic Association Division 1 American football players,The effects of docosahexaenoic acid and eicosapentaenoic acid on biomarkers of sub‐concussive injury in National Collegiate Athletic Association Division 1 American football players,,"Participation in American football has been associated with repeated head impacts (RHI) and an increase in risk of concussive injury also called mild traumatic brain injury (mTBI). Elevated neurofilament light (NfL), a biomarker of axonal injury, has been shown to be a sensitive marker for both mTBI and sub‐concussive brain injury in contact sports. Omega‐3 polyunsaturated fatty acids, including docosahexaenoic acid (DHA) and eicosapentaenoic acid (EPA), have been reported to reduce inflammation, protecting against nerve damage, stimulating neuronal growth, and promoting recovery following head injury. Here we performed a randomized, placebo‐controlled, double‐blinded, parallel group design trial to determine the potential impact of DHA/EPA supplementation on serum NfL in National Collegiate Athletic Association (NCAA) Division I American football athletes (n=38). Players (both starters and nonstarters) were assigned to either 3.0 g/d DHA/EPA or placebo groups, and blood was sampled at baseline and throughout the football season from no contact conditioning to the last in‐season scheduled game. DHA/EPA supplementation markedly increased plasma DHA levels from baseline at four time points (p&lt;0.000001 at time point (T) 2; p&lt;0.0001 at T3; p&lt;0.001 at T4; and p&lt;0.01 at T5). Additionally, serum NfL increased in all participants (starters and nonstarters) during conditioning and early season (p&lt;0.001), and this upward trend continued in starters throughout the season (p&lt;.05). There was no impact of DHA/EPA supplementation on serum NfL levels in either group tested. This study confirms results from previous studies which show an increased circulating NfL level in players who spent the greatest amount of time on the field in games (starters). However, it did not corroborate previous findings that DHA/EPA supplementation attenuates the increase in NfL levels in either group. Important limitations of this study include the small sample size and heterogeneous group of football players. This study supports the need for effective strategy to protect American football participants from brain injury.",https://doi.org/10.1096/fasebj.2021.35.s1.02579,2021-05-01,2021,0,0,,,article,FALSE,FALSE,closed,NA,FALSE,The FASEB Journal,https://openalex.org/S25293849,0892-6638,https://openalex.org/P4310320595,Wiley,https://doi.org/10.1096/fasebj.2021.35.s1.02579,NA,NA,publishedVersion,,0,,,,,FALSE,FALSE,en,,NA,NA,35,S1,(Ski) Floyd Chilton,Roberta Dı́az Brinton
https://openalex.org/W4312087396,In‐season docosahexaenoic acid supplementation does not prevent white matter damage during a single American football season: Implications for neurodegeneration prevention,In‐season docosahexaenoic acid supplementation does not prevent white matter damage during a single American football season: Implications for neurodegeneration prevention,,"Abstract Background Repetitive sub‐concussive head impacts (RSHIs) are common in American football, result in changes to white matter microstructural integrity, and are suggested as a potential risk factor for neurodegenerative diseases, including Alzheimer’s disease. RSHI‐induced white matter degradation may accelerate neurodegenerative processes, necessitating effective preventative and therapeutic approaches in this population. Prior studies indicate potential neuroprotective and remyelinating effects of docosahexaenoic acid (DHA). Here, we conducted a double‐blind, randomized, placebo‐controlled trial to assess the effects DHA supplementation during a National Collegiate Athletic Association football season on neuroimaging measures of white matter integrity. Method Thirty‐eight participants were randomized to treatment (6g DHA/EPA) or placebo (6g oleic/linoleic acid) group for seven months of five‐times‐per‐week supplementation. 27 participants completed the trial and had complete neuroimaging datasets ( n = 16 placebo; n = 11 treatment). White matter integrity changes from preseason to immediately post‐season were quantified using voxel‐wise fractional anisotropy and diffusivity (mean, axial, radial) as well as deterministic tractography using quantitative anisotropy (QA). Gray matter volume as well as intra‐regional, edge‐wise, and network level functional connectivity were obtained as secondary measures along with serum neurofilament light (NfL) as a peripheral biomarker of axonal damage. Result There were no voxel‐wise, between‐group differences in voxel‐wise DTI analyses. Compared to placebo, the treatment group had increased QA in ascending corticostriatal fibers and decreased QA in long association and commissural fibers. Increased mean (ρ = 0.47), axial (ρ = 0.44), and radial (ρ = 0.51) diffusivity and decreased QA (ρ = ‐0.52) in the corpus callosum and bilateral corona radiata were correlated with increasing NfL levels during the season irrespective of treatment group. Default mode/frontoparietal network connectivity ( g = 0.96, p = 0.024) was greater in the treatment group. Conclusion In‐season DHA supplementation was insufficient to prevent or protect against axonal damage as it occurred during the season. However, there may be neuroprotective effects on functional connectivity despite structural damage. If RSHIs are a risk factor for future neurodegeneration, then alternative therapeutic merit further investigation. These present outcomes do not support the use of in‐season DHA supplementation as a preventive strategy to reduce brain injury resulting from collegiate football. Acknowledgement Study funded by the Center for Innovation in Brain Science, University of Arizona. DHA provided by Pharmavite",https://doi.org/10.1002/alz.065751,2022-12-01,2022,0,0,,,article,FALSE,FALSE,closed,NA,FALSE,Alzheimer s & Dementia,https://openalex.org/S108427512,1552-5260,https://openalex.org/P4310320595,Wiley,https://doi.org/10.1002/alz.065751,NA,NA,publishedVersion,,0,,,,,FALSE,FALSE,en,,NA,NA,18,S11,(Ski) Floyd Chilton,Roberta Dı́az Brinton
https://openalex.org/W4385307501,P10-006-23 Impact of FADS and ELOVL2/5 Genetic Variation on Fatty Acid and Cardiometabolic Endpoints in Mexican American Individuals,P10-006-23 Impact of FADS and ELOVL2/5 Genetic Variation on Fatty Acid and Cardiometabolic Endpoints in Mexican American Individuals,,NA,https://doi.org/10.1016/j.cdnut.2023.101673,2023-07-01,2023,0,0,,,article,TRUE,TRUE,gold,https://doi.org/10.1016/j.cdnut.2023.101673,FALSE,Current Developments in Nutrition,https://openalex.org/S4210219560,2475-2991,https://openalex.org/P4310320990,Elsevier BV,https://doi.org/10.1016/j.cdnut.2023.101673,NA,cc-by,publishedVersion,,0,,,,,FALSE,FALSE,en,,101673,101673,7,NA,(Ski) Floyd Chilton,Lawrence J. Mandarino; Dawn K. Coletta
https://openalex.org/W4385889388,Identification of plasma glycosphingolipids as potential biomarkers for prostate cancer (PCA) status,Identification of plasma glycosphingolipids as potential biomarkers for prostate cancer (PCA) status,,"Prostate cancer (PCa) is the most common male cancer and the second leading cause of cancer death in United States men. Controversy continues over the effectiveness of prostate-specific antigen (PSA) for distinguishing aggressive from indolent PCa. There is a critical need for more specific and sensitive biomarkers to detect and distinguish low-versus high-risk PCa cases. Discovery metabolomics were performed utilizing ultra-performance liquid chromatography-tandem mass spectrometry (UPLC-MS) on plasma samples from 159 men with treatment naïve prostate cancer participating in the North Carolina-Louisiana PCa Project to determine if there were metabolites associated with aggressive PCa. Thirty-five identifiable plasma small molecules were associated with PCa aggressiveness, 15 of which were sphingolipids; nine common molecules were present in both African-American and European-American men. The molecules most associated with PCa aggressiveness were glycosphingolipids; levels of trihexosylceramide and tetrahexosylceramide were most closely associated with high-aggressive PCa. The Cancer Genome Atlas was queried to determine gene alterations within glycosphingolipid metabolism that are associated with PCa and other cancers. Genes that encode enzymes associated with the metabolism of glycosphingolipids were altered in 12% of PCa and >30% of lung, uterine, and ovarian cancers. These data suggest that the identified plasma (glyco)sphingolipids should be further validated for their association with aggressive PCa, suggesting that specific sphingolipids may be included in a diagnostic signature for PCa.",https://doi.org/10.17615/fjkq-yz11,2023-08-17,2023,0,0,,,article,TRUE,TRUE,green,https://doi.org/10.17615/fjkq-yz11,FALSE,UNC Libraries,https://openalex.org/S7407051488,NA,NA,NA,https://doi.org/10.17615/fjkq-yz11,NA,NA,NA,,0,,,,,FALSE,FALSE,en,,NA,NA,NA,NA,(Ski) Floyd Chilton,Ashley J. Snider
https://openalex.org/W4405919595,Correction: Impact of fish oil supplementation on plasma levels of highly unsaturated fatty acid-containing lipid classes and molecular species in American football athletes,Correction: Impact of fish oil supplementation on plasma levels of highly unsaturated fatty acid-containing lipid classes and molecular species in American football athletes,,NA,https://doi.org/10.1186/s12986-024-00878-w,2024-12-31,2024,0,0,,,erratum,TRUE,TRUE,gold,https://nutritionandmetabolism.biomedcentral.com/counter/pdf/10.1186/s12986-024-00878-w,FALSE,Nutrition & Metabolism,https://openalex.org/S69338484,1743-7075,https://openalex.org/P4310320256,BioMed Central,https://doi.org/10.1186/s12986-024-00878-w,https://nutritionandmetabolism.biomedcentral.com/counter/pdf/10.1186/s12986-024-00878-w,cc-by-nc-nd,publishedVersion,,1,,,,,FALSE,FALSE,en,,115,115,21,1,(Ski) Floyd Chilton,Roberta Dı́az Brinton
https://openalex.org/W4214901837,Can Exercise Training Alter Human Skeletal Muscle DNA Methylation?,Can Exercise Training Alter Human Skeletal Muscle DNA Methylation?,,"Skeletal muscle is highly plastic and dynamically regulated by the body’s physical demands. This study aimed to determine the plasticity of skeletal muscle DNA methylation in response to 8 weeks of supervised exercise training in volunteers with a range of insulin sensitivities. We studied 13 sedentary participants and performed euglycemic hyperinsulinemic clamps with basal vastus lateralis muscle biopsies and peak aerobic activity (VO2 peak) tests before and after training. We extracted DNA from the muscle biopsies and performed global methylation using Illumina’s Methylation EPIC 850K BeadChip. Training significantly increased peak aerobic capacity and insulin-stimulated glucose disposal. Fasting serum insulin and insulin levels during the steady state of the clamp were significantly lower post-training. Insulin clearance rates during the clamp increased following the training. We identified 13 increased and 90 decreased differentially methylated cytosines (DMCs) in response to 8 weeks of training. Of the 13 increased DMCs, 2 were within the following genes, FSTL3, and RP11-624M8.1. Of the 90 decreased DMCs, 9 were within the genes CNGA1, FCGR2A, KIF21A, MEIS1, NT5DC1, OR4D1, PRPF4B, SLC26A7, and ZNF280C. Moreover, pathway analysis showed an enrichment in metabolic and actin-cytoskeleton pathways for the decreased DMCs, and for the increased DMCs, an enrichment in signal-dependent regulation of myogenesis, NOTCH2 activation and transmission, and SMAD2/3: SMAD4 transcriptional activity pathways. Our findings showed that 8 weeks of exercise training alters skeletal muscle DNA methylation of specific genes and pathways in people with varying degrees of insulin sensitivity.",https://doi.org/10.3390/metabo12030222,2022-03-02,2022,4.89747487,28,,,article,TRUE,TRUE,gold,https://www.mdpi.com/2218-1989/12/3/222/pdf?version=1646217479,FALSE,Metabolites,https://openalex.org/S2764402194,2218-1989,https://openalex.org/P4310310987,Multidisciplinary Digital Publishing Institute,https://doi.org/10.3390/metabo12030222,https://www.mdpi.com/2218-1989/12/3/222/pdf?version=1646217479,cc-by,publishedVersion,,43,,,,,FALSE,FALSE,en,,222,222,12,3,Dawn Coletta,Lawrence J. Mandarino
https://openalex.org/W3159310568,Weight loss after Roux-En-Y gastric bypass surgery reveals skeletal muscle DNA methylation changes,Weight loss after Roux-En-Y gastric bypass surgery reveals skeletal muscle DNA methylation changes,,"Abstract Background The mechanisms of weight loss and metabolic improvements following bariatric surgery in skeletal muscle are not well known; however, epigenetic modifications are likely to contribute. The aim of our study was to investigate skeletal muscle DNA methylation after weight loss induced by Roux-en-Y gastric bypass (RYGB) surgery. Muscle biopsies were obtained basally from seven insulin-resistant obese (BMI &gt; 40 kg/m 2 ) female subjects (45.1 ± 3.6 years) pre- and 3-month post-surgery with euglycemic hyperinsulinemic clamps to assess insulin sensitivity. Four lean (BMI &lt; 25 kg/m 2 ) females (38.5 ± 5.8 years) served as controls. We performed reduced representation bisulfite sequencing next generation methylation on DNA isolated from the vastus lateralis muscle biopsies. Results Global methylation was significantly higher in the pre- (32.97 ± 0.02%) and post-surgery (33.31 ± 0.02%) compared to the lean (30.46 ± 0.02%), P &lt; 0.05. MethylSig analysis identified 117 differentially methylated cytosines (DMCs) that were significantly altered in the post- versus pre-surgery (Benjamini–Hochberg q &lt; 0.05). In addition, 2978 DMCs were significantly altered in the pre-surgery obese versus the lean controls (Benjamini–Hochberg q &lt; 0.05). For the post-surgery obese versus the lean controls, 2885 DMCs were altered (Benjamini–Hochberg q &lt; 0.05). Seven post-surgery obese DMCs were normalized to levels similar to those observed in lean controls. Of these, 5 were within intergenic regions (chr11.68,968,018, chr16.73,100,688, chr5.174,115,531, chr5.1,831,958 and chr9.98,547,011) and the remaining two DMCs chr17.45,330,989 and chr14.105,353,824 were within in the integrin beta 3 ( ITGB3 ) promoter and KIAA0284 exon, respectively. ITGB3 methylation was significantly decreased in the post-surgery (0.5 ± 0.5%) and lean controls (0 ± 0%) versus pre-surgery (13.6 ± 2.7%, P &lt; 0.05). This decreased methylation post-surgery was associated with an increase in ITGB3 gene expression (fold change + 1.52, P = 0.0087). In addition, we showed that ITGB3 promoter methylation in vitro significantly suppressed transcriptional activity ( P &lt; 0.05). Transcription factor binding analysis for ITGB3 chr17.45,330,989 identified three putative transcription factor binding motifs; PAX-5, p53 and AP-2alphaA. Conclusions These results demonstrate that weight loss after RYGB alters the epigenome through DNA methylation. In particular, this study highlights ITGB3 as a novel gene that may contribute to the metabolic improvements observed post-surgery. Future additional studies are warranted to address the exact mechanism of ITGB3 in skeletal muscle.",https://doi.org/10.1186/s13148-021-01086-6,2021-05-01,2021,8.13643516,16,,,article,TRUE,TRUE,gold,https://clinicalepigeneticsjournal.biomedcentral.com/track/pdf/10.1186/s13148-021-01086-6,FALSE,Clinical Epigenetics,https://openalex.org/S200416800,1868-7075,https://openalex.org/P4310320256,BioMed Central,https://doi.org/10.1186/s13148-021-01086-6,https://clinicalepigeneticsjournal.biomedcentral.com/track/pdf/10.1186/s13148-021-01086-6,cc-by,publishedVersion,,47,,,,,FALSE,FALSE,en,,100,100,13,1,Dawn Coletta,Lawrence J. Mandarino
https://openalex.org/W4302286478,A performance review of novel adiposity indices for assessing insulin resistance in a pediatric Latino population,A performance review of novel adiposity indices for assessing insulin resistance in a pediatric Latino population,,"Introduction Body mass index (BMI) percentile or BMI adjusted for age and sex is the most common anthropometric index to monitor and assess obesity in children. However, the ability of BMI to accurately predict insulin resistance (IR) in youth is debated. Determining the best method to noninvasively measure IR in the pediatric population is especially important due to the growing prevalence of type 2 diabetes mellitus (T2DM), which is more likely to develop in people with IR. Therefore, this study analyzed the performance of BMI against newer anthropometric indices in assessing IR in a pediatric Latino identifying sample. Methods We studied 127 pediatric Latino participants from the Arizona Insulin Resistance (AIR) registry and performed linear regression analyses between various measures of IR and adiposity indices, including body mass index (BMI), triponderal mass index (TMI), body adiposity index (BAI), pediatric body adiposity index (pBAI), a body shape index (ABSI), abdominal volume index (AVI), waist to height ratio (WtHR) and waist to hip ratio (WHR). Log transformations of each index adjusted for age and sex and IR were used for the linear regressions. Additionally, we generated receiver operating characteristics (ROC) from logistic regressions between HOMA-IR and HOMA2IR against the same indices. Results Using the homeostatic assessment of insulin resistance (HOMA-IR), HOMA2IR, the quantitative insulin-sensitivity check index (QUICKI), fasting serum insulin, and FPG/FSI to measure IR, we showed that BMI adjusted for age and sex performs similarly to many of the newer indices in our sample. The correlation coefficients for pBAI [R2: 0.27, 95% confidence interval: 0.88–1.81, p &amp;lt; 0.001] and BMI [R2: 0.27, 95% confidence interval: 0.92–1.92, p &amp;lt; 0.001] were the highest for HOMA-IR. Similarly, pBAI [R2: 0.29, 95% confidence interval: 0.88–1.72, p &amp;lt; 0.001] and BMI [R2: 0.29, 95% confidence interval: 0.93–1.83, p &amp;lt; 0.001] were the highest for HOMA2IR. A similar trend was observed with QUICKI, FSI, and FPG/FSI. ABSI had the lowest R 2 value for all measures of IR. Area under the curve (AUC) values for the receiver operating characteristics (ROC) for HOMA-IR and HOMA2IR support these conclusions. Conclusions BMI adjusted for age and sex, despite its usage and simplicity, still stacks up well against newer indices in our Latino sample. Testing these indices across larger samples is necessary to generalize these findings and translate performance to adults.",https://doi.org/10.3389/fped.2022.1020901,2022-10-06,2022,1.14570675,4,,,review,TRUE,TRUE,gold,https://www.frontiersin.org/articles/10.3389/fped.2022.1020901/pdf,FALSE,Frontiers in Pediatrics,https://openalex.org/S2596117549,2296-2360,https://openalex.org/P4310320527,Frontiers Media,https://doi.org/10.3389/fped.2022.1020901,https://www.frontiersin.org/articles/10.3389/fped.2022.1020901/pdf,cc-by,publishedVersion,,47,,,,,FALSE,FALSE,en,,1020901,1020901,10,NA,Dawn Coletta,Lawrence J. Mandarino
https://openalex.org/W3149815102,Altered Transcription Factor Expression Responses to Exercise in Insulin Resistance,Altered Transcription Factor Expression Responses to Exercise in Insulin Resistance,,"Purpose Insulin resistant muscle is resistant to gene expression changes induced by acute exercise. This study was undertaken to identify transcription factors that differentially respond to exercise in insulin resistance. Candidate transcription factors were identified from analysis of 5′-untranslated regions (5′-UTRs) of exercise responsive genes and from analysis of the 5′-UTRs of genes coding for proteins that differ in abundance in insulin resistance. Research Design and Methods Twenty participants took part in this study. Insulin sensitivity was assessed by an euglycemic clamp. Participants were matched for aerobic capacity and performed a single 48 min bout of exercise with sets at 70 and 90% of maximum heart rate. Muscle biopsies were obtained at resting conditions, 30 min and 24 h after exercise. Global proteomics analysis identified differentially abundant proteins in muscle. The 5′-UTRs of genes coding for significant proteins were subjected to transcription factor enrichment analysis to identify candidate transcription factors. Q-rt-PCR to determine expression of candidate transcription factors was performed on RNA from resting and post-exercise muscle biopsies; immunoblots quantified protein abundance. Results Proteins involved in mitochondrial function, protein targeting and translation, and metabolism were among those significantly different between lean and obese groups. Transcription factor enrichment analysis of genes coding for these proteins revealed new candidate transcription factors to be evaluated along the previously identified factors. Q-rt-PCR analysis of RNA and immunoblot analysis from pre- and post-exercise muscle biopsies revealed several transcription and growth factors that had altered responses to exercise in insulin resistant participants. A significant increase (EGR3 and CTGF) and decrease (RELA and ATF2) in the mRNA expression of transcription and growth factors was found after exercise in the lean group, but not in the obese participants. Conclusions These results confirm findings of an association between insulin sensitivity and transcription factor mRNA response to exercise and show that obesity also may be a sufficient prerequisite for exercise resistance. Analysis of the muscle proteome together with determination of effects of exercise on expression of transcription factors suggests that abnormal responses of transcription factors to exercise may be responsible for differences in protein abundances in insulin resistant muscle.",https://doi.org/10.3389/fphys.2021.649461,2021-04-07,2021,1.11824345,10,,,article,TRUE,TRUE,gold,https://doi.org/10.3389/fphys.2021.649461,FALSE,Frontiers in Physiology,https://openalex.org/S52732750,1664-042X,https://openalex.org/P4310320527,Frontiers Media,https://doi.org/10.3389/fphys.2021.649461,NA,cc-by,publishedVersion,,46,,,,,FALSE,FALSE,en,,649461,649461,12,NA,Dawn Coletta,Paul R. Langlais; Lawrence J. Mandarino
https://openalex.org/W3203565397,Association of EDARV370A with breast density and metabolic syndrome in Latinos,Association of EDARV370A with breast density and metabolic syndrome in Latinos,,"The ectodysplasin receptor (EDAR) is a tumor necrosis factor receptor (TNF) superfamily member. A substitution in an exon of EDAR at position 370 (EDARV370A) creates a gain of function mutant present at high frequencies in Asian and Indigenous American populations but absent in others. Its frequency is intermediate in populations of Mexican ancestry. EDAR regulates the development of ectodermal tissues, including mammary ducts. Obesity and type 2 diabetes mellitus are prevalent in people with Indigenous and Latino ancestry. Latino patients also have altered prevalence and presentation of breast cancer. It is unknown whether EDARV370A might connect these phenomena. The goals of this study were to determine 1) whether EDARV370A is associated with metabolic phenotypes and 2) if there is altered breast anatomy in women carrying EDARV370A. Participants were from two Latino cohorts, the Arizona Insulin Resistance (AIR) registry and Sangre por Salud (SPS) biobank. The frequency of EDARV370A was 47% in the Latino cohorts. In the AIR registry, carriers of EDARV370A (GG homozygous) had significantly (p &lt; 0.05) higher plasma triglycerides, VLDL, ALT, 2-hour post-challenge glucose, and a higher prevalence of prediabetes/diabetes. In a subset of the AIR registry, serum levels of ectodysplasin A2 (EDA-A2) also were associated with HbA1c and prediabetes (p &lt; 0.05). For the SPS biobank, participants that were carriers of EDARV370A had lower breast density and higher HbA1c (both p &lt; 0.05). The significant associations with measures of glycemia remained when the cohorts were combined. We conclude that EDARV370A is associated with characteristics of the metabolic syndrome and breast density in Latinos.",https://doi.org/10.1371/journal.pone.0258212,2021-10-07,2021,1.86746705,7,,,article,TRUE,TRUE,gold,https://journals.plos.org/plosone/article/file?id=10.1371/journal.pone.0258212&type=printable,FALSE,PLoS ONE,https://openalex.org/S202381698,1932-6203,https://openalex.org/P4310315706,Public Library of Science,https://doi.org/10.1371/journal.pone.0258212,https://journals.plos.org/plosone/article/file?id=10.1371/journal.pone.0258212&type=printable,cc-by,publishedVersion,,46,,,,,FALSE,FALSE,en,,e0258212,e0258212,16,10,Dawn Coletta,Lawrence J. Mandarino
https://openalex.org/W3190106051,Site-specific acetylation of adenine nucleotide translocase 1 at lysine 23 in human muscle,Site-specific acetylation of adenine nucleotide translocase 1 at lysine 23 in human muscle,,"Evidence suggests acetylation of human adenine nucleotide translocase 1 (ANT1) at lysine 23 (Lys23) reduces binding of ADP. Lys23 contributes to the positive charge that facilitates this interaction. This study was undertaken to characterize ANT1 abundance and acetylation by a novel method using small amounts of human skeletal muscle biopsies. Lysates of whole muscle or mitochondria from the same tissue were prepared from needle biopsies of vastus lateralis muscle of healthy volunteers. Lysed proteins were resolved on gels, the section containing ANT1 (surrounding 30 Kd) was excised, digested with trypsin, spiked with labeled unacetylated and acetylated synthetic standard peptides and analyzed by mass spectrometry. Natural logarithm transformation of data linearized ion intensities over a 10-fold range of peptide mass. Coefficients of variation ranged from 7 to 30% for ANT1 abundance and Lys23 acetylation. In three volunteers, ANT1 content was 8.36 ± 0.33 nmol/g wet weight muscle and 0.64 ± 0.05 nmol/mg mitochondria, so mitochondrial content was 13.3 ± 2.4 mg mitochondria per gram muscle. Acetylation of Lys23 averaged 14.3 ± 4.2% and 4.87 ± 1.84% in whole muscle and mitochondria, respectively. This assay makes it possible to assess effects of acetylation on the function of ANT1 in human muscle.",https://doi.org/10.1016/j.ab.2021.114319,2021-07-29,2021,0.61352525,5,,,article,TRUE,TRUE,hybrid,https://doi.org/10.1016/j.ab.2021.114319,FALSE,Analytical Biochemistry,https://openalex.org/S7858788,0003-2697,https://openalex.org/P4310320990,Elsevier BV,https://doi.org/10.1016/j.ab.2021.114319,NA,cc-by-nc-nd,publishedVersion,,18,,,,,FALSE,FALSE,en,,114319,114319,630,NA,Dawn Coletta,Paul R. Langlais; Lawrence J. Mandarino
https://openalex.org/W4307974510,Fuel Selection in Skeletal Muscle Exercising at Low Intensity; Reliance on Carbohydrate in Very Sedentary Individuals,Fuel Selection in Skeletal Muscle Exercising at Low Intensity; Reliance on Carbohydrate in Very Sedentary Individuals,,"<b><i>Background:</i></b> Resting skeletal muscle in insulin resistance prefers to oxidize carbohydrate rather than lipid, exhibiting metabolic inflexibility. Although this is established in resting muscle, complexities involved in directly measuring fuel oxidation using indirect calorimetry across a muscle bed have limited studies of this phenomenon in working skeletal muscle. During mild exercise and at rest, whole-body indirect calorimetry imperfectly estimates muscle fuel oxidation. We provide evidence that a method termed ""ΔRER"" can reasonably estimate fuel oxidation in skeletal muscle activated by exercise. <b><i>Methods:</i></b> Completely sedentary volunteers (<i>n</i> = 20, age 31 ± 2 years, V̇O<sub>2peak</sub> 24.4 ± 1.5 mL O<sub>2</sub> per min/kg) underwent glucose clamps to determine insulin sensitivity and graded exercise consisting of three periods of mild steady-state cycle ergometry (15, 30, 45 watts, or 10%, 20%, and 30% of maximum power) with measurements of whole-body gas exchange. ΔRER, the RER in working muscle, was calculated as (V̇CO2<sub>exercise</sub> -V̇CO<sub>2rest</sub>)/(V̇O<sub>2exercise</sub> - V̇O<sub>2rest</sub>), from which the fraction of fuel accounted for by lipid was estimated. <b><i>Results:</i></b> Lactate levels were low and stable during steady-state exercise. Muscle biopsies were used to estimate mitochondrial content. The rise of V̇O<sub>2</sub> at onset of exercise followed a monoexponential function, with a time constant of 51 ± 7 sec, typical of skeletal muscle; the average O<sub>2</sub> cost of work was about 12 mL O<sub>2</sub>/watt/min, representing a mechanical efficiency of about 24%. At work rates of 30 or 45 watts, active muscle relied predominantly on carbohydrate, independent of insulin sensitivity within this group of very sedentary volunteers. <b><i>Conclusions:</i></b> The fraction of muscle fuel oxidation from fat was predicted by power output (<i>P</i> < 0.001) and citrate synthase activity (<i>P</i> < 0.05), indicating that low mitochondrial content may be the main driver of fuel choice in sedentary people, independent of insulin sensitivity.",https://doi.org/10.1089/met.2022.0062,2022-11-01,2022,0.65299665,4,,,article,FALSE,TRUE,green,https://www.ncbi.nlm.nih.gov/pmc/articles/9969886,FALSE,Metabolic Syndrome and Related Disorders,https://openalex.org/S61453932,1540-4196,https://openalex.org/P4310320443,"Mary Ann Liebert, Inc.",https://doi.org/10.1089/met.2022.0062,NA,NA,publishedVersion,,41,,,,,FALSE,FALSE,en,,16,24,21,1,Dawn Coletta,Paul R. Langlais; Lawrence J. Mandarino
https://openalex.org/W3213322522,Association of &lt;b&gt;&lt;i&gt;PNPLA3&lt;/i&gt;&lt;/b&gt; I148M with Liver Disease Biomarkers in Latinos,Association of &lt;b&gt;&lt;i&gt;PNPLA3&lt;/i&gt;&lt;/b&gt; I148M with Liver Disease Biomarkers in Latinos,,"&lt;b&gt;&lt;i&gt;Introduction:&lt;/i&gt;&lt;/b&gt; Liver disease accounts for approximately 2 million deaths per year worldwide. The majority of liver diseases are due to complications of cirrhosis, viral hepatitis, and hepatocellular carcinoma. Increased levels of alanine aminotransferase (ALT) and aspartate aminotransferase (AST) may indicate liver disease. Moreover, there are additional noninvasive liver fibrosis indices that help to estimate liver damage, including AST-to-ALT ratio, AST-to-platelet ratio index (APRI), fibrosis-4 (FIB-4) score, and nonalcoholic fatty liver disease (NAFLD) fibrosis score. The aims of the present study were to (1) perform an association analysis of the patatin-like phospholipase domain containing 3 (&lt;i&gt;PNPLA3&lt;/i&gt;) I148M (rs738409) variant with ALT, AST, and various liver fibrosis indices, and (2) determine whether there are gender-related differences in these associations. &lt;b&gt;&lt;i&gt;Methods:&lt;/i&gt;&lt;/b&gt; We obtained demographic, anthropometric, and metabolic phenotypes from Latino adult participants (&lt;i&gt;n&lt;/i&gt; = 503, 64% female, 36.4 ± 0.5 years) from the Arizona Insulin Resistance (AIR) registry. SNP genotyping of I148M was performed using the TaqMan allelic discrimination assay. We used linear regression for the association analyses of the genotypes with ALT, AST, and the various liver fibrosis indices. We included genotype, age, body mass index, and alcohol status in the linear regression model. &lt;b&gt;&lt;i&gt;Results:&lt;/i&gt;&lt;/b&gt; The variant I148M was in Hardy-Weinberg equilibrium, with genotype distribution: non-risk CC 118, heterozygous CG 246, and risk GG 139. The G allele was significantly associated with increased ALT and AST levels (&lt;i&gt;p&lt;/i&gt; = 7.8 × 10&lt;sup&gt;–7&lt;/sup&gt; and &lt;i&gt;p&lt;/i&gt; = 9.7 × 10&lt;sup&gt;–6&lt;/sup&gt;, respectively). Moreover, we showed that the G allele was significantly associated with higher APRI (&lt;i&gt;p&lt;/i&gt; = 3.7 × 10&lt;sup&gt;–7&lt;/sup&gt;) and FIB-4 score (&lt;i&gt;p&lt;/i&gt; = 4.1 × 10&lt;sup&gt;–3&lt;/sup&gt;). When we analyzed the data by gender, we observed similar significant trends for ALT, AST, and APRI (all, &lt;i&gt;p&lt;/i&gt; &amp;#x3c; 0.01). In females, the G allele was significantly associated with increased FIB-4 score (&lt;i&gt;p&lt;/i&gt; = 6.9 × 10&lt;sup&gt;–3&lt;/sup&gt;), which was not observed in the males (&lt;i&gt;p&lt;/i&gt; &amp;#x3e; 0.05). There was no association of the I148M variant with AST/ALT ratio nor NAFLD risk score, whether analyzed in all adults or by gender. &lt;b&gt;&lt;i&gt;Discussion/Conclusion:&lt;/i&gt;&lt;/b&gt; Our findings provide additional evidence of an association of &lt;i&gt;PNPLA3&lt;/i&gt; I148M with several liver disease biomarkers in male and female Latinos residing in the Southwest of the United States.",https://doi.org/10.1159/000520734,2021-01-01,2021,0.74671508,4,,,article,FALSE,FALSE,closed,NA,FALSE,Human Heredity,https://openalex.org/S97696616,0001-5652,https://openalex.org/P4310317820,Karger Publishers,https://doi.org/10.1159/000520734,NA,NA,publishedVersion,,32,,,,,FALSE,FALSE,en,,21,27,86,1-4,Dawn Coletta,Yann C. Klimentidis
https://openalex.org/W4367316410,Association of Vitamin D Receptor Gene Polymorphisms with Cardiometabolic Phenotypes in Hispanics: A Life Course Approach,Association of Vitamin D Receptor Gene Polymorphisms with Cardiometabolic Phenotypes in Hispanics: A Life Course Approach,,"The vitamin D receptor (VDR) is vital for maintaining calcium and phosphate balance and regulating bone metabolism. Recent research has suggested that VDR also plays an essential role in metabolic diseases. Previous studies on non-Hispanic whites have shown that VDR single nucleotide polymorphisms (SNP) are associated with cardiometabolic phenotypes. However, the association between VDR SNPs and cardiometabolic traits in Hispanics remains unclear. This study investigated the association between VDR SNPs and cardiometabolic phenotypic data in self-reported Hispanics (n = 1610) from the Arizona Insulin Resistance registry and Sangre Por Salud Biobank. The study population was predominantly female (66.4%) with a mean age of 40 ± 14 years (n = 121 &lt;18 years) and an average body mass index (BMI) of 29.8 ± 6.3 kg/m2. We performed a genotyping association analysis of VDR SNPs (Taq1-rs731236, Fok1-rs2228570 and Apa1-rs7975232) with cardiometabolic traits using linear regression models. The results showed that Taq1 and Apa1 were strongly associated with systolic blood pressure (SBP) in children (&lt;18 years), while Fok1 was associated with measures of adiposity, including fat mass, waist circumference, and BMI. In age-stratified adult (≥18 years) models, Taq1 was strongly associated with hemoglobin A1c, while Apa1 was associated with BMI and fasting glucose. Fok1 had no significant associations in the adult models. In conclusion, the VDR SNPs were associated with several cardiometabolic phenotypes in this Hispanic sample, but the type and strength of the associations varied by age group.",https://doi.org/10.3390/nu15092118,2023-04-28,2023,1.52857751,4,,,article,TRUE,TRUE,gold,https://www.mdpi.com/2072-6643/15/9/2118/pdf?version=1682661942,FALSE,Nutrients,https://openalex.org/S110785341,2072-6643,https://openalex.org/P4310310987,Multidisciplinary Digital Publishing Institute,https://doi.org/10.3390/nu15092118,https://www.mdpi.com/2072-6643/15/9/2118/pdf?version=1682661942,cc-by,publishedVersion,,57,,,,,FALSE,FALSE,en,,2118,2118,15,9,Dawn Coletta,Lawrence J. Mandarino
https://openalex.org/W4403269517,Food insecurity and its associations with cardiometabolic health in Latino individuals of Mexican ancestry,Food insecurity and its associations with cardiometabolic health in Latino individuals of Mexican ancestry,,"Background Latino populations, especially those of Mexican ancestry, face higher rates of both cardiometabolic diseases and food insecurity, compounding negative health outcomes. Food insecurity is associated with poor dietary choices, which not only worsen cardiometabolic health but also contribute to various health complications, making it a critical public health issue in these communities. The aim of this study was to investigate the prevalence of food insecurity and its associations with diet, cardiometabolic risk factors, and glycemic control among Latino individuals of Mexican ancestry. Methods Cross-sectional observational study using data from the El Banco por Salud biobank. The study included 1,827 participants with a mean age of 52.5 ± 14.4 years, recruited from community-based settings. The majority were women (67.6%), obese (mean BMI 32.4 ± 7.0 kg/m 2 ), and sedentary (43.5%). Food insecurity was assessed using the 6-item U.S. Household Food Security Module, while dietary information was obtained using the Brief Dietary Assessment Tool for Hispanics. Primary outcomes included cardiometabolic risk factors and glycemic control, specifically HbA1c levels. Results Of 1,827 participants, 69.7% were food secure and 30.3% were food insecure. Food insecure participants had a significantly larger waist circumference ( p = 0.034), consumed poorer quality diets, and had higher HbA1c levels ( p = 0.043), with the association remaining significant after adjustments ( p = 0.007 for age, sex, BMI, and waist circumference; p = 0.021 for additional sociodemographic factors). Conclusion The findings reveal that food insecurity among Latino individuals of Mexican ancestry is associated with unhealthy food choices and higher HbA1c levels, exacerbating the risk of poor cardiometabolic health. This underscores an urgent need for targeted interventions to address food insecurity, ultimately promoting better metabolic health outcomes in vulnerable populations.",https://doi.org/10.3389/fnut.2024.1499504,2024-10-09,2024,5.54173273,3,,,article,TRUE,TRUE,gold,https://www.frontiersin.org/journals/nutrition/articles/10.3389/fnut.2024.1499504/pdf,FALSE,Frontiers in Nutrition,https://openalex.org/S2596909297,2296-861X,https://openalex.org/P4310320527,Frontiers Media,https://doi.org/10.3389/fnut.2024.1499504,https://www.frontiersin.org/journals/nutrition/articles/10.3389/fnut.2024.1499504/pdf,cc-by,publishedVersion,,29,,,,,FALSE,FALSE,en,,1499504,1499504,11,NA,Dawn Coletta,Yann C. Klimentidis; Lawrence J. Mandarino
https://openalex.org/W4303696731,Tools to Measure Health Literacy among Adult Hispanic Populations with Type 2 Diabetes Mellitus: A Review of the Literature,Tools to Measure Health Literacy among Adult Hispanic Populations with Type 2 Diabetes Mellitus: A Review of the Literature,,"Health literacy (HL) is associated with short- and long-term health outcomes, and this is particularly relevant in Hispanics, who are disproportionally affected by lower HL. Hispanics have become the largest minority population in the United States. Also, Hispanics experience higher burdens of chronic diseases such as type 2 diabetes mellitus (T2DM) than non-Hispanic whites. Thus, effectively choosing culturally appropriate validated instruments that measure a marker found in health assessments should be a serious consideration. Using a systemized approach, we identified and reviewed 33 publications and found eight different HL and numeracy (separate or combined) instruments. We assessed the study designs and instrument structures to determine how HL was measured across these studies. We categorized the results into direct and indirect measurements of HL. The Test of Functional Health Literacy in Adults (TOFHLA) family of HL instruments was favored for direct measures of HL, while the Brief Health Literacy Screen (BHLS) instrument was favored for indirect measures. Despite identified trends in instruments used, more comprehensive measurement tools have been developed but not validated in Hispanic populations. In conclusion, further validation of more comprehensive HL instruments in adult Hispanic populations with T2DM could better assess HL levels and improve health promotion efforts.",https://doi.org/10.3390/ijerph191912551,2022-10-01,2022,0.36199543,1,,,review,TRUE,TRUE,gold,https://www.mdpi.com/1660-4601/19/19/12551/pdf?version=1664614289,FALSE,International Journal of Environmental Research and Public Health,https://openalex.org/S15239247,1660-4601,https://openalex.org/P4310310987,Multidisciplinary Digital Publishing Institute,https://doi.org/10.3390/ijerph191912551,https://www.mdpi.com/1660-4601/19/19/12551/pdf?version=1664614289,cc-by,publishedVersion,,63,,,,,FALSE,FALSE,en,,12551,12551,19,19,Dawn Coletta,Lawrence J. Mandarino
https://openalex.org/W4394602626,Longitudinal study of the impact of the COVID-19 pandemic on diet and physical activity among Latinos of Mexican ancestry,Longitudinal study of the impact of the COVID-19 pandemic on diet and physical activity among Latinos of Mexican ancestry,,"Abstract Background The COVID-19 pandemic caused societal disruption in the United States and most of the world, affecting many aspects of life, including healthcare and health-related behaviors such as diet, food security, and physical activity. Communities with economic and health disparities may have been particularly affected. This study was undertaken to determine how conditions in the early pandemic (January, 2021–February, 2022) affected Latino patients of Mexican Ancestry at high risk of type 2 diabetes mellitus who participated in El Banco por Salud biobank project in Tucson, Arizona. Methods Baseline, prepandemic measurements were available in 17, 21, and 60 patients with normal hemoglobin A1c (HbA1c), prediabetes, and type 2 diabetes, respectively. Results People with healthy HbA1c were significantly younger, less obese, and had higher HDL cholesterol. HbA1c was unaffected by the pandemic in any group. Triglycerides, total and HDL cholesterol levels fell in all groups during the pandemic. Physical activity levels in all groups were remarkably low, with most reporting no engagement in any voluntary physical activity. Engagement in physical activity or its enjoyment was lower in patients with diabetes and prediabetes than in younger, less obese patients. Major diet differences were between men and women and were present before the pandemic. Women consumed significantly more vegetables, fruit, and salad than men. The only pandemic-related change in diet was a drop in egg consumption, possibly explaining the fall in total cholesterol. Conclusion Societal disruption during the COVID-19 pandemic had minimal effects on adverse health-related behaviors, cardiometabolic risk, or changes in glycemic control in a Latino community with diabetes and healthcare disparities in the Southwest US.",https://doi.org/10.1186/s12967-024-05007-y,2024-04-09,2024,1.84724424,1,,,article,TRUE,TRUE,gold,https://translational-medicine.biomedcentral.com/counter/pdf/10.1186/s12967-024-05007-y,FALSE,Journal of Translational Medicine,https://openalex.org/S142026636,1479-5876,https://openalex.org/P4310320256,BioMed Central,https://doi.org/10.1186/s12967-024-05007-y,https://translational-medicine.biomedcentral.com/counter/pdf/10.1186/s12967-024-05007-y,cc-by,publishedVersion,,29,,,,,FALSE,FALSE,en,,342,342,22,1,Dawn Coletta,Lawrence J. Mandarino
https://openalex.org/W4409788337,The Interplay of UCP3 and PCSK1 Variants in Severe Obesity,The Interplay of UCP3 and PCSK1 Variants in Severe Obesity,,"Abstract Summary Obesity is a heterogeneous and multifactorial disease with a strong genetic component. While polygenic obesity accounts for most common cases, rare monogenic variants contribute, particularly in severe, early-onset obesity. Among the lesser-studied candidates are UCP3 and PCSK1, genes involved in key metabolic pathways. Recent Findings The UCP3 p.Val192Ile (c.574G &gt; A) and PCSK1 p.Asn221Asp (c.661 A &gt; G) variants have been independently associated with metabolic pathways, including fatty acid oxidation and hormone processing, as well as a modestly increased risk of obesity. Clinical and genetic characterization of two patients with severe early-onset obesity revealed the co-occurrence of these variants, which were associated with metabolic disturbances such as insulin resistance. Purpose of the Review This narrative review examined the functional and clinical significance of UCP3 and PCSK1 variants in severe obesity, presenting two case reports to illustrate their potential impact. Our findings support a potential model in which rare variants in distinct metabolic genes may interact synergistically to exacerbate disease severity. Further studies are needed to elucidate their combined functional effects and contributions to obesity pathogenesis.",https://doi.org/10.1007/s13679-025-00631-1,2025-04-25,2025,4.10667583,1,,,review,TRUE,TRUE,hybrid,https://link.springer.com/content/pdf/10.1007/s13679-025-00631-1.pdf,FALSE,Current Obesity Reports,https://openalex.org/S2764420670,2162-4968,https://openalex.org/P4310319900,Springer Science+Business Media,https://doi.org/10.1007/s13679-025-00631-1,https://link.springer.com/content/pdf/10.1007/s13679-025-00631-1.pdf,cc-by,publishedVersion,,61,,,,,FALSE,FALSE,en,,38,38,14,1,Dawn Coletta,Lawrence J. Mandarino
https://openalex.org/W4281290394,"Acetylation of Adenine Nucleotide Translocase, Fuel Selection, and Metabolic Flexibility in Human Skeletal Muscle","Acetylation of Adenine Nucleotide Translocase, Fuel Selection, and Metabolic Flexibility in Human Skeletal Muscle",,"Abstract Introduction Healthy, resting skeletal muscle primarily oxidizes lipid, but insulin resistant muscle oxidizes carbohydrate and shows metabolic inflexibility during hyperinsulinemia. It is unclear whether fuel selection and metabolic flexibility are dependent on insulin sensitivity in skeletal muscle performing mild exercise. Research Design and Methods Sedentary volunteers underwent a cycle exercise protocol using stepwise increments in power output (15, 30, and 45 watts) and indirect calorimetry to estimate fuel oxidation in working muscle. Euglycemic clamps, indirect calorimetry and muscle biopsies were used to measure insulin sensitivity and acetylation and content of Adenine Nucleotide Translocase 1 (ANT1), which might be involved in fuel selection via acetylation of lysine 23, which was quantified using mass spectrometry. Results Mild exercise produced predicted rates of oxygen consumption (11-12 ml O 2 /min), with low and stable blood lactate, allowing use of indirect calorimetry to calculate a respiratory exchange ratio in working muscle (RERm). ANT1 acetylation varied from 0.6 to 21% (10.3 ± 1.2%). Exercising muscle mainly oxidized carbohydrate (45 ± 9, 62 ± 6, and 70 ± 5% of total at 15, 30, and 45watts). Multiple linear regression showed that RERm rose with increasing power output (P &lt; 0.001) and was lower with greater protein content of ANT1 (P &lt; 0.001). Insulin-stimulated glucose disposal, ANT acetylation, and VO 2peak were not predictors of RERm. Conclusions Mildly exercising muscle in sedentary people prefers to oxidize carbohydrate independent of insulin sensitivity but depending on ANT1 protein content. The ability to oxidize lipid may be regulated by higher ANT1 content due to either higher mitochondrial abundance or greater ANT content per mitochondrial mass.",https://doi.org/10.1101/2022.05.05.22274505,2022-05-09,2022,NA,0,,,preprint,TRUE,TRUE,gold,https://www.medrxiv.org/content/medrxiv/early/2022/05/09/2022.05.05.22274505.full.pdf,FALSE,NA,NA,NA,NA,NA,https://doi.org/10.1101/2022.05.05.22274505,https://www.medrxiv.org/content/medrxiv/early/2022/05/09/2022.05.05.22274505.full.pdf,NA,acceptedVersion,,53,,,,,FALSE,FALSE,en,,NA,NA,NA,NA,Dawn Coletta,Paul R. Langlais; Lawrence J. Mandarino
https://openalex.org/W4378675402,Identification of novel changes in skeletal muscle proteome after sildenafil treatment,Identification of novel changes in skeletal muscle proteome after sildenafil treatment,,"Insulin Resistance (IR) is associated with increased matrix proteins, including collagens, fibronectins, and laminins in the endomysium surrounding skeletal muscle. The increased ECM deposition in skeletal muscle IR results in ECM stiffening that decreases muscle integrity and cellular signaling. Recent evidence has shown that Sildenafil, a phosphodiesterase 5a inhibitor, improves insulin sensitivity in humans, and in high fat diet mice, reduces collagen deposition in the matrix surrounding skeletal muscle. In addition, data shows that a short-term treatment of Sildenafil for 7 days increases protein synthesis and decreases muscle fatigue in humans, which may mitigate the effects of IR. However, very few studies have examined the molecular mechanisms and metabolic signaling directly associated with Sildenafil’s influence on skeletal muscle. The aim of our study was to perform an unbiased proteomic analysis on Sildenafil’s effects on skeletal muscle in C2C12 myotubes. We hypothesized that Sildenafil would alter the abundance of proteins in metabolic pathways that are involved in communicating with the ECM. We performed a dose response (n = 3 for each dose; 0.5 μM, 1 μM, 2.5 μM, 5 μM, and 10 μM) and time response (n = 3 for each time; 30 min, 1 hour, 4 hour, 6 hour) curve. Proteomic analyses revealed that the highest number of proteins significantly changing was at 1 μM for 30 min (n = 423). Analysis of the significant proteins revealed 396 and 27 proteins that increased and decreased, respectively. KEGG analysis revealed that 20% of the total changing proteins (n = 83) were in metabolic pathways. The top 10 metabolic protein increasers, represented as a fold change of abundance compared to vehicle, were ASCL3 (1.27 ± 0.08), GT251 (1.12 ± 0.10), ODPA (1.15 ± 0.03), PCKGM (1.08 ± 0.04), PCY1A (1.23 ± 0.04), PGM1 (1.06 ± 0.04), PTG1S (1.21 ± 0.05), PYR1 (1.37 ± 0.09). SAHH (1.19 + 0.07), and THIM (1.13 ± 0.08). Of the 83 metabolic proteins, only 6 were decreasing, P5CR2 (0.78 ± 0.04), ALD1 (0.82 ± 0.11), P4K2A (0.67 ± 0.05), DGAT1 (0.27 ± 0.19), SCLY (0.77 ± 0.15), and PLCD3 (0.61 ± 0.16). The results from this preliminary study conclude that Sildenafil affects proteins involved in metabolic pathways. Further analysis will be performed to confirm the roles of these proteins in relation to ECM signaling/communication in these metabolic pathways. University of Arizona's Research, Innovation &amp; Impact Faculty Seed Grant This is the full abstract presented at the American Physiology Summit 2023 meeting and is only available in HTML format. There are no additional versions or additional content available for this abstract. Physiology was not involved in the peer review process.",https://doi.org/10.1152/physiol.2023.38.s1.5731380,2023-05-01,2023,0,0,,,article,FALSE,FALSE,closed,NA,FALSE,Physiology,https://openalex.org/S88977973,1548-9213,https://openalex.org/P4310320155,American Physiological Society,http://dx.doi.org/10.1152/physiol.2023.38.s1.5731380,NA,NA,publishedVersion,,0,,,,,FALSE,FALSE,en,,NA,NA,38,S1,Dawn Coletta,Paul R. Langlais
https://openalex.org/W4383556481,Nonequilibrium thermodynamics and mitochondrial protein content predict insulin sensitivity and fuel selection during exercise in human skeletal muscle,Nonequilibrium thermodynamics and mitochondrial protein content predict insulin sensitivity and fuel selection during exercise in human skeletal muscle,,"Introduction: Many investigators have attempted to define the molecular nature of changes responsible for insulin resistance in muscle, but a molecular approach may not consider the overall physiological context of muscle. Because the energetic state of ATP (ΔG ATP ) could affect the rate of insulin-stimulated, energy-consuming processes, the present study was undertaken to determine whether the thermodynamic state of skeletal muscle can partially explain insulin sensitivity and fuel selection independently of molecular changes. Methods: 31 P-MRS was used with glucose clamps, exercise studies, muscle biopsies and proteomics to measure insulin sensitivity, thermodynamic variables, mitochondrial protein content, and aerobic capacity in 16 volunteers. Results: After showing calibrated 31 P-MRS measurements conformed to a linear electrical circuit model of muscle nonequilibrium thermodynamics, we used these measurements in multiple stepwise regression against rates of insulin-stimulated glucose disposal and fuel oxidation. Multiple linear regression analyses showed 53% of the variance in insulin sensitivity was explained by 1) VO 2max ( p = 0.001) and the 2) slope of the relationship of ΔG ATP with the rate of oxidative phosphorylation ( p = 0.007). This slope represents conductance in the linear model (functional content of mitochondria). Mitochondrial protein content from proteomics was an independent predictor of fractional fat oxidation during mild exercise (R 2 = 0.55, p = 0.001). Conclusion: Higher mitochondrial functional content is related to the ability of skeletal muscle to maintain a greater ΔG ATP , which may lead to faster rates of insulin-stimulated processes. Mitochondrial protein content per se can explain fractional fat oxidation during mild exercise.",https://doi.org/10.3389/fphys.2023.1208186,2023-07-07,2023,0,0,,,article,TRUE,TRUE,gold,https://www.frontiersin.org/articles/10.3389/fphys.2023.1208186/pdf,FALSE,Frontiers in Physiology,https://openalex.org/S52732750,1664-042X,https://openalex.org/P4310320527,Frontiers Media,https://doi.org/10.3389/fphys.2023.1208186,https://www.frontiersin.org/articles/10.3389/fphys.2023.1208186/pdf,cc-by,publishedVersion,,83,,,,,FALSE,FALSE,en,,1208186,1208186,14,NA,Dawn Coletta,Paul R. Langlais; Lawrence J. Mandarino
https://openalex.org/W4389956759,Abstract 17096: Immune Modulation to Treat Ischemic Heart Failure,Abstract 17096: Immune Modulation to Treat Ischemic Heart Failure,,"Introduction: Clinical use of induced pluripotent derived cardiomyocytes (iPSC-CMs) has been slow because their mechanism is not well defined. Our lab developed a cardiac patch composed of iPSC-CMs and human neonatal dermal fibroblast (NDF) seeded on a bioresorbable matrix. Implantation on the epicardium of the infarcted heart in immune competent animal models of ischemic CHF (mice, rats, swine) repaired the damaged heart, improved cardiac function/structure with increased viable myocardium, increased myocardial blood flow, improved left ventricular (LV) contractility, and reversal of maladaptive LV remodeling. Preliminary analysis indicates that the patch created a novel host derived immune response not observed in untreated animals. Hypothesis: The iPSC-CMs and NDFs coordinate an immunomodulatory response that results in reduction of inflammatory cytokine producing M1 macrophages with concomitant polarization to the M2 state. Methods: Spatial transcriptomics and histological analysis was utilized for investigation of patch driven immunomodulatory responses in WT BL6 mice. All animals underwent two procedures; 1) Infarct via left coronary ligation 2) Left lateral sternotomy with patch placement (N=5) (no patch for controls, N=3) 3 weeks post MI. Patch secretions underwent quantitative mass spectroscopy to identify drivers of immunomodulation. Results: Histology demonstrated reduction of left chamber dimension and presence of viable cardiomyocytes in the LV wall. IF demonstrated a novel immune response in the treated group absent in the controls. This response is isolated to the epicardial infarct-patch interface. Cellular deconvolution of the infarct region revealed macrophages and dendritic cells compose this response. Macrophage phenotype was assessed via expression of classical M1(CD68, NOS2, AXL) as well as M2 markers (RETNLA, MRC1, ADGRE1) which were found to be significantly elevated in treated groups. Proteomic analysis of the patch secretome indicates the patch has a role in coordinating this response by upregulation of Il-4/Il-13 signaling and wound healing that stimulates enrichment of pathways associated with reorganization of the ECM.",https://doi.org/10.1161/circ.148.suppl_1.17096,2023-11-07,2023,0,0,,,article,FALSE,FALSE,closed,NA,FALSE,Circulation,https://openalex.org/S116251202,0009-7322,https://openalex.org/P4310315671,Lippincott Williams & Wilkins,http://dx.doi.org/10.1161/circ.148.suppl_1.17096,NA,NA,publishedVersion,,0,,,,,FALSE,FALSE,en,,NA,NA,148,Suppl_1,Dawn Coletta,Paul R. Langlais
https://openalex.org/W4394112221,Additional file 3 of Weight loss after Roux-En-Y gastric bypass surgery reveals skeletal muscle DNA methylation changes,Additional file 3 of Weight loss after Roux-En-Y gastric bypass surgery reveals skeletal muscle DNA methylation changes,,Additional file 3. Differentially methylated cytosines (n = 2978) significantly altered in methylation pre-surgery obese versus lean (Benjamini Hochberg q,https://doi.org/10.6084/m9.figshare.14526083,2021-01-01,2021,NA,0,,,dataset,TRUE,TRUE,gold,https://doi.org/10.6084/m9.figshare.14526083,FALSE,NA,NA,NA,NA,NA,https://doi.org/10.6084/m9.figshare.14526083,NA,cc-by,NA,,0,,,,,FALSE,FALSE,en,,NA,NA,NA,NA,Dawn Coletta,Lawrence J. Mandarino
https://openalex.org/W4394216544,Additional file 6 of Weight loss after Roux-En-Y gastric bypass surgery reveals skeletal muscle DNA methylation changes,Additional file 6 of Weight loss after Roux-En-Y gastric bypass surgery reveals skeletal muscle DNA methylation changes,,Additional file 6. Differentially methylated cytosines (n = 2885) significantly altered in methylation post-surgery obese versus lean (Benjamini Hochberg q,https://doi.org/10.6084/m9.figshare.14526092,2021-01-01,2021,NA,0,,,dataset,TRUE,TRUE,gold,https://doi.org/10.6084/m9.figshare.14526092,FALSE,NA,NA,NA,NA,NA,https://doi.org/10.6084/m9.figshare.14526092,NA,cc-by,NA,,0,,,,,FALSE,FALSE,en,,NA,NA,NA,NA,Dawn Coletta,Lawrence J. Mandarino
https://openalex.org/W4399704168,Association of EDARV370A with glycemic traits in Latinos residing in the Southwest,Association of EDARV370A with glycemic traits in Latinos residing in the Southwest,,NA,https://doi.org/10.1016/j.metabol.2024.155878,2024-06-01,2024,0,0,,,article,FALSE,FALSE,closed,NA,FALSE,Metabolism,https://openalex.org/S119661813,0026-0495,https://openalex.org/P4310320990,Elsevier BV,http://dx.doi.org/10.1016/j.metabol.2024.155878,NA,NA,publishedVersion,,0,,,,,FALSE,FALSE,en,,155878,155878,153,NA,Dawn Coletta,Yann C. Klimentidis; Lawrence J. Mandarino
https://openalex.org/W4412896529,Excessive Daytime Sleepiness and Associated Cardiometabolic Factors in Latino Individuals of Mexican Ancestry at High Risk of Type 2 Diabetes: An El Banco Biobank Cross-Sectional Study,Excessive Daytime Sleepiness and Associated Cardiometabolic Factors in Latino Individuals of Mexican Ancestry at High Risk of Type 2 Diabetes: An El Banco Biobank Cross-Sectional Study,,"Background/Objectives: Latinos, particularly those of Mexican ancestry, experience high rates of type 2 diabetes and sleep disturbances, exacerbating adverse health outcomes. This study aimed to examine the prevalence of excessive daytime sleepiness and its associations with diet, cardiometabolic risk factors, and glycemic control in this population. Methods: This cross-sectional study utilized data from the El Banco por Salud biobank, including 1685 participants (aged 52.6 ± 14.5 years, BMI: 32.4 ± 7.0 kg/m2) recruited from Federally Qualified Community Health Centers. Excessive daytime sleepiness was assessed using the Epworth Sleepiness Scale, while dietary information was obtained via the Brief Dietary Assessment Tool for Hispanics. Primary outcomes included cardiometabolic risk factors and glycated hemoglobin (HbA1c) levels. Results: Excessive daytime sleepiness (Epworth Sleepiness Scale &gt; 10) was present in 22.0% of participants and was associated with higher BMI (p &lt; 0.001), larger waist circumference (p = 0.002), poorer diet quality, increased dyslipidemia (p = 0.036), and elevated HbA1c (p = 0.007). Linear regression analyses confirmed that excessive daytime sleepiness was significantly associated with higher HbA1c levels, both in unadjusted (R2 = 0.011; p &lt; 0.001) and adjusted for demographic, anthropometric, and socioeconomic factors (R2 = 0.107; p = 0.004) models. Conclusions: Excessive daytime sleepiness among Latinos of Mexican ancestry is associated with unhealthy dietary patterns and poor glycemic control, highlighting the need for targeted interventions addressing sleep and dietary habits in this vulnerable population.",https://doi.org/10.3390/nu17152476,2025-07-29,2025,0,0,,,article,TRUE,TRUE,gold,https://www.mdpi.com/2072-6643/17/15/2476/pdf,FALSE,Nutrients,https://openalex.org/S110785341,2072-6643,https://openalex.org/P4310310987,Multidisciplinary Digital Publishing Institute,https://doi.org/10.3390/nu17152476,https://www.mdpi.com/2072-6643/17/15/2476/pdf,cc-by,publishedVersion,,42,,,,,FALSE,FALSE,en,,2476,2476,17,15,Dawn Coletta,Yann C. Klimentidis; Sairam Parthasarathy; Lawrence J. Mandarino
https://openalex.org/W4414937288,"Abstract Thu042: Defining Predictive Signatures for Diagnostic, Prognostic, and Therapeutic Indices for Tissue Repair in Chronic Ischemic Heart Failure","Abstract Thu042: Defining Predictive Signatures for Diagnostic, Prognostic, and Therapeutic Indices for Tissue Repair in Chronic Ischemic Heart Failure",,"Introduction: Our team has developed a unique biologically active platform to treat chronic ischemic heart failure that increases the prevalence of alternatively activated M2 macrophage phenotypes in immune competent animal models (mice, rat, swine). This repair mechanism is mediated through endogenous immune modulation in the stromal cell population (PMID: 31075250 , PMID: 38007534).This biologic platform is composed of human induced pluripotent stem cell (iPSC)-derived cardiomyocytes and neonatal fibroblasts on a bioresorbable matrix that is implanted at the site of injury. The biologic restores left ventricular contractile function, increases blood flow, and repairs damaged cardiomyocytes. Hypothesis: Our biologic treatment induced modulation of the immune response, marked by a transition of immune cell transcriptomes from an inflammatory to a reparative state, facilitates the identification of distinct immune markers in peripheral blood, which can serve as a predictive signature for cardiac repair. Methods: We use multivariate analysis to identify biomarker changes in peripheral blood associated with cardiac repair following treatment with our therapeutic. We correlate improvements in cardiac function with detection of a predictive signature using transcriptomics, proteomics, and Multiplex ELISAs. We use peripheral blood samples from heart failure patients to perform coculture experiments to identify cell phenotypes via flow cytometry and analyze associated biomarkers. We will identify differences in predictive signatures based on patient demographics such as age, gender, race, etc. All data will be analyzed for statistical significance between groups (P&lt;0.05). Results: The experiments to date have demonstrated the ability to delineate classically activated from alternatively activated macrophage markers with statistical significance in vitro , giving a platform to test blood-derived tissues exposed to other therapies. Furthermore, the data suggest CD45+ cells exposed to the biologic platform reduce inflammatory markers and elevate alternatively activated macrophage markers in vivo . Conclusions: This work has the potential to be expanded to understand the systemic effects of biologic treatments targeting the immune system in other diseases. Thus, developing this signature can facilitate the development of diagnostics, prognostics, and therapeutics aiming to leverage the immune system that are not specific to our therapeutic or heart failure alone.",https://doi.org/10.1161/res.137.suppl_1.thu042,2025-08-01,2025,0,0,,,article,FALSE,FALSE,closed,NA,FALSE,Circulation Research,https://openalex.org/S10652568,0009-7330,https://openalex.org/P4310315671,Lippincott Williams & Wilkins,https://doi.org/10.1161/res.137.suppl_1.thu042,NA,NA,publishedVersion,,0,,,,,FALSE,FALSE,en,,NA,NA,137,Suppl_1,Dawn Coletta,Paul R. Langlais
https://openalex.org/W4308017125,Development of a Novel Mouse Model of Menopause-associated Asthma,Development of a Novel Mouse Model of Menopause-associated Asthma,,"""Development of a Novel Mouse Model of Menopause-associated Asthma."" American Journal of Respiratory Cell and Molecular Biology, 67(5), pp. 605–609",https://doi.org/10.1165/rcmb.2022-0181le,2022-11-01,2022,0.35899274,3,,,letter,FALSE,TRUE,green,https://www.ncbi.nlm.nih.gov/pmc/articles/9651199,FALSE,American Journal of Respiratory Cell and Molecular Biology,https://openalex.org/S171155024,1044-1549,https://openalex.org/P4310316311,American Thoracic Society,https://doi.org/10.1165/rcmb.2022-0181le,NA,NA,publishedVersion,,14,,,,,FALSE,FALSE,en,,605,609,67,5,Kristian Doyle,Julie G. Ledford
https://openalex.org/W4415991769,A novel composite biomarker score for the identification of cognitive impairment in patients with heart failure: a pilot study,A novel composite biomarker score for the identification of cognitive impairment in patients with heart failure: a pilot study,,"These results establish a Composite Biomarker Cognitive Score, which is predictive of cognitive impairment in HF, and may aid in identifying HF patients suitable for cognitive-protective therapies.",https://doi.org/10.1080/1354750x.2025.2585003,2025-11-07,2025,NA,0,,,article,TRUE,TRUE,hybrid,https://doi.org/10.1080/1354750x.2025.2585003,FALSE,Biomarkers,https://openalex.org/S7166883,1354-750X,https://openalex.org/P4310320547,Taylor & Francis,https://doi.org/10.1080/1354750x.2025.2585003,NA,cc-by,publishedVersion,,63,,,,,FALSE,FALSE,en,,1,16,NA,NA,Kristian Doyle,Lee Ryan
https://openalex.org/W4409626146,Interrogating Steroid Hormone Signaling in a Murine Model of ER+ Human Breast Cancer Bone Metastases,Interrogating Steroid Hormone Signaling in a Murine Model of ER+ Human Breast Cancer Bone Metastases,,"Abstract Text While the importance of estrogen in driving ER+ breast cancer progression is clear, data from pre-clinical studies exploring the role of tumoral progesterone (PR) and androgen (AR) receptors are conflicting, likely due in part to the promiscuity of steroid receptor ligands, as well as relative levels of steroid hormone receptor expression and of steroid hormones within the tumor milieu. While bone is usually the first site of metastases in ER+ metastatic breast cancer, the roles of tumoral PR and AR (present in 58 percent and 86 percent of clinical ER+ bone metastases [BMET], respectively) in ER+ breast cancer progression at this site have not been well studied. Studies were undertaken to examine the effects of ovariectomy (OVX), a model of surgical menopause that significantly reduces endogenous progesterone and androgen levels, in a pre-clinical model of human ER+ bone metastases that is dependent on exogenous 17ß-estradiol (E2) supplementation. Effects of OVX (at 9-weeks of age) were ascertained using skeletally mature female nude mice supplemented with a modest dose of E2 (0.36 mg 60 day pellets) prior to intracardiac inoculation (at 10 weeks of age) with bone metastasis-derived MCF7 cells (43.4M cells) that form robust E2- and TGFß-dependent osteolytic metastasis in vivo, and express PR and AR in vitro. Osteolytic bone metastatic lesions in E2-supplemented mice were reduced in both incidence and size in OVX (vs ovary intact) mice. Anti-tumoral effects of OVX were not limited to bone; E2-driven orthotopic tumor progression was similarly reduced. Histologic assessment of cytokeratin-positive breast cancer tumor cells within bone revealed a small but statistically significant reduction in Ki67-positivity in OVX (vs ovary -intact) mice that correlated with osteolytic lesion size. In addition, PR and AR expression in BMET lesions, which was readily detected by IHC in ovary-intact mice, was markedly reduced in OVX mice. While additional experiments are underway to query possible roles of specific reproductive hormones altered in OVX mice, these results are consistent with the postulate that tumoral AR and PR signaling may promote ER+ bone metastases progression in this model. In addition, while ovariectomy is a common pre-clinical means of reducing estrogen to model natural menopause in women, resultant changes in steroid receptor signaling are clearly much more complex. Funding: NIH 5R25CA275753, 5P30CA023074 Date of Presentation October 17, 2024",https://doi.org/10.1210/endocr/bqaf043.003,2025-04-01,2025,0,0,,,article,TRUE,TRUE,bronze,https://academic.oup.com/endo/article-pdf/166/Supplement_1/bqaf043.003/62960509/bqaf043.003.pdf,FALSE,Endocrinology,https://openalex.org/S157527038,0013-7227,https://openalex.org/P4310311648,Oxford University Press,https://doi.org/10.1210/endocr/bqaf043.003,https://academic.oup.com/endo/article-pdf/166/Supplement_1/bqaf043.003/62960509/bqaf043.003.pdf,NA,publishedVersion,,0,,,,,FALSE,FALSE,en,,NA,NA,166,Supplement_1,Sima Ehsani,Joshua N. Farr
https://openalex.org/W4409626225,Interrogating Steroid Hormone Signaling in a Murine Model of ER+ Human Breast Cancer Bone Metastases,Interrogating Steroid Hormone Signaling in a Murine Model of ER+ Human Breast Cancer Bone Metastases,,"Abstract Text While the importance of estrogen in driving ER+ breast cancer progression is clear, data from pre-clinical studies exploring the role of tumoral progesterone (PR) and androgen (AR) receptors are conflicting, likely due in part to the promiscuity of steroid receptor ligands, as well as relative levels of steroid hormone receptor expression and of steroid hormones within the tumor milieu. While bone is usually the first site of metastases in ER+ metastatic breast cancer, the roles of tumoral PR and AR (present in 58 percent and 86 percent of clinical ER+ bone metastases [BMET], respectively) in ER+ breast cancer progression at this site have not been well studied. Studies were undertaken to examine the effects of ovariectomy (OVX), a model of surgical menopause that significantly reduces endogenous progesterone and androgen levels, in a pre-clinical model of human ER+ bone metastases that is dependent on exogenous 17ß-estradiol (E2) supplementation. Effects of OVX (at 9-weeks of age) were ascertained using skeletally mature female nude mice supplemented with a modest dose of E2 (0.36 mg 60 day pellets) prior to intracardiac inoculation (at 10 weeks of age) with bone metastasis-derived MCF7 cells (43.4M cells) that form robust E2- and TGFß-dependent osteolytic metastasis in vivo, and express PR and AR in vitro. Osteolytic bone metastatic lesions in E2-supplemented mice were reduced in both incidence and size in OVX (vs ovary intact) mice. Anti-tumoral effects of OVX were not limited to bone; E2-driven orthotopic tumor progression was similarly reduced. Histologic assessment of cytokeratin-positive breast cancer tumor cells within bone revealed a small but statistically significant reduction in Ki67-positivity in OVX (vs ovary -intact) mice that correlated with osteolytic lesion size. In addition, PR and AR expression in BMET lesions, which was readily detected by IHC in ovary-intact mice, was markedly reduced in OVX mice. While additional experiments are underway to query possible roles of specific reproductive hormones altered in OVX mice, these results are consistent with the postulate that tumoral AR and PR signaling may promote ER+ bone metastases progression in this model. In addition, while ovariectomy is a common pre-clinical means of reducing estrogen to model natural menopause in women, resultant changes in steroid receptor signaling are clearly much more complex. Funding: NIH 5R25CA275753, 5P30CA023074 Date of Presentation October 17, 2024",https://doi.org/10.1210/endocr/bqaf043.010,2025-04-01,2025,0,0,,,article,TRUE,TRUE,bronze,https://academic.oup.com/endo/article-pdf/166/Supplement_1/bqaf043.010/62960471/bqaf043.010.pdf,FALSE,Endocrinology,https://openalex.org/S157527038,0013-7227,https://openalex.org/P4310311648,Oxford University Press,https://doi.org/10.1210/endocr/bqaf043.010,https://academic.oup.com/endo/article-pdf/166/Supplement_1/bqaf043.010/62960471/bqaf043.010.pdf,NA,publishedVersion,,0,,,,,FALSE,FALSE,en,,NA,NA,166,Supplement_1,Sima Ehsani,Joshua N. Farr
https://openalex.org/W4415453532,SAT-311 Investigating the Effects of Non-Estrogenic Reproductive Hormones on Human Estrogen Receptor-Positive Breast Cancer Bone Metastases in a Murine Model,SAT-311 Investigating the Effects of Non-Estrogenic Reproductive Hormones on Human Estrogen Receptor-Positive Breast Cancer Bone Metastases in a Murine Model,,"Abstract Disclosure: A.L. Babcock: None. J.B. Frye: None. S.A. Whitman: None. A.M. Rossi: None. J.N. Farr: None. S. Ehsani: None. J.L. Funk: None. The role of estrogen in driving the progression of estrogen receptor-positive (ER+) breast cancer (BC) is well-established, yet pre-clinical studies investigating the involvement of tumoral progesterone (PR) and androgen (AR) receptors show conflicting results. This inconsistency is likely due to the promiscuity of steroid receptor ligands and the varying levels of steroid hormones and their receptors within the tumor microenvironment. Although bone is the primary site of metastasis in ER+ metastatic breast cancer, the specific contributions of tumoral PR and AR receptors (found in 59% and 87% of clinical ER+/HER2- bone metastases [BMET], respectively) to progression at this site remain poorly understood. To examine this question, studies were conducted to assess the effects of ovariectomy (OVX), a model of surgical menopause that significantly lowers endogenous estrogen, as well as progesterone and androgen levels, in a pre-clinical model of human ER+ bone metastases that is dependent on supplementation with 17ß-estradiol (E2). In vivo E2-driven osteolytic BMET progression (radiographic and histologic) was compared in OVX (at 9 weeks of age) vs ovary-intact mice using skeletally mature female nude mice supplemented with a low dose of E2 (0.36 mg 60-day pellets) before intracardiac inoculation (at 10 weeks of age) with BMET-derived human BC ER+ MCF7 cells (43.4M cells). Effects of OVX on E2-supplemented orthotopic tumor progression was also examined. Human ER+ MCF7 cells and MCF7-BMET derived cell lines expressed PR and AR in vitro as determined by Western analysis, albeit with lower levels of AR and the PR B isoform in most BMET-derived lines, including 43.4M cells used here. In vivo, the incidence of osteolytic ER+ 43.4M BMET formation was the same in E2-supplemented OVX vs intact mice. However, osteolytic lesion size was reduced by 40.6% in OVX mice. Bone mineral density (BMD) of tumor-free proximal femurs, while slightly lower in E2-supplemented OVX (vs intact mice), was not statistically different. PR and AR proteins were detected in BMET in OVX and intact mice by immunohistochemical staining. However, staining intensity was reduced in OVX’d mice. The anti-tumoral effects of OVX extended beyond bone; E2-driven orthotopic 43.4M tumor growth was also reduced (40% reduction in tumor weight, p=0.03). These results are consistent with the hypothesis that tumoral AR and PR signaling may enhance bone metastasis progression in this human ER+ BMET model. Furthermore, while ovariectomy to reduce estrogen levels is a common method for modeling natural menopause in pre-clinical studies, effects on other steroid receptor signaling pathways may have lower relevance for modeling ovary-intact menopause. Experiments are ongoing to examine effects of a follicle-deplete, ovary-intact model of menopause on ER+ BMET progression. Presentation: Saturday, July 12, 2025",https://doi.org/10.1210/jendso/bvaf149.2453,2025-10-01,2025,0,0,,,article,TRUE,TRUE,gold,https://academic.oup.com/jes/article-pdf/9/Supplement_1/bvaf149.2453/64866040/bvaf149.2453.pdf,FALSE,Journal of the Endocrine Society,https://openalex.org/S2735747656,2472-1972,https://openalex.org/P4310315851,Endocrine Society,https://doi.org/10.1210/jendso/bvaf149.2453,https://academic.oup.com/jes/article-pdf/9/Supplement_1/bvaf149.2453/64866040/bvaf149.2453.pdf,cc-by-nc-nd,publishedVersion,,0,,,,,FALSE,FALSE,en,,NA,NA,9,Supplement_1,Sima Ehsani,Joshua N. Farr
https://openalex.org/W3188977094,Post-acute sequelae of COVID-19 in a non-hospitalized cohort: Results from the Arizona CoVHORT,Post-acute sequelae of COVID-19 in a non-hospitalized cohort: Results from the Arizona CoVHORT,,"Clinical presentation, outcomes, and duration of COVID-19 has ranged dramatically. While some individuals recover quickly, others suffer from persistent symptoms, collectively known as long COVID, or post - acute sequelae of SARS-CoV-2 (PASC). Most PASC research has focused on hospitalized COVID-19 patients with moderate to severe disease. We used data from a diverse population-based cohort of Arizonans to estimate prevalence of PASC, defined as experiencing at least one symptom 30 days or longer, and prevalence of individual symptoms. There were 303 non-hospitalized individuals with a positive lab-confirmed COVID-19 test who were followed for a median of 61 days (range 30–250). COVID-19 positive participants were mostly female (70%), non-Hispanic white (68%), and on average 44 years old. Prevalence of PASC at 30 days post-infection was 68.7% (95% confidence interval: 63.4, 73.9). The most common symptoms were fatigue (37.5%), shortness-of-breath (37.5%), brain fog (30.8%), and stress/anxiety (30.8%). The median number of symptoms was 3 (range 1–20). Amongst 157 participants with longer follow-up (≥60 days), PASC prevalence was 77.1%.",https://doi.org/10.1371/journal.pone.0254347,2021-08-04,2021,22.25378264,175,,,article,TRUE,TRUE,gold,https://journals.plos.org/plosone/article/file?id=10.1371/journal.pone.0254347&type=printable,FALSE,PLoS ONE,https://openalex.org/S202381698,1932-6203,https://openalex.org/P4310315706,Public Library of Science,https://doi.org/10.1371/journal.pone.0254347,https://journals.plos.org/plosone/article/file?id=10.1371/journal.pone.0254347&type=printable,cc-by,publishedVersion,,18,,,,,FALSE,FALSE,en,,e0254347,e0254347,16,8,Leslie Farland,Yann C. Klimentidis
https://openalex.org/W4304589935,Use of oral diabetes medications and the risk of incident dementia in US veterans aged ≥60 years with type 2 diabetes,Use of oral diabetes medications and the risk of incident dementia in US veterans aged ≥60 years with type 2 diabetes,,"Introduction Studies have reported that antidiabetic medications (ADMs) were associated with lower risk of dementia, but current findings are inconsistent. This study compared the risk of dementia onset in patients with type 2 diabetes (T2D) treated with sulfonylurea (SU) or thiazolidinedione (TZD) to patients with T2D treated with metformin (MET). Research design and methods This is a prospective observational study within a T2D population using electronic medical records from all sites of the Veterans Affairs Healthcare System. Patients with T2D who initiated ADM from January 1, 2001, to December 31, 2017, were aged ≥60 years at the initiation, and were dementia-free were identified. A SU monotherapy group, a TZD monotherapy group, and a control group (MET monotherapy) were assembled based on prescription records. Participants were required to take the assigned treatment for at least 1 year. The primary outcome was all-cause dementia, and the two secondary outcomes were Alzheimer’s disease and vascular dementia, defined by International Classification of Diseases (ICD), 9th Revision, or ICD, 10th Revision, codes. The risks of developing outcomes were compared using propensity score weighted Cox proportional hazard models. Results Among 559 106 eligible veterans (mean age 65.7 (SD 8.7) years), the all-cause dementia rate was 8.2 cases per 1000 person-years (95% CI 6.0 to 13.7). After at least 1 year of treatment, TZD monotherapy was associated with a 22% lower risk of all-cause dementia onset (HR 0.78, 95% CI 0.75 to 0.81), compared with MET monotherapy, and 11% lower for MET and TZD dual therapy (HR 0.89, 95% CI 0.86 to 0.93), whereas the risk was 12% higher for SU monotherapy (HR 1.12 95% CI 1.09 to 1.15). Conclusions Among patients with T2D, TZD use was associated with a lower risk of dementia, and SU use was associated with a higher risk compared with MET use. Supplementing SU with either MET or TZD may partially offset its prodementia effects. These findings may help inform medication selection for elderly patients with T2D at high risk of dementia.",https://doi.org/10.1136/bmjdrc-2022-002894,2022-09-01,2022,7.37193924,36,,,article,TRUE,TRUE,gold,https://drc.bmj.com/content/bmjdrc/10/5/e002894.full.pdf,FALSE,BMJ Open Diabetes Research & Care,https://openalex.org/S2764997855,2052-4897,https://openalex.org/P4310319945,BMJ,https://doi.org/10.1136/bmjdrc-2022-002894,https://drc.bmj.com/content/bmjdrc/10/5/e002894.full.pdf,cc-by-nc,publishedVersion,,40,,,,,FALSE,FALSE,en,,e002894,e002894,10,5,Leslie Farland,Roberta Dı́az Brinton; Yann C. Klimentidis; Raymond Q. Migrino
https://openalex.org/W3128133544,Design of the Arizona CoVHORT: A Population-Based COVID-19 Cohort,Design of the Arizona CoVHORT: A Population-Based COVID-19 Cohort,,"This study is a prospective, population-based cohort of individuals with a history of SARS-CoV-2 infection and those without past infection through multiple recruitment sources. The main study goal is to track health status over time, within the diverse populations of Arizona and to identify the long-term consequences of COVID-19 on health and well-being. A total of 2,881 study participants (16.2% with a confirmed SARS-CoV-2 infection) have been enrolled as of December 22, 2020, with a target enrollment of 10,000 participants and a planned follow-up of at least 2 years. This manuscript describes a scalable study design that utilizes a wide range of recruitment sources, leveraging electronic data collection to capture and link longitudinal participant data on the current and emerging issues associated with the COVID-19 pandemic. The cohort is built within a collaborative infrastructure that includes new and established partnerships with multiple stakeholders, including the state's public universities, local health departments, tribes, and tribal organizations. Challenges remain for ensuring recruitment of diverse participants and participant retention, although the electronic data management system and timing of participant contact can help to mitigate these problems.",https://doi.org/10.3389/fpubh.2021.620060,2021-02-10,2021,2.5398509,18,,,article,TRUE,TRUE,gold,https://doi.org/10.3389/fpubh.2021.620060,FALSE,Frontiers in Public Health,https://openalex.org/S2595931848,2296-2565,https://openalex.org/P4310320527,Frontiers Media,https://doi.org/10.3389/fpubh.2021.620060,NA,cc-by,publishedVersion,,37,,,,,FALSE,FALSE,en,,620060,620060,9,NA,Leslie Farland,Karen Lutrick; Yann C. Klimentidis
https://openalex.org/W4206596677,Elucidating symptoms of COVID-19 illness in the Arizona CoVHORT: a longitudinal cohort study,Elucidating symptoms of COVID-19 illness in the Arizona CoVHORT: a longitudinal cohort study,,"Objective To elucidate the symptoms of laboratory-confirmed COVID-19 cases as compared with laboratory-confirmed negative individuals and to the untested general population among all participants who reported symptoms within a large prospective cohort study. Setting and design This work was conducted within the framework of the Arizona CoVHORT, a longitudinal prospective cohort study conducted among Arizona residents. Participants Eligible participants were any individual living in Arizona and were recruited from across Arizona via COVID-19 case investigations, participation in testing studies and a postcard mailing effort. Primary and secondary outcome measures The primary outcome measure was a comparison of the type and frequency of symptoms between COVID-19-positive cases, tested but negative individuals and the general untested population who reported experiencing symptoms consistent with COVID-19. Results Of the 1335 laboratory-confirmed COVID-19 cases, 180 (13.5%) reported having no symptoms. Of those that did report symptoms, the most commonly reported were fatigue (82.2%), headache (74.6%), aches, pains or sore muscles (66.3%), loss of taste or smell (62.8) and cough (61.9%). In adjusted logistic regression models, COVID-19-positive participants were more likely than negative participants to experience loss of taste and smell (OR 12.1; 95% CI 9.6 to 15.2), bone or nerve pain (OR 3.0; 95% CI 2.2 to 4.1), headache (OR 2.6; 95% CI 2.2 to 3.2), nausea (OR 2.4; 95% CI 1.9 to 3.1) or diarrhoea (OR 2.1; 95% CI 1.7 to 2.6). Fatigue (82.9) and headache (74.9) had the highest sensitivities among symptoms, while loss of taste or smell (87.2) and bone or nerve pain (92.9) had the high specificities among significant symptoms associated with COVID-19. Conclusion When comparing confirmed COVID-19 cases with either confirmed negative or untested participants, the pattern of symptoms that discriminates SARS-CoV-2 infection from those arising from other potential circulating pathogens may differ from general reports of symptoms among cases alone.",https://doi.org/10.1136/bmjopen-2021-053403,2022-01-01,2022,0.37554539,3,,,article,TRUE,TRUE,gold,https://bmjopen.bmj.com/content/bmjopen/12/1/e053403.full.pdf,FALSE,BMJ Open,https://openalex.org/S79054089,2044-6055,https://openalex.org/P4310319945,BMJ,https://doi.org/10.1136/bmjopen-2021-053403,https://bmjopen.bmj.com/content/bmjopen/12/1/e053403.full.pdf,cc-by-nc,publishedVersion,,16,,,,,FALSE,FALSE,en,,e053403,e053403,12,1,Leslie Farland,Yann C. Klimentidis
https://openalex.org/W3139770077,Post-acute sequelae of COVID-19 in a non-hospitalized cohort: results from the Arizona CoVHORT,Post-acute sequelae of COVID-19 in a non-hospitalized cohort: results from the Arizona CoVHORT,,"Abstract Clinical presentation, outcomes, and duration of COVID-19 has ranged dramatically. While some individuals recover quickly, others suffer from persistent symptoms, collectively known as post - acute sequelae of SAR-CoV-2 (PASC). Most PASC research has focused on hospitalized COVID-19 patients with moderate to severe disease. We used data from a diverse population-based cohort of Arizonans to estimate prevalence of various symptoms of PASC, defined as experiencing at least one symptom 30 days or longer. There were 303 non-hospitalized individuals with a positive lab-confirmed COVID-19 test who were followed for a median of 61 days (range 30-250). COVID-19 positive participants were mostly female (70%), non-Hispanic white (68%), and on average 44 years old. Prevalence of PASC at 30 days post-infection was 68.7% (95%CI 63.4, 73.9). The most common symptoms were fatigue (37.5%), shortness-of-breath (37.5%), brain fog (30.8%), and stress (30.8%). The median number of symptoms was 3 (range 1-20). Amongst 157 participants with longer follow-up (≥60 days), PASC prevalence was 77.1%.",https://doi.org/10.1101/2021.03.29.21254588,2021-03-31,2021,NA,40,,,preprint,TRUE,TRUE,gold,https://www.medrxiv.org/content/medrxiv/early/2021/03/31/2021.03.29.21254588.full.pdf,FALSE,NA,NA,NA,NA,NA,https://doi.org/10.1101/2021.03.29.21254588,https://www.medrxiv.org/content/medrxiv/early/2021/03/31/2021.03.29.21254588.full.pdf,cc-by-nc-nd,acceptedVersion,,10,,,,,FALSE,FALSE,en,,NA,NA,NA,NA,Leslie Farland,Yann C. Klimentidis
https://openalex.org/W3138683436,Symptoms of COVID-19 in a population-based cohort study,Symptoms of COVID-19 in a population-based cohort study,,"Accurate diagnosis of potential SARS-CoV-2 infections by symptoms is one strategy for continuing global surveillance, particularly in low-resource communities. We conducted a prospective, population-based cohort study, the Arizona CoVHORT, among Arizona residents to elucidate the symptom profile of laboratory-confirmed COVID-19 participants(16.2%) compared to laboratory-confirmed negative(22.4%) and untested general population participants(61.4%). Among the 1514 study participants, those who were COVID-19 positive were more likely to be Hispanic(33.5%) and more likely to report obesity &gt; 30 kg/m 2 (34.7%) compared to COVID-19 negative participants(19.2%; 31.0%) and untested CoVHORT participants(13.8%; 23.8%). Of the 245 laboratory-confirmed COVID-19 cases, 15.0% reported having had no symptoms. Of those that did report symptoms, the most commonly-reported first symptoms were sore throat(19.0%), headache(15.5%), cough(12.7%), runny nose/cold-like symptoms(12.1%), and fatigue(12.0%). In adjusted logistic regression models, COVID-19 positive participants were more likely than negative participants to experience loss of taste and smell(OR:35.7; 95% CI 18.4-69.5); bone or nerve pain(OR:17.9; 95% CI 6.7-47.4), vomiting(OR:10.8; 95% CI 3.1-37.5), nausea(OR:10.5; 95% CI 5.5-19.9), and headache(OR:8.4; 95% CI 5.6-12.8). When comparing confirmed COVID-19 cases with confirmed negative or untested participants, the pattern of symptoms that discriminates SARS-CoV-2 infection from those arising from other potential circulating pathogens may differ from general reports of symptoms among cases alone.",https://doi.org/10.1101/2021.03.20.21254040,2021-03-22,2021,NA,2,,,preprint,TRUE,TRUE,gold,https://www.medrxiv.org/content/medrxiv/early/2021/03/22/2021.03.20.21254040.full.pdf,FALSE,NA,NA,NA,NA,NA,https://doi.org/10.1101/2021.03.20.21254040,https://www.medrxiv.org/content/medrxiv/early/2021/03/22/2021.03.20.21254040.full.pdf,cc-by-nc-nd,acceptedVersion,,14,,,,,FALSE,FALSE,en,,NA,NA,NA,NA,Leslie Farland,Yann C. Klimentidis
https://openalex.org/W4205410032,The relationship between sleep and weight change among women diagnosed with breast cancer participating in the Women’s Health Initiative,The relationship between sleep and weight change among women diagnosed with breast cancer participating in the Women’s Health Initiative,,NA,https://doi.org/10.1007/s10549-021-06486-z,2022-01-10,2022,0,0,,,article,FALSE,FALSE,closed,NA,FALSE,Breast Cancer Research and Treatment,https://openalex.org/S142211178,0167-6806,https://openalex.org/P4310319900,Springer Science+Business Media,https://doi.org/10.1007/s10549-021-06486-z,NA,NA,publishedVersion,,47,,,,,FALSE,FALSE,en,,423,433,192,2,Leslie Farland,Meghan B. Skiba
https://openalex.org/W4206478612,The Relationship Between Sleep and Weight Change Among Women Diagnosed with Breast Cancer Participating in the Women’s Health Initiative,The Relationship Between Sleep and Weight Change Among Women Diagnosed with Breast Cancer Participating in the Women’s Health Initiative,,"Abstract Purpose: Short and long sleep duration and poor sleep quality are risk factors for weight gain and cancer mortality. The purpose of this study is to investigate the relationship between sleep and weight change among postmenopausal breast cancer survivors. Methods : Women participating in the Women’s Health Initiative who were diagnosed with incident breast cancer between year 1 and year 3 were included. Self-reported sleep duration was categorized as ≤5 hours (short), 6 hours, 7-8 hours (optimal), and ≥9 hours (long). Self-reported sleep quality was categorized as poor, average, and above average. Post-diagnosis weight change was the difference of weight closest to, but preceding diagnosis , and year 3 weight. We used linear regression to evaluate sleep duration and sleep quality associations with post-diagnosis weight change adjusted for potential confounders. Results : Among 1,156 participants, 63% were weight stable after diagnosis; average weight gain post cancer diagnosis was 3.2 kg. Six percent of women reported sleeping ≤5 hours, 26% reported 6 hours, 64% reported 7-8 hours, and 4% reported ≥9 hours. There were no differences in adjusted estimates of weight change among participants with short duration (0.37kg; 95%CI -0.88, 1.63), or long duration (-0.56kg; 95% CI -2.03, 0.90) compared to optimal duration, nor was there a difference among poor quality (-0.51kg; 95% CI -1.42, 0.41) compared to above average quality. Conclusion : Among postmenopausal breast cancer survivors, sleep duration and quality were not associated with weight change after breast cancer diagnosis. Future studies should consider capturing change in adiposity and to expand beyond self-reported sleep.",https://doi.org/10.21203/rs.3.rs-906299/v1,2021-10-19,2021,NA,0,,,preprint,TRUE,TRUE,green,https://doi.org/10.21203/rs.3.rs-906299/v1,FALSE,Research Square (Research Square),https://openalex.org/S4306402450,NA,https://openalex.org/I4210096694,Research Square (United States),https://doi.org/10.21203/rs.3.rs-906299/v1,NA,cc-by,acceptedVersion,,38,,,,,FALSE,FALSE,en,,NA,NA,NA,NA,Leslie Farland,Meghan B. Skiba
https://openalex.org/W3178126971,Ethnic Differences in Survival Among Lung Cancer Patients: A Systematic Review,Ethnic Differences in Survival Among Lung Cancer Patients: A Systematic Review,,"Abstract Background Despite a substantially worse risk factor profile, Hispanics in the United States experience lower incidence of many diseases and longer survival than non-Hispanic Whites (NHWs), an epidemiological phenomenon known as the Hispanic Health Paradox (HHP). This systematic review evaluated the published longitudinal literature to address whether this pattern extends to lung cancer survival. Methods Searches of Medline, PubMed, Embase, Web of Science, and the Cochrane Library were conducted for publications dated from January 1, 2000, to July 18, 2018. Records were restricted to articles written in English, employing a longitudinal design, and reporting a direct survival comparison (overall survival [OS], cancer-specific survival [CSS]) between NHW and Hispanic lung cancer patients. Results A final sample of 29 full-text articles were included, with 28 fully adjusted models of OS and 21 of CSS included. Overall, 26 (92.9%) OS models and 20 (95.2%) CSS models documented either no difference (OS = 16, CSS = 11) or a Hispanic survival advantage (OS = 10, CSS = 9). Both larger studies and those including foreign-born Hispanics were more likely to show a Hispanic survival advantage, and 2 studies of exclusively no-smokers showed a survival disadvantage. A number of reporting gaps were identified including Hispanic background and sociodemographic characteristics. Conclusions Hispanics exhibit similar or better survival in the context of lung cancer relative to NHWs despite a considerably worse risk factor profile. These findings support the HHP in the context of lung cancer. Further research is needed to understand the potential mechanisms of the HHP as it relates to lung cancer.",https://doi.org/10.1093/jncics/pkab062,2021-07-02,2021,1.15314643,16,,,review,TRUE,TRUE,gold,https://academic.oup.com/jncics/article-pdf/5/5/pkab062/40215644/pkab062.pdf,FALSE,JNCI Cancer Spectrum,https://openalex.org/S2735282665,2515-5091,https://openalex.org/P4310311648,Oxford University Press,https://doi.org/10.1093/jncics/pkab062,https://academic.oup.com/jncics/article-pdf/5/5/pkab062/40215644/pkab062.pdf,cc-by,publishedVersion,,58,,,,,FALSE,FALSE,en,,NA,NA,5,5,Melissa Flores,John Ruiz
https://openalex.org/W3142163036,Hispanic Ethnic Density May Be Protective for Older Black/African American and Non-Hispanic White Populations for Some Health Conditions: An Exploration of Support and Neighborhood Mechanisms,Hispanic Ethnic Density May Be Protective for Older Black/African American and Non-Hispanic White Populations for Some Health Conditions: An Exploration of Support and Neighborhood Mechanisms,,"Abstract Background and Purpose Hispanic ethnic density (HED) is associated with salubrious health outcomes for Hispanics, yet recent research suggests it may also be protective for other groups. The purpose of this study was to test whether HED was protective for other racial-ethnic groups. We tested whether social support or neighborhood social integration mediated the association between high HED and depressive symptoms (CES-D) and physical morbidity 5 years later. Lastly, we tested whether race-ethnicity moderated both main and indirect effects. Methods We used Waves 1 (2005–2006), and 2 (2010–2011) from The National Social Life, Health, and Aging Project, a national study of older U.S. adults. Our sample was restricted to Wave 1 adults who returned at Wave 2, did not move from their residence between waves, and self-identified as Hispanic, non-Hispanic White (NHW), or non-Hispanic Black (NHB; n = 1,635). We geo-coded respondents’ addresses to a census-tract and overlaid racial–ethnic population data. Moderated-mediation models using multiple imputation (to handle missingness) and bootstrapping were used to estimate indirect effects for all racial–ethnic categories. Results Depressive symptoms were lower amongst racial-ethnic minorities in ethnically (Hispanic) dense neighborhoods; this effect was not stronger in Hispanics. HED was not associated with physical morbidity. Sensitivity analyses revealed that HED was protective for cardiovascular events in all racial–ethnic groups, but not arthritis, or respiratory disease. Social support and neighborhood social integration were not mediators for the association between HED and outcomes, nor were indirect effects moderated by race–ethnicity. Conclusions This study offers some evidence that HED may be protective for some conditions in older adults; however, the phenomena underlying these effects remains a question for future work.",https://doi.org/10.1093/abm/kaab014,2021-04-03,2021,0.93355295,10,,,article,TRUE,TRUE,bronze,https://academic.oup.com/abm/article-pdf/56/1/21/41840690/kaab014.pdf,FALSE,Annals of Behavioral Medicine,https://openalex.org/S92688875,0883-6612,https://openalex.org/P4310311648,Oxford University Press,https://doi.org/10.1093/abm/kaab014,https://academic.oup.com/abm/article-pdf/56/1/21/41840690/kaab014.pdf,NA,publishedVersion,,63,,,,,FALSE,FALSE,en,,21,34,56,1,Melissa Flores,John Ruiz
https://openalex.org/W4318927172,Examining Between-Group Differences in Social Network Density and High-Sensitivity C-Reactive Protein in Older Adults: Implications for the Hispanic Mortality Paradox,Examining Between-Group Differences in Social Network Density and High-Sensitivity C-Reactive Protein in Older Adults: Implications for the Hispanic Mortality Paradox,,"ABSTRACT Objective Hispanic/Latino(x) and African American/Black older adults experience disproportionate cardiometabolic disease burdens when compared with their non-Hispanic White counterparts. Sources of resilience such as social networks have been found to mitigate the risk of this disease and its end points like high-sensitivity C-reactive protein (hs-CRP). However, little is known about the social network infrastructure among these groups. Moreover, existing work has largely ignored the degree to which members of one’s network are connected to one another (network density), which may be important for navigating structural barriers within interdependent groups. The objective of this study was to understand the association between network density and 5-year hs-CRP (blood spot) and whether this association was moderated by race-ethnicity. Methods A subsample of Hispanic/Latino(x), African American/Black, and non-Hispanic White older adults ( N = 1431) from the National Social Life Health and Aging Project was used. Multivariable regression was used to estimate the association between network density and its interaction with race-ethnicity, with hs-CRP 5 years later. Results Although no main effect of network density on 5-year hs-CRP was found, results revealed a significant network density by race-ethnicity interaction (Wald χ 2 (2, 1242) = 3.31, p = .037). Simple slopes analyses revealed that Hispanic/Latino(x) older adults with high network density had significantly lower hs-CRP levels when compared with their same-ethnic counterparts with low network density ( b = −0.73, standard error = 0.31, 95% confidence interval = −1.33 to −0.13, p = .018). Conclusions Results demonstrate population-level differences in social network structure and differential associations of this infrastructure with health. Implications for the Hispanic Mortality Paradox are discussed.",https://doi.org/10.1097/psy.0000000000001157,2022-12-14,2022,0.83485577,4,,,article,TRUE,TRUE,hybrid,https://doi.org/10.1097/psy.0000000000001157,FALSE,Psychosomatic Medicine,https://openalex.org/S78750095,0033-3174,https://openalex.org/P4310315671,Lippincott Williams & Wilkins,https://doi.org/10.1097/psy.0000000000001157,NA,cc-by-nc-nd,publishedVersion,,59,,,,,FALSE,FALSE,en,,165,174,85,2,Melissa Flores,John Ruiz
https://openalex.org/W3122833201,Does the Hispanic Mortality Advantage Vary by Marital Status Among Postmenopausal Women in the Women’s Health Initiative?,Does the Hispanic Mortality Advantage Vary by Marital Status Among Postmenopausal Women in the Women’s Health Initiative?,,"Abstract Background Literature assessing the effect of marital status on mortality has underrepresented, or altogether omitted Hispanics and the potential moderating effect of Hispanic ethnicity on these relationships. Given cultural and network dynamics, marital advantages in older Hispanic women may be greater than other groups given their family-focused, collectivist orientation. Purpose The purpose of this study was to understand whether older Hispanic women exhibited a more pronounced marital advantage as compared with non-Hispanic Whites. Methods We used longitudinal data from the Women’s Health Initiative (WHI) Observational Study and Clinical Trials (N = 161,808) collected initially from 1993 to 1998 and followed until 2018. Our sample excluded those respondents indicating “other” as their race-ethnicity and those missing marital status and race-ethnicity variables (N = 158,814). We used Cox-proportional hazards models to assess the association between race-ethnicity, marital status, and the interactive effect of race-ethnicity and marital status on survival. Results After controlling for socioeconomic status (SES) and health controls, we found a Hispanic survival advantage when compared with non-Hispanic Whites and all other racial-ethnic groups with the exception of Asian/Pacific Islander women (all significant HRs &amp;lt; 0.78, all ps ≤ 0.001). Hispanics had a higher rate of divorce when compared with non-Hispanic Whites. The interactive effect of race-ethnicity and marital status was not significant. Conclusions U.S. Hispanic, postmenopausal women exhibit a mortality advantage over and above marital status despite their high rates of divorce. Implications and potential explanations are discussed. Clinical Trial Registration NCT00000611.",https://doi.org/10.1093/abm/kaaa113,2021-01-15,2021,0.13336471,1,,,article,TRUE,TRUE,bronze,https://academic.oup.com/abm/article-pdf/55/7/612/40505868/kaaa113.pdf,FALSE,Annals of Behavioral Medicine,https://openalex.org/S92688875,0883-6612,https://openalex.org/P4310311648,Oxford University Press,https://doi.org/10.1093/abm/kaaa113,https://academic.oup.com/abm/article-pdf/55/7/612/40505868/kaaa113.pdf,NA,publishedVersion,,45,,,,,FALSE,FALSE,en,,612,620,55,7,Melissa Flores,John Ruiz
https://openalex.org/W4402987045,"A longitudinal study of perceived stress, tangible social support, and gender on Mexican American parental feeding practices.","A longitudinal study of perceived stress, tangible social support, and gender on Mexican American parental feeding practices.",,"Perceived stress among Mexican American parents serves as a barrier to healthful feeding practices. However, both cultural and structural forces may influence pressure to eat behavior in this population. Implications for childhood health are examined. (PsycInfo Database Record (c) 2025 APA, all rights reserved).",https://doi.org/10.1037/hea0001407,2024-09-30,2024,0,0,,,article,FALSE,TRUE,green,https://pmc.ncbi.nlm.nih.gov/articles/PMC12157749/pdf/nihms-2056424.pdf,FALSE,Health Psychology,https://openalex.org/S34137071,0278-6133,https://openalex.org/P4310320262,American Psychological Association,https://doi.org/10.1037/hea0001407,NA,NA,publishedVersion,,0,,,,,FALSE,FALSE,en,,15,26,44,1,Melissa Flores,Celina I. Valencia
https://openalex.org/W4407198842,Does the Hispanic Mortality Advantage Vary by Marital Status Among Postmenopausal Women in the Women’s Health Initiative?,Does the Hispanic Mortality Advantage Vary by Marital Status Among Postmenopausal Women in the Women’s Health Initiative?,,"BACKGROUND: Literature assessing the effect of marital status on mortality has underrepresented, or altogether omitted Hispanics and the potential moderating effect of Hispanic ethnicity on these relationships. Given cultural and network dynamics, marital advantages in older Hispanic women may be greater than other groups given their family-focused, collectivist orientation. PURPOSE: The purpose of this study was to understand whether older Hispanic women exhibited a more pronounced marital advantage as compared with non-Hispanic Whites. METHODS: We used longitudinal data from the Women's Health Initiative (WHI) Observational Study and Clinical Trials (N = 161,808) collected initially from 1993 to 1998 and followed until 2018. Our sample excluded those respondents indicating ""other"" as their race-ethnicity and those missing marital status and race-ethnicity variables (N = 158,814). We used Cox-proportional hazards models to assess the association between race-ethnicity, marital status, and the interactive effect of race-ethnicity and marital status on survival. RESULTS: After controlling for socioeconomic status (SES) and health controls, we found a Hispanic survival advantage when compared with non-Hispanic Whites and all other racial-ethnic groups with the exception of Asian/Pacific Islander women (all significant HRs &lt; 0.78, all ps &le; 0.001). Hispanics had a higher rate of divorce when compared with non-Hispanic Whites. The interactive effect of race-ethnicity and marital status was not significant. CONCLUSIONS: U.S. Hispanic, postmenopausal women exhibit a mortality advantage over and above marital status despite their high rates of divorce. Implications and potential explanations are discussed. CLINICAL TRIAL REGISTRATION: NCT00000611.",https://doi.org/10.17615/xhss-qt24,2025-02-06,2025,0,0,,,article,TRUE,TRUE,green,https://doi.org/10.17615/xhss-qt24,FALSE,UNC Libraries,https://openalex.org/S7407051488,NA,NA,NA,https://doi.org/10.17615/xhss-qt24,NA,NA,NA,,0,,,,,FALSE,FALSE,en,,NA,NA,NA,NA,Melissa Flores,John Ruiz
https://openalex.org/W4408208060,Adapting the NIMHD Research Framework for Type 2 Diabetes-Related Disparities,Adapting the NIMHD Research Framework for Type 2 Diabetes-Related Disparities,,NA,https://doi.org/10.1007/s11892-025-01580-8,2025-03-06,2025,9.50835347,1,,,review,FALSE,FALSE,closed,NA,FALSE,Current Diabetes Reports,https://openalex.org/S92651206,1534-4827,https://openalex.org/P4310319900,Springer Science+Business Media,https://doi.org/10.1007/s11892-025-01580-8,NA,NA,publishedVersion,,170,,,,,FALSE,FALSE,en,,24,24,25,1,Timian Godfrey,Eyitayo Omolara Owolabi
https://openalex.org/W4327550244,Social-Ecological Resilience of Indigenous Adolescents in the United States and Canada,Social-Ecological Resilience of Indigenous Adolescents in the United States and Canada,,"For the past decade, resilience research with American Indian/Alaska Native and First Nations/Métis/Inuit adolescents has improved our understanding of how adolescents overcome mental health challenges. A new situation-specific theory is presented to guide nurses in applying the evidence to their practice with Indigenous adolescents in the United States and Canada. The social-ecological resilience of indigenous adolescents (SERIA) theory was derived from integrating ( a ) existing social-ecological frameworks by Bronfenbrenner, Ungar, and Burnette and Figley, ( b ) findings from a systematic review of 78 studies about resilience factors for mental health of Indigenous adolescents, ( c ) clinical experience, and ( d ) Indigenous knowledge.",https://doi.org/10.1097/ans.0000000000000483,2023-03-16,2023,1.04234766,2,,,review,FALSE,FALSE,closed,NA,FALSE,Advances in Nursing Science,https://openalex.org/S22017307,0161-9268,https://openalex.org/P4310315671,Lippincott Williams & Wilkins,https://doi.org/10.1097/ans.0000000000000483,NA,NA,publishedVersion,,39,,,,,FALSE,FALSE,en,,3,15,47,1,Timian Godfrey,Ruth E. Taylor‐Piliae
https://openalex.org/W4399686310,715-P: Multilevel Health Care System Factors Influencing Type 2 Diabetes Disparities in the United States—An Integrative Review,715-P: Multilevel Health Care System Factors Influencing Type 2 Diabetes Disparities in the United States—An Integrative Review,,"Introduction: In the United States, minority populations are disproportionately impacted by and experience worsened outcomes from type 2 diabetes (T2D). The National Institute of Minority Health and Health Disparities (NIMHD) Research Framework guided this study to synthesize the scientific evidence identifying health care system factors influencing T2D health disparities among minority populations in the US. Methods: A literature search was conducted on PubMed, CINAHL, PsycINFO, and Scopus for articles published between 2017 and 2023 with outcomes of glucose homeostasis and T2D disparities in minority populations (as defined by NIMHD). Two reviewers independently extracted data for descriptive and narrative analysis. Results: Among the 108 included studies, 33 (30.5%) reported associations between measures of glucose homeostasis and multilevel factors in the health care system. Within this domain, most studies were conducted at the community (30.3%) and individual (21%) levels, with only 15% including multiple levels. The overarching factors influencing T2D disparities included: 1) Treatment preferences, 2) Multidisciplinary approaches, 3) Technology enhanced education and support, 4) Language translation services, 5) Integrated clinical and community care approaches, 6) Access to services in rural areas, 7) Insurance access/coverage/stability, and 8) Racism and discrimination. Conclusions: Studies included in this review highlight the complex interplay between the levels of influence in the NIMHD framework, the health care system, and the subsequent outcome of T2D disparities. More studies are needed across multiple levels of influence in the health care system to better understand drivers of these inequities and inform T2D health disparities research and practice. Disclosure T. Godfrey: None. E.O. Owolabi: None. M. Singh: None. M. Diaz: None. M. Braxton: None. G.Q. Shaibi: None.",https://doi.org/10.2337/db24-715-p,2024-06-14,2024,0,0,,,article,FALSE,FALSE,closed,NA,FALSE,Diabetes,https://openalex.org/S129060628,0012-1797,https://openalex.org/P4310320274,American Diabetes Association,https://doi.org/10.2337/db24-715-p,NA,NA,publishedVersion,,0,,,,,FALSE,FALSE,en,,NA,NA,73,Supplement_1,Timian Godfrey,Eyitayo Omolara Owolabi
https://openalex.org/W4399689200,538-P: Multilevel Behavioral Drivers of Type 2 Diabetes Disparities in the United States—An Integrative Review,538-P: Multilevel Behavioral Drivers of Type 2 Diabetes Disparities in the United States—An Integrative Review,,"Introduction: Type 2 diabetes (T2D) disproportionately impacts minority populations. The National Institute of Minority Health and Health Disparities (NIMHD) Research Framework identifies drivers of health disparities across multiple levels and domains. This study synthesized evidence on the behavioral drivers of T2D disparities among minority populations in the US and categorized them across individual, interpersonal, community, and societal levels. Methods: Relevant articles were retrieved from PubMed, CINAHL, PsycINFO, and Scopus. Eligible studies, defined as studies published between 2017 and 2023 that report glycemic measures or differences in T2D prevalence or related outcomes for US minority populations were abstracted and summarized descriptively. Results: Of the 108 included studies, 28 (26%) addressed behavioral drivers or strategies for addressing T2D disparities, the majority of which were at the individual level 20 (71%), 7(25%) at the community level, and 1(4%) at the interpersonal level. Individual-level drivers included physical activity, dietary practices, dysfunctional eating, sleep quality and duration, health-seeking behavior, and coping strategies such as anxiety, stress, depression, or distress. The interpersonal-level factors were emotional and maternal abuse. The identified community-level interventions to improve T2D outcomes included lifestyle interventions, self-management education, and interventions aimed at improving resilience. No identified behavioral factors at the societal level. Conclusions: This review identified a persistent focus on individual-level behavioral drivers of T2D disparities. Given the clear evidence that disparities in T2D are the result of upstream factors, more studies are needed at the interpersonal, community, and societal levels to inform comprehensive interventions and policies aimed at reducing T2D disparities. Disclosure E.O. Owolabi: None. M. Diaz: None. M. Braxton: None. T. Godfrey: None. M. Singh: None. A.M. Rascon: None. G.Q. Shaibi: None.",https://doi.org/10.2337/db24-538-p,2024-06-14,2024,0,0,,,article,FALSE,FALSE,closed,NA,FALSE,Diabetes,https://openalex.org/S129060628,0012-1797,https://openalex.org/P4310320274,American Diabetes Association,http://dx.doi.org/10.2337/db24-538-p,NA,NA,publishedVersion,,0,,,,,FALSE,FALSE,en,,NA,NA,73,Supplement_1,Timian Godfrey,Eyitayo Omolara Owolabi
https://openalex.org/W4385611238,Blood Transcriptomic Analyses Reveal Functional Pathways Associated with Thermotolerance in Pregnant Ewes Exposed to Environmental Heat Stress,Blood Transcriptomic Analyses Reveal Functional Pathways Associated with Thermotolerance in Pregnant Ewes Exposed to Environmental Heat Stress,,"Environmental heat stress triggers a series of compensatory mechanisms in sheep that are dependent on their genetic regulation of thermotolerance. Our objective was to identify genes and regulatory pathways associated with thermotolerance in ewes exposed to heat stress. We performed next-generation RNA sequencing on blood collected from 16 pregnant ewes, which were grouped as tolerant and non-tolerant to heat stress according to a physiological indicator. Additional samples were collected to measure complete blood count. A total of 358 differentially expressed genes were identified after applying selection criteria. Gene expression analysis detected 46 GO terms and 52 KEGG functional pathways. The top-three signaling pathways were p53, RIG-I-like receptor and FoxO, which suggested gene participation in biological processes such as apoptosis, cell signaling and immune response to external stressors. Network analysis revealed ATM, ISG15, IRF7, MDM4, DHX58 and TGFβR1 as over-expressed genes with high regulatory potential. A co-expression network involving the immune-related genes ISG15, IRF7 and DXH58 was detected in lymphocytes and monocytes, which was consistent with hematological findings. In conclusion, transcriptomic analysis revealed a non-viral immune mechanism involving apoptosis, which is induced by external stressors and appears to play an important role in the molecular regulation of heat stress tolerance in ewes.",https://doi.org/10.3390/genes14081590,2023-08-06,2023,2.13563412,8,,,article,TRUE,TRUE,gold,https://www.mdpi.com/2073-4425/14/8/1590/pdf?version=1691310586,FALSE,Genes,https://openalex.org/S194631498,2073-4425,https://openalex.org/P4310310987,Multidisciplinary Digital Publishing Institute,https://doi.org/10.3390/genes14081590,https://www.mdpi.com/2073-4425/14/8/1590/pdf?version=1691310586,cc-by,publishedVersion,,84,,,,,FALSE,FALSE,en,,1590,1590,14,8,RAVI GOYAL,Sean W. Limesand
https://openalex.org/W4389209766,Elevated Norepinephrine Stimulates Adipocyte Hyperplasia in Ovine Fetuses With Placental Insufficiency and IUGR,Elevated Norepinephrine Stimulates Adipocyte Hyperplasia in Ovine Fetuses With Placental Insufficiency and IUGR,,"Abstract Prevailing hypoxemia and hypoglycemia in near-term fetuses with placental insufficiency-induced intrauterine growth restriction (IUGR) chronically increases norepinephrine concentrations, which lower adrenergic sensitivity and lipid mobilization postnatally, indicating a predisposition for adiposity. To determine adrenergic-induced responses, we examined the perirenal adipose tissue transcriptome from IUGR fetuses with or without hypercatecholaminemia. IUGR was induced in sheep with maternal hyperthermia, and hypercatecholaminemia in IUGR was prevented with bilateral adrenal demedullation. Adipose tissue was collected from sham-operated control (CON) and IUGR fetuses and adrenal-demedullated control (CAD) and IUGR (IAD) fetuses. Norepinephrine concentrations were lower in IAD fetuses than in IUGR fetuses despite both being hypoxemic and hypoglycemic. In IUGR fetuses, perirenal adipose tissue mass relative to body mass was greater compared with the CON, adrenal-demedullated control, and IAD groups. Transcriptomic analysis identified 581 differentially expressed genes (DEGs) in CON vs IUGR adipose tissue and 193 DEGs in IUGR vs IAD adipose tissue. Integrated functional analysis of these 2 comparisons showed enrichment for proliferator-activated receptor signaling and metabolic pathways and identified adrenergic responsive genes. Within the adrenergic-regulated DEGs, we identified transcripts that regulate adipocyte proliferation and differentiation: adipogenesis regulatory factor, C/CCAAT/enhancer binding protein α, and sterol carrier protein 2. DEGs associated with the metabolic pathway included pyruvate dehydrogenase kinase 4, 6-phosphofructo-2-kinase/fructose-2,6-biphosphatase 4, IGF-binding proteins (IGFBP-5 and IGFBP-7). Sex-specific expression differences were also found for adipogenesis regulatory factor, pyruvate dehydrogenase kinase 4, IGFBP5, and IGFBP7. These findings indicate that sustained adrenergic stimulation during IUGR leads to adipocyte hyperplasia with alterations in metabolism, proliferation, and preadipocyte differentiation pathways.",https://doi.org/10.1210/endocr/bqad177,2023-11-20,2023,8.83179327,5,,,article,TRUE,TRUE,bronze,https://academic.oup.com/endo/article-pdf/165/1/bqad177/54729411/bqad177.pdf,FALSE,Endocrinology,https://openalex.org/S157527038,0013-7227,https://openalex.org/P4310311648,Oxford University Press,https://doi.org/10.1210/endocr/bqad177,https://academic.oup.com/endo/article-pdf/165/1/bqad177/54729411/bqad177.pdf,NA,publishedVersion,,105,,,,,FALSE,FALSE,en,,NA,NA,165,1,RAVI GOYAL,Sean W. Limesand
https://openalex.org/W4404956607,Intrauterine fetal growth restriction in sheep leads to sexually dimorphic programming of Preadipocytes' differentiation potential,Intrauterine fetal growth restriction in sheep leads to sexually dimorphic programming of Preadipocytes' differentiation potential,,"Abstract Fetal growth restriction (FGR) is a risk factor for obesity in adult life. Importantly, growth‐restricted females are more prone to obesity than males. The mechanisms involved in this sexually dimorphic programming are not known. Previously, we have demonstrated that ambient hyperthermia (40°C) led to placental insufficiency and significant FGR, and the perirenal adipose tissue undergoes sexually dimorphic gene expression. We demonstrated that males undergo significant changes in gene expression with growth restriction. This was not the case in females. We have also demonstrated that the isolated preadipocytes from male FGR (MFGR) have reduced differentiation potential compared to control males &amp; females and female FGR (FFGR). Thus, we hypothesized that growth restriction differentially programs gene expression and genetic pathways in perirenal preadipocytes, which reduces their differentiation potential in male fetuses in a sexually dimorphic manner. We created FGR by exposing pregnant sheep to ambient hyperthermia. After isolating preadipocytes from perirenal adipose tissue, we differentiated them following published protocols. We examined the gene expression before and after differentiation from control male, control female, MFGR, and FFGR female. We also compared our data with other published studies in mouse and human preadipocytes. Our results demonstrate that a set of 21 genes altered with preadipocyte differentiation to mature adipocytes is common in adipose tissue from both sexes, humans, mice, and sheep, at different organismal ages (embryonic, fetal, and adult) and different sites (subcutaneous inguinal, pancreatic, perirenal). We also demonstrate that female FFGR fetuses demonstrate all these 21 genes altered similar to control males and females; however, MFGR fetuses have six genes (Dgat2, Fabp4, Lipe, Lrrfip1, Spred3, and Thrsp) that are not changed with preadipocyte differentiation to mature adipocyte. These genes may be responsible for reduced differentiation potential and obesity in FGR males compared to FGR females. Another important finding of the present study is that Lrrfip1, known to be associated with obesity, was upregulated with FGR and requires further investigation. Overall, our studies provide several target genes that may play a crucial role in reducing the risk of MFGR for obesity.",https://doi.org/10.14814/phy2.70143,2024-12-01,2024,9.45853796,2,,,article,TRUE,TRUE,gold,https://onlinelibrary.wiley.com/doi/pdfdirect/10.14814/phy2.70143,FALSE,Physiological Reports,https://openalex.org/S91696817,2051-817X,https://openalex.org/P4310320595,Wiley,https://doi.org/10.14814/phy2.70143,https://onlinelibrary.wiley.com/doi/pdfdirect/10.14814/phy2.70143,cc-by,publishedVersion,,43,,,,,FALSE,FALSE,en,,e70143,e70143,12,23,RAVI GOYAL,Sean W. Limesand
https://openalex.org/W4385577658,Sexual dimorphic gene expression profile of perirenal adipose tissue in ovine fetuses with growth restriction,Sexual dimorphic gene expression profile of perirenal adipose tissue in ovine fetuses with growth restriction,,"Worldwide, fetal growth restriction (FGR) affects 7%–10% of pregnancies, or roughly 20.5 million infants, each year. FGR increases not only neonatal mortality and morbidity but also the risk of obesity in later life. Currently, the molecular mechanisms by which FGR “programs” an obese phenotype are not well understood. Studies demonstrate that FGR females are more prone to obesity compared to males; however, the molecular mechanisms that lead to the sexually dimorphic programming of FGR are not known. Thus, we hypothesized that FGR leads to the sexually dimorphic programming of preadipocytes and reduces their ability to differentiate into mature adipocytes. To test the hypothesis, we utilized a maternal hyperthermia-induced placental insufficiency to restrict fetal growth in sheep. We collected perirenal adipose tissue from near-term (∼140 days gestation) male and female FGR and normal-weight fetal lambs ( N = 4 to 5 in each group), examined the preadipocytes’ differentiation potential, and identified differential mRNA transcript expression in perirenal adipose tissue. Male FGR fetuses have a lower cellular density (nuclei number/unit area) compared to control male fetuses. However, no difference was observed in female FGR fetuses compared to control female fetuses. In addition, the ability of preadipocytes to differentiate into mature adipocytes with fat accumulation was impaired in male FGR fetuses, but this was not observed in female FGR fetuses. Finally, we examined the genes and pathways involved in the sexually dimorphic programming of obesity by FGR. On enrichment of differentially expressed genes in males compared to females, the Thermogenesis KEGG Pathway was downregulated, and the Metabolic and Steroid Biosynthesis KEGG pathways were upregulated. On enrichment of differentially expressed genes in male FGR compared to male control, the Steroid Biosynthesis KEGG Pathway was downregulated, and the PPAR Signaling KEGG pathway was upregulated. No pathways were altered in females in response to growth restriction in perirenal adipose tissue. Thus, the present study demonstrates a sexually dimorphic program in response to growth restriction in sheep fetal perirenal adipose tissue.",https://doi.org/10.3389/fphys.2023.1179288,2023-08-04,2023,3.5327173100000002,2,,,article,TRUE,TRUE,gold,https://www.frontiersin.org/articles/10.3389/fphys.2023.1179288/pdf,FALSE,Frontiers in Physiology,https://openalex.org/S52732750,1664-042X,https://openalex.org/P4310320527,Frontiers Media,https://doi.org/10.3389/fphys.2023.1179288,https://www.frontiersin.org/articles/10.3389/fphys.2023.1179288/pdf,cc-by,publishedVersion,,62,,,,,FALSE,FALSE,en,,1179288,1179288,14,NA,RAVI GOYAL,Sean W. Limesand
https://openalex.org/W3217703189,Epigenetic Modifications Guide Maturational Processes in Rat Pancreatic Islets,Epigenetic Modifications Guide Maturational Processes in Rat Pancreatic Islets,,NA,https://doi.org/10.1210/endocr/bqab243,2021-11-29,2021,0,0,,,letter,TRUE,TRUE,bronze,https://academic.oup.com/endo/article-pdf/163/1/bqab243/41784465/bqab243.pdf,FALSE,Endocrinology,https://openalex.org/S157527038,0013-7227,https://openalex.org/P4310311648,Oxford University Press,https://doi.org/10.1210/endocr/bqab243,https://academic.oup.com/endo/article-pdf/163/1/bqab243/41784465/bqab243.pdf,NA,publishedVersion,,8,,,,,FALSE,FALSE,en,,NA,NA,163,1,RAVI GOYAL,Sean W. Limesand
https://openalex.org/W4323568854,Sexual Dimorphic Gene Expression Profile of Perirenal Adipose Tissue in Ovine Fetuses with Growth Restriction,Sexual Dimorphic Gene Expression Profile of Perirenal Adipose Tissue in Ovine Fetuses with Growth Restriction,,"Abstract Worldwide, fetal growth restriction (FGR) affects 7 to 10% of pregnancies, or roughly 20.5 million infants, each year. FGR not only increases neonatal mortality and morbidity but also the risk of obesity in later life. Currently, the molecular mechanisms by which FGR “programs” an obese phenotype are not well understood. Studies demonstrate that FGR females are more prone to obesity compared to males; however, the molecular mechanisms that lead to the sexually dimorphic programming of FGR are not known. Thus, we hypothesized that FGR leads to the sexually dimorphic programming of preadipocytes and reduces their ability to differentiate into mature adipocytes . To test the hypothesis, we utilized a maternal hyperthermia-induced placental insufficiency to restrict fetal growth in sheep. We collected perirenal adipose tissue from male and female near-term FGR and normal-weight fetal lambs (N=4 in each group, 16 total), examined the preadipocytes’ differentiation potential, and identified differential mRNA transcript expression in perirenal adipose tissue. Male FGR fetuses have lower cellular density compared to control male fetuses. However, no difference was observed in female FGR fetuses compared to control female fetuses. In addition, the ability of preadipocytes to differentiate into mature adipocytes with fat accumulation was impaired in male FGR fetuses, but this was not observed in female FGR fetuses. Finally, we examined the genes and pathways involved in the sexually dimorphic programming of obesity by FGR. On enrichment of differentially expressed genes in males compared to females, the Thermogenesis KEGG Pathway was downregulated, and the Metabolic and Steroid Biosynthesis KEGG pathways were upregulated. On enrichment of differentially expressed genes in male FGR compared to male control, the Steroid Biosynthesis KEGG Pathway was downregulated, and the PPAR Signaling KEGG pathway was upregulated. No pathways were altered in females in response to growth restriction in perirenal adipose tissue. Thus, the present study demonstrates a sexually dimorphic program in response to growth restriction in sheep fetal perirenal adipose tissue.",https://doi.org/10.1101/2023.03.04.531079,2023-03-05,2023,NA,0,,,preprint,TRUE,TRUE,gold,https://www.biorxiv.org/content/biorxiv/early/2023/03/05/2023.03.04.531079.full.pdf,FALSE,NA,NA,NA,NA,NA,http://dx.doi.org/10.1101/2023.03.04.531079,https://www.biorxiv.org/content/biorxiv/early/2023/03/05/2023.03.04.531079.full.pdf,NA,acceptedVersion,,47,,,,,FALSE,FALSE,en,,NA,NA,NA,NA,RAVI GOYAL,Sean W. Limesand
https://openalex.org/W4366420851,"Vascular Stem Cells and the Role of B-Raf Kinase in Survival, Proliferation, and Apoptosis","Vascular Stem Cells and the Role of B-Raf Kinase in Survival, Proliferation, and Apoptosis",,"Neovascularization is an essential process in organismal development and aging. With aging, from fetal to adult life, there is a significant reduction in neovascularization potential. However, the pathways which play a role in increased neovascularization potential during fetal life are unknown. Although several studies proposed the idea of vascular stem cells (VSCs), the identification and essential survival mechanism are still not clear. In the present study, we isolated fetal VSCs from the ovine carotid artery and identified the pathways involved in their survival. We tested the hypothesis that fetal vessels contain a population of VSCs, and that B-Raf kinase is required for their survival. We conducted viability, apoptotic, and cell cycle stage assays on fetal and adult carotid arteries and isolated cells. To determine molecular mechanisms, we conducted RNAseq, PCR, and western blot experiments to characterize them and identify pathways essential for their survival. Results: A stem cell-like population was isolated from fetal carotid arteries grown in serum-free media. The isolated fetal VSCs contained markers for endothelial, smooth muscle, and adventitial cells, and formed a de novo blood vessel ex vivo. A transcriptomic analysis that compared fetal and adult arteries identified pathway enrichment for several kinases, including B-Raf kinase in fetal arteries. Furthermore, we demonstrated that B-Raf- Signal Transducer and Activator of Transcription 3 (STAT3)-Bcl2 is critical for the survival of these cells. Fetal arteries, but not adult arteries, contain VSCs, and B-Raf-STAT3-Bcl2 plays an important role in their survival and proliferation.",https://doi.org/10.3390/ijms24087483,2023-04-19,2023,0,0,,,article,TRUE,TRUE,gold,https://www.mdpi.com/1422-0067/24/8/7483/pdf?version=1681883515,FALSE,International Journal of Molecular Sciences,https://openalex.org/S10623703,1422-0067,https://openalex.org/P4310310987,Multidisciplinary Digital Publishing Institute,https://doi.org/10.3390/ijms24087483,https://www.mdpi.com/1422-0067/24/8/7483/pdf?version=1681883515,cc-by,publishedVersion,,51,,,,,FALSE,FALSE,en,,7483,7483,24,8,RAVI GOYAL,Sean W. Limesand
https://openalex.org/W4367301804,JoVE Video Dataset,JoVE Video Dataset,,"The ability of an organism to maintain a constant blood flow to the brain in response to sudden surges in systemic blood pressure (BP) is known as cerebral autoregulation (CAR), which occurs in the carotid artery. In contrast to full-term neonates, preterm neonates are unable to reduce the cerebral blood flow (CBF) in response to increased systemic BP. In preterm neonates, this exposes the fragile cerebral vessels to high perfusion pressures, leading to their rupture and brain damage. Ex vivo studies using wire myography have demonstrated that carotid arteries from near-term fetuses constrict in response to the activation of adrenergic alpha1 receptors. This response is blunted in the preterm fetus. Thus, to examine the role of alpha1-AR in vivo, presented here is an innovative approach to determine the effects of drugs on a carotid arterial segment in vivo in an ovine fetus during the developmental progression of gestation. The presented data demonstrate the simultaneous measurement of fetal blood flow and blood pressure. The perivascular delivery system can be used to conduct a long-term study over several days. Additional applications for this method could include viral delivery systems to alter the expression of genes in a segment of the carotid artery. These methods could be applied to other blood vessels in the growing organism in utero as well as in adult organisms.",https://doi.org/10.3791/64551-v,2023-04-29,2023,NA,0,,,article,FALSE,FALSE,closed,NA,FALSE,NA,NA,NA,NA,NA,http://dx.doi.org/10.3791/64551-v,NA,NA,publishedVersion,,0,,,,,FALSE,FALSE,pt,,NA,NA,NA,NA,RAVI GOYAL,Sean W. Limesand
https://openalex.org/W4367301842,&lt;em&gt;In Vivo&lt;/em&gt; Real-Time Study of Drug Effects on Carotid Blood Flow in the Ovine Fetus,&lt;em&gt;In Vivo&lt;/em&gt; Real-Time Study of Drug Effects on Carotid Blood Flow in the Ovine Fetus,,"The ability of an organism to maintain a constant blood flow to the brain in response to sudden surges in systemic blood pressure (BP) is known as cerebral autoregulation (CAR), which occurs in the carotid artery. In contrast to full-term neonates, preterm neonates are unable to reduce the cerebral blood flow (CBF) in response to increased systemic BP. In preterm neonates, this exposes the fragile cerebral vessels to high perfusion pressures, leading to their rupture and brain damage. Ex vivo studies using wire myography have demonstrated that carotid arteries from near-term fetuses constrict in response to the activation of adrenergic alpha1 receptors. This response is blunted in the preterm fetus. Thus, to examine the role of alpha1-AR in vivo, presented here is an innovative approach to determine the effects of drugs on a carotid arterial segment in vivo in an ovine fetus during the developmental progression of gestation. The presented data demonstrate the simultaneous measurement of fetal blood flow and blood pressure. The perivascular delivery system can be used to conduct a long-term study over several days. Additional applications for this method could include viral delivery systems to alter the expression of genes in a segment of the carotid artery. These methods could be applied to other blood vessels in the growing organism in utero as well as in adult organisms.",https://doi.org/10.3791/64551,2023-04-28,2023,0,0,,,article,FALSE,FALSE,closed,NA,FALSE,Journal of Visualized Experiments,https://openalex.org/S199738284,1940-087X,https://openalex.org/P4310320416,MyJOVE,http://dx.doi.org/10.3791/64551,NA,NA,publishedVersion,,0,,,,,FALSE,FALSE,en,,NA,NA,NA,194,RAVI GOYAL,Sean W. Limesand
https://openalex.org/W4306742401,"Associations between Insomnia Symptoms and Anxiety Symptoms in Adults in a Community Sample of Southeastern Pennsylvania, USA","Associations between Insomnia Symptoms and Anxiety Symptoms in Adults in a Community Sample of Southeastern Pennsylvania, USA",,"Although insomnia is reliably associated with anxiety symptoms, aspects of insomnia may differentially relate to one anxiety symptom versus another. Therefore, treatment for insomnia comorbidity with anxiety might be individually tailored to optimize treatment response. Working from this hypothesis, we analyzed data from a survey of 1007 community-dwelling adults. Insomnia was measured using the Insomnia Severity Index (ISI), categorizing items as nighttime disturbances, daytime dysfunction, or self-perceived dissatisfaction. Anxiety symptoms were measured with the Generalized Anxiety Disorder 7-item questionnaire (GAD-7). Linear and binomial logistic regression were used and adjusted for covariates. Post hoc forward stepwise analyses determined which components of the insomnia contributed to individual anxiety symptoms. Significant associations between nighttime disturbance (β = 0.88 [0.44, 1.3]), daytime dysfunction (β = 1.30 [0.81, 1.80]), dissatisfaction (β = 1.20 [0.60, 1.7]) and total GAD-7 score were maintained after adjusting for covariates. Nighttime disturbance was associated with excess worrying, restlessness, irritability, and fear of catastrophe. Daytime dysfunction was associated with all symptoms except for fear of catastrophe, and self-perceived dissatisfaction was associated with all symptoms except irritability. Stepwise analyses revealed that daytime dysfunction and dissatisfaction were most consistently related to anxiety symptoms. Greater attention should be paid to daytime dysfunction in patients with insomnia and anxiety, as improving daytime functioning may improve anxiety.",https://doi.org/10.3390/diseases10040092,2022-10-18,2022,0.98397502,5,,,article,TRUE,TRUE,gold,https://www.mdpi.com/2079-9721/10/4/92/pdf?version=1666860018,FALSE,Diseases,https://openalex.org/S2736521255,2079-9721,https://openalex.org/P4310310987,Multidisciplinary Digital Publishing Institute,https://doi.org/10.3390/diseases10040092,https://www.mdpi.com/2079-9721/10/4/92/pdf?version=1666860018,cc-by,publishedVersion,,35,,,,,FALSE,FALSE,en,,92,92,10,4,Michael Grandner,Jordan F. Karp
https://openalex.org/W4281774748,0017 Murder on the Midnight Express: Nocturnal Wakefulness and Homicide Risk,0017 Murder on the Midnight Express: Nocturnal Wakefulness and Homicide Risk,,"Abstract Introduction There is a nocturnal peak in incident suicide risk after adjusting for population wakefulness (Perlis et al., 2016; Tubbs et al., 2020). This peak in risk is hypothesized to result from a series of negative changes in mood, reward processing, and executive function that occur at night and increase the propensity for dysregulated and violent behaviors. Although the unadjusted incidence of dying by homicide is elevated at night, no existing studies of time-of-day and death by violent crime have adjusted for population wakefulness. Methods Data from 48,486 homicide victims with a known time of fatal injury were collected from the National Violent Death Reporting System (NVDRS) for 2003-2017, tabulated by clock hour, age, sex, race, and ethnicity, and combined with population wakefulness data from the American Time Use Survey (ATUS) for the same years. Homicide counts were additionally characterized by the proportion of cases with blood alcohol level (BAL) of 0, &amp;lt;80mg/dl, or ≥80mg/dl at autopsy and modeled using robust Poisson regression with population wakefulness entered as an offset term, thus producing hourly incident risk ratios (IRR). Results Homicide counts were lowest in the morning (6AM-7AM) and highest at night (10PM-11PM). After adjusting for population wakefulness, the incident risk for death by homicide was elevated between 10PM and 5AM compared to the 24-hour average, with the highest risk between 2AM (IRR: 8.25 [6.62-10.3]) and 3AM (IRR: 7.22 [6.04-8.64]). Moreover, the adjusted risk of dying by homicide was significantly greater at night for those with a BAL≥80mg/dl, such that the risk at 2AM was 13.8-fold greater than the 24-hour average (IRR: 13.8 [10.6-18.1]). Conclusion The risk of homicide death is higher at night after adjusting for population wakefulness and especially among those with alcohol intoxication. Although homicide victims do not choose when to die (unlike suicide victims), neurophysiological changes at night may promote risky behaviors or put victims in more dangerous circumstances than they would be otherwise. Future research should examine sociodemographic, clinical, and circadian risk factors for death by homicide, as well as examine time-of-day patterns in other violent crimes. Support (If Any)",https://doi.org/10.1093/sleep/zsac079.016,2022-05-25,2022,0,1,,,article,TRUE,TRUE,bronze,https://academic.oup.com/sleep/article-pdf/45/Supplement_1/A7/43842407/zsac079.016.pdf,FALSE,SLEEP,https://openalex.org/S42921845,0161-8105,https://openalex.org/P4310311648,Oxford University Press,https://doi.org/10.1093/sleep/zsac079.016,https://academic.oup.com/sleep/article-pdf/45/Supplement_1/A7/43842407/zsac079.016.pdf,NA,publishedVersion,,0,,,,,FALSE,FALSE,en,,A7,A7,45,Supplement_1,Michael Grandner,Jordan F. Karp
https://openalex.org/W3127705193,Prescription medications for insomnia are associated with suicidal thoughts and behaviors in two nationally representative samples,Prescription medications for insomnia are associated with suicidal thoughts and behaviors in two nationally representative samples,,NA,https://doi.org/10.5664/jcsm.9096,2021-02-09,2021,3.25187991,25,,,article,FALSE,TRUE,green,https://www.ncbi.nlm.nih.gov/pmc/articles/8320505,FALSE,Journal of Clinical Sleep Medicine,https://openalex.org/S48878068,1550-9389,https://openalex.org/P4310315582,American Academy of Sleep Medicine,https://doi.org/10.5664/jcsm.9096,NA,NA,publishedVersion,,36,,,,,FALSE,FALSE,en,,1025,1030,17,5,Michael Grandner,Jordan F. Karp; Sairam Parthasarathy
https://openalex.org/W4313489296,"Sleep continuity, timing, quality, and disorder are associated with suicidal ideation and suicide attempts among college students","Sleep continuity, timing, quality, and disorder are associated with suicidal ideation and suicide attempts among college students",,"<b>Objective<i>:</i></b> To evaluate sleep continuity, timing, quality, and disorder in relation to suicidal ideation and attempts among college students. <b>Participants:</b> Eight hundred eighty-five undergraduates aged 18-25 in the southwestern United States. <b>Methods:</b> Participants completed questionnaires on sleep, suicide risk, mental health, and substance use. Differences in sleep variables were compared by lifetime and recent suicidal ideation and suicide attempts using covariate-adjusted and stepwise regression models. <b>Results:</b> A total of 363 (41.0%) individuals reported lifetime suicidal ideation, of whom 172 (47.4%) reported suicidal ideation in the last 3 months and 97 (26.7%) had attempted suicide in their lifetime. Sleep disturbances were prevalent among those with lifetime suicidal ideation or a lifetime suicide attempt. Insomnia was identified as the best predictor of recent suicidal ideation, but this relationship did not survive adjustment for covariates. <b>Conclusions:</b> Sleep continuity, quality, and sleep disorders are broadly associated with suicidal thoughts and behaviors among college students.",https://doi.org/10.1080/07448481.2022.2155828,2023-01-03,2023,3.74976192,9,,,article,FALSE,TRUE,green,https://repository.arizona.edu/bitstream/10150/667583/1/Manuscript_revised_2.pdf,FALSE,Journal of American College Health,https://openalex.org/S70371499,0744-8481,https://openalex.org/P4310320547,Taylor & Francis,https://doi.org/10.1080/07448481.2022.2155828,NA,NA,publishedVersion,,73,,,,,FALSE,FALSE,en,,3357,3365,72,9,Michael Grandner,Jordan F. Karp
https://openalex.org/W3148150589,Patterns of Eating Associated with Sleep Characteristics: A Pilot Study among Individuals of Mexican Descent at the US-Mexico Border,Patterns of Eating Associated with Sleep Characteristics: A Pilot Study among Individuals of Mexican Descent at the US-Mexico Border,,"<b>Introduction</b>: Previous studies have linked sleep to risk of diabetes and obesity, at least partially via alterations in food intake. Diabetes and obesity are common among Hispanics/Latinos, and studies are needed to better clarify the role of sleep in health among this group. Utilizing the revised TFEQ-R-18, this study will examine whether eating behaviors such as cognitive restraint, emotional eating and uncontrolled eating are related to self-reported sleep experiences. Specifically, we hypothesized that poor eating habits would be associated with (1) more insomnia symptoms, (2) overall worse sleep quality, (3) increased daytime sleepiness, and (4) shorter sleep duration.<b>Methods:</b> Data were collected from N = 100 adults (age 18-60, 47% female) of Mexican descent in the city of Nogales, AZ (34% not born in the US). Surveys were presented in English or Spanish. Eating Patterns were assessed with the Three-Factor Eating Questionnaire (TFEQ), which resulted in a total score and subscales for ""cognitive restraint,"" ""uncontrolled eating,"" and ""emotional eating."" Insomnia was assessed with the use of the Insomnia Severity Index (ISI), Sleepiness with the use of the Epworth Sleepiness Scale (ESS), Sleep quality with the use of the Pittsburgh Sleep Quality Index (PSQI), and weekday and weekend sleep duration with the use of the Sleep Timing Questionnaire (STQ). Covariates included age, sex, Body Mass Index (BMI), education and immigrant status.<b>Results:</b> Overall TFEQ score (problematic eating) was positively associated with greater insomnia, poorer sleep quality, more sleepiness, and less weekend (but not weekday) sleep. Mean TFEQ score in the sample was 18.7 (range 0-51). In adjusted analyses, every point on the TFEQ was associated with 0.6 ISI points, 0.8 PSQI points, 0.5 ESS points, and 1.1 minutes of less weekend sleep duration. Regarding subscale scores, relationships were generally seenbetween sleep and emotional eating and unrestricted eating, and not cognitive restraint.<b>Conclusions:</b> Greater insomnia, poorer sleep quality, increased daytime sleepiness and decreased weekend sleep duration were associated with eating patterns at the US-Mexico border, particularly in the area of unrestricted eating and emotional eating. This suggests possible mechanisms linking sleep and obesity in Hispanic/Latinos.",https://doi.org/10.1080/15402002.2021.1902814,2021-03-31,2021,1.42269746,10,,,article,FALSE,TRUE,green,https://www.ncbi.nlm.nih.gov/pmc/articles/8481352,FALSE,Behavioral Sleep Medicine,https://openalex.org/S70661765,1540-2002,https://openalex.org/P4310320547,Taylor & Francis,https://doi.org/10.1080/15402002.2021.1902814,NA,NA,publishedVersion,,61,,,,,FALSE,FALSE,en,,212,223,20,2,Michael Grandner,John Ruiz; Sairam Parthasarathy
https://openalex.org/W4323347993,Internal consistency reliability of mental health questionnaires in college student athletes,Internal consistency reliability of mental health questionnaires in college student athletes,,"Objectives To examine the internal consistency reliability and measurement invariance of a questionnaire battery designed to identify college student athletes at risk for mental health symptoms and disorders. Methods College student athletes (N=993) completed questionnaires assessing 13 mental health domains: strain, anxiety, depression, suicide and self-harm ideation, sleep, alcohol use, drug use, eating disorders, attention deficit hyperactivity disorder (ADHD), bipolar disorder, post-traumatic stress disorder (PTSD), gambling and psychosis. Internal consistency reliability of each measure was assessed and compared between sexes as well as to previous results in elite athletes. Discriminative ability analyses were used to examine how well the cut-off score on the strain measure (Athlete Psychological Strain Questionnaire) predicted cut-offs on other screening questionnaires. Results Strain, anxiety, depression, suicide and self-harm ideation, ADHD, PTSD and bipolar questionnaires all had acceptable or better internal consistency reliability. Sleep, gambling and psychosis questionnaires had questionable internal consistency reliability, although approaching acceptable for certain sex by measure values. The athlete disordered eating measure (Brief Eating Disorder in Athletes Questionnaire) had poor internal consistency reliability in males and questionable internal consistency reliability in females. Conclusions The recommended mental health questionnaires were generally reliable for use with college student athletes. To truly determine the validity of the cut-off scores on these self-report questionnaires, future studies need to compare the questionnaires to a structured clinical interview to determine the discriminative abilities.",https://doi.org/10.1136/bjsports-2021-105136,2023-03-06,2023,4.69056445,9,,,article,FALSE,TRUE,green,https://repository.arizona.edu/bitstream/10150/673557/1/595.full.pdf,FALSE,British Journal of Sports Medicine,https://openalex.org/S136578784,0306-3674,https://openalex.org/P4310319945,BMJ,https://doi.org/10.1136/bjsports-2021-105136,NA,NA,publishedVersion,,32,,,,,FALSE,FALSE,en,,595,601,57,10,Michael Grandner,John Ruiz
https://openalex.org/W4306381897,The Effect of Physical Activity on Sleep Quality among Older Stroke Survivors: Secondary Analysis from a Randomized Controlled Trial,The Effect of Physical Activity on Sleep Quality among Older Stroke Survivors: Secondary Analysis from a Randomized Controlled Trial,,"Poor sleep quality constitutes one of the most common difficulties faced by stroke survivors. Physical activity has been shown to improve sleep quality among healthy adults. The study objective was to examine the effect of physical activity on sleep outcomes in community-dwelling stroke survivors previously enrolled in a randomized clinical trial (RCT). Secondary analysis of data collected in the RCT was used to examine the effects of physical activity (PA) on sleep outcomes using the Pittsburgh Sleep Quality Index (PSQI), compared to usual care (controls). Unadjusted and adjusted mixed effects models were used to model changes in sleep quality between groups. At baseline, poor sleep quality (PSQI &gt; 5) was reported by about half of the participants (PA group = 48.5%, n = 47/97; controls = 56.3%, n = 27/48). Results from the unadjusted and adjusted models for sleep quality were similar and showed no statistically significant differences between groups (p &gt; 0.05). In the unadjusted model, the difference between groups (change from baseline to 24 weeks) showed that the PA group had better sleep quality than the controls (difference= −1.02 points, 95% CI −2.12, 0.07, p = 0.07). In the model adjusted for age, social support, and marital status, the difference between groups (change from baseline to 24 weeks) showed that the PA group had better sleep quality than the controls (difference= −1.07 points, 95% CI −2.19, 0.05, p = 0.06). PA did not significantly improve sleep quality in older community-dwelling stroke survivors. Further research is needed to confirm or refute these findings.",https://doi.org/10.3390/ijerph192013320,2022-10-15,2022,0.71301732,5,,,article,TRUE,TRUE,gold,https://www.mdpi.com/1660-4601/19/20/13320/pdf?version=1665835241,FALSE,International Journal of Environmental Research and Public Health,https://openalex.org/S15239247,1660-4601,https://openalex.org/P4310310987,Multidisciplinary Digital Publishing Institute,https://doi.org/10.3390/ijerph192013320,https://www.mdpi.com/1660-4601/19/20/13320/pdf?version=1665835241,cc-by,publishedVersion,,43,,,,,FALSE,FALSE,en,,13320,13320,19,20,Michael Grandner,Ruth E. Taylor‐Piliae
https://openalex.org/W3209661101,The Feasibility of Tai Chi Exercise as a Beneficial Mind-Body Intervention in a Group of Community-Dwelling Stroke Survivors with Symptoms of Depression,The Feasibility of Tai Chi Exercise as a Beneficial Mind-Body Intervention in a Group of Community-Dwelling Stroke Survivors with Symptoms of Depression,,"Depression is prevalent among one-third to two-thirds of acute and chronic stroke survivors. Despite the availability of pharmacotherapies and/or psychotherapies, depression persists, even for 5–10 years after stroke, reflecting limited treatment responses and/or adherence to this conventional care. Mind-body interventions are commonly used among adults to ameliorate depressive symptoms. Thus, the feasibility of Tai Chi, alongside conventional care, to manage poststroke depression was investigated using a single-group pre-post intervention design. Recruitment and retention, intervention adherence, safety, acceptability, and fidelity were assessed. Symptoms of depression, anxiety, and stress were assessed using standardized questionnaires, objective sleep was assessed via a research-grade triaxial accelerometer, and blood samples were taken to measure oxidative stress, inflammatory markers, and a neurotrophic growth factor using commercially available kits per manufacturer’s protocol. Pre-post intervention changes were assessed using paired t-tests. We enrolled stroke survivors (N = 11, mean age = 69.7 ± 9.3) reporting depression symptoms. After the intervention, we observed significant reductions in symptoms of depression (−5.3 ± 5.9, <a:math xmlns:a=""http://www.w3.org/1998/Math/MathML"" id=""M1""> <a:mi>p</a:mi> <a:mo>=</a:mo> <a:mn>0.01</a:mn> </a:math> ), anxiety (−2.2 ± 2.4, <c:math xmlns:c=""http://www.w3.org/1998/Math/MathML"" id=""M2""> <c:mi>p</c:mi> <c:mo>=</c:mo> <c:mn>0.01</c:mn> </c:math> ), and stress (−4.6 ± 4.8, <e:math xmlns:e=""http://www.w3.org/1998/Math/MathML"" id=""M3""> <e:mi>p</e:mi> <e:mo>=</e:mo> <e:mn>0.01</e:mn> </e:math> ), along with better sleep efficiency (+1.8 ± 1.8, <g:math xmlns:g=""http://www.w3.org/1998/Math/MathML"" id=""M4""> <g:mi>p</g:mi> <g:mo>=</g:mo> <g:mn>0.01</g:mn> </g:math> ), less wakefulness after sleep onset (−9.3 ± 11.6, <i:math xmlns:i=""http://www.w3.org/1998/Math/MathML"" id=""M5""> <i:mi>p</i:mi> <i:mo>=</i:mo> <i:mn>0.04</i:mn> </i:math> ), and less time awake (−9.3 ± 11.6, <k:math xmlns:k=""http://www.w3.org/1998/Math/MathML"" id=""M6""> <k:mi>p</k:mi> <k:mo>=</k:mo> <k:mn>0.04</k:mn> </k:math> ). There was a 36% decrease in oxidative stress ( <m:math xmlns:m=""http://www.w3.org/1998/Math/MathML"" id=""M7""> <m:mi>p</m:mi> <m:mo>=</m:mo> <m:mn>0.02</m:mn> </m:math> ), though no significant changes in the other biomarkers were found (all <o:math xmlns:o=""http://www.w3.org/1998/Math/MathML"" id=""M8""> <o:mi>p</o:mi> </o:math> values &gt;0.05). Tai Chi exercise is a feasible intervention that can be used alongside conventional care to manage poststroke depression, aid in reducing symptoms of anxiety and stress, and improve sleep.",https://doi.org/10.1155/2021/8600443,2021-11-02,2021,0.60565319,5,,,article,TRUE,TRUE,hybrid,https://downloads.hindawi.com/journals/ecam/2021/8600443.pdf,FALSE,Evidence-based Complementary and Alternative Medicine,https://openalex.org/S15444899,1741-427X,https://openalex.org/P4310319869,Hindawi Publishing Corporation,https://doi.org/10.1155/2021/8600443,https://downloads.hindawi.com/journals/ecam/2021/8600443.pdf,cc-by,publishedVersion,,83,,,,,FALSE,FALSE,en,,1,12,2021,NA,Michael Grandner,Ruth E. Taylor‐Piliae
https://openalex.org/W4403683075,"Peer-Driven Intervention for Care Coordination and Adherence Promotion for Obstructive Sleep Apnea: A Randomized, Parallel-Group Clinical Trial","Peer-Driven Intervention for Care Coordination and Adherence Promotion for Obstructive Sleep Apnea: A Randomized, Parallel-Group Clinical Trial",,"<b>Rationale:</b> Obstructive sleep apnea (OSA) is a common condition that is usually treated by continuous positive airway pressure (CPAP) therapy, but poor adherence is common and is associated with worse patient outcomes and experiences. Patient satisfaction is increasingly adopted as a quality indicator by healthcare systems. <b>Objectives:</b> We tested the hypothesis that peer-driven intervention effected through an interactive voice response (IVR) system leads to better patient satisfaction (primary outcome), care coordination, and CPAP adherence than active control. <b>Methods:</b> We performed a 6-month randomized, parallel-group, controlled trial with CPAP-naive patients recruited from four centers and CPAP-adherent patients who were trained to be mentors delivering support through an IVR system. <b>Measurements and Main Results:</b> In 263 patients, intention-to-treat analysis of global satisfaction for sleep-specific services was better in the intervention group (4.57 ± 0.71 Likert scale score; mean ± SD) than in the active-control group (4.10 ± 1.13; <i>P</i> < 0.001). CPAP adherence was greater in the intervention group (4.5 ± 0.2 h/night; 62.0% ± 3.0% of nights >4 h use) versus the active-control group (3.7 ± 0.2 h/night; 51.4% ± 3.0% of nights >4 h use; <i>P</i> = 0.014 and <i>P</i> = 0.023). When compared with the active-control group, the Patient Assessment of Chronic Illness Care rating was moderately increased by an adjusted difference of 0.33 ± 0.12 (<i>P</i> = 0.009), Consumer Assessment of Healthcare Provider and Systems rating was not different (adjusted difference, 0.46 ± 0.26; <i>P</i> = 0.076), and Client Perception of Coordination Questionnaire was mildly better in the intervention group (adjusted difference, 0.15 ± 0.07; <i>P</i> = 0.035). <b>Conclusions:</b> Patient satisfaction with care delivery, CPAP adherence, and care coordination were improved by peer-driven intervention through an IVR system. New payor policies compensating peer support may enable implementation of this approach. Clinical trial registered with www.clinicaltrials.gov (NCT02056002).",https://doi.org/10.1164/rccm.202309-1594oc,2024-10-23,2024,3.0252612,4,,,article,FALSE,TRUE,green,https://pmc.ncbi.nlm.nih.gov/articles/PMC12392785/pdf/rccm.202309-1594OC.pdf,FALSE,American Journal of Respiratory and Critical Care Medicine,https://openalex.org/S93356601,1073-449X,https://openalex.org/P4310316311,American Thoracic Society,https://doi.org/10.1164/rccm.202309-1594oc,NA,NA,publishedVersion,,69,,,,,FALSE,FALSE,en,,248,257,211,2,Michael Grandner,Sairam Parthasarathy
https://openalex.org/W4297231400,"Insomnia and the Interpersonal Theory of suicide among civilians, service members, and veterans","Insomnia and the Interpersonal Theory of suicide among civilians, service members, and veterans",,NA,https://doi.org/10.1016/j.jpsychires.2022.09.043,2022-09-27,2022,0.7576918,3,,,article,FALSE,FALSE,closed,NA,FALSE,Journal of Psychiatric Research,https://openalex.org/S160879026,0022-3956,https://openalex.org/P4310320990,Elsevier BV,https://doi.org/10.1016/j.jpsychires.2022.09.043,NA,NA,publishedVersion,,74,,,,,FALSE,FALSE,en,,534,541,155,NA,Michael Grandner,Jordan F. Karp
https://openalex.org/W3192824984,"Changes in symptoms, sleep, oxidative stress, and inflammatory markers among community-dwelling stroke survivors after a tai chi exercise intervention","Changes in symptoms, sleep, oxidative stress, and inflammatory markers among community-dwelling stroke survivors after a tai chi exercise intervention",,"Abstract Funding Acknowledgements Type of funding sources: Private grant(s) and/or Sponsorship. Main funding source(s): Laurence B. Emmons Research Award Background Depression is prevalent among one-third to two-thirds of stroke survivors. Despite the availability of pharmacotherapies and/or psychotherapies, depression persists, even 5-10 years post-stroke, reflecting limited treatment responses and/or adherence to this conventional care. Mind-body interventions are commonly used among adults to ameliorate depressive symptoms, thus we investigated the feasibility of Tai Chi, alongside conventional care, to manage post-stroke depression. Purpose Describe changes in symptoms of depression, anxiety and stress, sleep, oxidative stress, and inflammatory markers post-intervention among community-dwelling stroke survivors with depressive symptoms. Methods In this feasibility study, a single-group pre-post intervention design was used. Due to COVID-19, participants attended a 1-hour Tai Chi exercise class three times per week for 8 weeks, instead of the planned 12-weeks. Symptoms of depression, anxiety and stress were assessed using standardized questionnaires (Center for Epidemiological Studies Depression scale, CESD; Generalized Anxiety Disorder Assessment; Perceived Stress Scale), objective sleep was assessed via a research-grade triaxial accelerometer (ActiGraph GT9X), and blood samples were taken to assess oxidative stress (plasma superoxide dismutase, SOD) and inflammatory markers (serum tumor necrosis factor-alpha, interleukin-6, interleukin-10). Pre-post intervention changes were assessed using paired t-tests. Results Community-dwelling stroke survivors (N = 11) on average 69.7 ± 9.3 years old, mainly retired (73%, n = 8), married men (55%, n = 6) with &amp;gt;13 years education (91%, n = 10), reporting depression symptoms (CESD = 17.3 ± 11.4) and 55% taking anti-depressant medications, enrolled. The majority of participants reported having an ischemic stroke (82%, n = 9) with hemiparesis (55%, n = 6), but were able to walk 15 feet without assistance (91%, n = 10). After the Tai Chi intervention, we observed significant reductions in symptoms of depression (-5.3 ± 5.9, p = 0.01), anxiety (-2.2 ± 2.4, p = 0.01) and stress (-4.6 ± 4.8, p = 0.01); along with better sleep efficiency (+1.8 ± 1.8, p = 0.01), less wakefulness after sleep onset (-9.3 ± 11.6, p = 0.04), and less time awake (-9.3 ± 11.6, p = 0.04). In addition, there was a 36% decrease in SOD activity (p = 0.02) indicative of a decreased oxidative environment post-intervention; though no significant changes in any of the inflammatory markers were found (all p-values &amp;gt;0.05). Conclusion Symptoms of depression, anxiety and stress were observed in these community-dwelling stroke survivors along with sub-optimal sleep. Among community-dwelling stroke survivors, Tai Chi exercise is a feasible intervention that can be used alongside conventional care to manage post-stroke depression and may also aid in reducing symptoms of anxiety and stress, and improve sleep. Further research is needed with rigorous study designs and larger samples, before widespread recommendations can be made.",https://doi.org/10.1093/eurjcn/zvab060.075,2021-07-01,2021,0.1514133,1,,,article,TRUE,TRUE,bronze,https://academic.oup.com/eurjcn/article-pdf/20/Supplement_1/zvab060.075/39428097/zvab060.075.pdf,FALSE,European Journal of Cardiovascular Nursing,https://openalex.org/S178548257,1474-5151,https://openalex.org/P4310311648,Oxford University Press,https://doi.org/10.1093/eurjcn/zvab060.075,https://academic.oup.com/eurjcn/article-pdf/20/Supplement_1/zvab060.075/39428097/zvab060.075.pdf,NA,publishedVersion,,0,,,,,FALSE,FALSE,en,,NA,NA,20,Supplement_1,Michael Grandner,Ruth E. Taylor‐Piliae
https://openalex.org/W4388725008,"Association of Birthplace for Sleep Duration, Sleep Quality, and Sleep Disorder Symptoms, at the US–Mexico Border","Association of Birthplace for Sleep Duration, Sleep Quality, and Sleep Disorder Symptoms, at the US–Mexico Border",,"Among individuals of Mexican descent, being born in the USA (vs Mexico) is associated with about 1 hour less sleep per night, worse sleep quality, more insomnia symptoms, and less mild sleep apnea symptoms. These relationships are influenced by acculturation, primarily the degree of Anglo rather than the degree of Mexican acculturation.",https://doi.org/10.1080/15402002.2023.2279308,2023-11-15,2023,0.41664021,1,,,article,FALSE,TRUE,green,https://pmc.ncbi.nlm.nih.gov/articles/PMC11093882/pdf/nihms-1943628.pdf,FALSE,Behavioral Sleep Medicine,https://openalex.org/S70661765,1540-2002,https://openalex.org/P4310320547,Taylor & Francis,https://doi.org/10.1080/15402002.2023.2279308,NA,NA,publishedVersion,,74,,,,,FALSE,FALSE,en,,393,409,22,4,Michael Grandner,John Ruiz; Sairam Parthasarathy
https://openalex.org/W3157354122,201 COVID-19 Pandemic Sleep Disturbances Related to Stress Experiences at the US-Mexico Border,201 COVID-19 Pandemic Sleep Disturbances Related to Stress Experiences at the US-Mexico Border,,"Abstract Introduction The COVID-19 pandemic has impacted many individuals at the vulnerable US-Mexico border region in a variety of ways. Fear, worry, and stress have increased for many, as has poor sleep. The present study evaluated the degree to which worsened sleep due to the pandemic impacted stress experiences. Methods Participants were N=155 individuals who completed the Nogales Cardiometabolic Health and Sleep (NOCHES) and were contacted about completing a COVID sub-study (95% Hispanic/Latino). They were asked the degree to which their sleep worsened due to the pandemic. They also reported the degree to which they agreed with statements regarding various pandemic-related stress experiences. These included infection-related stresses, stresses about community impact, personal psychosocial stresses, stresses about consequences of potential infection, media and society-related stresses, feelings of safety, and how the pandemic has impacted home life. Ordinal logistic regressions were used to determine whether changes in sleep were associated with agreement with statements about pandemic-related stress experiences, adjusted for age, sex, financial status, education, and mental health (PHQ4). Results Those who perceived that their sleep worsened were more likely to report greater endorsement of beliefs that they were infected (ordinal Odds Ratio [oOR]=2.82,p&amp;lt;0.0005), they could possibly be infected (oOR=1.98,p=0.003), they feared testing (oOR=1.94,p=0.006), COVID-19 would impact their community (oOR=1.75,p=0.017) and would do so for a long time (oOR=1.90,p=0.006), they experience more general (oOR=4.10,p&amp;lt;0.0005), financial (oOR=3.15,p&amp;lt;0.0005), food-related (oOR=2.97,p&amp;lt;0.0005), housing-related (oOR=2.14,p=0.002), family-related (oOR=2.53,p&amp;lt;0.0005) and relationship (oOR=3.37,p&amp;lt;0.0005) stress, their shopping was impacted by scarcity (oOR=1.76,p=0.014), and they are at high risk for COVID (oOR=1.87,p=0.008). Furthermore, media coverage of COVID-19 had increased their stress (oOR=2.46,p&amp;lt;0.0005), there is too much panic about COVID-19 (oOR=1.67,p=0.032), and they themselves are scared of getting COVID-19 (oOR=1.95,p=0.005), worried about the future (oOR=1.71,p=0.022), feel less secure (oOR=0.59,p=0.028), are thriving less (oOR=0.40,p&amp;lt;0.0005), and their mental health is not improving (oOR=0.46,p=0.002). Conclusion Worse sleep due to the COVID-19 pandemic was associated with increased reports of stresses across a wide range of domains. Perhaps sleep health interventions could improve social and emotional health in these domains and reduce stress experiences and better cope with the pandemic. Alternatively, mental health interventions should perhaps be targeted to this population. Support (if any) R01MD011600, R01DA051321",https://doi.org/10.1093/sleep/zsab072.200,2021-05-01,2021,0,0,,,article,TRUE,TRUE,bronze,https://academic.oup.com/sleep/article-pdf/44/Supplement_2/A81/37655687/zsab072.200.pdf,FALSE,SLEEP,https://openalex.org/S42921845,0161-8105,https://openalex.org/P4310311648,Oxford University Press,https://doi.org/10.1093/sleep/zsab072.200,https://academic.oup.com/sleep/article-pdf/44/Supplement_2/A81/37655687/zsab072.200.pdf,NA,publishedVersion,,0,,,,,FALSE,FALSE,en,,A81,A81,44,Supplement_2,Michael Grandner,John Ruiz
https://openalex.org/W3157403650,198 COVID-19 Pandemic Nightmares at the US-Mexico Border,198 COVID-19 Pandemic Nightmares at the US-Mexico Border,,"Abstract Introduction The COVID-19 pandemic has impacted individuals in many ways, including anecdotal reports of nightmares. However, little data exists regarding the experience of COVID-related nightmares, especially among the distressed population at the US-Mexico Border. This is especially relevant given the clinical importance of nightmares as risk factors for poor mental health and sleep disturbances. Methods Participants were N=155 individuals who completed the Nogales Cardiometabolic Health and Sleep (NOCHES) and were contacted about completing a COVID sub-study (95% Hispanic/Latino). Participants were asked for the number of nightmares that they have experienced since the pandemic started. They were also asked whether they had nightmares about confinement, claustrophobia, suffocation, oppression, drowning, failure, helplessness, natural disasters, anxiety, evil forces, war, separation from loved ones, being chased, sickness, death, COVID, and apocalypse. They were also asked whether they experienced, due to the pandemic, increased general, financial, food, housing, familial, relationship, and media-related stress. Each of these items was coded from 0 (“Strongly Disagree”) to 3 (“Strongly Agree”), with total scores ranging from 0-21. Regression analyses (linear for frequency and binary logistic for content) examined stress score as independent variable, adjusted for age, sex, financial status, education, and mental health (PHQ4). Results Those who experienced greater pandemic-related stress reported more nightmares (age/sex-adjusted B=0.23, p&amp;lt;0.0005, fully-adjusted B=0.23, p&amp;lt;0.0005). They were also more likely to have nightmares about confinement (adjusted odds ratio [OR]=1.69, p=0.008), suffocation (OR=1.41, p=0.020), failure (OR=1.23, p=0.049), being chased (OR=1.24, p=0.013), sickness (OR=1.26, p=0.022), and COVID (OR=1.37, p=0.003). Conclusion Those who experienced more pandemic-related stress reported more nightmares, even after adjusting for depression/anxiety symptoms. In addition, those with more pandemic-related stress were more likely to have nightmares about COVID itself, as well as confinement and suffocation, being chased, failure, and sickness in general. Perhaps efforts to reduce pandemic-related stress will reduce these nightmare experiences, which may have beneficial effects on other areas of mental health. Support (if any) R01MD011600, R01DA051321",https://doi.org/10.1093/sleep/zsab072.197,2021-05-01,2021,0,0,,,article,TRUE,TRUE,bronze,https://academic.oup.com/sleep/article-pdf/44/Supplement_2/A79/37655294/zsab072.197.pdf,FALSE,SLEEP,https://openalex.org/S42921845,0161-8105,https://openalex.org/P4310311648,Oxford University Press,https://doi.org/10.1093/sleep/zsab072.197,https://academic.oup.com/sleep/article-pdf/44/Supplement_2/A79/37655294/zsab072.197.pdf,NA,publishedVersion,,0,,,,,FALSE,FALSE,en,,A79,A80,44,Supplement_2,Michael Grandner,John Ruiz
https://openalex.org/W3158001327,199 COVID-19 Pandemic Sleep and Dreams at the US-Mexico Border,199 COVID-19 Pandemic Sleep and Dreams at the US-Mexico Border,,"Abstract Introduction The impact of the COVID-19 pandemic in the border region is not well-described, including the impact of pandemic-related sleep disturbances on dream experiences, despite frequent reports of meaningful changes to dreams in the population. Methods Participants were 155 individuals who completed the Nogales Cardiometabolic Health and Sleep (NOCHES) Study and a COVID sub-study (95% Hispanic/Latino). Participants were asked whether, as a result of the pandemic, they have experienced more schedule regularity, improved/worsened sleep, more initial or middle-of-the-night insomnia, more sleepiness, and more napping. They were also asked whether they experienced more, fewer, or the same amount of dreams in general, positive dreams, and negative dreams. Multinomial logistic regressions were used to examine overall, positive, and negative dream recall (more or less vs same) as outcome and perceived change in sleep as independent variable, adjusted for age, sex, socioeconomics, and mental health symptoms (assessed with PHQ4). Results Those who reported more schedule regularity were less likely to report more negative dreams (Relative Risk Ratio [RRR]=0.40, p=0.010). Those who reported improved sleep were also more likely to report more positive dreams (RRR=3.97, p=0.004). Those with worsened sleep were more likely to report fewer dreams overall (RRR=2.23, p=0.037), fewer positive dreams (RRR=2.24, p=0.003) and more negative dreams (RRR=3.69, p&amp;lt;0.0005). Those with more initial insomnia were more likely to report fewer positive dreams (RRR=2.43, p=0.002) and more negative dreams (RRR=4.12, p&amp;lt;0.0005). Those with more middle-of-the-night insomnia reported fewer dreams overall (RRR=2.35, p=0.018), fewer positive dreams (RRR=2.55, p=0.001), and more negative dreams (RRR=5.01, p&amp;lt;0.0005). Those with more daytime sleepiness were more likely to report fewer dreams overall (RRR=4.75, p&amp;lt;0.0005), fewer positive dreams (RRR=1.92, p=0.019), and more negative dreams (RRR=3.91, p&amp;lt;0.0005), and were less likely to report more positive dreams (RRR=0.26, p=0.018). Those who reported napping more were more likely to report fewer dreams overall (RRR=2.78, p=0.008), fewer positive dreams (RRR=2.10, P=0.008), and more negative dreams (RRR=2.83, p=0.003), and were less likely to report more positive dreams (RRR=0.16, p=0.004). Conclusion Those whose sleep worsened due to the pandemic reported less dream recall, and dream content that was more negative and less positive overall. Support (if any) R01MD011600, R01DA051321",https://doi.org/10.1093/sleep/zsab072.198,2021-05-01,2021,0,0,,,article,TRUE,TRUE,bronze,https://academic.oup.com/sleep/article-pdf/44/Supplement_2/A80/37655292/zsab072.198.pdf,FALSE,SLEEP,https://openalex.org/S42921845,0161-8105,https://openalex.org/P4310311648,Oxford University Press,https://doi.org/10.1093/sleep/zsab072.198,https://academic.oup.com/sleep/article-pdf/44/Supplement_2/A80/37655292/zsab072.198.pdf,NA,publishedVersion,,0,,,,,FALSE,FALSE,en,,A80,A80,44,Supplement_2,Michael Grandner,John Ruiz
https://openalex.org/W3158345888,"213 Eating Patterns Associated with Sleep Duration, Insomnia, Daytime Sleepiness and Overall Sleep Quality at the US-Mexico Border","213 Eating Patterns Associated with Sleep Duration, Insomnia, Daytime Sleepiness and Overall Sleep Quality at the US-Mexico Border",,"Abstract Introduction Previous studies have linked sleep to risk of diabetes and obesity, at least partially via alterations in food intake. Diabetes and obesity are common among Hispanics/Latinos, and studies are needed to better clarify the role of sleep for health among this group. Methods Data were collected from N=100 adults (age 18-60, 47% female) of Mexican descent in the city of Nogales, AZ (34% not born in the US). Surveys were presented in English or Spanish. Eating Patterns were assessed with the Three-Factor Eating Questionnaire (TFEQ), which resulted in a total score and subscales for “cognitive restraint,” “uncontrolled eating, “and “emotional eating.” Insomnia was assessed with the use of the Insomnia Severity Index (ISI), Sleepiness with the use of the Epworth Sleepiness Scale (ESS), Sleep quality with the use of the Pittsburgh Sleep Quality Index (PSQI), and weekday and weekend sleep duration with the use of the Sleep Timing Questionnaire (STQ). Covariates included: age, sex, Body Mass Index (BMI), education and immigrant status. Results When adjusted for age, sex and immigrant status (model-1), eating patterns were associated with greater insomnia (95%CI:[0.066,1.095];p=0.027), poorer sleep quality (95%CI:[0.170,1.456];p=0.014), sleepiness (95%CI[0.032,1.026];p=0.037), and weekend (but not weekday) sleep duration (95%CI:[-0.031,0.003];p=0.015). Further adjustment for education (model-2) revealed similar significant associations. Additional adjustment for BMI (model-3) revealed a change in daytime sleepiness, where no association was seen (95%CI:[-0.202,0.805];p=0.238). Regarding subscale scores, relationships were generally seen between sleep and both emotional eating and uncontrolled eating, but not cognitive restraint. However, after adjustment for BMI, there was a significant association between cognitive restraint and weekend sleep duration (95%CI:[-0.015,-0.001];p=0.030). Conclusion Greater insomnia, poorer sleep quality, increased daytime sleepiness and decreased weekend sleep duration were associated with eating patterns at the US Mexico border, particularly in terms of uncontrolled eating and emotional eating. This suggests possible mechanisms linking sleep and obesity in Hispanic/Latinos. Support (if any) Supported by T32HL007249, R01MD011600, R01DA051321",https://doi.org/10.1093/sleep/zsab072.212,2021-05-01,2021,0,0,,,article,TRUE,TRUE,bronze,https://academic.oup.com/sleep/article-pdf/44/Supplement_2/A85/37655689/zsab072.212.pdf,FALSE,SLEEP,https://openalex.org/S42921845,0161-8105,https://openalex.org/P4310311648,Oxford University Press,https://doi.org/10.1093/sleep/zsab072.212,https://academic.oup.com/sleep/article-pdf/44/Supplement_2/A85/37655689/zsab072.212.pdf,NA,publishedVersion,,0,,,,,FALSE,FALSE,en,,A85,A86,44,Supplement_2,Michael Grandner,Sairam Parthasarathy
https://openalex.org/W3159349793,200 COVID-19 Pandemic Sleep Changes Related to Social and Financial Impacts at the US-Mexico Border,200 COVID-19 Pandemic Sleep Changes Related to Social and Financial Impacts at the US-Mexico Border,,"Abstract Introduction The COVID-19 pandemic has caused major impacts to social and financial status for many people, including those living in the vulnerable US-Mexico border region. This study examined relationships between changes in sleep and perceived impacts to social and financial stability due to the pandemic. Methods Participants were 155 individuals who completed the Nogales Cardiometabolic Health and Sleep (NOCHES) and were contacted about completing a COVID sub-study (95% Hispanic/Latino). Participants were asked if the COVID-19 pandemic was causing them to feel more socially isolated, negatively impacting their finances, causing increased worry about finances, affecting their primary job, causing a job loss, and impacting their belief life will one day return to normal. In addition, they were asked to report the degree to which they experienced pandemic-related changes to sleep, including a regularity, overall improvement/worsening, initial and middle-of-the-night insomnia, daytime sleepiness, and napping. Logistic regression analyses were adjusted for age, sex, socioeconomics, and mental health (PHQ4). Results Those who kept a more regular schedule had lower odds of endorsing isolation (OR=0.32,p&amp;lt;0.0005) and higher odds of believing things will return to normal (OR=1.67,p=0.041). Those whose sleep improved also had lower odds of feeling isolated (OR=0.40,p=0.005). Those with worsened sleep had increased odds of feeling isolated (OR=2.14,p=0.023), experiencing a financial impact (OR=1.85,p=0.016) and increased financial worry (OR=1.71,p=0.033), and lower odds of believing things will return to normal (OR=0.53,p=0.012). More initial insomnia was associated with isolation (OR=3.62,p=0.001), financial impact, (OR=1.89,p=0.015), financial worry (OR=1.87,p=0.016) and job impact (OR=1.95,p=0.010). More middle-of-the-night insomnia was associated with financial worry (OR=1.82,p=0.016) and job impact (OR=1.93,p=0.009). More sleepiness was associated with job loss (OR=1.84,p=0.043). More napping was associated with financial impact (OR=1.89,p=0.017) and worry (OR=1.88,p=0.017), impact to job (OR=1.89,p=0.016) or lost job (OR=1.81,p=0.041), and decreased likelihood of believing things will return to normal (OR=0.45,p=0.003). Conclusion Pandemic-related stress was linked with sleep disturbances. Worse sleep was indicative of increased social isolation, greater financial fears, more job-related impacts and less of a general sense that things would return to normal. Support (if any) Supported by T32HL007249, R01MD011600, R01DA051321",https://doi.org/10.1093/sleep/zsab072.199,2021-05-01,2021,0,0,,,article,TRUE,TRUE,bronze,https://academic.oup.com/sleep/article-pdf/44/Supplement_2/A80/37655290/zsab072.199.pdf,FALSE,SLEEP,https://openalex.org/S42921845,0161-8105,https://openalex.org/P4310311648,Oxford University Press,https://doi.org/10.1093/sleep/zsab072.199,https://academic.oup.com/sleep/article-pdf/44/Supplement_2/A80/37655290/zsab072.199.pdf,NA,publishedVersion,,0,,,,,FALSE,FALSE,en,,A80,A81,44,Supplement_2,Michael Grandner,John Ruiz
https://openalex.org/W3159917209,202 COVID-19 Pandemic Sleep Disturbances Related To Dietary Behavior at the US-Mexico Border,202 COVID-19 Pandemic Sleep Disturbances Related To Dietary Behavior at the US-Mexico Border,,"Abstract Introduction The COVID-19 pandemic has disrupted life at the US-Mexico border in many ways, including sleep and dietary behavior. Given the potential long-term impact of worsening sleep and metabolic health due to the pandemic, the present study examines whether changes to dietary behavior were associated with changes to sleep. Methods Participants were 155 individuals who completed the Nogales Cardiometabolic Health and Sleep (NOCHES) Study and were contacted about completing a COVID-19 sub-study (95% Hispanic/Latino). Participants reported the degree to which they experienced pandemic-related changes to sleep, including a more regular schedule, overall improvement, overall worsening, more initial insomnia, more middle-of-the-night insomnia, more daytime sleepiness, and more napping. They were also asked whether as a result of the pandemic they consumed an overall healthier diet, more homecooked meals, more processed meals, more regular meals, whether they enjoyed food more, and degree of overeating. Ordinal regressions with diet change as outcome and sleep change as predictor were adjusted for age, sex, education, and socioeconomics. Results Those who reported more regular sleep were more likely to report a healthier overall diet (oOR=3.12,p&amp;lt;0.0005), more homecooked meals (oOR=2.18,p=0.001), more enjoyment of food (oOR=1.71,p=0.028), and less likelihood of overeating (oOR=0.59,p=0.033). Similarly, those who reported more “improved” sleep reported healthier overall diet (oOR=7.42,p&amp;lt;0.0005), more homecooked meals (oOR=2.59,p=0.001), more regular diet (oOR=2.15,p=0.006), more enjoyment of food (oOR=2.92,p&amp;lt;0.0005), less consumption of processed foods (oOR=0.54,p=0.039), and less overeating (0.33,p&amp;lt;0.0005). Those whose sleep worsened reported eating more processed foods (oOR=1.78,p=0.030) and overeating (oOR=3.90,p&amp;lt;0.0005). Those who reported more initial insomnia reported eating more processed foods (oOR=1.93,p=0.016), more regular diet (oOR=1.65,p=0.042), and overeating more often (oOR=4.11,p&amp;lt;0.0005). More middle-of-the-night insomnia was associated with eating more processed foods (oOR=2.45,p=0.001), more regular diet (oOR=1.66,p=0.031), and overeating more often (oOR=3.68, &amp;lt;0.0005). Those with more daytime sleepiness also reported eating more processed foods (oOR=2.36,p=0.003), more regular diet (oOR=1.79, =0.019), and overeating more often (oOR=3.28,p&amp;lt;0.0005). More napping was associated with a more regular diet (oOR=1.90,p=0.011) and more overeating (oOR=3.53,p&amp;lt;0.0005). Conclusion Overall, worse sleep led to worse dietary behavior, especially eating more processed food and overeating. Support (if any) Supported by T32HL007249, R01MD011600, R01DA051321",https://doi.org/10.1093/sleep/zsab072.201,2021-05-01,2021,0,0,,,article,TRUE,TRUE,bronze,https://academic.oup.com/sleep/article-pdf/44/Supplement_2/A81/37655706/zsab072.201.pdf,FALSE,SLEEP,https://openalex.org/S42921845,0161-8105,https://openalex.org/P4310311648,Oxford University Press,https://doi.org/10.1093/sleep/zsab072.201,https://academic.oup.com/sleep/article-pdf/44/Supplement_2/A81/37655706/zsab072.201.pdf,NA,publishedVersion,,0,,,,,FALSE,FALSE,en,,A81,A81,44,Supplement_2,Michael Grandner,John Ruiz
https://openalex.org/W4281741500,0656 Demographic and Clinical Features of Nocturnal Suicide,0656 Demographic and Clinical Features of Nocturnal Suicide,,"Abstract Introduction The risk for suicide is greatest at night after adjusting for population wakefulness, possibly due to sleep- and circadian-dependent changes in neurophysiology to promote sleep. Those who die by suicide at night, however, may differ by demographic and/or clinical characteristics from those who die by suicide during the day. Methods An archival analysis of the National Violent Death Reporting System for 2003-2017 identified 77,784 suicide deaths with time of fatal injury. Cases were divided into daytime (5AM to 10:59PM) or nighttime (11PM to 4:59AM) and characterized by age, sex, race, ethnicity, marital status, military service, education, prior diagnosis of an anxiety disorder, bipolar disorder, depression, history of suicidal ideation, PTSD, and schizophrenia, as well as the presence of an opiate or cannabis, and blood alcohol level (BAL) on autopsy. Bidirectional stepwise regression and robust Poisson models characterized significant predictors of nocturnal suicide using incident risk ratios (IRR). Results Nocturnal and daytime suicides differed on all sociodemographic variables. Nocturnal suicides were more prevalent among those with bipolar disorder, PTSD, an elevated BAL, and those who tested positive for cannabis. Stepwise models identified a significant age by BAL interaction. Using adults 35-64 with BAL=0mg/dl as the reference, adults 35-64 with a BAL&amp;lt;80mg/dl had a 46% greater risk of suicide at night, and those with a BAL≥80mg/dl had a 78% greater risk. Individuals 15-34 had a nighttime suicide that was 26% greater with BAL=0mg/dl, 84% greater with BAL&amp;lt;80mg/dl, and 298% greater with BAL≥80mg/dl. Conversely, individuals 65 and older were 27% less likely to die at night with BAL=0mg/dl, while those with a BAL&amp;gt;0mg/dl did not differ from those aged 35-64 with BAL=0mg/dl. The risk of nocturnal suicide was also 17% greater among those with a prior history of suicidal ideation, and 13% less likely among those with documented depression. Conclusion Nocturnal suicide is more prevalent among intoxicated younger adults and those with previous suicidal ideation. However, suicide victims with depression were less likely to die at night. Further research is needed to target suicide prevention efforts at appropriately times for those with mood, substance, and alcohol use disorders. Support (If Any)",https://doi.org/10.1093/sleep/zsac079.653,2022-05-25,2022,0,0,,,article,TRUE,TRUE,bronze,https://academic.oup.com/sleep/article-pdf/45/Supplement_1/A288/43843517/zsac079.653.pdf,FALSE,SLEEP,https://openalex.org/S42921845,0161-8105,https://openalex.org/P4310311648,Oxford University Press,https://doi.org/10.1093/sleep/zsac079.653,https://academic.oup.com/sleep/article-pdf/45/Supplement_1/A288/43843517/zsac079.653.pdf,NA,publishedVersion,,0,,,,,FALSE,FALSE,en,,A288,A289,45,Supplement_1,Michael Grandner,Jordan F. Karp
https://openalex.org/W4281873662,0782 Changes in markers of ventricular repolarization and positive airway pressure therapy: A pilot study,0782 Changes in markers of ventricular repolarization and positive airway pressure therapy: A pilot study,,"Abstract Introduction Positive airway pressure (PAP) therapy is the mainstay treatment for obstructive sleep apnea (OSA). Continuous PAP (CPAP) therapy has been shown to decrease QTc length in electrocardiograms in patients with OSA in small studies. The impact of higher pressures of CPAP and Bilevel PAP (BPAP) on ventricular repolarization—QTc length and QT variability in OSA is unknown. The goal of this pilot study is to explore this relationship. Methods 10 consecutive patients who underwent polysomnography during which they had a diagnostic, CPAP titration, and BPAP titration portion were included for analysis. Bazett’s heart rate correction was used to calculate QTc. QT variability was measured as short-term interval QT variability (STVQT) and normalized QT interval variance (QTVN). All variables were analyzed for the entire duration of the diagnostic period, on the highest CPAP pressure and highest BPAP pressure delivered. Results The patients were 49 ± 15 years of age and 60% women. Median CPAP pressure was 14.5 cm H2O (mean 13.5 ± 5 cm H2O). For BPAP, the median inspiratory PAP was 21.5 cm H2O (mean 20.5 ± 5 cm H2O) and EPAP median was 16 cm H2O (mean 15.9 ± 4 cm H2O). Mean QTc for the diagnostic portion, highest CPAP pressure and highest BPAP pressure were 430 ± 17 ms, 445 ± 15 ms and 441 ± 21 ms, respectively (p=0.141). Mean QTVN for the diagnostic portion, highest CPAP pressure and highest BPAP pressure settings were 0.0011 ± 0.0008 dimensionless units (du), 0.0012± 0.0008 du and 0.002 ± 0.0012 du, respectively (p=0.127). STVQT for the diagnostic portion, highest CPAP pressure and highest BPAP pressure settings were 6.62 ± 4.13 ms, 9.12 ± 4.7271 ms and 12.62 ± 4.99 ms, respectively (P=0.041). Post-hoc pairwise comparisons between BPAP and diagnostic portions of the study were significant for STVQT (P=0.034). Conclusion Short-term QT variability, STVQT, was significantly increased on BPAP when compared to the diagnostic portion of the study. Support (If Any) American Academy of Sleep Medicine Foundation (203-JF-18), National Institutes of Health (HL126140, 2L30HL154400-023) University of Arizona Health Sciences Career Development Award (5299903), and University of Arizona Faculty Seed Grant (5833261)",https://doi.org/10.1093/sleep/zsac079.778,2022-05-25,2022,0,0,,,article,TRUE,TRUE,bronze,https://academic.oup.com/sleep/article-pdf/45/Supplement_1/A340/43843701/zsac079.778.pdf,FALSE,SLEEP,https://openalex.org/S42921845,0161-8105,https://openalex.org/P4310311648,Oxford University Press,https://doi.org/10.1093/sleep/zsac079.778,https://academic.oup.com/sleep/article-pdf/45/Supplement_1/A340/43843701/zsac079.778.pdf,NA,publishedVersion,,0,,,,,FALSE,FALSE,en,,A340,A340,45,Supplement_1,Michael Grandner,Shawn D. Youngstedt; Sairam Parthasarathy
https://openalex.org/W4293067000,0696 The Application of a QTc Risk Score in Patients with Obstructive Sleep Apnea,0696 The Application of a QTc Risk Score in Patients with Obstructive Sleep Apnea,,"Abstract Introduction Evidence suggests that patients with obstructive sleep apnea (OSA) are at risk for QTc prolongation which, is a known risk factor for arrhythmias, sudden cardiac death and all cause mortality. QTc risk scores have been implemented widely to help physicians identify patients at risk for mortality however, these risk scores have not been routinely implemented in patients undergoing sleep studies or those diagnosed with OSA. The goal of this study was to evaluate the distribution of pro-QTc risk scores for patients with and without OSA diagnosed at our facility and its relationship to mortality. Methods Medical records of all patients undergoing a sleep study at our sleep center from 2/2012 through 8/2020 were analyzed. Patients were identified with or without OSA based on polysomnography or Type III home sleep study. The pro-QTc risk score was calculated with 1 point assigned for: female sex, QT-prolonging diagnoses and conditions, QT-prolonging electrolyte abnormalities, and QT-prolonging medications defined as medications with known and possible risk of torsades de Pointes based on the CredibleMeds website. Mortality was determined if a death date was noted in the electronic medical record. Results A total of 2,834 patient records (54% male, age 58 ± 16 years, n=106 dead) were evaluated. A total of 2,265 patients (age 58 ±15, 54% male, 89 dead) were identified as having OSA and 428 patients (age 54 ± 18, 41% male, 17 dead) did not have OSA. The remaining patients (n=141) had either central sleep apnea or a combination of both obstructive and central sleep apnea. A higher pro-QTc score was associated with greater mortality regardless of presence of OSA (HR 1.3, p&amp;lt;0.0001, 95% CI 1.12 -1.46) after adjusting for age. The association of pro-QTc with mortality was not increased in the moderate or severe OSA groups compared to those without OSA or mild OSA (p=0.36). Conclusion Increased pro-QTc scores were associated with greater mortality in all patients undergoing sleep studies. OSA status did not affect this association. Support (If Any) American Academy of Sleep Medicine Foundation (203-JF-18), National Institutes of Health (HL126140, 2L30HL154400-023), University of Arizona Health Sciences Career Development Award (5299903), and University of Arizona Faculty Seed Grant (5833261)",https://doi.org/10.1093/sleep/zsac079.692,2022-05-25,2022,0,0,,,article,TRUE,TRUE,bronze,https://academic.oup.com/sleep/article-pdf/45/Supplement_1/A305/43843887/zsac079.692.pdf,FALSE,SLEEP,https://openalex.org/S42921845,0161-8105,https://openalex.org/P4310311648,Oxford University Press,https://doi.org/10.1093/sleep/zsac079.692,https://academic.oup.com/sleep/article-pdf/45/Supplement_1/A305/43843887/zsac079.692.pdf,NA,publishedVersion,,0,,,,,FALSE,FALSE,en,,A305,A305,45,Supplement_1,Michael Grandner,Sairam Parthasarathy; Shawn D. Youngstedt
https://openalex.org/W4293067220,0036 Population Wakefulness and Nocturnal Suicide Risk,0036 Population Wakefulness and Nocturnal Suicide Risk,,"Abstract Introduction Nocturnal wakefulness may mediate the relationship between disrupted sleep and suicide risk since nighttime is associated with a peak in negative mood and altered reward processing and executive function. One example is a wakefulness-adjusted nocturnal peak in population suicide risk measured from 2003-2010 (Perlis et al, 2016), but these results have not been replicated with more recent data. Methods A total of 77,784 suicides with known time of fatal injury were extracted from the National Violent Death Reporting System (NVDRS) for 2003-2010 and 2011-2017. These data were then weighted by the estimated proportion of the population that was awake at each hour as derived from the American Time Use Survey (ATUS) for the same years. Suicides were tabulated by clock hours, age, sex, race, and ethnicity, and suicide counts were modeled using robust Poisson regression with hourly population wakefulness entered as an offset term, thus producing hourly incident risk ratios. Results A comparison of analyses between previously reported data (2003 to 2010) and new data (2011 to 2017) showed a consistently elevated risk of suicide at night (midnight to 6AM) that did not differ between time periods. After combining all fifteen years, the maximum number of suicides occurred at noon. Adjusting for population wakefulness, however, revealed a significant increased risk for suicide between 11PM and 5AM, with a 4.61-fold increase at 3AM (IRR: 4.61 [4.11-5.16]). Adjusting for age, sex, race, and ethnicity attenuated, but did not alter these results. In subgroup analyses, the nocturnal risk for suicide was elevated among those with bipolar disorder (5.2% of cases), those with a blood alcohol level greater than 80 mg/dl (14.9% of cases), and those who tested positive for a Z-drug (i.e., zolpidem, zaleplon, and eszopiclone) at autopsy (0.7% of cases). Conclusion Fifteen years of data from suicides across the United States show a significantly increased risk for suicide during the circadian night that peaks at 3AM. Nocturnal wakefulness remains a significant risk factor for suicide, and suicide prevention efforts may benefit from interventions to reduce nocturnal wakefulness and/or an increase in prevention resources at this time. Support (If Any)",https://doi.org/10.1093/sleep/zsac079.035,2022-05-25,2022,0,0,,,article,TRUE,TRUE,bronze,https://academic.oup.com/sleep/article-pdf/45/Supplement_1/A17/43842397/zsac079.035.pdf,FALSE,SLEEP,https://openalex.org/S42921845,0161-8105,https://openalex.org/P4310311648,Oxford University Press,https://doi.org/10.1093/sleep/zsac079.035,https://academic.oup.com/sleep/article-pdf/45/Supplement_1/A17/43842397/zsac079.035.pdf,NA,publishedVersion,,0,,,,,FALSE,FALSE,en,,A17,A17,45,Supplement_1,Michael Grandner,Jordan F. Karp
https://openalex.org/W4378611485,0630 For Whom the Bell Tolls: Empirical Clustering of Insomnia and Suicidal Ideation,0630 For Whom the Bell Tolls: Empirical Clustering of Insomnia and Suicidal Ideation,,"Abstract Introduction Insomnia is associated with risk for suicidal thoughts and behaviors. It is unclear if insomnia drives risk equivalently across all individuals, or whether there are subgroups of high-risk individuals for whom insomnia is more relevant. This exploratory archival analysis examined the relationship between insomnia and current suicidal ideation among subgroups of individuals with lifetime suicidal ideation. Methods Data were acquired from the Military Suicide Research Consortium on 2,617 individuals without missingness on measures of suicidal thoughts and behaviors, anxiety, insomnia, thwarted belongingness, traumatic brain injury, risky alcohol use, and symptoms of post-traumatic stress. Medoid (k-means) clustering algorithms identified subgroups. Robust Poisson models tested interactions between insomnia and cluster identity in association with current suicidal ideation. Models were unadjusted, adjusted for demographic factors, and adjusted for clinical characteristics. Results Clustering identified two subgroups: Cluster 1 (N=1,141) and Cluster 2 (N=1,494). Cluster 1 had fewer individuals with current suicidal ideation (29.2% vs. 66.6%) and in general had less severe symptoms of anxiety, PTSD, insomnia, traumatic brain injury, and suicidal thoughts and behaviors. Across clusters, insomnia severity was associated with risk for current suicidal ideation (PRR: 1.09 [1.03-1.14]). Although individuals in Cluster 1 were less likely to have current suicidal ideation (PRR 0.51 [0.44-0.58]), greater severity of insomnia was associated with greater risk (PRR: 1.11 [1.04-1.18]). By contrast, individuals in Cluster 2 had a greater risk of current suicidal ideation (PRR: 1.68 [1.51-1.88]) and greater severity of insomnia was associated with a diminished risk of current ideation (PRR 0.92 [0.88-0.97]). Conclusion In this exploratory study, individuals with less severe psychopathology were more likely to report current suicidal ideation with worsening insomnia, while those with severe psychopathology were less likely to report suicidal ideation with worsening insomnia. Insomnia may disproportionately increase suicide risk among lower risk individuals. Support (if any) This work was in part supported by the Military Suicide Research Consortium (MSRC), an effort supported by the Office of the Assistant Secretary of Defense for Health Affairs under Award No. (W81XWH-16-2-0003). Opinions, interpretations, conclusions, and recommendations are those of the author and are not endorsed by the MSRC or the Department of Defense.",https://doi.org/10.1093/sleep/zsad077.0630,2023-05-01,2023,0,0,,,article,TRUE,TRUE,bronze,https://academic.oup.com/sleep/article-pdf/46/Supplement_1/A277/50466930/zsad077.0630.pdf,FALSE,SLEEP,https://openalex.org/S42921845,0161-8105,https://openalex.org/P4310311648,Oxford University Press,http://dx.doi.org/10.1093/sleep/zsad077.0630,https://academic.oup.com/sleep/article-pdf/46/Supplement_1/A277/50466930/zsad077.0630.pdf,NA,publishedVersion,,0,,,,,FALSE,FALSE,en,,A277,A277,46,Supplement_1,Michael Grandner,Jordan F. Karp
https://openalex.org/W4378611750,0926 Teaching Medical Students About Insomnia: Early Results of a Brief Lecture for Third Year Medical Students,0926 Teaching Medical Students About Insomnia: Early Results of a Brief Lecture for Third Year Medical Students,,"Abstract Introduction Insomnia affects 10 to 20 percent of Americans annually. Unfortunately, evidence-based training on the diagnosis and management of insomnia during U.S. undergraduate medical education is limited. This educational gap may promote use of off-label medications or supplements (e.g., melatonin) and contribute to the “medicalization of sleeplessness”. By contrast, cognitive behavioral therapy for insomnia (CBT-I) is the first-line recommendation of the American Academy of Sleep Medicine and the American College of Physicians, and CBT-I is increasingly available in a digital format that can even be prescribed by primary care providers. Most physicians are not trained in how CBT-I works, however, and thus are ill-equipped to prescribe or refer this service. Therefore, this pilot study evaluated a brief educational intervention to improve medical student knowledge about insomnia. Methods The first author (AST) developed a 20-minute in-person lecture on insomnia which was delivered to 122 undergraduate medical students during their third-year medical curriculum. Topics included epidemiology, Spielman’s 3-P model of pathophysiology, and the treatment recommendations from the AASM with an emphasis on CBT-I. A total of 43 students (36%) provided informed consent and provided pre- and post-presentation ratings (0–100-point scale) of 1) their comfort in discussing insomnia with their patients, 2) the importance of insomnia for human health, 3) their familiarity with the pathophysiology of insomnia, and 4) their familiarity with treatments for insomnia. Participants were additionally asked to categorize a list of treatments as evidence-based or not. Results Following the presentation, students reported increased comfort in discussing insomnia with their patients, knowledge of the pathophysiology of insomnia, and knowledge of evidence-based treatments. In selecting treatments, more students chose CBT-I as an evidence-based treatment, while fewer students identified sleep hygiene, PAP therapy, diphenhydramine, hydroxyzine, melatonin, quetiapine, and trazodone. Conclusion A brief lecture on insomnia improved medical students’ knowledge of the disease process and evidence-based treatments for insomnia. Forthcoming analyses will determine whether students utilized this knowledge during subsequent clerkships. Future work will examine whether alternative formats (e.g., flipped-class, case-based instruction, interactive modules) are more effective for conveying this information. Support (if any)",https://doi.org/10.1093/sleep/zsad077.0926,2023-05-01,2023,0,0,,,article,TRUE,TRUE,bronze,https://academic.oup.com/sleep/article-pdf/46/Supplement_1/A408/50467325/zsad077.0926.pdf,FALSE,SLEEP,https://openalex.org/S42921845,0161-8105,https://openalex.org/P4310311648,Oxford University Press,http://dx.doi.org/10.1093/sleep/zsad077.0926,https://academic.oup.com/sleep/article-pdf/46/Supplement_1/A408/50467325/zsad077.0926.pdf,NA,publishedVersion,,0,,,,,FALSE,FALSE,en,,A408,A409,46,Supplement_1,Michael Grandner,Jordan F. Karp; Sairam Parthasarathy
https://openalex.org/W4410503039,0389 Acculturation and Sleep Health at the US-Mexico Border: Preliminary Data from the Nogales Cardiometabolic Health and Sleep (NOCHES) Study,0389 Acculturation and Sleep Health at the US-Mexico Border: Preliminary Data from the Nogales Cardiometabolic Health and Sleep (NOCHES) Study,,"Abstract Introduction Previous studies have shown that sleep health is associated with social and environmental factors that may influence health behaviors. Acculturation has emerged as a possible factor that influences sleep health, including at the US-Mexico Border. Methods Data from N=991 US citizen community members (mean age 43.1, 79% women) from the area around Nogales, AZ were recruited. Data were collected by promotoras de salud in community clinics. These data reflect self-reported questionnaires, including the Acculturation Rating Scale for Mexican Americans (ARSMA; Anglo and Mexican acculturation), Bicultural Involvement Questionnaire (BIQ; Americanism, Hispanicism, Biculturism), Insomnia Severity Index (ISI), Pittsburgh Sleep Quality Index (PSQI), Multivariable Apnea Prediction Index (MAP), Brief Index of Sleep Control (BRISC), and habitual weeknight and weekend sleep duration. Linear regression analyses were adjusted for age, sex, education level, and duration of family residence in the US. Results In this sample, mean ISI score was 6.4 (SD=3.9), mean PSQI score was 9.4 (SD=2.1), mean MAP score was 1.2 (SD=1.4), mean BRISC score was 2.5 (SD=1.1), mean weeknight sleep duration was 6.8 hours (1.5 hours), and mean weekend sleep duration was 7.5 hours (SD=1.8 hours). Mean ARSMA scores were 1.98 (SD=0.94) for Anglo and 3.20 (SD=0.58) for Mexican acculturation, and mean BIQ scores were 50.3 (SD=16.9) for Americanism, 63.8 (SD=9.0) for Hispanicism, and 13.6 (SD=21.1) for Biculturism. In regression analyses, none of the acculturation measures were associated with ISI, PSQI, MAP scores, or sleep duration. Increased perceived control over sleep (BRISC) was associated with greater ARSMA Anglo acculturation (B=0.140, 95% CI [0.057, 0.224], p=0.001), ARSMA Mexican acculturation (B=0.184, 95% CI [0.067, 0.302], p=0.002), BIQ Americanism (B= 0.007, 95% CI [0.003, 0.011], p=0.002), and lower BIQ Biculturism (B=-0.004, 95% CI [-0.008, -0.001], p=0.018). Conclusion In the present analyses, self-reported sleep duration and quality were not associated with acculturation. However, the degree to which individuals perceive control over their sleep was associated with cultural identification, both Mexican and American acculturation levels. Support (if any) R01MD011600",https://doi.org/10.1093/sleep/zsaf090.0389,2025-05-01,2025,0,0,,,article,TRUE,TRUE,bronze,https://academic.oup.com/sleep/article-pdf/48/Supplement_1/A169/63223446/zsaf090.0389.pdf,FALSE,SLEEP,https://openalex.org/S42921845,0161-8105,https://openalex.org/P4310311648,Oxford University Press,https://doi.org/10.1093/sleep/zsaf090.0389,https://academic.oup.com/sleep/article-pdf/48/Supplement_1/A169/63223446/zsaf090.0389.pdf,NA,publishedVersion,,0,,,,,FALSE,FALSE,en,,A169,A169,48,Supplement_1,Michael Grandner,John Ruiz
https://openalex.org/W4410503040,"0388 Chronotype Associated with Sociodemographics, Sleep Health, and Mental Health at the US-Mexico Border: Data from the NOCHES Study","0388 Chronotype Associated with Sociodemographics, Sleep Health, and Mental Health at the US-Mexico Border: Data from the NOCHES Study",,"Abstract Introduction Chronotype (circadian preference) has been associated with a wide range of health variables but has not yet been explored in populations at the US-Mexico Border. Associations may inform public health efforts and sleep/circadian health interventions. Methods Data were obtained from N=983 adults age 24-60 years at the US-Mexico border, obtained in-person by promotoras (community health workers) during interviews and standardized questionnaires in English and Spanish. Chronotype was assessed using a single item to assess whether the participant was definitely morning type, more morning than evening, more evening than morning, or definitely evening type. This was assessed as an ordinal variable for eveningness. Sociodemographics (also included as covariates) were age, gender, ethnicity, socioeconomic status, education, acculturation (Mexican and Anglo, assessed via the ARSMA-II), survey language, language spoken at home, household size, immigration, and living situation. Additional variables explored were the Insomnia Severity Index (ISI), Pittsburgh Sleep Quality Index (PSQI), weekend and weekday sleep latency, wake after sleep onset, and sleep duration, PHQ9 depression and GAD7 anxiety scales, Perceived Stress Scale (PSS), and Social Vigilance Questionnaire (SVQ). Results expressed as Ordinal Odds Ratios (oOR) of more delayed type. Results Increased likelihood of later chronotype was associated with female gender (oOR=1.43, p=0.020), speaking mostly Spanish at home (oOR=1.44, p=0.036), ISI score (oOR=1.08, p&amp;lt; 0.0005), PSQI score (oOR=1.07, p=0.026), weeknight (oOR=1.12, p&amp;lt; 0.0005) and weekend sleep duration (oOR=1.21, p&amp;lt; 0.0005), weeknight (oOR=1.01, p&amp;lt; 0.0005) and weekend sleep latency (oOR=1.01, p=0.003), PHQ9 score (oOR=1.08, p&amp;lt; 0.0005), GAD7 score (oOR=1.08, p=0.001), and SVQ score (oOR=1.02, p&amp;lt; 0.05). Decreased likelihood of later chronotype was associated with older age (oOR=0.97, p&amp;lt; 0.0005), less than high school (oOR=0.44, p&amp;lt; 0.0005) or high school education (oOR=0.65, p&amp;lt; 0.0005), completing survey in Spanish (oOR=0.45, p&amp;lt; 0.0005), living in an apartment or rented room (oOR=0.93, p=0.024), and larger household size (oOR=0.93, p=0.024). Conclusion Later chronotype was associated with worse sleep and mental health overall, consistent with previous studies. Sociodemographic associations should be explored to delineate risk pathways, especially cultural (e.g., language) and structural (e.g., household) factors. Support (if any) R01MD011600",https://doi.org/10.1093/sleep/zsaf090.0388,2025-05-01,2025,0,0,,,article,TRUE,TRUE,bronze,https://academic.oup.com/sleep/article-pdf/48/Supplement_1/A169/63223979/zsaf090.0388.pdf,FALSE,SLEEP,https://openalex.org/S42921845,0161-8105,https://openalex.org/P4310311648,Oxford University Press,https://doi.org/10.1093/sleep/zsaf090.0388,https://academic.oup.com/sleep/article-pdf/48/Supplement_1/A169/63223979/zsaf090.0388.pdf,NA,publishedVersion,,0,,,,,FALSE,FALSE,en,,A169,A169,48,Supplement_1,Michael Grandner,John Ruiz
https://openalex.org/W4403246128,Abstract Tu068: Calmodulin Kinase II is a Mutation-Specific Driver of Disease in Hypertrophic Cardiomyopathy,Abstract Tu068: Calmodulin Kinase II is a Mutation-Specific Driver of Disease in Hypertrophic Cardiomyopathy,,"In the heart, Ca/Calmodulin Kinase IIδ (CaMKIIδ) functions to maintain electromechanical and calcium homeostasis. Post-translational modifications (PTMs) of CaMKIIδ render its activity autonomous of Ca/CaM. In hypertrophic cardiomyopathy (HCM), increased levels of autonomous CaMKIIδ are linked to disease progression. We have shown that the pathogenic role of CaMKIIδ in HCM is mutation-specific: autonomous CaMKIIδ is elevated in cardiac troponin T (cTnT)-R92W mice, but not in cTnT-R92L mice. These results pose a clinically relevant and critical question: what is the trigger for CaMKIIδ dysregulation in HCM, such that it is only found with certain mutations? We hypothesize that CaMKIIδ dysregulation results from distinct modifications in thin filament (TF) biophysical properties altered by point mutations. cTnT-R92W TFs display faster calcium dissociation kinetics compared to wild type TFs, whereas cTnT-R92L TFs have slower dissociation kinetics, thus we propose accelerated calcium dissociation kinetics as a mutation-specific trigger of CaMKIIδ dysregulation. To test this, we will use mass spectrometry following CaMKIIδ immunoprecipitation to assess the levels of phosphorylation at Thr-287 and oxidation at Met-281/282 in mice expressing the R94H, I79N, or R92W mutations in cTnT, which exhibit differing calcium dissociation kinetics. Preliminary data shows that CaMKIIδ PTMs can be readily detected. We will also use the CaMKIIδ biosensor CaMKAR in cardiomyocytes isolated from these mice to evaluate CaMKIIδ activity. We have shown that genetic inhibition of CaMKIIδ in cTnT-R92W mice improves diastolic function and atrial remodeling. We also aim to test the efficacy of the small molecule CaMKIIδ inhibitor ruxolitinib (rux) in cTnT-R92W mice. Two-week treatment of these mice with rux improves systolic and diastolic function, and has no effect in nontransgenic controls, implicating small molecule inhibition of CaMKIIδ as a potential therapeutic option in HCM. To continue these studies, we will explore changes in calcium handling in the three mouse models to further establish potential mechanistic pathways for CaMKIIδ dysregulation in HCM and will extend rux treatment to longer timepoints to further evaluate its efficacy as an HCM therapeutic.",https://doi.org/10.1161/res.135.suppl_1.tu068,2024-08-02,2024,0,0,,,article,FALSE,FALSE,closed,NA,FALSE,Circulation Research,https://openalex.org/S10652568,0009-7330,https://openalex.org/P4310315671,Lippincott Williams & Wilkins,https://doi.org/10.1161/res.135.suppl_1.tu068,NA,NA,publishedVersion,,0,,,,,FALSE,FALSE,en,,ATu068,ATu068,135,Suppl_1,Shanna Hamilton,Paul R. Langlais
https://openalex.org/W4414936746,Abstract Wed032: Calmodulin Kinase II is a Mutation-Specific Driver of Disease in Hypertrophic Cardiomyopathy,Abstract Wed032: Calmodulin Kinase II is a Mutation-Specific Driver of Disease in Hypertrophic Cardiomyopathy,,"In the heart, Ca/Calmodulin Kinase IIδ (CaMKIIδ) functions to maintain electromechanical and Ca 2+ homeostasis. Post-translational modifications (PTMs) of CaMKIIδ render its activity autonomous of Ca/CaM. In hypertrophic cardiomyopathy (HCM), increased levels of autonomous CaMKIIδ are linked to disease progression. We have shown that the pathogenic role of CaMKIIδ in HCM is mutation-specific: autonomous CaMKIIδ is elevated in cardiac troponin T (cTnT)-R92W mice, but not in cTnT-R92L mice. These results pose a clinically relevant and critical question: what is the trigger for CaMKIIδ dysregulation in HCM, such that it is only found with certain mutations? We hypothesize that distinct modifications in thin filament (TF) biophysical properties altered by point mutations result in early Ca 2+ dysregulation and thus CaMKIIδ overactivity. Specifically, cTnT-R92W TFs display faster Ca 2+ dissociation kinetics compared to wild type TFs, whereas cTnT-R92L TFs have slower dissociation kinetics, thus we propose accelerated Ca 2+ dissociation kinetics as a mutation-specific trigger of CaMKIIδ dysregulation. To test this, we are using targeted mass spectrometry following CaMKIIδ immunoprecipitation to assess Thr-287 phosphorylation and Met-281/282 oxidation levels in mice expressing the R94H, I79N, or R92W mutations in cTnT, which exhibit differing Ca 2+ dissociation kinetics. Preliminary data shows that both PTMs can be readily detected in our samples. As CaMKIIδ dysregulation plays a pathogenic role in HCM, we also aim to test the efficacy of small molecule-based CaMKIIδ inhibition in cTnT-R92W mice using two candidate small molecules, hesperadin and ruxolitinib. Both molecules acutely inhibit CaMKIIδ activity in vivo upon isoproterenol stimulation, and two-week treatment of cTnT-R92W mice with ruxolitinib improves systolic and diastolic function with no effect in control mice, implicating small molecule inhibition of CaMKIIδ as a potential therapeutic option in HCM. To continue these studies, we will explore Ca 2+ handling in the three HCM mouse models to further establish potential mechanistic pathways for CaMKIIδ dysregulation and will extend small molecule treatment to longer timepoints to further evaluate its efficacy as an HCM therapeutic.",https://doi.org/10.1161/res.137.suppl_1.wed032,2025-08-01,2025,0,0,,,article,FALSE,FALSE,closed,NA,FALSE,Circulation Research,https://openalex.org/S10652568,0009-7330,https://openalex.org/P4310315671,Lippincott Williams & Wilkins,https://doi.org/10.1161/res.137.suppl_1.wed032,NA,NA,publishedVersion,,0,,,,,FALSE,FALSE,en,,NA,NA,137,Suppl_1,Shanna Hamilton,Paul R. Langlais
https://openalex.org/W3194369744,Weight Loss Interventions for Hispanic Women in the United States: A Systematic Review,Weight Loss Interventions for Hispanic Women in the United States: A Systematic Review,,"Background. Obesity rates in Hispanic women residing in the United States (U.S.) are disproportionately high, increasing the risk of obesity-related disease and mortality. The effectiveness of interventions targeting weight loss in this population remains largely unknown. Purpose. The purpose of this review was to systematically evaluate the evidence related to the effectiveness of weight loss interventions conducted among U.S. Hispanic women and provide guidance for future research. Methods. Bibliographic databases (n = 10, from each database’s inception to July 2, 2019) were searched using the PRISMA guidelines for systematic reviews. Randomized controlled trials (RCTs) and quasi-experimental studies with weight change outcomes were included. Results were described in a narrative synthesis. Results. 5,423 articles were assessed for eligibility based on inclusion criteria; 15 studies were included in the final review. Nine trials were RCTs and six were quasi-experimental studies; all but six were pilot studies. Most studies recruited overweight or obese women with no existing medical conditions and did not follow participants beyond the intervention. All trials were delivered in-person. Intervention strategies and content and weight change outcomes were highly variable. Conclusions. RCTs with statistically powered sample sizes are needed to robustly test the effects of weight loss interventions in this population.",https://doi.org/10.1155/2021/8714873,2021-08-19,2021,3.40660694,9,,,review,TRUE,TRUE,hybrid,https://downloads.hindawi.com/journals/jeph/2021/8714873.pdf,FALSE,Journal of Environmental and Public Health,https://openalex.org/S11392764,1687-9805,https://openalex.org/P4310319869,Hindawi Publishing Corporation,https://doi.org/10.1155/2021/8714873,https://downloads.hindawi.com/journals/jeph/2021/8714873.pdf,cc-by,publishedVersion,,66,,,,,FALSE,FALSE,en,,1,14,2021,NA,Melanie Hingle,Yann C. Klimentidis
https://openalex.org/W3173173121,Assessing Interactions between PNPLA3 and Dietary Intake on Liver Steatosis in Mexican-Origin Adults,Assessing Interactions between PNPLA3 and Dietary Intake on Liver Steatosis in Mexican-Origin Adults,,"Mexican-origin (MO) adults have among the highest rates of nonalcoholic fatty liver disease (NAFLD) placing them at increased risk of liver cancer. Evidence suggests that a single nucleotide polymorphism (SNP) in the PNPLA3 gene, rs738409, increases the risk and progression of NAFLD and may modify the relationship between certain dietary factors and liver steatosis. The purpose of this study was to identify whether interactions exist between specific dietary factors and rs738409 genotype status among MO adults in relation to levels of liver steatosis. We analyzed cross-sectional data from a sample of 288 MO adults. Participants completed at least two 24-h dietary recalls. Multiple linear regression was performed assuming an additive genetic model to test the main effects of several dietary variables on levels of hepatic steatosis, adjusting for covariates. To test for effect modification, the product of the genotype and the dietary variable was included as a covariate in the model. No significant association between dietary intake and level of hepatic steatosis was observed, nor any significant gene-diet interactions. Our findings suggest that dietary intake may have the same magnitude of protective or deleterious effect even among MO adults with high genetic risk for NAFLD and NAFLD progression.",https://doi.org/10.3390/ijerph18137055,2021-07-01,2021,0.93339385,6,,,article,TRUE,TRUE,gold,https://www.mdpi.com/1660-4601/18/13/7055/pdf?version=1625731109,FALSE,International Journal of Environmental Research and Public Health,https://openalex.org/S15239247,1660-4601,https://openalex.org/P4310310987,Multidisciplinary Digital Publishing Institute,https://doi.org/10.3390/ijerph18137055,https://www.mdpi.com/1660-4601/18/13/7055/pdf?version=1625731109,cc-by,publishedVersion,,49,,,,,FALSE,FALSE,en,,7055,7055,18,13,Melanie Hingle,Yann C. Klimentidis
https://openalex.org/W4404687051,Difficult to Treat Depression,Difficult to Treat Depression,,"The pandemic refocused interest on the burden of depression across the lifespan; the increased efforts to prevent and treat depression are now a priority of health care systems, insurers, patient advocates, digital therapeutic engineers, telemedicine platforms, and community health agencies. However, the challenges of treating depression to remission in adult patients who do not respond to first, second, or third levels of oral pharmacotherapy remain. The increased prevalence of these conditions is at odds with the shrinking psychiatric workforce. Since addressing difficult to treat depression is situated in a rapidly evolving treatment landscape, The University of Arizona College of Medicine-Tucson Department of Psychiatry organized and hosted the Southwest Forum on Difficult to Treat Depression: Focus on Approach, Algorithms, and Access in July 2024. The Forum convened 11 internationally renowned experts in the science and treatment of depression, in particular difficult to treat depression, for a day of teaching and discussion. Based on their expertise, participants were asked to address one of the following three themes: (1) Novel Mechanism Approaches for Difficult to Treat Depression, (2) What Do I Do Next? Evidence-Informed Algorithms to Get Patients Better Faster, and (3) Access: Providing Comprehensive Depression Care Across the Spectrum of Clinical Severity.",https://doi.org/10.4088/jcp.psprmdd2408ah,2024-11-25,2024,1.41761257,1,,,article,TRUE,TRUE,bronze,https://www.psychiatrist.com/read-pdf/57750,FALSE,The Journal of Clinical Psychiatry,https://openalex.org/S17992710,0160-6689,https://openalex.org/P4322614534,"Physicians Postgraduate Press, Inc.",https://doi.org/10.4088/jcp.psprmdd2408ah,https://www.psychiatrist.com/read-pdf/57750,NA,publishedVersion,,67,,,,,FALSE,FALSE,en,,NA,NA,85,4,Jordan Karp,Roberta Dı́az Brinton
https://openalex.org/W4392845701,Mendelian Randomization of Blood Metabolites Suggests Circulating Glutamine Protects Against Late-Onset Alzheimer’s Disease,Mendelian Randomization of Blood Metabolites Suggests Circulating Glutamine Protects Against Late-Onset Alzheimer’s Disease,,"Background: Late-onset Alzheimer’s disease (LOAD) represents a growing health burden. Previous studies suggest that blood metabolite levels influence risk of LOAD. Objective: We used a genetics-based study design which may overcome limitations of other epidemiological studies to assess the influence of metabolite levels on LOAD risk. Methods: We applied Mendelian randomization (MR) to evaluate bi-directional causal effects using summary statistics from the largest genome-wide association studies (GWAS) of 249 blood metabolites ( n = 115,082) and GWAS of LOAD (n case = 21,982, n control = 41,944). Results: MR analysis of metabolites as exposures revealed a negative association of genetically-predicted glutamine levels with LOAD (Odds Ratio (OR) = 0.83, 95% CI = 0.73, 0.92) that was consistent in multiple sensitivity analyses. We also identified a positive association of genetically-predicted free cholesterol levels in small LDL (OR = 1.79, 95% CI = 1.36, 2.22) on LOAD. Using genetically-predicted LOAD as the exposure, we identified associations with phospholipids to total lipids ratio in large LDL (OR = 0.96, 95% CI = 0.94, 0.98), but not with glutamine, suggesting that the relationship between glutamine and LOAD is unidirectional. Conclusions: Our findings support previous evidence that higher circulating levels of glutamine may be a target for protection against LOAD.",https://doi.org/10.3233/jad-231063,2024-03-13,2024,4.37680065,4,,,article,FALSE,TRUE,green,https://repository.arizona.edu/bitstream/10150/672400/1/Klimentidis-Man_Supp.pdf,FALSE,Journal of Alzheimer s Disease,https://openalex.org/S25155249,1387-2877,https://openalex.org/P4310318577,IOS Press,https://doi.org/10.3233/jad-231063,NA,NA,publishedVersion,,40,,,,,FALSE,FALSE,en,,1069,1078,98,3,Yann Klimentidis,Benjamin J. Renquist
https://openalex.org/W4404739448,Genetic QT score as a predictor of sudden cardiac death in participants with sleep-disordered breathing in the UK Biobank,Genetic QT score as a predictor of sudden cardiac death in participants with sleep-disordered breathing in the UK Biobank,,NA,https://doi.org/10.5664/jcsm.11474,2024-11-26,2024,0.48024723,1,,,article,FALSE,FALSE,closed,NA,FALSE,Journal of Clinical Sleep Medicine,https://openalex.org/S48878068,1550-9389,https://openalex.org/P4310315582,American Academy of Sleep Medicine,https://doi.org/10.5664/jcsm.11474,NA,NA,publishedVersion,,53,,,,,FALSE,FALSE,en,,549,557,21,3,Yann Klimentidis,Sairam Parthasarathy
https://openalex.org/W4387898634,Genetic QT Score and Sleep Apnea as Predictors of Sudden Cardiac Death in the UK Biobank,Genetic QT Score and Sleep Apnea as Predictors of Sudden Cardiac Death in the UK Biobank,,NA,https://doi.org/10.2139/ssrn.4611498,2023-01-01,2023,NA,1,,,preprint,TRUE,TRUE,green,https://doi.org/10.2139/ssrn.4611498,FALSE,SSRN Electronic Journal,https://openalex.org/S4210172589,1556-5068,https://openalex.org/I1318003438,RELX Group (Netherlands),https://doi.org/10.2139/ssrn.4611498,NA,NA,acceptedVersion,,51,,,,,FALSE,FALSE,en,,NA,NA,NA,NA,Yann Klimentidis,Sairam Parthasarathy
https://openalex.org/W4388485265,Genetic QT Score and Sleep Apnea as Predictors of Sudden Cardiac Death in the UK Biobank,Genetic QT Score and Sleep Apnea as Predictors of Sudden Cardiac Death in the UK Biobank,,"ABSTRACT Introduction The goal of this study was to evaluate the association between a polygenic risk score (PRS) for QT prolongation (QTc-PRS), QTc intervals and mortality in patients enrolled in the UK Biobank with and without sleep apnea. Methods The QTc-PRS was calculated using allele copy number and previously reported effect estimates for each single nuclear polymorphism SNP. Competing-risk regression models adjusting for age, sex, BMI, QT prolonging medication, race, and comorbid cardiovascular conditions were used for sudden cardiac death (SCD) analyses. Results 500,584 participants were evaluated (56.5 ±8 years, 54% women, 1.4% diagnosed with sleep apnea). A higher QTc-PRS was independently associated with the increased QTc interval duration (p&lt;0.0001). The mean QTc for the top QTc-PRS quintile was 15 msec longer than the bottom quintile (p&lt;0.001). Sleep apnea was found to be an effect modifier in the relationship between QTc-PRS and SCD. The adjusted HR per 5-unit change in QTc-PRS for SCD was 1.64 (95% CI 1.16 – 2.31, p=0.005) among those with sleep apnea and 1.04 (95% CI 0.95 – 1.14, p=0.44) among those without sleep apnea (p for interaction =0.01). Black participants with sleep apnea had significantly elevated adjusted risk of SCD compared to White participants (HR=9.6, 95% CI 1.24 - 74, p=0.03). Conclusion In the UK Biobank population, the QTc-PRS was associated with SCD among participants with sleep apnea but not among those without sleep apnea, indicating that sleep apnea is a significant modifier of the genetic risk. Black participants with sleep apnea had a particularly high risk of SCD.",https://doi.org/10.1101/2023.11.07.23298237,2023-11-08,2023,NA,0,,,preprint,TRUE,TRUE,gold,https://www.medrxiv.org/content/medrxiv/early/2023/11/08/2023.11.07.23298237.full.pdf,FALSE,NA,NA,NA,NA,NA,http://dx.doi.org/10.1101/2023.11.07.23298237,https://www.medrxiv.org/content/medrxiv/early/2023/11/08/2023.11.07.23298237.full.pdf,NA,acceptedVersion,,49,,,,,FALSE,FALSE,en,,NA,NA,NA,NA,Yann Klimentidis,Sairam Parthasarathy
https://openalex.org/W3164074497,Metformin: Experimental and Clinical Evidence for a Potential Role in Emphysema Treatment,Metformin: Experimental and Clinical Evidence for a Potential Role in Emphysema Treatment,,"Rationale: Cigarette smoke (CS) inhalation triggers oxidative stress and inflammation, leading to accelerated lung aging, apoptosis, and emphysema, as well as systemic pathologies. Metformin is beneficial for protecting against aging-related diseases. Objectives: We sought to investigate whether metformin may ameliorate CS-induced pathologies of emphysematous chronic obstructive pulmonary disease (COPD). Methods: Mice were exposed chronically to CS and fed metformin-enriched chow for the second half of exposure. Lung, kidney, and muscle pathologies, lung proteostasis, endoplasmic reticulum (ER) stress, mitochondrial function, and mediators of metformin effects in vivo and/or in vitro were studied. We evaluated the association of metformin use with indices of emphysema progression over 5 years of follow-up among the COPDGene (Genetic Epidemiology of COPD) study participants. The association of metformin use with the percentage of emphysema and adjusted lung density was estimated by using a linear mixed model. Measurements and Main Results: Metformin protected against CS-induced pulmonary inflammation and airspace enlargement; small airway remodeling, glomerular shrinkage, oxidative stress, apoptosis, telomere damage, aging, dysmetabolism in vivo and in vitro; and ER stress. The AMPK (AMP-activated protein kinase) pathway was central to metformin’s protective action. Within COPDGene, participants receiving metformin compared with those not receiving it had a slower progression of emphysema (−0.92%; 95% confidence interval [CI], −1.7% to −0.14%; P = 0.02) and a slower adjusted lung density decrease (2.2 g/L; 95% CI, 0.43 to 4.0 g/L; P = 0.01). Conclusions: Metformin protected against CS-induced lung, renal, and muscle injury; mitochondrial dysfunction; and unfolded protein responses and ER stress in mice. In humans, metformin use was associated with lesser emphysema progression over time. Our results provide a rationale for clinical trials testing the efficacy of metformin in limiting emphysema progression and its systemic consequences.",https://doi.org/10.1164/rccm.202012-4510oc,2021-05-25,2021,12.91174662,91,,,article,FALSE,TRUE,green,https://www.ncbi.nlm.nih.gov/pmc/articles/8521702,FALSE,American Journal of Respiratory and Critical Care Medicine,https://openalex.org/S93356601,1073-449X,https://openalex.org/P4310316311,American Thoracic Society,https://doi.org/10.1164/rccm.202012-4510oc,NA,NA,publishedVersion,,52,,,,,FALSE,FALSE,en,,651,666,204,6,Paul Langlais,Julie G. Ledford
https://openalex.org/W4388832621,CC16 drives VLA-2-dependent SPLUNC1 expression,CC16 drives VLA-2-dependent SPLUNC1 expression,,"Rationale CC16 (Club Cell Secretory Protein) is a protein produced by club cells and other non-ciliated epithelial cells within the lungs. CC16 has been shown to protect against the development of obstructive lung diseases and attenuate pulmonary pathogen burden. Despite recent advances in understanding CC16 effects in circulation, the biological mechanisms of CC16 in pulmonary epithelial responses have not been elucidated. Objectives We sought to determine if CC16 deficiency impairs epithelial-driven host responses and identify novel receptors expressed within the pulmonary epithelium through which CC16 imparts activity. Methods We utilized mass spectrometry and quantitative proteomics to investigate how CC16 deficiency impacts apically secreted pulmonary epithelial proteins. Mouse tracheal epithelial cells (MTECS), human nasal epithelial cells (HNECs) and mice were studied in naïve conditions and after Mp challenge. Measurements and main results We identified 8 antimicrobial proteins significantly decreased by CC16 -/- MTECS, 6 of which were validated by mRNA expression in Severe Asthma Research Program (SARP) cohorts. Short Palate Lung and Nasal Epithelial Clone 1 (SPLUNC1) was the most differentially expressed protein (66-fold) and was the focus of this study. Using a combination of MTECs and HNECs, we found that CC16 enhances pulmonary epithelial-driven SPLUNC1 expression via signaling through the receptor complex Very Late Antigen-2 (VLA-2) and that rCC16 given to mice enhances pulmonary SPLUNC1 production and decreases Mycoplasma pneumoniae (Mp) burden. Likewise, rSPLUNC1 results in decreased Mp burden in mice lacking CC16 mice. The VLA-2 integrin binding site within rCC16 is necessary for induction of SPLUNC1 and the reduction in Mp burden. Conclusion Our findings demonstrate a novel role for CC16 in epithelial-driven host defense by up-regulating antimicrobials and define a novel epithelial receptor for CC16, VLA-2, through which signaling is necessary for enhanced SPLUNC1 production.",https://doi.org/10.3389/fimmu.2023.1277582,2023-11-20,2023,1.68687493,5,,,article,TRUE,TRUE,gold,https://www.frontiersin.org/articles/10.3389/fimmu.2023.1277582/pdf?isPublishedV2=False,FALSE,Frontiers in Immunology,https://openalex.org/S2595292759,1664-3224,https://openalex.org/P4310320527,Frontiers Media,https://doi.org/10.3389/fimmu.2023.1277582,https://www.frontiersin.org/articles/10.3389/fimmu.2023.1277582/pdf?isPublishedV2=False,cc-by,publishedVersion,,70,,,,,FALSE,FALSE,en,,1277582,1277582,14,NA,Paul Langlais,Julie G. Ledford
https://openalex.org/W4221036237,βIV-spectrin as a stalk cell-intrinsic regulator of VEGF signaling,βIV-spectrin as a stalk cell-intrinsic regulator of VEGF signaling,,"Abstract Defective angiogenesis underlies over 50 malignant, ischemic and inflammatory disorders yet long-term therapeutic applications inevitably fail, thus highlighting the need for greater understanding of the vast crosstalk and compensatory mechanisms. Based on proteomic profiling of angiogenic endothelial components, here we report β IV -spectrin, a non-erythrocytic cytoskeletal protein, as a critical regulator of sprouting angiogenesis. Early loss of endothelial-specific β IV -spectrin promotes embryonic lethality in mice due to hypervascularization and hemorrhagic defects whereas neonatal depletion yields higher vascular density and tip cell populations in developing retina. During sprouting, β IV -spectrin expresses in stalk cells to inhibit their tip cell potential by enhancing VEGFR2 turnover in a manner independent of most cell-fate determining mechanisms. Rather, β IV -spectrin recruits CaMKII to the plasma membrane to directly phosphorylate VEGFR2 at Ser984, a previously undefined phosphoregulatory site that strongly induces VEGFR2 internalization and degradation. These findings support a distinct spectrin-based mechanism of tip-stalk cell specification during vascular development.",https://doi.org/10.1038/s41467-022-28933-1,2022-03-14,2022,2.09217569,17,,,article,TRUE,TRUE,gold,https://doi.org/10.1038/s41467-022-28933-1,FALSE,Nature Communications,https://openalex.org/S64187185,2041-1723,https://openalex.org/P4310319908,Nature Portfolio,https://doi.org/10.1038/s41467-022-28933-1,NA,cc-by,publishedVersion,,45,,,,,FALSE,FALSE,en,,1326,1326,13,1,Paul Langlais,Nam Y. Lee
https://openalex.org/W4398765589,Investigation of lactotransferrin messenger RNA expression levels as an anti–type 2 asthma biomarker,Investigation of lactotransferrin messenger RNA expression levels as an anti–type 2 asthma biomarker,,NA,https://doi.org/10.1016/j.jaci.2024.05.013,2024-05-24,2024,4.5378918,6,,,article,TRUE,TRUE,bronze,http://www.jacionline.org/article/S0091674924005244/pdf,FALSE,Journal of Allergy and Clinical Immunology,https://openalex.org/S108525051,0091-6749,https://openalex.org/P4310320990,Elsevier BV,https://doi.org/10.1016/j.jaci.2024.05.013,http://www.jacionline.org/article/S0091674924005244/pdf,NA,publishedVersion,,62,,,,,FALSE,FALSE,en,,609,618,154,3,Paul Langlais,Julie G. Ledford
https://openalex.org/W4367049053,Endothelial tip/stalk cell selection requires BMP9-induced β<sub>IV</sub>-spectrin expression during sprouting angiogenesis,Endothelial tip/stalk cell selection requires BMP9-induced β<sub>IV</sub>-spectrin expression during sprouting angiogenesis,,"The first transcriptional pathway regulating β IV -spectrin expression, a key angiogenic regulator of sprouting angiogenesis, is identified.",https://doi.org/10.1091/mbc.e23-02-0064,2023-04-26,2023,1.29969285,7,,,article,FALSE,TRUE,green,https://pmc.ncbi.nlm.nih.gov/articles/PMC10295478/pdf/mbc-34-ar72.pdf,FALSE,Molecular Biology of the Cell,https://openalex.org/S188085164,1059-1524,https://openalex.org/P4310319721,American Society for Cell Biology,https://doi.org/10.1091/mbc.e23-02-0064,NA,NA,publishedVersion,,61,,,,,FALSE,FALSE,en,,ar72,ar72,34,7,Paul Langlais,Nam Y. Lee
https://openalex.org/W3214794808,Myeloid-associated differentiation marker is a novel SP-A-associated transmembrane protein whose expression on airway epithelial cells correlates with asthma severity,Myeloid-associated differentiation marker is a novel SP-A-associated transmembrane protein whose expression on airway epithelial cells correlates with asthma severity,,NA,https://doi.org/10.1038/s41598-021-02869-w,2021-12-03,2021,1.27799252,8,,,article,TRUE,TRUE,gold,https://www.nature.com/articles/s41598-021-02869-w.pdf,FALSE,Scientific Reports,https://openalex.org/S196734849,2045-2322,https://openalex.org/P4310319908,Nature Portfolio,https://doi.org/10.1038/s41598-021-02869-w,https://www.nature.com/articles/s41598-021-02869-w.pdf,cc-by,publishedVersion,,52,,,,,FALSE,FALSE,en,,23392,23392,11,1,Paul Langlais,Julie G. Ledford
https://openalex.org/W4286512158,EPDR1 is a noncanonical effector of insulin-mediated angiogenesis regulated by an endothelial-specific TGF-β receptor complex,EPDR1 is a noncanonical effector of insulin-mediated angiogenesis regulated by an endothelial-specific TGF-β receptor complex,,"Insulin signaling in blood vessels primarily functions to stimulate angiogenesis and maintain vascular homeostasis through the canonical PI3K and MAPK signaling pathways. However, angiogenesis is a complex process coordinated by multiple other signaling events. Here, we report a distinct crosstalk between the insulin receptor and endoglin/activin receptor-like kinase 1 (ALK1), an endothelial cell-specific TGF-β receptor complex essential for angiogenesis. While the endoglin-ALK1 complex normally binds to TGF-β or bone morphogenetic protein 9 (BMP9) to promote gene regulation via transcription factors Smad1/5, we show that insulin drives insulin receptor oligomerization with endoglin-ALK1 at the cell surface to trigger rapid Smad1/5 activation. Through quantitative proteomic analysis, we identify ependymin-related protein 1 (EPDR1) as a major Smad1/5 gene target induced by insulin but not by TGF-β or BMP9. We found endothelial EPDR1 expression is minimal at the basal state but is markedly enhanced upon prolonged insulin treatment to promote cell migration and formation of capillary tubules. Conversely, we demonstrate EPDR1 depletion strongly abrogates these angiogenic effects, indicating that EPDR1 is a crucial mediator of insulin-induced angiogenesis. Taken together, these results suggest important therapeutic implications for EPDR1 and the TGF-β pathways in pathologic angiogenesis during hyperinsulinemia and insulin resistance.",https://doi.org/10.1016/j.jbc.2022.102297,2022-07-21,2022,0.86148411,7,,,article,TRUE,TRUE,gold,https://doi.org/10.1016/j.jbc.2022.102297,FALSE,Journal of Biological Chemistry,https://openalex.org/S140251998,0021-9258,https://openalex.org/P4310320990,Elsevier BV,https://doi.org/10.1016/j.jbc.2022.102297,NA,cc-by,publishedVersion,,64,,,,,FALSE,FALSE,en,,102297,102297,298,9,Paul Langlais,Nam Y. Lee
https://openalex.org/W4385461556,The Impact of CC16 on Pulmonary Epithelial-Driven Host Responses during Mycoplasma pneumoniae Infection in Mouse Tracheal Epithelial Cells,The Impact of CC16 on Pulmonary Epithelial-Driven Host Responses during Mycoplasma pneumoniae Infection in Mouse Tracheal Epithelial Cells,,"Club Cell Secretory Protein (CC16) plays many protective roles within the lung; however, the complete biological functions, especially regarding the pulmonary epithelium during infection, remain undefined. We have previously shown that CC16-deficient (CC16−/−) mouse tracheal epithelial cells (MTECs) have enhanced Mp burden compared to CC16-sufficient (WT) MTECs; therefore, in this study, we wanted to further define how the pulmonary epithelium responds to infection in the context of CC16 deficiency. Using mass spectrometry and quantitative proteomics to analyze proteins secreted apically from MTECs grown at an air–liquid interface, we investigated the protective effects that CC16 elicits within the pulmonary epithelium during Mycoplasma pneumoniae (Mp) infection. When challenged with Mp, WT MTECs have an overall reduction in apical protein secretion, whereas CC16−/− MTECs have increased apical protein secretion compared to their unchallenged controls. Following Gene Ontology and Kyoto Encyclopedia of Genes and Genomes (KEGG) assessment, many of the proteins upregulated from CC16−/− MTECS (unchallenged and during Mp infection) were related to airway remodeling, which were not observed by WT MTECs. These findings suggest that CC16 may be important in providing protection within the pulmonary epithelium during respiratory infection with Mp, which is the major causative agent of community-acquired pneumoniae.",https://doi.org/10.3390/cells12151984,2023-08-01,2023,2.47138078,7,,,article,TRUE,TRUE,gold,https://www.mdpi.com/2073-4409/12/15/1984/pdf?version=1690891699,FALSE,Cells,https://openalex.org/S2736626452,2073-4409,https://openalex.org/P4310310987,Multidisciplinary Digital Publishing Institute,https://doi.org/10.3390/cells12151984,https://www.mdpi.com/2073-4409/12/15/1984/pdf?version=1690891699,cc-by,publishedVersion,,78,,,,,FALSE,FALSE,en,,1984,1984,12,15,Paul Langlais,Julie G. Ledford
https://openalex.org/W4396985936,Extracellular signals induce dynamic ER remodeling through αTAT1-dependent microtubule acetylation,Extracellular signals induce dynamic ER remodeling through αTAT1-dependent microtubule acetylation,,NA,https://doi.org/10.1016/j.neo.2024.101003,2024-05-16,2024,1.44074168,3,,,article,TRUE,TRUE,gold,https://doi.org/10.1016/j.neo.2024.101003,FALSE,Neoplasia,https://openalex.org/S20008548,1476-5586,https://openalex.org/P4310320990,Elsevier BV,https://doi.org/10.1016/j.neo.2024.101003,NA,cc-by-nc,publishedVersion,,46,,,,,FALSE,FALSE,en,,101003,101003,53,NA,Paul Langlais,Nam Y. Lee
https://openalex.org/W4386529146,Beta <scp>IV</scp> spectrin inhibits the metastatic growth of melanoma by suppressing <scp>VEGFR2</scp>‐driven tumor angiogenesis,Beta <scp>IV</scp> spectrin inhibits the metastatic growth of melanoma by suppressing <scp>VEGFR2</scp>‐driven tumor angiogenesis,,"Abstract Background Tumor‐associated angiogenesis mediates the growth and metastasis of most solid cancers. Targeted therapies of the VEGF pathways can effectively block these processes but often fail to provide lasting benefits due to acquired resistance and complications. Results Recently, we discovered β IV ‐spectrin as a powerful regulator of angiogenesis and potential new target. We previously reported that β IV ‐spectrin is dynamically expressed in endothelial cells (EC) to induce VEGFR2 protein turnover during development. Here, we explored how β IV ‐spectrin influences the tumor vasculature using the murine B16 melanoma model and determined that loss of EC‐specific β IV ‐spectrin dramatically promotes tumor growth and metastasis. Intraperitoneally injected B16 cells formed larger tumors with increased tumor vessel density and greater propensity for metastatic spread particularly to the chest cavity and lung compared to control mice. These results support β IV ‐spectrin as a key regulator of tumor angiogenesis and a viable vascular target in cancer.",https://doi.org/10.1002/cam4.6522,2023-09-01,2023,1.18999066,4,,,article,TRUE,TRUE,gold,https://onlinelibrary.wiley.com/doi/pdfdirect/10.1002/cam4.6522,FALSE,Cancer Medicine,https://openalex.org/S2754843627,2045-7634,https://openalex.org/P4310320595,Wiley,https://doi.org/10.1002/cam4.6522,https://onlinelibrary.wiley.com/doi/pdfdirect/10.1002/cam4.6522,cc-by,publishedVersion,,19,,,,,FALSE,FALSE,en,,18981,18987,12,18,Paul Langlais,Nam Y. Lee
https://openalex.org/W4394688671,Phosphoproteomic profiling identifies DNMT1 as a key substrate of beta IV spectrin-dependent ERK/MAPK signaling in suppressing angiogenesis,Phosphoproteomic profiling identifies DNMT1 as a key substrate of beta IV spectrin-dependent ERK/MAPK signaling in suppressing angiogenesis,,NA,https://doi.org/10.1016/j.bbrc.2024.149916,2024-04-10,2024,4.72926898,1,,,article,FALSE,TRUE,green,https://pmc.ncbi.nlm.nih.gov/articles/PMC11089540/pdf/nihms-1985968.pdf,FALSE,Biochemical and Biophysical Research Communications,https://openalex.org/S151589183,0006-291X,https://openalex.org/P4310320990,Elsevier BV,https://doi.org/10.1016/j.bbrc.2024.149916,NA,NA,publishedVersion,,25,,,,,FALSE,FALSE,en,,149916,149916,711,NA,Paul Langlais,Nam Y. Lee
https://openalex.org/W4387979514,CC16 Induces Pulmonary Epithelial-Driven SPLUNC1 Expression by Signaling through VLA-2.,CC16 Induces Pulmonary Epithelial-Driven SPLUNC1 Expression by Signaling through VLA-2.,,"<b>Background:</b> CC16 has been shown to protect against the development of obstructive lung diseases and attenuate pulmonary pathogen burden; however, the biological mechanisms of CC16 on pulmonary epithelial responses remain undefined. <b>Methods:</b> Mouse tracheal epithelial cells (MTECS) from CC16 sufficient (WT) and CC16 deficient (CC16-/-) mice were grown at an air-liquid interface and mass spectrometry and quantitative proteomics used to investigate the impact of CC16 on apically secreted proteins. <b>Results:</b> Eight antimicrobials were significantly repressed from CC16-/- MTECs, 6 of which were validated in and human nasal epithelial cells (HNECs). Short Palate Lung and Nasal Epithelial Clone 1 (SPLUNC1) was the most differentially expressed antimicrobial protein (66-fold) and was the focus of this study. We discovered that CC16 enhances epithelial-driven SPLUNC1 production via signaling through the receptor complex Very Late Antigen-2 (VLA-2) and that rCC16 enhances pulmonary SPLUNC1 production in vivo. <b>Conclusions:</b> Our findings identify VLA-2 as a new receptor for CC16 and a novel role of CC16 in the airway epithelium by up-regulating antimicrobials. <b>Clinical Implications:</b> These findings could impact host responses to respiratory pathogens for individuals in which low CC16 levels have been described, including in Asthma, COPD and in Cystic Fibrosis patients.",https://doi.org/10.1183/13993003.congress-2023.oa4964,2023-09-09,2023,0.57642796,1,,,article,FALSE,FALSE,closed,NA,FALSE,NA,NA,NA,NA,NA,https://doi.org/10.1183/13993003.congress-2023.oa4964,NA,NA,publishedVersion,,0,,,,,FALSE,FALSE,en,,OA4964,OA4964,NA,NA,Paul Langlais,Julie G. Ledford
https://openalex.org/W4379374962,The Impact of CC16 on Pulmonary Epithelial-Driven Host Responses during &lt;em&gt;Mycoplasma pneumoniae&lt;/em&gt; Infection,The Impact of CC16 on Pulmonary Epithelial-Driven Host Responses during &lt;em&gt;Mycoplasma pneumoniae&lt;/em&gt; Infection,,"CC16 plays many protective roles within the lung; however, the complete biological functions, es-pecially regarding the pulmonary epithelium during infection, remain undefined. We have previ-ously shown that CC16 deficient (CC16-/-) mouse tracheal epithelial cells (MTECs) have enhanced Mp burden, compared to CC16 sufficient (WT) MTECs; therefore, in this study, we wanted to fur-ther define how the pulmonary epithelium responds to infection in the context of CC16 deficiency. Using mass spectrometry and quantitative proteomics to analyze proteins secreted apically from MTECs grown at an air-liquid interface, we investigated the protective effects that CC16 elicits within the pulmonary epithelium during Mycoplasma pneumoniae (Mp) infection. When chal-lenged with Mp, WT MTECs have an overall reduction in apical protein secretion, whereas CC16-/- MTECs have increased apical protein secretion compared to their unchallenged controls. Fol-lowing Gene Ontology and Kyoto Encyclopedia of Genes and Genomes (KEGG) assessment, many of the proteins upregulated from CC16-/- MTECS (unchallenged and during Mp infection) were related to airway remodeling, which were not observed by WT MTECs. These findings sug-gest that CC16 is instrumental in providing protection within the pulmonary epithelium during respiratory infection with Mp, the major causative agent of community-acquired pneumoniae.",https://doi.org/10.20944/preprints202306.0270.v1,2023-06-05,2023,NA,2,,,preprint,TRUE,TRUE,green,https://www.preprints.org/manuscript/202306.0270/v1/download,FALSE,Preprints.org,https://openalex.org/S6309402219,NA,NA,NA,http://dx.doi.org/10.20944/preprints202306.0270.v1,https://www.preprints.org/manuscript/202306.0270/v1/download,cc-by,acceptedVersion,,59,,,,,FALSE,FALSE,en,,NA,NA,NA,NA,Paul Langlais,Julie G. Ledford
https://openalex.org/W4366770738,Structural remodeling of the endoplasmic reticulum in response to extracellular signals requires αTAT1-induced microtubule acetylation,Structural remodeling of the endoplasmic reticulum in response to extracellular signals requires αTAT1-induced microtubule acetylation,,"ABSTRACT Dynamic changes in the endoplasmic reticulum (ER) morphology are central to maintaining cellular homeostasis. Microtubules (MT) facilitate the continuous remodeling of the ER network into sheets and tubules by coordinating with many ER-shaping protein complexes, although how this process is controlled by extracellular signals remains unknown. Here we report that TAK1, a kinase responsive to numerous growth factors and cytokines including TGF-β and TNF-α, triggers ER tubulation by activating αTAT1, an MT-acetylating enzyme that enhances ER-sliding. We show that this TAK1/αTAT-dependent ER remodeling promotes cell survival by actively downregulating BOK, an ER membrane-associated proapoptotic effector. While BOK is normally protected from degradation when complexed with IP3R, it is rapidly degraded upon their dissociation during the ER sheets-to-tubules conversion. These findings demonstrate a distinct mechanism of ligand-induced ER remodeling and suggest that the TAK1/αTAT pathway may be a key target in ER stress and dysfunction.",https://doi.org/10.1101/2023.04.20.537623,2023-04-21,2023,NA,1,,,preprint,TRUE,TRUE,gold,https://www.biorxiv.org/content/biorxiv/early/2023/04/21/2023.04.20.537623.full.pdf,FALSE,NA,NA,NA,NA,NA,http://dx.doi.org/10.1101/2023.04.20.537623,https://www.biorxiv.org/content/biorxiv/early/2023/04/21/2023.04.20.537623.full.pdf,NA,acceptedVersion,,45,,,,,FALSE,FALSE,en,,NA,NA,NA,NA,Paul Langlais,Nam Y. Lee
https://openalex.org/W4205184871,Identification of Mfn2-S249 as a Phosphoregulatory Switch of Mitochondrial Fusion Dynamics,Identification of Mfn2-S249 as a Phosphoregulatory Switch of Mitochondrial Fusion Dynamics,,"SUMMARY Mitochondrial remodeling is a fundamental process underlying cellular respiration and metabolism. Here we report TAK1 as a direct regulator of mitochondrial fusion. TAK1 is activated by a variety of mitogenic factors, cytokines and environmental stimuli, which we find induces rapid fragmentation through Mfn2 inactivation. TAK1 phosphorylates Mfn2 at Ser249, which inhibits the binding of GTP required for Mfn trans-dimerization and mitochondrial membrane fusion. Accordingly, expression of Mfn2-S249 phosphomimetics (Mfn2-E/D) constitutively promote fission whereas alanine mutant (Mfn2-A) yields hyperfused mitochondria and increased bioenergetics in cells. In mice, Mfn2-E knock-in yields embryonic lethality in homozygotes whereas heterozygotes are viable but exhibit increased visceral fat accumulation despite normal body weight and cognitive/motor functions compared to wildtype and Mfn2-A mice. Mature white adipocytes isolated from mutant mice reveal cell-autonomous TAK1-related effects on mitochondrial remodeling and lipid metabolism. These results identify Mfn2-S249 as a dynamic phosphoregulatory switch of mitochondrial fusion during development and energy homeostasis.",https://doi.org/10.1101/2022.01.11.475884,2022-01-12,2022,NA,0,,,preprint,TRUE,TRUE,gold,https://www.biorxiv.org/content/biorxiv/early/2022/01/12/2022.01.11.475884.full.pdf,FALSE,NA,NA,NA,NA,NA,https://doi.org/10.1101/2022.01.11.475884,https://www.biorxiv.org/content/biorxiv/early/2022/01/12/2022.01.11.475884.full.pdf,NA,acceptedVersion,,37,,,,,FALSE,FALSE,en,,NA,NA,NA,NA,Paul Langlais,Nam Y. Lee
https://openalex.org/W4230783291,Loss of Club Cell Secretory Protein Impacts Epithelial Response to Pathogen Challenge,Loss of Club Cell Secretory Protein Impacts Epithelial Response to Pathogen Challenge,,NA,https://doi.org/10.1164/ajrccm-conference.2021.203.1_meetingabstracts.a4187,2021-05-01,2021,0,0,,,article,TRUE,TRUE,gold,https://www.atsjournals.org/doi/pdf/10.1164/ajrccm-conference.2021.203.1_MeetingAbstracts.A4187,FALSE,NA,NA,NA,NA,NA,https://doi.org/10.1164/ajrccm-conference.2021.203.1_meetingabstracts.a4187,https://www.atsjournals.org/doi/pdf/10.1164/ajrccm-conference.2021.203.1_MeetingAbstracts.A4187,NA,publishedVersion,,0,,,,,FALSE,FALSE,en,,A4187,A4187,NA,NA,Paul Langlais,Julie G. Ledford
https://openalex.org/W4365793553,Abstract 1628: Endothelial tip and stalk cell specification requires BMP9-induced βIV-spectrin expression during nascent vessel sprouting,Abstract 1628: Endothelial tip and stalk cell specification requires BMP9-induced βIV-spectrin expression during nascent vessel sprouting,,NA,https://doi.org/10.1016/j.jbc.2023.104044,2023-01-01,2023,0,0,,,article,TRUE,TRUE,gold,https://doi.org/10.1016/j.jbc.2023.104044,FALSE,Journal of Biological Chemistry,https://openalex.org/S140251998,0021-9258,https://openalex.org/P4310320990,Elsevier BV,https://doi.org/10.1016/j.jbc.2023.104044,NA,cc-by,publishedVersion,,0,,,,,FALSE,FALSE,en,,104044,104044,299,3,Paul Langlais,Nam Y. Lee
https://openalex.org/W4401881493,Interpretation of 31P-MRS Assessment of ΔGATP:JATP Elasticity in Human Skeletal Muscle Requires Estimation of the Oxidative Fuel Mixture,Interpretation of 31P-MRS Assessment of ΔGATP:JATP Elasticity in Human Skeletal Muscle Requires Estimation of the Oxidative Fuel Mixture,,NA,https://doi.org/10.1016/j.bbabio.2024.149420,2024-08-26,2024,0,0,,,article,FALSE,FALSE,closed,NA,FALSE,Biochimica et Biophysica Acta (BBA) - Bioenergetics,https://openalex.org/S4210237460,0005-2728,https://openalex.org/P4310320990,Elsevier BV,https://doi.org/10.1016/j.bbabio.2024.149420,NA,NA,publishedVersion,,0,,,,,FALSE,FALSE,en,,149420,149420,1865,NA,Paul Langlais,Lawrence J. Mandarino
https://openalex.org/W4416449587,CC16 mediated epithelial-driven host responses to Rhinovirus infection is defective in nasal cells from asthma patients 3802,CC16 mediated epithelial-driven host responses to Rhinovirus infection is defective in nasal cells from asthma patients 3802,,"Abstract Description Rhinovirus (RV) increases the risk for developing asthma and is the major trigger for disease exacerbations. CC16 is produced and secreted by club cells and non-ciliated epithelial cells in the pulmonary epithelium and reduces inflammatory responses in the lungs and has phospholipase A2 inhibiting activity. Moreover, CC16 levels are decreased in asthma patients, which are associated with more frequent exacerbations. This study aims to determine the impact of CC16 on RV-1B infection using human nasal epithelial cells (HNECs) from asthma and non-asthma participants cultured in air-liquid interface system in the presence or absence of recombinant CC16 (rCC16). Viral RNA and the expression of host defense factors including Lysozyme, SPLUNC1, Lactotransferrin, Surfactant protein A, Surfactant protein-D were quantified by RT-qPCR. We found higher RV burden and lower CC16 in HNECs isolated from asthmatic individuals. RV infection increased host defense factors in non-asthmatic but not asthmatic HNECs. rCC16 induced the expression of host defense factors and reduced viral burden in HNECs from both groups. In addition, the CC16-mediated host defenses that were diminished in asthmatic HNECs were rescued by exogenous delivery of rCC16 during infection. These results suggest that CC16 can reduce rhinovirus infection in nasal epithelial cells by mediating the upregulation of host defense factors and that this mechanism may be defective in asthma patients due to low levels of CC16. Funding Sources NIH HL142769 and the Flinn Foundation Topic Categories Viral Immunology (VIR)",https://doi.org/10.1093/jimmun/vkaf283.1562,2025-11-01,2025,NA,0,,,article,TRUE,TRUE,bronze,https://academic.oup.com/jimmunol/article-pdf/214/Supplement_1/vkaf283.1562/65412281/vkaf283.1562.pdf,FALSE,The Journal of Immunology,https://openalex.org/S38008053,0022-1767,https://openalex.org/P4320800377,American Association of Immunologists,https://doi.org/10.1093/jimmun/vkaf283.1562,https://academic.oup.com/jimmunol/article-pdf/214/Supplement_1/vkaf283.1562/65412281/vkaf283.1562.pdf,NA,publishedVersion,,0,,,,,FALSE,FALSE,en,,NA,NA,214,Supplement_1,Paul Langlais,Julie G. Ledford
https://openalex.org/W4281688443,Obesity-Associated Alterations in Lung Function in Mice Measured with Head-Out Plethysmography,Obesity-Associated Alterations in Lung Function in Mice Measured with Head-Out Plethysmography,,"Abstract Declines in lung function worsen quality of life and increase the risk of mortality. Obesity and non-alcoholic fatty liver disease are associated with worsened lung function. To investigate this association, we assessed lung function in lean and diet-induced obese conscious mice using our newly developed leak-free head-out plethysmography system. Obesity was associated with increased volume (P&lt;0.0001), minute ventilation (volume per minute; P&lt;0.0001), mid-expiratory flow (flow rate at 50% expiratory volume; P&lt;0.0001), end-inspiratory pause (pause at end of inspiration; P&lt;0.0001) and decreased expiratory time (P&lt;0.0001). We next compared the response to methacholine (0, 25, 50, 100 mg/ml in PBS flow 0.2ml/30sec) measured using our head-out plethysmography system with forced oscillation technique (using the standard flexiVent system) measures taken in the same mice. Many of the measures gathered using head-out plethysmography were associated with measures collected using the forced oscillation technique. Minute ventilation was most significantly associated with maximal airway resistance, maximal airway elastance, tissue damping, and tissue elastance (r=-0.59 P&lt;0.0001; r=-0.54 P&lt;0.005; r=-0.48 P&lt;0.005; r=-0.40 P&lt;0.005 respectively). Volume, corrected for energy expenditure, was most significantly associated with maximal resistance of the conducting airways (r=-0.57 P&lt;0.0001). Although fatty liver is associated with changes in lung function, we found neither hepatic vagotomy nor knocking down obesity-induced hepatic GABA production improved lung function in obese mice. Still, our head-out plethysmography system is ideal for assessing the response to interventions aimed at improving obesity-associated declines in lung function.",https://doi.org/10.1101/2022.05.25.493464,2022-05-26,2022,NA,0,,,preprint,TRUE,TRUE,gold,https://www.biorxiv.org/content/biorxiv/early/2022/05/26/2022.05.25.493464.full.pdf,FALSE,NA,NA,NA,NA,NA,https://doi.org/10.1101/2022.05.25.493464,https://www.biorxiv.org/content/biorxiv/early/2022/05/26/2022.05.25.493464.full.pdf,cc-by-nc,acceptedVersion,,45,,,,,FALSE,FALSE,en,,NA,NA,NA,NA,Julie Ledford,Benjamin J. Renquist
https://openalex.org/W4405168428,Oral Delivery of miR146a Conjugated to Cerium Oxide Nanoparticles Improves an Established T Cell-Mediated Experimental Colitis in Mice,Oral Delivery of miR146a Conjugated to Cerium Oxide Nanoparticles Improves an Established T Cell-Mediated Experimental Colitis in Mice,,"Background: Dysregulated inflammation and oxidative stress are strongly implicated in the pathogenesis of inflammatory bowel disease. We have developed a novel therapeutic that targets inflammation and oxidative stress. It is comprised of microRNA-146a (miR146a)-loaded cerium oxide nanoparticles (CNPs) (CNP-miR146a). We hypothesized that oral delivery of CNP-miR146a would reduce colonic inflammation in a mouse model of established, chronic, T cell-mediated colitis. Methods: The stability of CNP-miR146a and mucosal delivery was assessed in vitro with simulated gastrointestinal fluid and in vivo after oral gavage by quantitative real-time RT-PCR. The efficacy of orally administered CNP-miR146a was tested in mice with established colitis using the model of adoptive naïve T-cell transfer in recombinant activating gene 2 knockout (Rag2−/−) mice. Measured outcomes included histopathology; CD45+ immune cell infiltration; oxidative DNA damage (tissue 8-hydroxy-2′-deoxyguanosine; 8-OHdG); expression of IL-6 and TNF mRNA and protein, and flow cytometry analysis of lamina propria Th1 and Th17 cell populations. Results: miR146a expression remained stable in simulated gastric and intestinal conditions. miR146a expression increased in the intestines of mice six hours following oral gavage of CNP-miR146a. Oral delivery of CNP-miR146a in mice with colitis was associated with reduced inflammation and oxidative stress in the proximal and distal colons as evidenced by histopathology scoring, reduced immune cell infiltration, reduced IL-6 and TNF expression, and decreased populations of CD4+Tbet+IFNg+ Th1, CD4+RorgT+IL17+ Th17, as well as pathogenic double positive IFNg+IL17+ T cells. Conclusions: CNP-miR146a represents a novel orally available therapeutic with high potential to advance into clinical trials.",https://doi.org/10.3390/pharmaceutics16121573,2024-12-09,2024,1.70374426,3,,,article,TRUE,TRUE,gold,https://www.mdpi.com/1999-4923/16/12/1573/pdf?version=1733734320,FALSE,Pharmaceutics,https://openalex.org/S30283931,1999-4923,https://openalex.org/P4310310987,Multidisciplinary Digital Publishing Institute,https://doi.org/10.3390/pharmaceutics16121573,https://www.mdpi.com/1999-4923/16/12/1573/pdf?version=1733734320,cc-by,publishedVersion,,89,,,,,FALSE,FALSE,en,,1573,1573,16,12,Kenneth Liechty,Pawel R. Kiela
https://openalex.org/W4413972188,Management of Diabetic Wounds: Expert Panel Consensus Statement.,Management of Diabetic Wounds: Expert Panel Consensus Statement.,,"<b>Significance:</b> The Wound Healing Foundation recognized the need for consensus-based unbiased recommendations for the treatment of wounds. Consensus statements on the treatment of chronic wounds and acute wounds have been developed and published previously. The current publication on diabetic wounds represents the next step in this process. Diabetic wounds constitute a major problem. Population-based and meta-analytic studies indicate that the presence of foot wounds in patients with diabetes increases their mortality risk by more than twofold. The management of diabetic wounds requires consistent and evidence-driven intervention to achieve optimal clinical outcomes. This consensus statement provides the clinician with the necessary foundational approaches to the causes, diagnosis, and therapeutic management of diabetic wounds. Presented in a structured format, this is a useful guide for clinicians and learners in all patient care settings. <b>Recent Advances:</b> Continuous glucose monitoring and other new tools have facilitated better diabetes management and the management of associated wounds. Diabetic limb salvage should focus on achieving and optimizing function for the patient with diabetes rather than preserving limb tissue at all costs. <b>Critical Issues:</b> Successful management of diabetic wounds requires a multidisciplinary approach encompassing comprehensive assessment, timely intervention, and collaborative care by the wound clinician with providers who can address critical aspects to achieve healing, including careful management of blood glucose levels, optimization of off-loading and physical therapy, assessment and treatment of limb ischemia, control and prevention of wound infection, and optimal pain management. <b>Future Directions:</b> Emerging treatments offer hope and promise, but the heterogenicity of diabetic wounds poses a challenge to performing good studies, which will be necessary to advance new treatments for diabetic wounds.",https://doi.org/10.1177/21621918251366586,2025-08-20,2025,4.57511857,1,,,article,FALSE,FALSE,closed,NA,FALSE,PubMed,https://openalex.org/S4306525036,NA,https://openalex.org/I1299303238,National Institutes of Health,https://pubmed.ncbi.nlm.nih.gov/40833358,NA,NA,publishedVersion,,0,,,,,FALSE,FALSE,en,,NA,NA,NA,NA,Kenneth Liechty,Geoffrey C. Gurtner
https://openalex.org/W4376133120,Harmful algal bloom aerosols and human health,Harmful algal bloom aerosols and human health,,"Harmful algal blooms (HABs) are increasing across many locations globally. Toxins from HABs can be incorporated into aerosols and transported inland, where subsequent exposure and inhalation can induce adverse health effects. However, the relationship between HAB aerosols and health outcomes remains unclear despite the potential for population-level exposures. In this review, we synthesized the current state of knowledge and identified evidence gaps in the relationship between HAB aerosols and human health. Aerosols from Karenia brevis, Ostreopsis sp., and cyanobacteria were linked with respiratory outcomes. However, most works did not directly measure aerosol or toxin concentrations and instead relied on proxy metrics of exposure, such as cell concentrations in nearby waterbodies. Furthermore, the number of studies with epidemiological designs was limited. Significant uncertainties remain regarding the health effects of other HAB species; threshold dose and the dose-response relationship; effects of concurrent exposures to mixtures of toxins and other aerosol sources, such as microplastics and metals; the impact of long-term exposures; and disparities in exposures and associated health effects across potentially vulnerable subpopulations. Additional studies employing multifaceted exposure assessment methods and leveraging large health databases could address such gaps and improve our understanding of the public health burden of HABs.",https://doi.org/10.1016/j.ebiom.2023.104604,2023-05-08,2023,16.75765283,57,,,review,TRUE,TRUE,gold,http://www.thelancet.com/article/S235239642300169X/pdf,FALSE,EBioMedicine,https://openalex.org/S2531685872,2352-3964,https://openalex.org/P4310320990,Elsevier BV,https://doi.org/10.1016/j.ebiom.2023.104604,http://www.thelancet.com/article/S235239642300169X/pdf,cc-by-nc-nd,publishedVersion,,106,,,,,FALSE,FALSE,en,,104604,104604,93,NA,Chris Lim,Kelly A. Reynolds
https://openalex.org/W4403382280,Impaired Suppression of Plasma Lipid Extraction and Its Partitioning Away From Muscle by Insulin in Humans With Obesity,Impaired Suppression of Plasma Lipid Extraction and Its Partitioning Away From Muscle by Insulin in Humans With Obesity,,"Abstract Context Humans with obesity and insulin resistance exhibit lipid accumulation in skeletal muscle, but the underlying biological mechanisms responsible for the accumulation of lipid in the muscle of these individuals remain unknown. Objective We investigated how plasma insulin modulates the extraction of circulating triglycerides (TGs) and nonesterified fatty acids (NEFAs) from ingested and endogenous origin in the muscle of lean, insulin-sensitive humans (Lean-IS) and contrasted these responses to those in humans with obesity and insulin resistance (Obese-IR). Methods The studies were performed in a postprandial state associated with steady-state plasma TG concentrations. The arterio-venous blood sampling technique was employed to determine the extraction of circulating lipids across the forearm muscle before and after insulin infusion. We distinguished the kinetics of TGs and NEFAs from ingested origin from those from endogenous origin across muscle by incorporating stable isotope-labeled triolein in the ingested fat. Results Insulin infusion rapidly suppressed the extraction of plasma TGs from endogenous but not ingested origin in the muscle of the Lean-IS, but this response was absent in the muscle of the Obese-IR. Furthermore, in the muscle of the Lean-IS, insulin infusion decreased the extraction of circulating NEFAs from both ingested and endogenous origin; however, this response was absent for NEFAs from ingested origin in the muscle of the Obese-IR subjects. Conclusion Partitioning of circulating lipids away from the skeletal muscle when plasma insulin increases during the postprandial period is impaired in humans with obesity and insulin resistance.",https://doi.org/10.1210/clinem/dgae727,2024-10-13,2024,1.5126306,2,,,article,FALSE,TRUE,green,https://pmc.ncbi.nlm.nih.gov/articles/PMC12086387/,FALSE,The Journal of Clinical Endocrinology & Metabolism,https://openalex.org/S205775358,0021-972X,https://openalex.org/P4310311648,Oxford University Press,https://doi.org/10.1210/clinem/dgae727,NA,NA,publishedVersion,,45,,,,,FALSE,FALSE,en,,1647,1656,110,6,Lawrence Mandarino,Christos S. Katsanos
https://openalex.org/W3156785378,Oxidative phosphorylation K0.5ADP in vitro depends on substrate oxidative capacity: Insights from a luciferase-based assay to evaluate ADP kinetic parameters,Oxidative phosphorylation K0.5ADP in vitro depends on substrate oxidative capacity: Insights from a luciferase-based assay to evaluate ADP kinetic parameters,,NA,https://doi.org/10.1016/j.bbabio.2021.148430,2021-04-20,2021,0.19506485,3,,,article,FALSE,TRUE,green,https://www.ncbi.nlm.nih.gov/pmc/articles/8725320,FALSE,Biochimica et Biophysica Acta (BBA) - Bioenergetics,https://openalex.org/S4210237460,0005-2728,https://openalex.org/P4310320990,Elsevier BV,https://doi.org/10.1016/j.bbabio.2021.148430,NA,publisher-specific-oa,publishedVersion,,77,,,,,FALSE,FALSE,en,,148430,148430,1862,8,Lawrence Mandarino,Jennifer H. Stern
https://openalex.org/W4399566287,Impaired Suppression of Plasma Lipid Extraction and its Partitioning Away from Muscle by Insulin in Humans with Obesity,Impaired Suppression of Plasma Lipid Extraction and its Partitioning Away from Muscle by Insulin in Humans with Obesity,,"Abstract Context Humans with obesity and insulin resistance exhibit lipid accumulation in skeletal muscle, but the underlying biological mechanisms responsible for the accumulation of lipid in the muscle of these individuals remain unknown. Objective We investigated how plasma insulin modulates the extraction of circulating triglycerides (TGs) and non-esterified fatty acids (NEFAs) from ingested and endogenous origin in the muscle of lean, insulin-sensitive humans (Lean-IS) and contrasted these responses to those in humans with obesity and insulin resistance (Obese-IR). Methods The studies were performed in a postprandial state associated with steady-state plasma TG concentrations. The arterio-venous blood sampling technique was employed to determine the extraction of circulating lipids across the forearm muscle before and after insulin infusion. We distinguished kinetics of TGs and NEFAs from ingested origin from those from endogenous origin across muscle by incorporating stable isotope-labeled triolein in the ingested fat. Results Insulin infusion rapidly suppressed the extraction of plasma TGs from endogenous, but not ingested, origin in the muscle of the Lean-IS, but this response was absent in the muscle of the Obese-IR. Furthermore, in the muscle of the Lean-IS, insulin infusion decreased the extraction of circulating NEFAs from both ingested and endogenous origin; however, this response was absent for NEFAs from ingested origin in the muscle of the Obese-IR subjects. Conclusions Partitioning of circulating lipids away from the skeletal muscle when plasma insulin increases during the postprandial period is impaired in humans with obesity and insulin resistance.",https://doi.org/10.1101/2024.06.11.598550,2024-06-12,2024,NA,1,,,preprint,TRUE,TRUE,gold,https://www.biorxiv.org/content/biorxiv/early/2024/06/12/2024.06.11.598550.full.pdf,FALSE,NA,NA,NA,NA,NA,https://doi.org/10.1101/2024.06.11.598550,https://www.biorxiv.org/content/biorxiv/early/2024/06/12/2024.06.11.598550.full.pdf,NA,acceptedVersion,,43,,,,,FALSE,FALSE,en,,NA,NA,NA,NA,Lawrence Mandarino,Christos S. Katsanos
https://openalex.org/W4404670552,Increasing Hispanic Participation in Cognitive Research: An Examination of a Decade of Web-Based Recruitment into MindCrowd,Increasing Hispanic Participation in Cognitive Research: An Examination of a Decade of Web-Based Recruitment into MindCrowd,,"Introduction: The research community has struggled to successfully recruit and retain Hispanic participants into research studies. The purpose of our study is to describe Hispanic enrollment into our study across the past decade. We sought to identify trends in Hispanic engagement in internet-based recruitment over three distinct time periods including the COVID-19 pandemic. Methods: MindCrowd (MC) is a web-based research study that aims to identify potential factors influencing age-related cognitive decline and disease. The MC platform was launched on 01/2013 and as of 7/2023 has 403,633 participants. To explore Hispanic recruitment, we considered three different cohorts: 01/2013 through 03/2020 labeled as “MC1”, 04/2020 through 05/2022 labeled “MC-C19”, and 07/2022 to 07/2023 labeled “MC2”. We compared these three cohorts and examined the individual cohort demographics. Results: For the entire study, 22,067 (6%) identified as Hispanic. MC2 has demonstrated an increase in percent Hispanic recruitment compared to MC1 (8.0% vs 4.4%, respectively). Hispanic participation by U.S. State has a strong correlation with Hispanic population size in respective U.S. States (R = 0.9). Additionally, Hispanic recruitment during the COVID-19 pandemic increased. Conclusions: Improvement in internet-based Hispanic recruitment over time suggests the potential of innovative strategies to enhance their representation in health research.",https://doi.org/10.1177/15404153241292257,2024-11-25,2024,3.69448849,2,,,article,FALSE,FALSE,closed,NA,FALSE,Hispanic Health Care International,https://openalex.org/S67389193,1540-4153,https://openalex.org/P4310320017,SAGE Publishing,https://doi.org/10.1177/15404153241292257,NA,NA,publishedVersion,,33,,,,,FALSE,FALSE,en,,15404153241292257,15404153241292257,NA,NA,Tomás Nuño,Lee Ryan
https://openalex.org/W4411468834,Participation of under-represented communities in an online cognitive ageing platform and predictors of willingness to be contacted for future research,Participation of under-represented communities in an online cognitive ageing platform and predictors of willingness to be contacted for future research,,"Background Black and Hispanic communities are under-represented in cognitive ageing research. MindCrowd is an online platform that offers interactive cognitive games and facilitates research. We sought to assess participation in MindCrowd and willingness to be contacted for future studies by race, ethnicity and other demographic variables. Methods Adults were recruited into MindCrowd through national media campaigns and enhanced local engagement (ELE) in and around four cities with robust black (Atlanta and Baltimore) and Hispanic (Miami and Tucson) populations. Recruiting in ELE regions involved direct contact with potential participants via community forums or established research cohorts. Participation was defined as completing two 5-minute cognitive games and a demographic questionnaire, and participation incidence was calculated per 100 000 adults using census data and was compared by region using incidence rate ratios (IRRs). Willingness to be contacted for future research was defined as participants submitting an email address for researcher follow-up and was modelled as a binary outcome using logistic regression to generate adjusted ORs (aORs) for age, sex, region, race and ethnicity. Results From 17 June 2022 to 28 December 2023, 49 934 adults participated in MindCrowd. Nationwide, the majority were female (87.2%) and &gt;50 years old (75.2%). In ELE regions, 8.4% of participants were black versus 2.3% in non-ELE regions; 21.8% were Hispanic in ELE regions versus 16.4% in non-ELE regions. MindCrowd participation incidence was higher in ELE than non-ELE regions (32.4 vs 17.9 per 100 000 adults; IRR=1.78, 95% CI, 1.73 to 1.83). Overall, 42.1% of participants nationwide were willing to be contacted for future research, with elevated odds for all ELE regions (vs collective non-ELE regions). Compared with white participants, black participants had 23% higher odds of willingness to be contacted (aOR=1.23; 95% CI, 1.10 to 1.36); compared with non-Hispanic participants, Hispanic participants had 20% higher odds (aOR=1.20; 95% CI, 1.13 to 1.27). Conclusions Following nationwide and regional efforts to recruit a diverse participant pool into the online platform MindCrowd, regions with ELE had higher rates of participation than the rest of the nation across race and ethnicity categories. Controlling for region, black and Hispanic individuals showed marginal but statistically elevated willingness to be contacted for future research.",https://doi.org/10.1136/bmjph-2024-001721,2025-01-01,2025,14.25839317,1,,,article,TRUE,TRUE,diamond,https://bmjpublichealth.bmj.com/content/3/1/e001721.full.pdf,FALSE,BMJ Public Health,https://openalex.org/S4387288761,2753-4294,https://openalex.org/P4310319945,BMJ,https://doi.org/10.1136/bmjph-2024-001721,https://bmjpublichealth.bmj.com/content/3/1/e001721.full.pdf,cc-by-nc,publishedVersion,,52,,,,,FALSE,FALSE,en,,e001721,e001721,3,1,Tomás Nuño,Lee Ryan
https://openalex.org/W3163461488,SARS-CoV-2 Rapid Antigen Testing of Symptomatic and Asymptomatic Individuals on the University of Arizona Campus,SARS-CoV-2 Rapid Antigen Testing of Symptomatic and Asymptomatic Individuals on the University of Arizona Campus,,"SARS-CoV-2, the cause of COVID19, has caused a pandemic that has infected more than 80 M and killed more than 1.6 M persons worldwide. In the US as of December 2020, it has infected more than 32 M people while causing more than 570,000 deaths. As the pandemic persists, there has been a public demand to reopen schools and university campuses. To consider these demands, it is necessary to rapidly identify those individuals infected with the virus and isolate them so that disease transmission can be stopped. In the present study, we examined the sensitivity of the Quidel Rapid Antigen test for use in screening both symptomatic and asymptomatic individuals at the University of Arizona from June to August 2020. A total of 885 symptomatic and 1551 asymptomatic subjects were assessed by antigen testing and real-time PCR testing. The sensitivity of the test for both symptomatic and asymptomatic persons was between 82 and 90%, with some caveats.",https://doi.org/10.3390/biomedicines9050539,2021-05-12,2021,1.53601772,22,,,article,TRUE,TRUE,gold,https://www.mdpi.com/2227-9059/9/5/539/pdf?version=1621240105,FALSE,Biomedicines,https://openalex.org/S2737005842,2227-9059,https://openalex.org/P4310310987,Multidisciplinary Digital Publishing Institute,https://doi.org/10.3390/biomedicines9050539,https://www.mdpi.com/2227-9059/9/5/539/pdf?version=1621240105,cc-by,publishedVersion,,13,,,,,FALSE,FALSE,en,,539,539,9,5,Sairam Parthasarathy,Craig Weinkauf; Franz Rischard
https://openalex.org/W4295540300,Circadian Rhythm and Pain: a Review of Current Research and Future Implications,Circadian Rhythm and Pain: a Review of Current Research and Future Implications,,NA,https://doi.org/10.1007/s40675-022-00228-3,2022-09-13,2022,2.80777685,17,,,review,FALSE,FALSE,closed,NA,FALSE,Current Sleep Medicine Reports,https://openalex.org/S4210196161,2198-6401,https://openalex.org/P4310319900,Springer Science+Business Media,https://doi.org/10.1007/s40675-022-00228-3,NA,NA,publishedVersion,,94,,,,,FALSE,FALSE,en,,114,123,8,4,Sairam Parthasarathy,Dorothy D. Sears; Shawn D. Youngstedt
https://openalex.org/W4309308783,"Circadian acclimatization of performance, sleep, and 6-sulfatoxymelatonin using multiple phase shifting stimuli","Circadian acclimatization of performance, sleep, and 6-sulfatoxymelatonin using multiple phase shifting stimuli",,"Misalignment between the environment and one’s circadian system is a common phenomenon (e.g., jet lag) which can have myriad negative effects on physical and mental health, mental and physiological performance, and sleep. Absent any intervention, the circadian system adjusts only 0.5-1.0 h per day to a shifted light-dark and sleep-wake schedule. Bright light facilitates circadian adjustment, but in field studies, bright light is only modestly better than no stimulus. Evidence indicates that exercise and melatonin can be combined with bright light to elicit larger shifts but no study has combined all of these stimuli or administered them at the times that are known to elicit the largest effects on the circadian system. The aims of this study are to compare the effects of different treatments on circadian adjustment to simulated jet lag in a laboratory. Following 2 weeks of home recording, 36 adults will spend 6.5 consecutive days in the laboratory. Following an 8 h period of baseline sleep recording on the participant’s usual sleep schedule on Night 1 (e.g., 0000-0800 h), participants will undergo a 26 h circadian assessment protocol involving 2 h wake intervals in dim light and 1 h of sleep in darkness, repeated throughout the 26 h. During this protocol, all urine voidings will be collected; mood, sleepiness, psychomotor vigilance, and pain sensitivity will be assessed every 3 h, forehead temperature will be assessed every 90 min, and anaerobic performance (Wingate test) will be tested every 6 h. Following, the circadian assessment protocol, the participant’s sleep-wake and light dark schedule will be delayed by 8 h compared with baseline (e.g., 0800-1400 h), analogous to travelling 8 times zones westward. This shifted schedule will be maintained for 3 days. During the 3 days on the delayed schedule, participants will be randomized to one of 3 treatments: (1) Dim Red Light + Placebo Capsules, (2) Bright Light Alone, (3) Bright Light + Exercise + Melatonin. During the final 26 h, all conditions and measures of the baseline circadian protocol will be repeated. Acclimatization will be defined by shifts in circadian rhythms of aMT6s, psychomotor vigilance, Wingate Anaerobic performance, mood, and sleepiness, and less impairments in these measures during the shifted schedule compared with baseline. We posit that Bright Light Alone and Bright Light + Exercise + Melatonin will elicit greater shifts in circadian rhythms and less impairments in sleep, mood, performance, and sleepiness compared with Dim Red Light + Placebo Capsules. We also posit that Bright Light + Exercise + Melatonin will elicit greater shifts and less impairments than Bright Light Alone.",https://doi.org/10.3389/fendo.2022.964681,2022-11-16,2022,1.32130675,8,,,article,TRUE,TRUE,gold,https://www.frontiersin.org/articles/10.3389/fendo.2022.964681/pdf,FALSE,Frontiers in Endocrinology,https://openalex.org/S2597401208,1664-2392,https://openalex.org/P4310320527,Frontiers Media,https://doi.org/10.3389/fendo.2022.964681,https://www.frontiersin.org/articles/10.3389/fendo.2022.964681/pdf,cc-by,publishedVersion,,75,,,,,FALSE,FALSE,en,,964681,964681,13,NA,Sairam Parthasarathy,Shawn D. Youngstedt
https://openalex.org/W4295210981,Interactive Effect of Combined Intermittent and Sustained Hypoxia and High-Fat Diet on the Colonic Mucosal Microbiome and Host Gene Expression in Mice,Interactive Effect of Combined Intermittent and Sustained Hypoxia and High-Fat Diet on the Colonic Mucosal Microbiome and Host Gene Expression in Mice,,HFD during combined IH and SH causes greater gut dysbiosis and potentially adverse changes in colonic epithelial transcriptome than HFD during normoxia. The latter changes are suggestive of impaired gut barrier function.,https://doi.org/10.2147/nss.s370957,2022-09-01,2022,0.61534579,5,,,article,TRUE,TRUE,gold,https://www.dovepress.com/getfile.php?fileID=83787,FALSE,Nature and Science of Sleep,https://openalex.org/S2739268901,1179-1608,https://openalex.org/P4310320348,Dove Medical Press,https://doi.org/10.2147/nss.s370957,https://www.dovepress.com/getfile.php?fileID=83787,cc-by-nc,publishedVersion,,60,,,,,FALSE,FALSE,en,,1623,1639,Volume 14,NA,Sairam Parthasarathy,Pawel R. Kiela
https://openalex.org/W4319336439,A QTc risk score in patients with obstructive sleep apnea,A QTc risk score in patients with obstructive sleep apnea,,NA,https://doi.org/10.1016/j.sleep.2023.02.005,2023-02-07,2023,1.48748832,5,,,article,FALSE,TRUE,green,https://pmc.ncbi.nlm.nih.gov/articles/PMC12755306/pdf/nihms-1877961.pdf,FALSE,Sleep Medicine,https://openalex.org/S183718435,1389-9457,https://openalex.org/P4310320990,Elsevier BV,https://doi.org/10.1016/j.sleep.2023.02.005,NA,NA,publishedVersion,,56,,,,,FALSE,FALSE,en,,159,164,103,NA,Sairam Parthasarathy,Shawn D. Youngstedt
https://openalex.org/W4383316554,"Comparisons of Sleep, Demographics, and Health-Related Variables in Older Long and Average Duration Sleepers","Comparisons of Sleep, Demographics, and Health-Related Variables in Older Long and Average Duration Sleepers",,"Abstract Introduction Long sleep duration is associated with many health risks, particularly in older adults, but little is known about other characteristics associated with long sleep duration. Methods Across 5 sites, adults aged 60-80 years who reported sleeping 8-9 h (“long sleepers”, n = 95) or 6-7.25 h (“average sleepers”, n = 103) were assessed for two weeks using actigraphy and sleep diary. Demographic and clinical characteristics, objective sleep apnea screening, self-reported sleep outcomes, and markers of inflammation and glucose regulation were measured. Results Compared to average sleepers, long sleepers had a greater likelihood of being White and unemployed and/or retired. Long sleepers also reported longer time in bed, total sleep time and wake after sleep onset by sleep diary and by actigraphy. Other measures including medical co-morbidity, apnea/hypopnea index, sleep related outcomes such as sleepiness, fatigue, depressed mood, or markers of inflammation and glucose metabolism did not differ between long and average sleepers. Conclusion Older adults with long sleep duration were more likely to be White, report unemployment and retirement suggesting the social factors or related sleep opportunity contributed to long sleep duration in the sample. Despite known health risks of long sleep duration, neither co-morbidity nor markers of inflammation or metabolism differed in older adults with long sleep duration compared with those with average sleep duration.",https://doi.org/10.1055/s-0043-1770804,2023-06-01,2023,1.24992064,3,,,article,TRUE,TRUE,diamond,http://www.thieme-connect.de/products/ejournals/pdf/10.1055/s-0043-1770804.pdf,FALSE,Sleep Science,https://openalex.org/S2898336971,1984-0063,https://openalex.org/P4310312138,Brazilian Association of Sleep and Latin American Federation of Sleep Societies,https://doi.org/10.1055/s-0043-1770804,http://www.thieme-connect.de/products/ejournals/pdf/10.1055/s-0043-1770804.pdf,cc-by-nc-nd,publishedVersion,,59,,,,,FALSE,FALSE,en,,165,173,16,02,Sairam Parthasarathy,Shawn D. Youngstedt
https://openalex.org/W4387877233,401.3: The development of a sheep model for encapsulated cell therapies,401.3: The development of a sheep model for encapsulated cell therapies,,"Introduction: Cell therapy has become increasingly studied for therapeutic use in drug delivery and regenerative medicine. Immunoisolating devices intended for implantation of cells require construction of membranes that can safely contain transplanted cells, provide a barrier to the host immune system, and induce close vessel formation. Sheep make an excellent model for translational research because of their nearly comparable size, physiology, and disease profile with humans, as well as their docility, capacity for repeated blood draws, ability to tolerate numerous implants during a single operation, and affordability. In this study, sheep were implanted with devices containing allogeneic primary fetal sheep or xenogeneic Rat-2 fibroblasts, to determine cell survival in immunoisolating devices and immune response. Methods: Primary fetal sheep fibroblasts were isolated from a healthy fetus and cultured in RPMI. Rat-2 fibroblasts (ATCC) were cultured in DMEM. On the day of transplant, cells were aliquoted and loaded into devices at different densities. Sheep underwent allogeneic or xenogeneic transplantation with cell-loaded devices, as well as empty control and perforated devices. Devices were implanted subcutaneously through small incisions along the flank within individual pockets made by blunt dissection. Devices remained in vivo until explant at days 3, 7, 21 and 38 to evaluate host responses, vascularization, and cell survival. Explanted devices were fixed, embedded, and sectioned for histological evaluation. Results: Primary fetal sheep cells survived at different densities as assessed by histology, confirming alloprotection with good vascularization and absence of a major foreign body response or extensive inflammation around the device host interface. Devices at the highest densities were overloaded and exhibited some host immune responses. Perforated devices exhibited a greater immune response that infiltrated the device. A robust inflammatory response was seen around devices loaded with xenogeneic Rat-2 fibroblasts with no encapsulated cells surviving. Conclusion: Sheep make a valuable large animal model in cell therapy research. The results of this study concluded alloprotection in immunoisolating devices, allorejection in purposely perforated devices, as well as host immune response to xenogeneic transplantation, representing a feasible model for translational development of cell therapies. Future work with this accessible and relevant platform will include not only allogeneic studies but also avoiding xenogeneic rejection by incorporating immunomodulatory technologies using genetically edited cells or factors. We would like to thank all of the members of the Papas Laboratory at ICT and the Limesand Laboratory at the William J. Parker Agricultural Research Center. Partial funding from JDRF (2-SRA-2020-870-S-B and 2-SRA-2018-685-S-B) and Procyon Technologies LLC.",https://doi.org/10.1097/01.tp.0000994640.18377.bb,2023-10-01,2023,0,0,,,article,FALSE,FALSE,closed,NA,FALSE,Transplantation,https://openalex.org/S11564597,0041-1337,https://openalex.org/P4310318547,Wolters Kluwer,http://dx.doi.org/10.1097/01.tp.0000994640.18377.bb,NA,NA,publishedVersion,,0,,,,,FALSE,FALSE,en,,159,159,107,10S2,Charles Putnam,Sean W. Limesand
https://openalex.org/W4387996277,Blocking AMPKαS496 phosphorylation improves mitochondrial dynamics and hyperglycemia in aging and obesity,Blocking AMPKαS496 phosphorylation improves mitochondrial dynamics and hyperglycemia in aging and obesity,,NA,https://doi.org/10.1016/j.chembiol.2023.09.017,2023-10-26,2023,2.59938571,14,,,article,FALSE,TRUE,green,https://pmc.ncbi.nlm.nih.gov/articles/PMC10841824/pdf/nihms-1937154.pdf,FALSE,Cell chemical biology,https://openalex.org/S4210231961,2451-9448,https://openalex.org/P4310320990,Elsevier BV,https://doi.org/10.1016/j.chembiol.2023.09.017,NA,NA,publishedVersion,,73,,,,,FALSE,FALSE,en,,1585,1600.e6,30,12,Sally Radovick,Fredric E. Wondisford
https://openalex.org/W3158830669,Interrupted IGF-1 Feedback in GHRH Neurons and Somatotrophs Results in Impaired Weight Gain and Increased Energy Expenditure,Interrupted IGF-1 Feedback in GHRH Neurons and Somatotrophs Results in Impaired Weight Gain and Increased Energy Expenditure,,"Abstract Growth hormone (GH) expression and release are thought to be primarily regulated by the counter-regulatory effects of growth hormone-releasing hormone (GHRH) and somatostatin (SST). Several reports generated in our lab and others suggest that there are other factors that regulate GH production, such as insulin-like growth factor 1 (IGF-I). Using GH-Cre recombinase targeting of the somatotroph-specific IGF-1R knockout (SIGFRKO) mouse model, we have previously demonstrated the role of IGF-1 signaling in negative feedback regulation of GH production. This model, however, presented with an incomplete phenotype, suggesting additional regulatory pathways in the hypothalamus. To provide insight into this mechanism, we have developed new transgenic mouse models that maintain the integrity of the hypothalamic-pituitary GH axis, with the single exception of IGF-IR deficiency in both hypothalamic GHRH neurons and somatotroph cells, termed GHRH-somatotroph IGF-1R knockout (G-SIFGRKO). Axiological assessments showed normal linear growth until week 14 of age, both male and female G-SIFGRKO mice presented with a significant reduction in growth velocity compared to control animals. Indirect calorimetry assessment performed at 12–14 weeks of age demonstrated that G-SIFGRKO mice had higher volume O2 consumption and lower volume CO2 production associated with increased energy expenditure than controls. The calculated respiratory exchange ratio was significantly reduced in G-SIFGRKO mice with no changes observed in either ambulatory or total activity. Furthermore, glucose and insulin tolerance tests showed no differences in glucose metabolism between G-SIFGRKO and controls. Collectively, these data provide further confirmation of the combinatorial role of IGF-1 signaling in regulating GH production and, for the first time, highlight a new GHRH-IGF-1R mediated pathway to regulate body growth and energy balance. Targeting this pathway has the potential to lead to a better understanding of the intersection between growth and metabolism and therapeutic approaches for obesity.",https://doi.org/10.1210/jendso/bvab048.103,2021-05-01,2021,0.57640066,3,,,article,TRUE,TRUE,gold,https://academic.oup.com/jes/article-pdf/5/Supplement_1/A52/37200267/bvab048.103.pdf,FALSE,Journal of the Endocrine Society,https://openalex.org/S2735747656,2472-1972,https://openalex.org/P4310315851,Endocrine Society,https://doi.org/10.1210/jendso/bvab048.103,https://academic.oup.com/jes/article-pdf/5/Supplement_1/A52/37200267/bvab048.103.pdf,cc-by-nc-nd,publishedVersion,,0,,,,,FALSE,FALSE,en,,A52,A52,5,Supplement_1,Sally Radovick,Fredric E. Wondisford
https://openalex.org/W3159100117,Liver-Specific Kisspeptin Deletion Impairs Energy Metabolism in Mice,Liver-Specific Kisspeptin Deletion Impairs Energy Metabolism in Mice,,"Abstract Kisspeptin, a neuroendocrine protein critical for the control of pubertal development and fertility has been shown to be modulated by nutritional signals. While the secretion of kisspeptin from specific hypothalamic nuclei is well-known to regulate GnRH-mediated pubertal maturation and reproduction, it remains unclear what role peripheral kisspeptin, specifically of hepatic origin, plays in regulating metabolism and glucose homeostasis. To define the role of kisspeptin in the liver, we developed a novel Kiss1f/f mouse line and targeted liver-specific Kiss1 ablation by injecting a AAV8-TBG-iCre virus via the tail vein (LKiss1KO). Control mice included Kiss1f/f male and female mice injected with AAV-GFP (LKiss1WT). We previously showed that deletion of hepatic kisspeptin did not affect body weight, but resulted in decreased insulin secretion and glucose intolerance in both sexes. To clarify the effects of liver-specific Kiss1 knockout on insulin action and glucose homeostasis in vivo, we conducted hyperinsulinemic-euglycemic clamp studies three weeks after tail injections. We noted a sexual dimorphism in the glucose infusion rate (GIR), female mice have a higher GIR to maintain euglycemia associated with an elevated glucose consumption rate, suggesting that female mice are more insulin sensitive than male mice. However, the deletion of liver kisspeptin had no effect on the glucose production rate in either sex. Indirect calorimetry assessment was conducted 4 weeks post-injection. Both male and female LKiss1KO mice showed significantly higher oxygen consumption, carbon dioxide production, and increased energy expenditure as compared to the LKiss1WT groups. However, there were no differences in either the respiratory exchange ratio or total ambulatory activity among treatments. These findings clearly define a pivotal role for hepatic Kiss1 in the modulation of insulin secretion to maintain glucose homeostasis without modulating glucose production as well as in maintaining energy homeostasis in both male or female mice.",https://doi.org/10.1210/jendso/bvab048.900,2021-05-01,2021,0.24908275,1,,,article,TRUE,TRUE,gold,https://doi.org/10.1210/jendso/bvab048.900,FALSE,Journal of the Endocrine Society,https://openalex.org/S2735747656,2472-1972,https://openalex.org/P4310315851,Endocrine Society,https://doi.org/10.1210/jendso/bvab048.900,NA,cc-by-nc-nd,publishedVersion,,0,,,,,FALSE,FALSE,en,,A440,A441,5,Supplement_1,Sally Radovick,Fredric E. Wondisford
https://openalex.org/W4387361747,THU049 Growth Hormone Treatment Reverses Deficits In POU1F1 Gene Mutation,THU049 Growth Hormone Treatment Reverses Deficits In POU1F1 Gene Mutation,,"Abstract Disclosure: S. Al-Samerria: None. J. Phelan: None. H. Xu: None. A. Negron: None. F. Wondisford: None. S. Radovick: None. Mutations in the Pit 1 gene, also known as POU1F1, have been linked to the deficient development of somatotrophs and the synthesis of growth hormone (GH) in the anterior pituitary gland. In a previous study, we reported a point mutation in the PIT1 gene caused by a substitution of a lysine (K) with a glutamic acid (E) at position 216 (K216E) on one allele in a patient presenting with combined pituitary hormone deficiency (CPHD). This patient had undetectable levels of GH, TSH, very low PRL, and severe mental retardation associated with short stature (SS). To study the effects of GH treatment on growth and metabolism in CPHD, we created a unique mouse model with the K216E mutation in the PIT1 gene using the CRISPR/Cas9 genome editing system. In this study, 4-week-old male and female homozygous mice were randomly divided into two groups. The treatment group received subcutaneous injections of GH (5 mg/g/day) for 5 consecutive days per week for 4 weeks, while the control group received saline injections on the same schedule. GH treatment significantly improved the growth and body composition of male and female mice bearing the K216E. GH treatment also increased metabolism as measured by oxygen consumption, carbon dioxide production, and energy expenditure. These effects were observed both during treatment and 4 weeks post-treatment, although some reversal of the changes in body composition was observed 4 weeks post-treatment. Our findings demonstrate the utility of this mouse model in studying the effects of GH deficiency and treatment on growth and metabolism. This model holds great promise in advancing our understanding of the underlying mechanisms of hypopituitarism and CPHD, potentially serving as a valuable tool in identifying metabolic biomarkers for these conditions. Presentation: Thursday, June 15, 2023",https://doi.org/10.1210/jendso/bvad114.1129,2023-10-01,2023,0,0,,,article,TRUE,TRUE,gold,http://dx.doi.org/10.1210/jendso/bvad114.1129,FALSE,Journal of the Endocrine Society,https://openalex.org/S2735747656,2472-1972,https://openalex.org/P4310315851,Endocrine Society,http://dx.doi.org/10.1210/jendso/bvad114.1129,NA,cc-by-nc-nd,publishedVersion,,0,,,,,FALSE,FALSE,en,,NA,NA,7,Supplement_1,Sally Radovick,Fredric E. Wondisford
https://openalex.org/W4390963726,Protocol for measuring mitochondrial size in mouse and human liver tissues,Protocol for measuring mitochondrial size in mouse and human liver tissues,,"Mitochondrial dynamic process is important for cell viability, metabolic activity, and mitochondria health. Here, we present a protocol for measuring mitochondrial size through immunofluorescence staining, confocal imaging, and analysis in ImageJ. We describe the steps for tissue processing, antigen retrieval, mitochondrial staining using an integrating immunofluorescence assay, and computerized image analysis to measure each mitochondrial size in mouse and human liver tissues. This protocol reduces tissue sample volume and processing time for the preparation of primary cells. For complete details on the use and execution of this protocol, please refer to Pearah et al.<sup>1</sup>.",https://doi.org/10.1016/j.xpro.2024.102842,2024-01-18,2024,0,0,,,article,TRUE,TRUE,gold,https://doi.org/10.1016/j.xpro.2024.102842,FALSE,STAR Protocols,https://openalex.org/S4210212477,2666-1667,https://openalex.org/P4310320990,Elsevier BV,https://doi.org/10.1016/j.xpro.2024.102842,NA,cc-by-nc-nd,publishedVersion,,12,,,,,FALSE,FALSE,en,,102842,102842,5,1,Sally Radovick,Fredric E. Wondisford
https://openalex.org/W4396748017,Identifying potential small molecule [ldquo]metabolites[rdquo] as biomarkers for growth hormone deficiency (GHD): Insights from a novel mouse model,Identifying potential small molecule [ldquo]metabolites[rdquo] as biomarkers for growth hormone deficiency (GHD): Insights from a novel mouse model,,Searchable abstracts of presentations at key conferences in endocrinology ISSN 1470-3947 (print) | ISSN 1479-6848 (online),https://doi.org/10.1530/endoabs.99.rc9.3,2024-05-06,2024,0,0,,,article,FALSE,FALSE,closed,NA,FALSE,Endocrine Abstracts,https://openalex.org/S4306509401,1470-3947,https://openalex.org/P4310319937,Bioscientifica,https://doi.org/10.1530/endoabs.99.rc9.3,NA,NA,publishedVersion,,0,,,,,FALSE,FALSE,en,,NA,NA,NA,NA,Sally Radovick,Fredric E. Wondisford
https://openalex.org/W4411931479,Targeting negative phosphorylation to activate AMPK,Targeting negative phosphorylation to activate AMPK,,"AMPK is a master regulator of metabolism and is highly conserved and ubiquitously expressed. Activation of AMPK stimulates the catabolic pathway (glucose utilization and β-oxidation) and inhibits the anabolic pathway (gluconeogenesis, protein synthesis, and lipogenesis), leading to improvement of cellular energy status. However, the mechanisms of maintaining low cellular AMPK activity are not fully understood. We and other investigators showed that activated PKA in the glucagon-cAMP signaling pathway and insulin-activated AKT both can directly phosphorylate AMPKα1/2 at S496/491 to inhibit AMPK activity. In the current study, we found that activation of AMPK by an activator, AICAR, led to elevated and prolonged phosphorylation of AMPKα1/2 at S496/S491, reflecting a feedback inhibition of AMPK activity. In an in vitro assay, functional AMPKα1β1γ1 or AMPKα2β1γ1 can phosphorylate AMPKα1 at S496 or AMPKα2 at S491, respectively. We designed and successfully screened a new AMPKα2-targeting peptide to activate AMPK through competitively blocking the negative phosphorylation, resulting in suppression of gluconeogenic gene expression and promotion of mitochondrial fission in hepatocytes.",https://doi.org/10.1530/ec-25-0260,2025-07-01,2025,0,0,,,article,TRUE,TRUE,gold,https://doi.org/10.1530/ec-25-0260,FALSE,Endocrine Connections,https://openalex.org/S2764372638,2049-3614,https://openalex.org/P4310319937,Bioscientifica,https://doi.org/10.1530/ec-25-0260,NA,cc-by,publishedVersion,,52,,,,,FALSE,FALSE,en,,NA,NA,14,7,Sally Radovick,Fredric E. Wondisford
https://openalex.org/W4307902257,Age and sex differences on anti-hyperglycemic medication exposure and risk of newly diagnosed multiple sclerosis in propensity score matched type 2 diabetics,Age and sex differences on anti-hyperglycemic medication exposure and risk of newly diagnosed multiple sclerosis in propensity score matched type 2 diabetics,,NA,https://doi.org/10.1016/j.heliyon.2022.e11196,2022-10-01,2022,1.24364386,6,,,article,TRUE,TRUE,gold,http://www.cell.com/article/S2405844022024847/pdf,FALSE,Heliyon,https://openalex.org/S2898612692,2405-8440,https://openalex.org/P4310320990,Elsevier BV,https://doi.org/10.1016/j.heliyon.2022.e11196,http://www.cell.com/article/S2405844022024847/pdf,NA,publishedVersion,,59,,,,,FALSE,FALSE,en,,e11196,e11196,8,10,Kathleen Rodgers,Roberta Dı́az Brinton
https://openalex.org/W4367296629,Implications for Age and Sex Differences on Anti-Hyperglycemic Therapy Exposure and Incidence of Newly Diagnosed Multiple Sclerosis in Propensity Score Matched Type 2 Diabetics (P9-3.007),Implications for Age and Sex Differences on Anti-Hyperglycemic Therapy Exposure and Incidence of Newly Diagnosed Multiple Sclerosis in Propensity Score Matched Type 2 Diabetics (P9-3.007),,"<h3>Objective:</h3> To determine whether exposure to anti-hyperglycemic medications (A-HgM) is associated with risk of Multiple Sclerosis (MS) <h3>Background:</h3> MS is an autoimmune-mediated neurological disorder that affects the central nervous system and leads to severe physical and cognitive disability. There is mounting evidence linking metabolic disorders and MS with unclear impact of therapeutics used to treat type-2 diabetes mellitus (T2D) on the incidence of MS. <h3>Design/Methods:</h3> This retrospective cohort study used the Mariner claims dataset. Patients were required to be actively enrolled in Mariner claims records for six months prior and at least three years after the diagnosis of T2D without a history of previous neurodegenerative disease including MS. Patient records were surveyed for a diagnosis of MS starting 12 months post T2D diagnosis. Survival analysis was used to determine the association between A-HgM exposure and diagnosis of MS with subgroup analysis for the impact of age and sex on risk. A propensity score approach was used to minimize measured and unmeasured selection bias. The analyses were conducted between January 1st and April 28th, 2021. <h3>Results:</h3> In T2D patients younger than 45, A-HgM exposure was associated with a reduced risk of developing MS (RR: 0.22, 95%CI: 0.17–0.29, p-value &lt;0.001). In contrast, A-HgM exposure in patients older than 45 was associated with an increased risk of MS with women exhibiting greater risk (RR 1.53, 95% CI 1.39–1.69, p&lt;.001) than men (RR: 1.17, 95% CI: 1.01–1.37, p=0·04). Patients who developed MS had a higher incidence of baseline co-morbidities. Mean follow-up was 6.2 years with standard deviation of 1.8 years. <h3>Conclusions:</h3> A-HgM exposure in patients with T2D was associated with reduced risk of MS in patients younger than 45 whereas in patients older then 45, exposure to A-HgM was associated with an increased risk of MS particularly in women. These findings represent a call to investigate the interplay between the endocrine, immune and nervous systems in multiple sclerosis. <b>Disclosure:</b> Dr. Branigan has nothing to disclose. Miss Torrandell Haro has nothing to disclose. Francesca Vitali has nothing to disclose. Roberta Diaz Brinton, PhD has nothing to disclose. Kathleen Rodgers has received personal compensation in the range of $500-$4,999 for serving as a Consultant for Proneurogen. Kathleen Rodgers has received personal compensation in the range of $0-$499 for serving on a Scientific Advisory or Data Safety Monitoring board for Regulonix. Kathleen Rodgers has received intellectual property interests from a discovery or technology relating to health care.",https://doi.org/10.1212/wnl.0000000000202117,2023-04-25,2023,0,0,,,article,FALSE,FALSE,closed,NA,FALSE,Neurology,https://openalex.org/S79704628,0028-3878,https://openalex.org/P4310315671,Lippincott Williams & Wilkins,http://dx.doi.org/10.1212/wnl.0000000000202117,NA,NA,publishedVersion,,0,,,,,FALSE,FALSE,en,,NA,NA,100,17_supplement_2,Kathleen Rodgers,Roberta Dı́az Brinton
https://openalex.org/W3133683151,Apolipoprotein E ε4 Allele-Based Differences in Brain Volumes Are Largely Uniform Across Late Middle Aged and Older Hispanic/Latino- and Non-Hispanic/Latino Whites Without Dementia,Apolipoprotein E ε4 Allele-Based Differences in Brain Volumes Are Largely Uniform Across Late Middle Aged and Older Hispanic/Latino- and Non-Hispanic/Latino Whites Without Dementia,,"Hispanics/Latinos are at an equal or a greater risk for Alzheimer's disease (AD), yet risk factors remain more poorly characterized as compared to non-Hispanic/Latino Whites. Among non-Hispanic/Latino White cohorts, the apolipoprotein E (APOE) ε4 allele is one of the strongest risk factors for AD with subtle declines in episodic memory and brain volumes detectable in the preclinical stages. We examined whether the APOE ε4 status had a differential impact on cognition and brain volumes among cognitively healthy and mild cognitively impaired Hispanics/Latinos ( n = 86; ε4 n = 23) compared to a well-matched group of non-Hispanic/Latino Whites ( n = 92; ε4 n = 29). Neither the APOE ε4 status nor the interaction between the ε4 status and ethnicity was associated with cognitive performance. The APOE ε4 status was associated with white matter and not with gray matter volumes. APOE ε4 carriers had a significantly smaller total brain white matter volumes, as well as smaller right middle temporal and left superior temporal volumes. The Hispanics/Latinos had significantly smaller left middle frontal gray matter volumes, yet marginally larger overall white matter volumes, than the non-Hispanic/Latino Whites. Exploratory analysis within the Hispanic/Latino sample found that those people whose primary language was Spanish had larger total brain white matter volumes compared primarily to the English speakers. Importantly, primary language differences only held for Hispanic/Latino ε4 carriers and did not differentiate Hispanic/Latino non-carriers, underscoring the need for further investigation into the impacts of language and acculturation on cognitive aging among the fastest growing ethnic minority group in the United States.",https://doi.org/10.3389/fnagi.2021.627322,2021-02-26,2021,0.58284367,3,,,article,TRUE,TRUE,gold,https://www.frontiersin.org/articles/10.3389/fnagi.2021.627322/pdf,FALSE,Frontiers in Aging Neuroscience,https://openalex.org/S118428158,1663-4365,https://openalex.org/P4310320527,Frontiers Media,https://doi.org/10.3389/fnagi.2021.627322,https://www.frontiersin.org/articles/10.3389/fnagi.2021.627322/pdf,cc-by,publishedVersion,,96,,,,,FALSE,FALSE,en,,627322,627322,13,NA,John Ruiz,Lee Ryan
https://openalex.org/W3175673699,"Two separate, large cohorts reveal potential modifiers of age-associated variation in visual reaction time performance","Two separate, large cohorts reveal potential modifiers of age-associated variation in visual reaction time performance",,NA,https://doi.org/10.1038/s41514-021-00067-6,2021-07-01,2021,2.01417084,27,,,article,TRUE,TRUE,gold,https://www.nature.com/articles/s41514-021-00067-6.pdf,FALSE,npj Aging and Mechanisms of Disease,https://openalex.org/S4210219967,2056-3973,https://openalex.org/P4310319908,Nature Portfolio,https://doi.org/10.1038/s41514-021-00067-6,https://www.nature.com/articles/s41514-021-00067-6.pdf,cc-by,publishedVersion,,67,,,,,FALSE,FALSE,en,,14,14,7,1,Lee Ryan,Roberta Dı́az Brinton
https://openalex.org/W3163452772,Smoking is associated with impaired verbal learning and memory performance in women more than men,Smoking is associated with impaired verbal learning and memory performance in women more than men,,"Abstract Vascular contributions to cognitive impairment and dementia (VCID) include structural and functional blood vessel injuries linked to poor neurocognitive outcomes. Smoking might indirectly increase the likelihood of cognitive impairment by exacerbating vascular disease risks. Sex disparities in VCID have been reported, however, few studies have assessed the sex-specific relationships between smoking and memory performance and with contradictory results. We investigated the associations between sex, smoking, and cardiovascular disease with verbal learning and memory function. Using MindCrowd, an observational web-based cohort of ~ 70,000 people aged 18–85, we investigated whether sex modifies the relationship between smoking and cardiovascular disease with verbal memory performance. We found significant interactions in that smoking is associated with verbal learning performance more in women and cardiovascular disease more in men across a wide age range. These results suggest that smoking and cardiovascular disease may impact verbal learning and memory throughout adulthood differently for men and women.",https://doi.org/10.1038/s41598-021-88923-z,2021-05-13,2021,3.06338165,31,,,article,TRUE,TRUE,gold,https://www.nature.com/articles/s41598-021-88923-z.pdf,FALSE,Scientific Reports,https://openalex.org/S196734849,2045-2322,https://openalex.org/P4310319908,Nature Portfolio,https://doi.org/10.1038/s41598-021-88923-z,https://www.nature.com/articles/s41598-021-88923-z.pdf,cc-by,publishedVersion,,78,,,,,FALSE,FALSE,en,,10248,10248,11,1,Lee Ryan,Roberta Dı́az Brinton
https://openalex.org/W7119037616,Loss of Acid Ceramidase in Myeloid Cells Protects from Chronic Colitis in IL10-Deficent Mice,Loss of Acid Ceramidase in Myeloid Cells Protects from Chronic Colitis in IL10-Deficent Mice,,"ABSTRACT Background &amp; Aims Patients with inflammatory bowel disease (IBD) exhibit elevated expression of acid ceramidase (AC), a sphingolipid metabolism enzyme. Recent studies have shown that myeloid cells contribute to the elevated expression of AC, such that the conditional loss of AC is protective in IBD. Methods Bone marrow derived macrophages (BMDMs) and neutrophils (BMDNs) were utilized to assess the role of AC in immune cell mediated inflammation. We then crossed conditional ASAH1 LyzM CRE knockout mice with IL10 knockout mice to determine the role of AC in a model of spontaneous colitis. Colon tissues were analyzed for lipids, mRNA, and protein. We performed flow cytometry to determine the role of myeloid AC in recruiting effector T cells in disease. Results In this study, we found that loss of AC impaired secretory and migratory functions in BMDMs, but not BMDNs. Further, the conditional loss of AC protected from spontaneous, chronic colitis. Loss of AC reduced inflammatory markers, increased colon ceramides, and reduced the inflammatory metabolite sphingosine-1-phosphate (S1P). Recruitment of immune cells into intestinal tissue was significantly impaired, namely neutrophils and effector Th1/Th17 T cells. Conclusions Loss of AC reduced inflammation and impaired immune cell recruitment in chronic colitis. Targeting AC may serve as a promising therapeutic potential for patients with IBD by modulating immune cell sphingolipid metabolism. WHAT YOU NEED TO KNOW BACKGROUND AND CONTEXT Acid ceramidase expression is increased in immune cells in patients with inflammatory bowel disease, specifically in macrophages. NEW FINDINGS We determined that loss of acid ceramidase (AC) in macrophages, but not neutrophils, impairs inflammatory functions in vitro, and that loss of AC in myeloid cells partially protects from spontaneous colitis in vivo by reducing immune cell recruitment into intestinal tissue. LIMITATIONS The IL10 knockout model of colitis exhibits highly variable onset and severity of disease, which may be challenging to distinguish the extent of protection. CLINICAL RESEARCH RELEVENCE This study identifies AC as a promising therapeutic target for treating inflammatory bowel disease. BASIC RESEARCH RELEVENCE This study contributes to our understanding of the role that AC plays in inflammation within immune cells, specifically myeloid cells. Additionally, this study underscores the role of immune cell sphingolipid metabolism in inflammatory bowel disease. LAY SUMMARY Loss of acid ceramidase in myeloid cells protects from chronic colitis by decreasing inflammation, altering immune cell function, and impairing the recruitment of effector immune cells to the colon.",https://doi.org/10.64898/2026.01.05.697503,2026-01-06,2026,NA,0,,,article,FALSE,TRUE,green,https://pmc.ncbi.nlm.nih.gov/articles/PMC12803148/,FALSE,NA,NA,NA,NA,NA,https://doi.org/10.64898/2026.01.05.697503,NA,NA,acceptedVersion,,50,,,,,FALSE,FALSE,en,,NA,NA,NA,NA,Justin Wilson,Chelsea L. Doll; Ashley J. Snider
https://openalex.org/W3123152224,Hepatocyte ATF3 protects against atherosclerosis by regulating HDL and bile acid metabolism,Hepatocyte ATF3 protects against atherosclerosis by regulating HDL and bile acid metabolism,,NA,https://doi.org/10.1038/s42255-020-00331-1,2021-01-18,2021,13.98449793,80,,,article,FALSE,TRUE,green,https://www.ncbi.nlm.nih.gov/pmc/articles/7856821,FALSE,Nature Metabolism,https://openalex.org/S4210232714,2522-5812,https://openalex.org/P4310319908,Nature Portfolio,https://doi.org/10.1038/s42255-020-00331-1,NA,NA,publishedVersion,,83,,,,,FALSE,FALSE,en,,59,74,3,1,Liya Yin,Yanqiao Zhang
https://openalex.org/W3157652598,Hepatocyte miR-34a is a key regulator in the development and progression of non-alcoholic fatty liver disease,Hepatocyte miR-34a is a key regulator in the development and progression of non-alcoholic fatty liver disease,,NA,https://doi.org/10.1016/j.molmet.2021.101244,2021-04-28,2021,5.33837964,70,,,article,TRUE,TRUE,gold,https://doi.org/10.1016/j.molmet.2021.101244,FALSE,Molecular Metabolism,https://openalex.org/S2764545133,2212-8778,https://openalex.org/P4310320990,Elsevier BV,https://doi.org/10.1016/j.molmet.2021.101244,NA,cc-by-nc-nd,publishedVersion,,28,,,,,FALSE,FALSE,en,,101244,101244,51,NA,Liya Yin,Yanqiao Zhang
https://openalex.org/W3196936646,Hepatocytic Activating Transcription Factor 3 Protects Against Steatohepatitis via Hepatocyte Nuclear Factor 4α,Hepatocytic Activating Transcription Factor 3 Protects Against Steatohepatitis via Hepatocyte Nuclear Factor 4α,,"Activating transcription factor 3 (ATF3) has been shown to play an important role in HDL metabolism; yet, the role of hepatocytic ATF3 in the development of steatohepatitis remains elusive. Here we show that adenoassociated virus-mediated overexpression of human ATF3 in hepatocytes prevents diet-induced steatohepatitis in C57BL/6 mice and reverses steatohepatitis in db/db mice. Conversely, global or hepatocyte-specific loss of ATF3 aggravates diet-induced steatohepatitis. Mechanistically, hepatocytic ATF3 induces hepatic lipolysis and fatty acid oxidation and inhibits inflammation and apoptosis. We further show that hepatocyte nuclear factor 4α (HNF4α) is required for ATF3 to improve steatohepatitis. Thus, the current study indicates that ATF3 protects against steatohepatitis through, at least in part, hepatic HNF4α. Targeting hepatic ATF3 may be useful for treatment of steatohepatitis.",https://doi.org/10.2337/db21-0181,2021-09-02,2021,4.48029049,35,,,article,TRUE,TRUE,bronze,https://diabetesjournals.org/diabetes/article-pdf/70/11/2506/631353/db210181.pdf,FALSE,Diabetes,https://openalex.org/S129060628,0012-1797,https://openalex.org/P4310320274,American Diabetes Association,https://doi.org/10.2337/db21-0181,https://diabetesjournals.org/diabetes/article-pdf/70/11/2506/631353/db210181.pdf,NA,publishedVersion,,41,,,,,FALSE,FALSE,en,,2506,2517,70,11,Liya Yin,Yanqiao Zhang
https://openalex.org/W4393950771,Krüppel-like factor 10 protects against metabolic dysfunction-associated steatohepatitis by regulating HNF4α-mediated metabolic pathways,Krüppel-like factor 10 protects against metabolic dysfunction-associated steatohepatitis by regulating HNF4α-mediated metabolic pathways,,NA,https://doi.org/10.1016/j.metabol.2024.155909,2024-04-04,2024,5.7629667,12,,,article,TRUE,TRUE,hybrid,http://www.metabolismjournal.com/article/S0026049524001355/pdf,FALSE,Metabolism,https://openalex.org/S119661813,0026-0495,https://openalex.org/P4310320990,Elsevier BV,https://doi.org/10.1016/j.metabol.2024.155909,http://www.metabolismjournal.com/article/S0026049524001355/pdf,cc-by-nc-nd,publishedVersion,,32,,,,,FALSE,FALSE,en,,155909,155909,155,NA,Liya Yin,Yanqiao Zhang
https://openalex.org/W4411054556,Neprilysin in Placental EVs as Culprits and Therapeutic Target for Preeclampsia,Neprilysin in Placental EVs as Culprits and Therapeutic Target for Preeclampsia,,NA,https://doi.org/10.1161/circresaha.125.326676,2025-06-05,2025,15.22356876,2,,,letter,FALSE,FALSE,closed,NA,FALSE,Circulation Research,https://openalex.org/S10652568,0009-7330,https://openalex.org/P4310315671,Lippincott Williams & Wilkins,https://doi.org/10.1161/circresaha.125.326676,NA,NA,publishedVersion,,15,,,,,FALSE,FALSE,en,,1542,1544,136,12,Liya Yin,Yanqiao Zhang
https://openalex.org/W4220826489,Mechanism of the switch from NO to H2O2 in endothelium-dependent vasodilation in diabetes,Mechanism of the switch from NO to H2O2 in endothelium-dependent vasodilation in diabetes,,NA,https://doi.org/10.1007/s00395-022-00910-1,2022-01-13,2022,4.84640196,27,,,article,FALSE,TRUE,green,https://www.ncbi.nlm.nih.gov/pmc/articles/8886611,FALSE,Basic Research in Cardiology,https://openalex.org/S133907260,0300-8428,https://openalex.org/P4310319965,Springer Nature,https://doi.org/10.1007/s00395-022-00910-1,NA,NA,publishedVersion,,75,,,,,FALSE,FALSE,en,,2,2,117,1,Liya Yin,Yanqiao Zhang
https://openalex.org/W4396569271,The fatty acid omega hydroxylase genes (CYP4 family) in the progression of metabolic dysfunction-associated steatotic liver disease (MASLD): An RNA sequence database analysis and review,The fatty acid omega hydroxylase genes (CYP4 family) in the progression of metabolic dysfunction-associated steatotic liver disease (MASLD): An RNA sequence database analysis and review,,NA,https://doi.org/10.1016/j.bcp.2024.116241,2024-05-01,2024,10.13708416,11,,,review,FALSE,TRUE,green,https://pmc.ncbi.nlm.nih.gov/articles/PMC11774579/pdf/nihms-2046875.pdf,FALSE,Biochemical Pharmacology,https://openalex.org/S185534594,0006-2952,https://openalex.org/P4310320990,Elsevier BV,https://doi.org/10.1016/j.bcp.2024.116241,NA,NA,publishedVersion,,178,,,,,FALSE,FALSE,en,,116241,116241,228,NA,Liya Yin,Yanqiao Zhang
https://openalex.org/W4385603068,Hepatocyte Sirtuin 6 Protects against Atherosclerosis and Steatohepatitis by Regulating Lipid Homeostasis,Hepatocyte Sirtuin 6 Protects against Atherosclerosis and Steatohepatitis by Regulating Lipid Homeostasis,,"Histone deacetylase Sirtuin 6 (SIRT6) regulates many biological processes. SIRT6 is known to regulate hepatic lipid metabolism and inhibit the development of nonalcoholic fatty liver disease (NAFLD). We aimed to investigate the role of hepatocyte SIRT6 in the development of atherosclerosis and further characterize the mechanism underlying SIRT6’s effect on NAFLD. Ldlr−/− mice overexpressing or lacking hepatocyte SIRT6 were fed a Western diet for 16 weeks. The role of hepatic SIRT6 in the development of nonalcoholic steatohepatitis (NASH), atherosclerosis, and obesity was investigated. We also investigated whether p53 participates in the pathogenesis of NAFLD in mice overexpressing hepatic SIRT6. Our data show that loss of hepatocyte SIRT6 aggravated the development of NAFLD, atherosclerosis, and obesity in Ldlr−/− mice, whereas adeno-associated virus (AAV)-mediated overexpression of human SIRT6 in the liver had opposite effects. Mechanistically, hepatocyte SIRT6 likely inhibited the development of NAFLD by inhibiting lipogenesis, lipid droplet formation, and p53 signaling. Hepatocyte SIRT6 also likely inhibited the development of atherosclerosis by inhibiting intestinal lipid absorption and hepatic VLDL secretion. Hepatic SIRT6 also increased energy expenditure. In conclusion, our data indicate that hepatocyte SIRT6 protects against atherosclerosis, NAFLD, and obesity by regulating lipid metabolism in the liver and intestine.",https://doi.org/10.3390/cells12152009,2023-08-05,2023,3.17748957,9,,,article,TRUE,TRUE,gold,https://www.mdpi.com/2073-4409/12/15/2009/pdf?version=1691227838,FALSE,Cells,https://openalex.org/S2736626452,2073-4409,https://openalex.org/P4310310987,Multidisciplinary Digital Publishing Institute,https://doi.org/10.3390/cells12152009,https://www.mdpi.com/2073-4409/12/15/2009/pdf?version=1691227838,cc-by,publishedVersion,,33,,,,,FALSE,FALSE,en,,2009,2009,12,15,Liya Yin,Yanqiao Zhang
https://openalex.org/W4392381705,Hepatic FOXA3 overexpression prevents Western diet–induced obesity and MASH through TGR5,Hepatic FOXA3 overexpression prevents Western diet–induced obesity and MASH through TGR5,,NA,https://doi.org/10.1016/j.jlr.2024.100527,2024-03-04,2024,6.45087174,7,,,article,TRUE,TRUE,gold,http://www.jlr.org/article/S0022227524000324/pdf,FALSE,Journal of Lipid Research,https://openalex.org/S11400418,0022-2275,https://openalex.org/P4310320990,Elsevier BV,https://doi.org/10.1016/j.jlr.2024.100527,http://www.jlr.org/article/S0022227524000324/pdf,cc-by,publishedVersion,,39,,,,,FALSE,FALSE,en,,100527,100527,65,4,Liya Yin,Yanqiao Zhang
https://openalex.org/W4210483444,Hepatocytic activating transcription factor 3 protects against steatohepatitis via hepatocyte nuclear factor 4,Hepatocytic activating transcription factor 3 protects against steatohepatitis via hepatocyte nuclear factor 4,,"Activating transcription factor 3 (ATF3) has been shown to play an important role in HDL metabolism, yet the role of hepatocytic ATF3 in the development of steatohepatitis remains elusive. Here we show that adeno-associated virus-mediated over-expression of human ATF3 in hepatocytes prevents diet-induced steatohepatitis in C57BL/6 mice and reverses steatohepatitis in &lt;i&gt;db/db&lt;/i&gt; mice. Conversely, global or hepatocyte-specific loss of ATF3 aggravates diet-induced steatohepatitis. Mechanistically, hepatocytic ATF3 induces hepatic lipolysis and fatty acid oxidation and inhibits inflammation and apoptosis. We further show that hepatocyte nuclear factor 4a (HNF4a) is required for ATF3 to improve steatohepatitis. Thus, the current study indicates that ATF3 protects against steatohepatitis through, at least in part, hepatic HNF4a. Targeting hepatic ATF3 may be useful for treatment of steatohepatitis.",https://doi.org/10.2337/figshare.16435314,2021-09-02,2021,0.18667877,1,,,preprint,TRUE,TRUE,gold,https://doi.org/10.2337/figshare.16435314,FALSE,NA,NA,NA,NA,NA,https://doi.org/10.2337/figshare.16435314,NA,cc-by-nc-sa,acceptedVersion,,0,,,,,FALSE,FALSE,en,,NA,NA,NA,NA,Liya Yin,Yanqiao Zhang
https://openalex.org/W3163810858,Mechanism of the Switch from NO to H <sub>2</sub> O <sub>2</sub> in Endothelium-Dependent Vasodilation in Diabetes,Mechanism of the Switch from NO to H <sub>2</sub> O <sub>2</sub> in Endothelium-Dependent Vasodilation in Diabetes,,"Abstract Coronary microvascular dysfunction is prevalent among diabetics and is correlated with cardiac mortality. Compromised endothelial-dependent dilation (EDD) is an early event in the progression of diabetes, but the mechanisms remain incompletely understood. Nitric oxide (NO) is the major endothelium-dependent vasodilatory metabolite in the healthy coronary circulation, but switches to hydrogen peroxide (H 2 O 2 ) in coronary artery disease (CAD) patients. Because diabetes is a major risk factor for CAD we hypothesized that a similar switch from NO-to-H 2 O 2 occurs in diabetes. Methods: Vasodilation was measured ex vivo in isolated coronary arteries from wild type (WT) and microRNA-21 (miR-21) null mice fed chow or high fat and sugar diet, and LepR null (db/db) mice using myography. Myocardial blood flow (MBF), blood pressure, and heart rate were measured in vivo using contrast echocardiography and a solid-state pressure sensor catheter. RNA from coronary arteries, endothelial cells and hearts were analyzed via qPCR for gene expression and protein expression was assessed via Western-Blot analyses. Superoxide was detected via electron paramagnetic resonance (EPR). Results: 1) Ex vivo coronary EDD and in vivo MBF was impaired in diabetes. 2) L-NAME (NO-synthase inhibitor) inhibited ex vivo coronary EDD and in vivo MBF in WT, while PEG-catalase (H 2 O 2 scavenger) inhibited diabetic EDD ex vivo and MBF in vivo. 5) miR-21 deficiency blocked the NO-to-H 2 O 2 switch and prevented diabetic vasodilation impairments. 6) Diabetic mice displayed increased serum NO and H 2 O 2 , upregulated mRNA expression of Sod1, Sod2, iNos, and Cav-1, and downregulated Pgc-1α. Deficiency of miR-21 reversed these changes. 7) miR-21 deficiency increased PGC1α, PPARα and eNOS protein and reduced detection of endothelial superoxide. Conclusions: Diabetics exhibit an NO-to-H 2 O 2 switch in the mediator of EDD coronary dilation, which contributed to microvascular dysfunction and is mediated by miR-21. This study represents the first mouse model recapitulating the NO-to-H 2 O 2 switch seen in CAD patients.",https://doi.org/10.1101/2021.05.18.444667,2021-05-18,2021,NA,0,,,preprint,TRUE,TRUE,gold,https://www.biorxiv.org/content/biorxiv/early/2021/05/18/2021.05.18.444667.full.pdf,FALSE,NA,NA,NA,NA,NA,https://doi.org/10.1101/2021.05.18.444667,https://www.biorxiv.org/content/biorxiv/early/2021/05/18/2021.05.18.444667.full.pdf,NA,acceptedVersion,,68,,,,,FALSE,FALSE,en,,NA,NA,NA,NA,Liya Yin,Yanqiao Zhang
https://openalex.org/W4210516431,Hepatocytic activating transcription factor 3 protects against steatohepatitis via hepatocyte nuclear factor 4,Hepatocytic activating transcription factor 3 protects against steatohepatitis via hepatocyte nuclear factor 4,,"Activating transcription factor 3 (ATF3) has been shown to play an important role in HDL metabolism, yet the role of hepatocytic ATF3 in the development of steatohepatitis remains elusive. Here we show that adeno-associated virus-mediated over-expression of human ATF3 in hepatocytes prevents diet-induced steatohepatitis in C57BL/6 mice and reverses steatohepatitis in &lt;i&gt;db/db&lt;/i&gt; mice. Conversely, global or hepatocyte-specific loss of ATF3 aggravates diet-induced steatohepatitis. Mechanistically, hepatocytic ATF3 induces hepatic lipolysis and fatty acid oxidation and inhibits inflammation and apoptosis. We further show that hepatocyte nuclear factor 4a (HNF4a) is required for ATF3 to improve steatohepatitis. Thus, the current study indicates that ATF3 protects against steatohepatitis through, at least in part, hepatic HNF4a. Targeting hepatic ATF3 may be useful for treatment of steatohepatitis.",https://doi.org/10.2337/figshare.16435314.v1,2021-09-02,2021,0,0,,,preprint,TRUE,TRUE,gold,https://diabetesjournals.figshare.com/articles/figure/Hepatocytic_activating_transcription_factor_3_protects_against_steatohepatitis_via_hepatocyte_nuclear_factor_4_/16435314/1/files/30443781.pdf,FALSE,NA,NA,NA,NA,NA,https://doi.org/10.2337/figshare.16435314.v1,https://diabetesjournals.figshare.com/articles/figure/Hepatocytic_activating_transcription_factor_3_protects_against_steatohepatitis_via_hepatocyte_nuclear_factor_4_/16435314/1/files/30443781.pdf,cc-by-nc-sa,acceptedVersion,,0,,,,,FALSE,FALSE,en,,NA,NA,NA,NA,Liya Yin,Yanqiao Zhang
https://openalex.org/W4380763410,Abstract 15365: The Regulatory Role of Sirtuin 6 in Diabetic Cardiomyopathy,Abstract 15365: The Regulatory Role of Sirtuin 6 in Diabetic Cardiomyopathy,,"Introduction: DCM is a complex disease with many possible causes and multifactorial pathophysiology, but its underlying mechanisms are poorly understood, and no specific therapeutic guideline has yet been established. Increasing evidence suggests that coronary microvascular dysfunction (CMD) might be one of the primary mechanisms in DCM development. CMD is characterized by impaired endothelial-dependent vasodilation, but detailed mechanisms have yet to be elucidated. Sirtuin 6 (Sirt6) has been implicated in obesity, insulin resistance, type 2 diabetes mellitus, and cardiovascular diseases. Sirt6 protects EC from premature senescence, oxidative stress, and atherosclerosis by sustaining high eNOS levels and preserving cell replication. How Sirt6 regulates coronary microvascular function remains to be determined. Methods: Inducible Sirt6 global knockout, endothelial-specific knockout, and wild-type (WT) mice were fed a diet high in fat and sugar (HFHS), and blood lipid and glucose were measured. Coronary arteries were isolated, and endothelial-dependent vasodilation (EDD) was assessed using myography (DMT). Echocardiography and treadmill exercise exertion tests were performed to evaluate cardiac function. Myocardial blood flow (MBF) was measured by doppler. Cardiac fibrosis was detected using trichrome staining, and molecular pathways were elucidated via gene and protein analysis. Results: Our preliminary data show that Sirt6 was downregulated in diabetes. The EDD of coronary arterioles Sirt6 global knockout and endothelial-specific knockout treated with HFHS was impaired, and the mediator of coronary vasodilation switched from NO to H 2 O 2 in the Sirt6 knockout mice. Compared to the WT mice, myocardial blood flow was decreased, ejection fraction (EF) was not changed, the running distance was reduced, and E/E’ ratio was increased in Sirt6 knockout mice. The Sirt6 targeted proteins were identified. Conclusions: Our suggest Sirt6 regulated coronary microvascular function through endothelial cells, and ablation of Sirt6 in endothelial cells caused CMD and diastolic dysfunction. Further genetic profiling will elucidate the pathways and mechanisms converging with Sirt6 to regulate microvascular function.",https://doi.org/10.1161/circ.146.suppl_1.15365,2022-11-08,2022,0,0,,,article,FALSE,FALSE,closed,NA,FALSE,Circulation,https://openalex.org/S116251202,0009-7322,https://openalex.org/P4310315671,Lippincott Williams & Wilkins,http://dx.doi.org/10.1161/circ.146.suppl_1.15365,NA,NA,publishedVersion,,0,,,,,FALSE,FALSE,en,,NA,NA,146,Suppl_1,Liya Yin,Yanqiao Zhang
https://openalex.org/W4403246991,Abstract We018: The Molecular Mechanism of Coronary Collateral Growth Induced by Repetitive Ischemia by Single Cell-RNA Sequencing,Abstract We018: The Molecular Mechanism of Coronary Collateral Growth Induced by Repetitive Ischemia by Single Cell-RNA Sequencing,,"Coronary heart diseases (CHD) are the leading cause of mortality and morbidity in the United States. A well-developed coronary collateral circulation ameliorates the consequences of CHD, reducing the incidence of sudden death and infarct sizes following coronary occlusion. Stimulation of coronary collateral growth (CCG) is also an alternative therapeutic approach for patients with intractable angina pectoris. The importance of CCG is undisputable, but the process and mechanism underlying the CCG is unclear. We developed a mouse model of CCG by repetitive ischemia (RI) in adults, and the CCG was validated with contrast echo to measure the coronary blood flow 3D images of micro-CT to quantitate the CCG. In this study, we use single cell-RNA sequencing (scRNA-Seq) to analyze the molecular signaling of CCG at different time points during the RI process. We digested the hearts from RI days 5, 10, and 17 and control (naïve) mice, harvested non-cardiomyocytes, performed scRNA-Seq with 10x Genomics and sequenced with Next-Seq 500 (Illumina).The fastq files are converted to a gene count matrix using kallisto|bustools with refdata-gex-mm10-2020-A employed as the reference mouse genome. The Kallisto bustools output is then converted in R to files compatible for uploading to Cellenics, an open-source platform for single-cell RNA-Seq analysis. Dimensionality reduction is done with Principal Components Analysis (PCA) with 30 principal components. We will use UMAP to visualize cell clusters. Cellenics uses scType to annotate the cell populations automatically when building clusters of cell populations. Our preliminary data show dynamic kinetics of non-cardiomyocytes induced by RI over the timeline of CCG and different cell populations of non-cardiomyocytes and EC expression profiling varied in response to RI throughout CCG. We will validate the critical signaling in CCG and explore the potential targets to induce CCG.",https://doi.org/10.1161/res.135.suppl_1.we018,2024-08-02,2024,0,0,,,article,FALSE,FALSE,closed,NA,FALSE,Circulation Research,https://openalex.org/S10652568,0009-7330,https://openalex.org/P4310315671,Lippincott Williams & Wilkins,https://doi.org/10.1161/res.135.suppl_1.we018,NA,NA,publishedVersion,,0,,,,,FALSE,FALSE,en,,AWe018,AWe018,135,Suppl_1,Liya Yin,Yanqiao Zhang
https://openalex.org/W3081390292,Economic value of podiatry service in limb salvage alliance,Economic value of podiatry service in limb salvage alliance,,NA,https://doi.org/10.1016/j.jvs.2021.07.126,2021-07-24,2021,1.52558159,8,,,article,FALSE,TRUE,green,https://www.ncbi.nlm.nih.gov/pmc/articles/8900989,FALSE,Journal of Vascular Surgery,https://openalex.org/S104135014,0741-5214,https://openalex.org/P4310320990,Elsevier BV,https://doi.org/10.1016/j.jvs.2021.07.126,NA,NA,publishedVersion,,20,,,,,FALSE,FALSE,en,,296,300,75,1,Wei Zhou,Craig Weinkauf
https://openalex.org/W4410126783,Physical Activity and Sleep Patterns in Children Attending After-school Programs in Arizona: A Cross-sectional Study,Physical Activity and Sleep Patterns in Children Attending After-school Programs in Arizona: A Cross-sectional Study,,"<title>Abstract</title> Background Most children in the United States do not meet the recommended daily physical activity (PA) and sleep guidelines. This study described the contribution of after-school programs to children’s daily moderate-to-vigorous PA (MVPA), the prevalence of daily MVPA (60 minutes), sleep duration (9–12 hours), and sleep efficiency (≥ 85%) guidelines, and differences by gender, age, and school-level income. Methods This cross-sectional study included 72 children (8–12 years, grades 3–6) attending after-school programs at 14 elementary schools in a public school district in Arizona. The children wore ActiGraph GT3X + or GT9X Link accelerometers for at least three weekdays and one weekend day for 10 hours/day to measure PA and sleep. The time spent in MVPA intensity was calculated during after-school programming, and overall MVPA and sleep were averaged across all daily hours. Fisher's exact test was used to examine differences in the prevalence of meeting MVPA and sleep guidelines. Results After-school programs contributed an average of 35 minutes of daily MVPA among participants. Nearly all (99%) of the children met the PA guidelines, 40% met the sleep efficiency guidelines, and none met the sleep duration recommendations. Children under 10 years of age (46%), boys (33%), and those from high-income schools (33%) did not achieve optimum sleep efficiency, although no associations reached statistical significance (<italic>p</italic> &gt; 0.05). Conclusions After-school programs effectively support PA. However, adherence to sleep guidelines remains challenging. Poor sleep might lead to cognitive, emotional, and physical health issues, compromising children's well-being. The incorporation of educational strategies to promote sleep, particularly sleep duration, may be beneficial for children and parents.",https://doi.org/10.21203/rs.3.rs-6448451/v1,2025-05-06,2025,NA,0,,,preprint,TRUE,TRUE,gold,https://www.researchsquare.com/article/rs-6448451/latest.pdf,FALSE,NA,NA,NA,NA,NA,https://doi.org/10.21203/rs.3.rs-6448451/v1,https://www.researchsquare.com/article/rs-6448451/latest.pdf,cc-by,acceptedVersion,,44,,,,,FALSE,FALSE,en,,NA,NA,NA,NA,Adewale Oyeyemi,Allison Poulos
https://openalex.org/W4390783500,Systemic Dosing of Virus-derived Serpin Improves Survival and Immunothrombotic Damage in Murine Colitis,Systemic Dosing of Virus-derived Serpin Improves Survival and Immunothrombotic Damage in Murine Colitis,,"Abstract Inflammatory bowel disease (IBD) is potentially life-threatening, with risk of bleeding, clotting, infection, sepsis, cancer and toxic megacolon. Systemic and local immune and coagulation dysfunction increase IBD severity. Current treatments are partially effective, but there is no definitive cure. Ser ine p rotease cascades activate thrombotic, thrombolytic and complement pathways and are regulated by in hibitors, serpins . Viruses encode proteins evolved from endogenous central regulatory pathways. A purified secreted Myxomavirus-derived serpin, Serp-1, dosed as a systemic anti-inflammatory drug, has proven efficacy in vascular and inflammatory disorders. PEGylated Serp-1 protein (PEGSerp-1) has improved efficacy in lupus and SARS-CoV-2 models. We examined PEGSerp-1 treatment in a mouse Dextran Sodium Sulfate (DSS) colitis model. Prophylactic PEGSerp-1 significantly improved survival in acute severe 4-5% DSS colitis, reducing inflammation and crypt damage in acute 4-5% DSS induced colitis and when dosed as a chronic delayed treatment for recurrent 2% DSS colitis. PEGSerp-1 reduced iNOS + M1 macrophage invasion, damage to crypt architecture and vascular inflammation with decreased uPAR, fXa, fibrinogen and complement activation. This work supports PEGSerp-1 as a tissue targeting serpin therapeutic.",https://doi.org/10.1101/2024.01.08.574715,2024-01-08,2024,NA,1,,,preprint,TRUE,TRUE,gold,https://www.biorxiv.org/content/biorxiv/early/2024/01/08/2024.01.08.574715.full.pdf,FALSE,NA,NA,NA,NA,NA,https://doi.org/10.1101/2024.01.08.574715,https://www.biorxiv.org/content/biorxiv/early/2024/01/08/2024.01.08.574715.full.pdf,NA,acceptedVersion,,40,,,,,FALSE,FALSE,en,,NA,NA,NA,NA,Esther Borges Florsheim,Wei Kong
https://openalex.org/W4414508060,Virus-derived Serpin Reduces Immuno-coagulopathic Damage in Murine Colitis by Targeting the urokinase-type Plasminogen Activator Receptor (uPAR) and Complement,Virus-derived Serpin Reduces Immuno-coagulopathic Damage in Murine Colitis by Targeting the urokinase-type Plasminogen Activator Receptor (uPAR) and Complement,,"<title>Abstract</title> A virus-derived serpin, Serp-1, has proven efficacy in treating inflammatory and coagulation disorders in preclinical and clinical studies. Serp-1 evolved over millions of years to block host immune responses, targeting serine proteases in immune and coagulation pathways. Treatment with PEGylated Serp-1 (PEGSerp-1) protein reduced lung injury in both lupus lung hemorrhage and SARS-CoV-2 models. Here, PEGSerp-1 effects on immune-coagulopathic responses is examined in a mouse colitis model. Inflammatory bowel disease (IBD) is associated with life-threatening complications with severe inflammation, bleeding, vasculitis, cancer and toxic megacolon. <italic>Ser</italic> ine <italic>p</italic> rotease cascades activate coagulation and complement pathways throughout the human body and are regulated by <italic>in</italic> hibitors, termed <italic>serpins</italic> , that can reduce gut inflammation. Prophylactic PEGSerp-1 significantly improved survival in severe 5% Dextran sodium sulfate (DSS) colitis, reducing inflammation and crypt damage. Colon damage and inflammation were also reduced after either acute colitis induced by 5%DSS or repeat 2% DSS induced colitis. PEGSerp-1 reduced inflammatory M1 macrophage invasion, urokinase-type plasminogen activator receptor (uPAR), fibrinogen and complement on immunohistochemical analysis. PEGSerp-1 reduced uPAR expression in human macrophage, but not colon cells. Here we report analysis of PEGSerp-1 as a tissue and macrophage targeting therapeutic for colitis, reducing immune and coagulation induced damage in the colon.",https://doi.org/10.21203/rs.3.rs-7239271/v1,2025-09-25,2025,NA,0,,,preprint,TRUE,TRUE,gold,https://www.researchsquare.com/article/rs-7239271/latest.pdf,FALSE,NA,NA,NA,NA,NA,https://doi.org/10.21203/rs.3.rs-7239271/v1,https://www.researchsquare.com/article/rs-7239271/latest.pdf,cc-by,acceptedVersion,,0,,,,,FALSE,FALSE,en,,NA,NA,NA,NA,Esther Borges Florsheim,Wei Kong
https://openalex.org/W4417479254,Virus-derived serpin reduces immuno-coagulopathic damage in murine colitis by targeting the urokinase-type plasminogen activator receptor (uPAR) and complement,Virus-derived serpin reduces immuno-coagulopathic damage in murine colitis by targeting the urokinase-type plasminogen activator receptor (uPAR) and complement,,NA,https://doi.org/10.1038/s41598-025-32690-8,2025-12-19,2025,NA,0,,,article,TRUE,TRUE,gold,https://www.nature.com/articles/s41598-025-32690-8_reference.pdf,FALSE,Scientific Reports,https://openalex.org/S196734849,2045-2322,https://openalex.org/P4310319908,Nature Portfolio,https://doi.org/10.1038/s41598-025-32690-8,https://www.nature.com/articles/s41598-025-32690-8_reference.pdf,cc-by-nc-nd,publishedVersion,,49,,,,,FALSE,FALSE,en,,2767,2767,16,1,Esther Borges Florsheim,Wei Kong
https://openalex.org/W4292952104,Effects of age on the hippocampus and verbal memory in adults with autism spectrum disorder: Longitudinal versus cross‐sectional findings,Effects of age on the hippocampus and verbal memory in adults with autism spectrum disorder: Longitudinal versus cross‐sectional findings,,"Abstract Research studying aging in adults with autism spectrum disorder (ASD) is growing, but longitudinal work is needed. Autistic adults have increased risk of dementia, altered hippocampal volumes and fornix integrity, and verbal memory difficulties compared with neurotypical (NT) adults. This study examined longitudinal aging in middle‐age adults with ASD versus a matched NT group, and compared findings with cross‐sectional age effects across a broad adult age range. Participants were 194 adults with ( n = 106; 74 male) and without ( n = 88; 52 male) ASD, ages 18–71. Participants ( n = 45; 40–70 age range) with two visits (2–3 years apart) were included in a longitudinal analysis. Hippocampal volume, fornix fractional anisotropy (FA), and verbal memory were measured via T1‐weighted MRI, diffusion tensor imaging, and the Rey Auditory Verbal Learning Test, respectively. Longitudinal mixed models were used for hippocampal system variables and reliable change index categories were used for Auditory Verbal Learning Test analyses. Multivariate regression was used for cross‐sectional analyses. Middle‐age adults with ASD had greater longitudinal hippocampal volume loss and were more likely to show clinically meaningful decline in short‐term memory, compared with NT. In contrast, cross‐sectional associations between increasing age and worsening short‐term memory were identified in NT, but not autistic adults. Reduced fornix FA and long‐term memory in ASD were found across the broad cross‐sectional age range. These preliminary longitudinal findings suggest accelerated hippocampal volume loss in ASD and slightly higher rates of clinically‐meaningful decline in verbal short‐term memory. Contradictory cross‐sectional and longitudinal results underscore the importance of longitudinal aging research in autistic adults. Lay Summary Autistic adults have increased risk of dementia, differences in brain memory structures, and difficulty with memory compared with neurotypical (NT) adults. However, there are no publications that follow the same middle‐age autistic adults over time to see how their brain and memory change. Our preliminary findings in a small middle‐age autism sample suggest a key memory brain structure, the hippocampus, may shrink faster over 2–3 years compared with NT, and short‐term memory may become more challenging for some. Across a broad adult range, autistic adults also had reduced integrity of connections to the hippocampus and greater challenges with long‐term memory. In our larger sample across a broad age range, the results did not hint at this aforementioned pattern of accelerated aging. This underscores the importance of more aging research in autism, and especially research where people are followed over time.",https://doi.org/10.1002/aur.2797,2022-08-24,2022,5.45771104,36,,,article,FALSE,TRUE,green,https://www.ncbi.nlm.nih.gov/pmc/articles/9561078,FALSE,Autism Research,https://openalex.org/S191399632,1939-3792,https://openalex.org/P4310320595,Wiley,https://doi.org/10.1002/aur.2797,NA,NA,publishedVersion,,65,,,,,FALSE,FALSE,en,,1810,1823,15,10,Kewei Chen,B. Blair Braden
https://openalex.org/W4308937900,Preliminary findings of accelerated visual memory decline and baseline brain correlates in middle-age and older adults with autism: The case for hippocampal free-water,Preliminary findings of accelerated visual memory decline and baseline brain correlates in middle-age and older adults with autism: The case for hippocampal free-water,,"Research aimed at understanding cognitive and brain aging in adults with autism spectrum disorder (ASD) is growing, but critical longitudinal work is scant. Adults with ASD struggle with tasks involving visual memory compared with neurotypical adults (NT). This may be related to differences in size or integrity of the hippocampus and its’ primary structural connectivity pathway, the fornix. The aim of this study was to describe preliminary findings of longitudinal aging trajectories in short- and long-term visual memory abilities in middle-age and older adults with ASD, compared with matched NT adults. We then evaluated baseline multi-modal imaging metrics of the hippocampal system, including the relatively novel metric of free-water, as potential correlates of longitudinal memory change in the ASD group. Middle-age and older adults with ASD ( n = 25) and matched NT adults ( n = 25) between the ages of 40 and 70 years were followed longitudinally at ~2-year intervals (range 2–5 years). Participants completed the Wechsler Memory Scale III Visual Reproduction task. Longitudinal mixed models were utilized to detect group differences in memory change with baseline age and sex as covariates. Hippocampal volume was measured via T1-weighted MRI images with FreeSurfer. Fornix fractional anisotropy and hippocampal and fornix free-water were measured from diffusion tensor imaging scans. Exploratory correlations were run between individual hippocampal system metrics and longitudinal slopes of visual memory change. There was a significant group by time interaction for long-term visual memory, such that middle-age and older adults with ASD declined faster than matched NT adults. There was no group by time interaction for short-term visual memory. Baseline hippocampal free-water was the only hippocampal system metric that correlated with long-term visual memory change in the ASD group. As one of the first longitudinal cognitive and brain aging studies in middle-age and older adults with ASD, our findings suggest vulnerabilities for accelerated long-term visual memory decline, compared to matched NT adults. Further, baseline hippocampal free-water may be a predictor of visual memory change in middle-age and older adults with ASD. These preliminary findings lay the groundwork for future prognostic applications of MRI for cognitive aging in middle-age and older adults with ASD.",https://doi.org/10.3389/fnagi.2022.1029166,2022-11-11,2022,2.72885552,18,,,article,TRUE,TRUE,gold,https://www.frontiersin.org/articles/10.3389/fnagi.2022.1029166/pdf,FALSE,Frontiers in Aging Neuroscience,https://openalex.org/S118428158,1663-4365,https://openalex.org/P4310320527,Frontiers Media,https://doi.org/10.3389/fnagi.2022.1029166,https://www.frontiersin.org/articles/10.3389/fnagi.2022.1029166/pdf,cc-by,publishedVersion,,55,,,,,FALSE,FALSE,en,,1029166,1029166,14,NA,Kewei Chen,B. Blair Braden
https://openalex.org/W4363648092,Relationship Functioning and Gut Microbiota Composition among Older Adult Couples,Relationship Functioning and Gut Microbiota Composition among Older Adult Couples,,"An emerging area of research extends work on couple functioning and physical health to gut health, a critical marker of general health and known to diminish with age. As a foray into this area, we conducted a pilot study to (1) determine the feasibility of remote data collection, including a fecal sample, from older adult couples, (2) examine within-couple concordance in gut microbiota composition, and (3) examine associations between relationship functioning and gut microbiota composition. Couples (N = 30) were recruited from the community. The participants’ demographic characteristics were as follows: M (SD) age = 66.6 (4.8), 53% female, 92% White, and 2% Hispanic. Two of the couples were same-sex. All 60 participants completed self-report measures and supplied a fecal sample for microbiome analysis. Microbial DNA was extracted from the samples, and the 16S rRNA gene V4 region was amplified and sequenced. The results indicated that individuals shared more similar gut microbial composition with their partners than with others in the sample, p &lt; 0.0001. In addition, individuals with better relationship quality (greater relationship satisfaction and intimacy and less avoidant communication) had greater microbial diversity, p &lt; 0.05, a sign of healthier gut microbiota. Further research with a larger and more diverse sample is warranted to elucidate mechanisms.",https://doi.org/10.3390/ijerph20085435,2023-04-07,2023,0.92835204,5,,,article,TRUE,TRUE,gold,https://www.mdpi.com/1660-4601/20/8/5435/pdf?version=1680861989,FALSE,International Journal of Environmental Research and Public Health,https://openalex.org/S15239247,1660-4601,https://openalex.org/P4310310987,Multidisciplinary Digital Publishing Institute,https://doi.org/10.3390/ijerph20085435,https://www.mdpi.com/1660-4601/20/8/5435/pdf?version=1680861989,cc-by,publishedVersion,,79,,,,,FALSE,FALSE,en,,5435,5435,20,8,Michael Todd,Rosa Krajmalnik‐Brown
https://openalex.org/W3135089164,Results of a Culturally Tailored Smartphone-Delivered Physical Activity Intervention Among Midlife African American Women: Feasibility Trial,Results of a Culturally Tailored Smartphone-Delivered Physical Activity Intervention Among Midlife African American Women: Feasibility Trial,,"Background Regular aerobic physical activity (PA) is an important component of healthy aging. However, only 27%-40% of African American women achieve national PA guidelines. Available data also show a clear decline in PA as African American women transition from young adulthood (ie, 25-44 years) into midlife. This decline in PA during midlife coincides with an increased risk for African American women developing cardiometabolic disease conditions, including obesity, type 2 diabetes, and cardiovascular disease. Thus, effective efforts are needed to promote PA among sedentary African American women during midlife. Objective This study aims to examine the acceptability and feasibility of a culturally tailored, smartphone-delivered PA intervention, originally developed to increase PA among African American women aged 24-49 years, among a slightly older sample of midlife African American women aged 50-65 years. Methods A single-arm pretest-posttest study design was implemented. In total, 20 insufficiently active African American (ie, ≤60 min per week of PA) women between the ages of 50-65 years participated in the 4-month feasibility trial. The Smart Walk intervention was delivered through the study Smart Walk smartphone app and text messages. Features available on the Smart Walk app include personal profile pages, multimedia PA promotion modules, discussion board forums, and an activity tracking feature that integrates with Fitbit activity monitors. Self-reported PA and social cognitive theory mediators targeted by the intervention (ie, self-regulation, behavioral capability, outcome expectations, self-efficacy, and social support) were assessed at baseline and at 4 months. Feasibility and acceptability were assessed using a postintervention satisfaction survey that included multiple-choice and open-ended questions evaluating participant perceptions of the intervention and suggestions for intervention improvement. Wilcoxon signed-rank tests were used to examine pre- and postintervention changes in the PA and social cognitive theory variables. The effect size estimates were calculated using the Pearson r test statistic. Results Participants increased moderate-to-vigorous PA (median 30 minutes per week increase; r=0.503; P=.002) and reported improvements in 2 theoretical mediators (self-regulation: r=0.397; P=.01; behavioral capability: r=0.440; P=.006). Nearly all participants (14/15, 93% completing the satisfaction survey) indicated that they would recommend the intervention to a friend. Participants’ suggestions for improving the intervention included enhancing the intervention’s provisions of social support for PA. Conclusions The results provide preliminary support for the feasibility of the smartphone-based approach to increase PA among midlife African American women. However, before larger-scale implementation among midlife African American women, enhancements to the social support components of the intervention are warranted. Trial Registration ClinicalTrials.gov NCT04073355; https://clinicaltrials.gov/ct2/show/NCT04073355",https://doi.org/10.2196/27383,2021-03-09,2021,5.27171914,37,,,article,TRUE,TRUE,gold,https://mhealth.jmir.org/2021/4/e27383/PDF,FALSE,JMIR mhealth and uhealth,https://openalex.org/S2764493120,2291-5222,https://openalex.org/P4310320608,JMIR Publications,https://doi.org/10.2196/27383,https://mhealth.jmir.org/2021/4/e27383/PDF,cc-by,publishedVersion,,47,,,,,FALSE,FALSE,en,,e27383,e27383,9,4,Michael Todd,Rodney P. Joseph
https://openalex.org/W4313648452,Smart Walk: A Culturally Tailored Smartphone-Delivered Physical Activity Intervention for Cardiometabolic Risk Reduction among African American Women,Smart Walk: A Culturally Tailored Smartphone-Delivered Physical Activity Intervention for Cardiometabolic Risk Reduction among African American Women,,"This article reports the results of Smart Walk: a randomized pilot trial of an 8-month culturally tailored, smartphone-delivered physical activity (PA) intervention for African American women with obesity. Sixty participants (age range = 24–49 years; BMI range = 30–58 kg/m2) were randomized to the Smart Walk intervention (n = 30) or a wellness comparison intervention (n = 30). Results supported the acceptability and feasibility of the intervention, as demonstrated by participant retention (85% at 4 months and 78% at 8 months), Smart Walk app use, and intervention satisfaction (i.e., 100% of PA participants completing the intervention [n = 24] reported they would recommend it to friend). Smart Walk participants also reported greater increases in moderate-to-vigorous PA (4-month between-arm difference in change [b] = 43.3 min/week; p = 0.018; Cohen’s d = 0.69; 8-month b = 56.6 min/week; p = 0.046; d = 0.63) and demonstrated clinically relevant, although not statistically significant (p-values &gt; 0.05), baseline to 4 months improvements in cardiorespiratory fitness (b = 1.67 mL/kg/min; d = 0.40), systolic blood pressure (b = −3.33 mmHg; d = 0.22), diastolic blood pressure (b = −4.28 mmHg; d = 0.37), and pulse wave velocity (b = −0.46 m/s; d = 0.33). Eight-month cardiometabolic outcomes followed similar trends, but had high rates of missing data (45–53%) due to COVID-19 restrictions. Collectively, findings demonstrated favorable outcomes for acceptability and feasibility, while also highlighting key areas for refinement in future research.",https://doi.org/10.3390/ijerph20021000,2023-01-05,2023,5.94995328,20,,,article,TRUE,TRUE,gold,https://www.mdpi.com/1660-4601/20/2/1000/pdf?version=1673311151,FALSE,International Journal of Environmental Research and Public Health,https://openalex.org/S15239247,1660-4601,https://openalex.org/P4310310987,Multidisciplinary Digital Publishing Institute,https://doi.org/10.3390/ijerph20021000,https://www.mdpi.com/1660-4601/20/2/1000/pdf?version=1673311151,cc-by,publishedVersion,,108,,,,,FALSE,FALSE,en,,1000,1000,20,2,Michael Todd,Rodney P. Joseph
https://openalex.org/W4281658866,Insomnia as an Unmet Need in Patients With Chronic Hematological Cancer: Protocol for a Randomized Controlled Trial Evaluating a Consumer-Based Meditation App for Treatment of Sleep Disturbance,Insomnia as an Unmet Need in Patients With Chronic Hematological Cancer: Protocol for a Randomized Controlled Trial Evaluating a Consumer-Based Meditation App for Treatment of Sleep Disturbance,,"Background To address the need for long-term, accessible, nonpharmacologic interventions targeting sleep in patients with chronic hematological cancer, we propose the first randomized controlled trial to determine the effects of a consumer-based mobile meditation app, Calm, on sleep disturbance in this population. Objective This study aims to test the efficacy of daily meditation delivered via Calm compared with a health education podcast control group in improving the primary outcome of self-reported sleep disturbance, as well as secondary sleep outcomes, including sleep impairment and sleep efficiency; test the efficacy of daily meditation delivered via Calm compared with a health education podcast control group on inflammatory markers, fatigue, and emotional distress; and explore free-living use during a 12-week follow-up period and the sustained effects of Calm in patients with chronic hematological cancer. Methods In a double-blinded randomized controlled trial, we will recruit 276 patients with chronic hematological cancer to an 8-week app-based wellness intervention—the active, daily, app-based meditation intervention or the health education podcast app control group, followed by a 12-week follow-up period. Participants will be asked to use their assigned app for at least 10 minutes per day during the 8-week intervention period; complete web-based surveys assessing self-reported sleep disturbance, fatigue, and emotional distress at baseline, 8 weeks, and 20 weeks; complete sleep diaries and wear an actigraphy device during the 8-week intervention period and at 20 weeks; and complete blood draws to assess inflammatory markers (tumor necrosis factor-α, interleukin-6, interleukin-8, and C-reactive protein) at baseline, 8 weeks, and 20 weeks. Results This project was funded by the National Institutes of Health National Cancer Institute (R01CA262041). The projects began in April 2022, and study recruitment is scheduled to begin in October 2022, with a total project duration of 5 years. We anticipate that we will be able to achieve our enrollment goal of 276 patients with chronic hematological cancers within the allotted project time frame. Conclusions This research will contribute to broader public health efforts by providing researchers and clinicians with an evidence-based commercial product to improve sleep in the long term in an underserved and understudied cancer population with a high incidence of sleep disturbance. Trial Registration ClinicalTrials.gov NCT05294991; https://clinicaltrials.gov/ct2/show/NCT05294991 International Registered Report Identifier (IRRID) PRR1-10.2196/39007",https://doi.org/10.2196/39007,2022-06-03,2022,1.22996877,5,,,article,TRUE,TRUE,gold,https://www.researchprotocols.org/2022/7/e39007/PDF,FALSE,JMIR Research Protocols,https://openalex.org/S2739058702,1929-0748,https://openalex.org/P4310320608,JMIR Publications,https://doi.org/10.2196/39007,https://www.researchprotocols.org/2022/7/e39007/PDF,cc-by,publishedVersion,,93,,,,,FALSE,FALSE,en,,e39007,e39007,11,7,Michael Todd,Megan E. Petrov
https://openalex.org/W4284670608,Cardiometabolic Risk Factors Among Insufficiently Active African American Women With Obesity,Cardiometabolic Risk Factors Among Insufficiently Active African American Women With Obesity,,"Background Low moderate-to-vigorous physical activity (MVPA) levels and obesity are associated with increased cardiometabolic disease risk. Objective The aim of this study was to describe MVPA and cardiometabolic risk characteristics of insufficiently active African American women with obesity (N = 60) enrolled in a culturally tailored MVPA intervention. Methods We assessed accelerometer-measured and self-reported MVPA, blood pressure, serum lipid profiles, cardiorespiratory fitness (VO 2 peak), and aortic pulse wave velocity. Results Participants (mean age, 38.4; mean body mass index, 40.6 kg/m 2 ) averaged 15 min/d of accelerometer-measured MVPA and 30 min/wk of self-reported MVPA. Systolic and diastolic blood pressure levels were elevated (135.4 and 84.0 mm Hg, respectively). With the exception of low-density lipoprotein cholesterol (121.4 mg/dL) and high-density lipoprotein cholesterol (47.6 mg/dL), lipid profiles were within reference ranges. Compared with normative reference values, average VO 2 peak was low (18.7 mL/kg/min), and pulse wave velocity was high (7.4 m/s). Conclusions Our sample of insufficiently active African American women with obesity was at an elevated risk for cardiometabolic disease.",https://doi.org/10.1097/jcn.0000000000000930,2022-07-05,2022,0.57285338,2,,,article,FALSE,TRUE,green,https://www.ncbi.nlm.nih.gov/pmc/articles/9813275,FALSE,The Journal of Cardiovascular Nursing,https://openalex.org/S132854162,0889-4655,https://openalex.org/P4310315671,Lippincott Williams & Wilkins,https://doi.org/10.1097/jcn.0000000000000930,NA,NA,publishedVersion,,28,,,,,FALSE,FALSE,en,,198,204,38,2,Michael Todd,Rodney P. Joseph
https://openalex.org/W4389179397,"SleepWell24, a Smartphone Application to Promote Adherence to Positive Airway Pressure Therapy: Feasibility and Acceptability in a Randomized Controlled Trial","SleepWell24, a Smartphone Application to Promote Adherence to Positive Airway Pressure Therapy: Feasibility and Acceptability in a Randomized Controlled Trial",,NCT03156283https://www.clinicaltrials.gov/study/NCT03156283.,https://doi.org/10.1080/15402002.2023.2289442,2023-11-30,2023,0.29749766,1,,,article,FALSE,TRUE,green,https://pmc.ncbi.nlm.nih.gov/articles/PMC11136882/pdf/nihms-1951180.pdf,FALSE,Behavioral Sleep Medicine,https://openalex.org/S70661765,1540-2002,https://openalex.org/P4310320547,Taylor & Francis,https://doi.org/10.1080/15402002.2023.2289442,NA,NA,publishedVersion,,33,,,,,FALSE,FALSE,en,,420,432,22,4,Michael Todd,Megan E. Petrov
https://openalex.org/W4229011852,Insomnia as an Unmet Need in Patients With Chronic Hematological Cancer: Protocol for a Randomized Controlled Trial Evaluating a Consumer-Based Meditation App for Treatment of Sleep Disturbance (Preprint),Insomnia as an Unmet Need in Patients With Chronic Hematological Cancer: Protocol for a Randomized Controlled Trial Evaluating a Consumer-Based Meditation App for Treatment of Sleep Disturbance (Preprint),,"<sec> <title>BACKGROUND</title> To address the need for long-term, accessible, nonpharmacologic interventions targeting sleep in patients with chronic hematological cancer, we propose the first randomized controlled trial to determine the effects of a consumer-based mobile meditation app, Calm, on sleep disturbance in this population. </sec> <sec> <title>OBJECTIVE</title> This study aims to test the efficacy of daily meditation delivered via Calm compared with a health education podcast control group in improving the primary outcome of self-reported sleep disturbance, as well as secondary sleep outcomes, including sleep impairment and sleep efficiency; test the efficacy of daily meditation delivered via Calm compared with a health education podcast control group on inflammatory markers, fatigue, and emotional distress; and explore free-living use during a 12-week follow-up period and the sustained effects of Calm in patients with chronic hematological cancer. </sec> <sec> <title>METHODS</title> In a double-blinded randomized controlled trial, we will recruit 276 patients with chronic hematological cancer to an 8-week &lt;i&gt;app-based wellness&lt;/i&gt; intervention—the active, daily, app-based meditation intervention or the health education podcast app control group, followed by a 12-week follow-up period. Participants will be asked to use their assigned app for at least 10 minutes per day during the 8-week intervention period; complete web-based surveys assessing self-reported sleep disturbance, fatigue, and emotional distress at baseline, 8 weeks, and 20 weeks; complete sleep diaries and wear an actigraphy device during the 8-week intervention period and at 20 weeks; and complete blood draws to assess inflammatory markers (tumor necrosis factor-α, interleukin-6, interleukin-8, and C-reactive protein) at baseline, 8 weeks, and 20 weeks. </sec> <sec> <title>RESULTS</title> This project was funded by the National Institutes of Health National Cancer Institute (R01CA262041). The projects began in April 2022, and study recruitment is scheduled to begin in October 2022, with a total project duration of 5 years. We anticipate that we will be able to achieve our enrollment goal of 276 patients with chronic hematological cancers within the allotted project time frame. </sec> <sec> <title>CONCLUSIONS</title> This research will contribute to broader public health efforts by providing researchers and clinicians with an evidence-based commercial product to improve sleep in the long term in an underserved and understudied cancer population with a high incidence of sleep disturbance. </sec> <sec> <title>CLINICALTRIAL</title> ClinicalTrials.gov NCT05294991; https://clinicaltrials.gov/ct2/show/NCT05294991 </sec> <sec> <title>INTERNATIONAL REGISTERED REPORT</title> PRR1-10.2196/39007 </sec>",https://doi.org/10.2196/preprints.39007,2022-04-25,2022,0,0,,,preprint,TRUE,TRUE,gold,https://doi.org/10.2196/preprints.39007,FALSE,NA,NA,NA,NA,NA,https://doi.org/10.2196/preprints.39007,NA,cc-by,acceptedVersion,,91,,,,,FALSE,FALSE,en,,NA,NA,NA,NA,Michael Todd,Megan E. Petrov
https://openalex.org/W4255919216,Results of a Culturally Tailored Smartphone-Delivered Physical Activity Intervention Among Midlife African American Women: Feasibility Trial (Preprint),Results of a Culturally Tailored Smartphone-Delivered Physical Activity Intervention Among Midlife African American Women: Feasibility Trial (Preprint),,"<sec> <title>BACKGROUND</title> Regular aerobic physical activity (PA) is an important component of healthy aging. However, only 27%-40% of African American women achieve national PA guidelines. Available data also show a clear decline in PA as African American women transition from young adulthood (ie, 25-44 years) into midlife. This decline in PA during midlife coincides with an increased risk for African American women developing cardiometabolic disease conditions, including obesity, type 2 diabetes, and cardiovascular disease. Thus, effective efforts are needed to promote PA among sedentary African American women during midlife. </sec> <sec> <title>OBJECTIVE</title> This study aims to examine the acceptability and feasibility of a culturally tailored, smartphone-delivered PA intervention, originally developed to increase PA among African American women aged 24-49 years, among a slightly older sample of midlife African American women aged 50-65 years. </sec> <sec> <title>METHODS</title> A single-arm pretest-posttest study design was implemented. In total, 20 insufficiently active African American (ie, ≤60 min per week of PA) women between the ages of 50-65 years participated in the 4-month feasibility trial. The &lt;i&gt;Smart Walk&lt;/i&gt; intervention was delivered through the study &lt;i&gt;Smart Walk&lt;/i&gt; smartphone app and text messages. Features available on the &lt;i&gt;Smart Walk&lt;/i&gt; app include personal profile pages, multimedia PA promotion modules, discussion board forums, and an activity tracking feature that integrates with Fitbit activity monitors. Self-reported PA and social cognitive theory mediators targeted by the intervention (ie, self-regulation, behavioral capability, outcome expectations, self-efficacy, and social support) were assessed at baseline and at 4 months. Feasibility and acceptability were assessed using a postintervention satisfaction survey that included multiple-choice and open-ended questions evaluating participant perceptions of the intervention and suggestions for intervention improvement. Wilcoxon signed-rank tests were used to examine pre- and postintervention changes in the PA and social cognitive theory variables. The effect size estimates were calculated using the Pearson &lt;i&gt;r&lt;/i&gt; test statistic. </sec> <sec> <title>RESULTS</title> Participants increased moderate-to-vigorous PA (median 30 minutes per week increase; &lt;i&gt;r&lt;/i&gt;=0.503; &lt;i&gt;P&lt;/i&gt;=.002) and reported improvements in 2 theoretical mediators (self-regulation: &lt;i&gt;r&lt;/i&gt;=0.397; &lt;i&gt;P&lt;/i&gt;=.01; behavioral capability: &lt;i&gt;r&lt;/i&gt;=0.440; &lt;i&gt;P&lt;/i&gt;=.006). Nearly all participants (14/15, 93% completing the satisfaction survey) indicated that they would recommend the intervention to a friend. Participants’ suggestions for improving the intervention included enhancing the intervention’s provisions of social support for PA. </sec> <sec> <title>CONCLUSIONS</title> The results provide preliminary support for the feasibility of the smartphone-based approach to increase PA among midlife African American women. However, before larger-scale implementation among midlife African American women, enhancements to the social support components of the intervention are warranted. </sec> <sec> <title>CLINICALTRIAL</title> ClinicalTrials.gov NCT04073355; https://clinicaltrials.gov/ct2/show/NCT04073355 </sec>",https://doi.org/10.2196/preprints.27383,2021-01-26,2021,0,0,,,preprint,TRUE,TRUE,gold,https://doi.org/10.2196/preprints.27383,FALSE,NA,NA,NA,NA,NA,https://doi.org/10.2196/preprints.27383,NA,cc-by,acceptedVersion,,40,,,,,FALSE,FALSE,en,,NA,NA,NA,NA,Michael Todd,Rodney P. Joseph
https://openalex.org/W4408957279,Language Spoken at Home and Preschooler Dietary Quality at Early Care and Education Facilities that Serve Children from Families with Low Income,Language Spoken at Home and Preschooler Dietary Quality at Early Care and Education Facilities that Serve Children from Families with Low Income,,NA,https://doi.org/10.1016/j.jneb.2025.01.015,2025-03-31,2025,0,0,,,article,FALSE,FALSE,closed,NA,FALSE,Journal of Nutrition Education and Behavior,https://openalex.org/S206696595,1499-4046,https://openalex.org/P4310320990,Elsevier BV,https://doi.org/10.1016/j.jneb.2025.01.015,NA,NA,publishedVersion,,35,,,,,FALSE,FALSE,en,,407,415,57,5,Michael Todd,Corrie M. Whisner
https://openalex.org/W4281645050,Serum autoantibodyome reveals that healthy individuals share common autoantibodies,Serum autoantibodyome reveals that healthy individuals share common autoantibodies,,"Autoantibodies are a hallmark of both autoimmune disease and cancer, but they also occur in healthy individuals. Here, we perform a meta-analysis of nine datasets and focus on the common autoantibodies shared by healthy individuals. We report 77 common autoantibodies based on the protein microarray data obtained from probing 182 healthy individual sera on 7,653 human proteins and an additional 90 healthy individual sera on 1,666 human proteins. There is no gender bias; however, the number of autoantibodies increase with age, plateauing around adolescence. We use a bioinformatics pipeline to determine possible molecular-mimicry peptides that can contribute to the elicitation of these common autoantibodies. There is enrichment of intrinsic properties of proteins like hydrophilicity, basicity, aromaticity, and flexibility for common autoantigens. Subcellular localization and tissue-expression analysis reveal that several common autoantigens are sequestered from the circulating autoantibodies.",https://doi.org/10.1016/j.celrep.2022.110873,2022-05-01,2022,9.5672261,50,,,review,TRUE,TRUE,gold,http://www.cell.com/article/S2211124722006489/pdf,FALSE,Cell Reports,https://openalex.org/S169236886,2211-1247,https://openalex.org/P4310315673,Cell Press,https://doi.org/10.1016/j.celrep.2022.110873,http://www.cell.com/article/S2211124722006489/pdf,cc-by,publishedVersion,,37,,,,,FALSE,FALSE,en,,110873,110873,39,9,Yunro Chung,Joshua LaBaer
https://openalex.org/W3134482807,Identification of anti-Epstein-Barr virus (EBV) antibody signature in EBV-associated gastric carcinoma,Identification of anti-Epstein-Barr virus (EBV) antibody signature in EBV-associated gastric carcinoma,,NA,https://doi.org/10.1007/s10120-021-01170-z,2021-03-04,2021,3.35460779,36,,,article,TRUE,TRUE,bronze,https://link.springer.com/content/pdf/10.1007/s10120-021-01170-z.pdf,FALSE,Gastric Cancer,https://openalex.org/S145569942,1436-3291,https://openalex.org/P4310319900,Springer Science+Business Media,https://doi.org/10.1007/s10120-021-01170-z,https://link.springer.com/content/pdf/10.1007/s10120-021-01170-z.pdf,NA,publishedVersion,,50,,,,,FALSE,FALSE,en,,858,867,24,4,Yunro Chung,Joshua LaBaer
https://openalex.org/W4292451920,Serological profiling of Crohn’s disease and ulcerative colitis patients reveals anti-microbial antibody signatures,Serological profiling of Crohn’s disease and ulcerative colitis patients reveals anti-microbial antibody signatures,,"We have identified antibody signatures for CD and UC using a comprehensive analysis of anti-microbial antibody response in IBD. These antibodies and the source microorganisms of their target antigens improve our understanding of the role of specific microorganisms in IBD pathogenesis and, after future validation, should aid early and accurate diagnosis of IBD.",https://doi.org/10.3748/wjg.v28.i30.4089,2022-08-09,2022,3.31292258,13,,,article,TRUE,TRUE,hybrid,https://doi.org/10.3748/wjg.v28.i30.4089,FALSE,World Journal of Gastroenterology,https://openalex.org/S181459644,1007-9327,https://openalex.org/P4310315735,Baishideng Publishing Group,https://doi.org/10.3748/wjg.v28.i30.4089,NA,cc-by-nc,publishedVersion,,32,,,,,FALSE,FALSE,en,,4089,4101,28,30,Yunro Chung,Joshua LaBaer
https://openalex.org/W4307839315,Identification of anti-Helicobacter pylori antibody signatures in gastric intestinal metaplasia,Identification of anti-Helicobacter pylori antibody signatures in gastric intestinal metaplasia,,NA,https://doi.org/10.1007/s00535-022-01933-0,2022-10-27,2022,3.62838688,12,,,article,TRUE,TRUE,bronze,https://link.springer.com/content/pdf/10.1007/s00535-022-01933-0.pdf,FALSE,Journal of Gastroenterology,https://openalex.org/S41046285,0944-1174,https://openalex.org/P4310319900,Springer Science+Business Media,https://doi.org/10.1007/s00535-022-01933-0,https://link.springer.com/content/pdf/10.1007/s00535-022-01933-0.pdf,NA,publishedVersion,,44,,,,,FALSE,FALSE,en,,112,124,58,2,Yunro Chung,Joshua LaBaer
https://openalex.org/W4311125336,Antibody responses to the host microbiome in chronic rhinosinusitis,Antibody responses to the host microbiome in chronic rhinosinusitis,,"Abstract Background The role of microbes in chronic rhinosinusitis (CRS) is poorly understood. We hypothesize that analyzing prior microbial exposures via assessing microbial protein serological reactivity in CRS versus controls may offer insights for CRS etiopathogenesis. Methods We profiled IgG and IgA antibodies to individual microbial proteins in serum samples of CRS patients and controls using a novel high‐throughput microarray protein technology, Nucleic Acid Programmable Protein Array (NAPPA). The study was conducted on 118 subjects (39 CRS, 79 controls). A CRS‐focused NAPPA array, with 1557 potentially sero‐reactive microbial proteins elected from a pre‐screening of 6500 genes of interest was constructed. It included membrane‐associated proteins from 47 bacterial species and all proteins from 43 viral strains. Differences between CRS and controls were compared across individual antimicrobial antibodies and the species. Results Chronic rhinosinusitis patients had significantly elevated antimicrobial antibodies compared with controls. One bacterium ( Staphylococcus aureus ) and three viral strains (human metapneumovirus, human herpesvirus 5, and human herpesvirus 4) were identified as sources of the proteins that showed significantly elevated sero‐reactivity in CRS patients. Within CRS, patients with polyps had elevated antibodies against S. aureus , influenza A virus (H1N1, H3N2), and rhinovirus B14. CRS patients without polyps showed more antibodies against human herpesvirus 1 and vaccinia virus WR. Conclusions Compared with healthy controls, CRS patients’ serum samples showed significantly increased sero‐reactivity to both bacterial and viral proteins, reflecting recent or current infection or active colonization. Significantly higher antibodies against S. aureus , human metapneumovirus, human herpesvirus 5, and human herpesvirus 4 in CRS need further study.",https://doi.org/10.1002/alr.23107,2022-12-12,2022,1.93641523,7,,,article,FALSE,FALSE,closed,NA,FALSE,International Forum of Allergy & Rhinology,https://openalex.org/S2506670899,2042-6976,https://openalex.org/P4310320595,Wiley,https://doi.org/10.1002/alr.23107,NA,NA,publishedVersion,,19,,,,,FALSE,FALSE,en,,1503,1510,13,8,Yunro Chung,Joshua LaBaer
https://openalex.org/W4212839234,Exploration of autoantibody responses in canine diabetes using protein arrays,Exploration of autoantibody responses in canine diabetes using protein arrays,,NA,https://doi.org/10.1038/s41598-022-06599-5,2022-02-15,2022,1.52904119,6,,,article,TRUE,TRUE,gold,https://www.nature.com/articles/s41598-022-06599-5.pdf,FALSE,Scientific Reports,https://openalex.org/S196734849,2045-2322,https://openalex.org/P4310319908,Nature Portfolio,https://doi.org/10.1038/s41598-022-06599-5,https://www.nature.com/articles/s41598-022-06599-5.pdf,cc-by,publishedVersion,,32,,,,,FALSE,FALSE,en,,2490,2490,12,1,Yunro Chung,Joshua LaBaer
https://openalex.org/W4385521299,Serological survey to estimate SARS-CoV-2 infection and antibody seroprevalence at a large public university: A cross-sectional study,Serological survey to estimate SARS-CoV-2 infection and antibody seroprevalence at a large public university: A cross-sectional study,,"Objective This study investigated the seroprevalence of SARS-CoV-2 antibodies among adults over 18 years. Design Prospective cohort study. Settings A large public university. Participants This study took volunteers over 5 days and recruited 1064 adult participants. Primary outcome measures Seroprevalence of SARS-CoV-2-specific antibodies due to previous exposure to SARS-CoV-2 and/or vaccination. Results The seroprevalence of the antireceptor binding domain (RBD) antibody was 90% by a lateral flow assay and 88% by a semiquantitative chemiluminescent immunoassay. The seroprevalence for antinucleocapsid was 20%. In addition, individuals with previous natural COVID-19 infection plus vaccination had higher anti-RBD antibody levels compared with those who had vaccination only or infection only. Individuals who had a breakthrough infection had the highest anti-RBD antibody levels. Conclusion Accurate estimates of the cumulative incidence of SARS-CoV-2 infection can inform the development of university risk mitigation protocols such as encouraging booster shots, extending mask mandates or reverting to online classes. It could help us to have clear guidance to act at the first sign of the next surge as well, especially since there is a surge of COVID-19 subvariant infections.",https://doi.org/10.1136/bmjopen-2023-072627,2023-08-01,2023,1.69004795,6,,,article,TRUE,TRUE,gold,https://bmjopen.bmj.com/content/bmjopen/13/8/e072627.full.pdf,FALSE,BMJ Open,https://openalex.org/S79054089,2044-6055,https://openalex.org/P4310319945,BMJ,https://doi.org/10.1136/bmjopen-2023-072627,https://bmjopen.bmj.com/content/bmjopen/13/8/e072627.full.pdf,cc-by-nc,publishedVersion,,53,,,,,FALSE,FALSE,en,,e072627,e072627,13,8,Yunro Chung,Joshua LaBaer
https://openalex.org/W4406027753,The omicron variant of SARS-CoV-2 drove broadly increased seroprevalence in a public university setting,The omicron variant of SARS-CoV-2 drove broadly increased seroprevalence in a public university setting,,"Omicron is the comparatively most transmissible and contagious variant of severe acute respiratory syndrome-coronavirus-2 (SARS-CoV-2). We conducted a seroprevalence study from March 1–3, 2022, to investigate the seroprevalence of SARS-CoV-2 antibodies among individuals aged 18 years and older after the Omicron outbreak. The seroprevalence of anti-receptor binding domain (RBD) antibodies was found to be 96.3% (95% CI 95.2–97.2%) compared to 88.2% (95% CI 86.1–90%) in our previous serosurvey. For anti-nucleocapsid (NC) antibodies, the seroprevalence was 39.1% (95% CI 36.6–41.7%) compared to 19.7% (95% CI 17.5–22.2%) earlier. Individuals that experienced breakthrough infections exhibited the highest levels of anti-RBD antibodies. Additionally, saliva samples showed promise as a potential diagnostic biofluid for measuring antibody levels, as they exhibited a strong agreement with the data obtained from serum samples. The near doubling of anti-NC reactivity, a proxy for history of infection, reflects the contagiousness of the omicron variant, but may also have been influenced by a more relaxed approach to precautions in the spring of 2022. Serosurveys repeated at regular intervals monitor the trend of infections in the community, delineate the geographical spread of the infection, and may guide containment measures in communities, and prompt response to future outbreaks.",https://doi.org/10.1371/journal.pgph.0003893,2025-01-03,2025,13.20961094,3,,,article,TRUE,TRUE,gold,https://journals.plos.org/globalpublichealth/article/file?id=10.1371/journal.pgph.0003893&type=printable,FALSE,PLOS Global Public Health,https://openalex.org/S4210231901,2767-3375,https://openalex.org/P4310315706,Public Library of Science,https://doi.org/10.1371/journal.pgph.0003893,https://journals.plos.org/globalpublichealth/article/file?id=10.1371/journal.pgph.0003893&type=printable,cc-by,publishedVersion,,33,,,,,FALSE,FALSE,en,,e0003893,e0003893,5,1,Yunro Chung,Joshua LaBaer
https://openalex.org/W4395114772,Discovery of a Unique Set of Dog-Seroreactive Coccidioides Proteins Using Nucleic Acid Programmable Protein Array,Discovery of a Unique Set of Dog-Seroreactive Coccidioides Proteins Using Nucleic Acid Programmable Protein Array,,"Valley Fever (VF), caused by fungi in the genus Coccidioides, is a prevalent disease in southwestern and western parts of the United States that affects both humans and animals, such as dogs. Although the immune responses to infection with Coccidioides spp. are not fully characterized, antibody-detection assays are used in conjunction with clinical presentation and radiologic findings to aid in the diagnosis of VF. These assays often use Complement Fixation (CF) and Tube Precipitin (TP) antigens as the main targets of IgG and IgM reactivity, respectively. Our group previously reported evidence of over 800 genes expressed at the protein level in C. posadasii. However, antibody reactivity to the majority of these proteins has never been explored. Using a new, high-throughput screening technology, the Nucleic Acid Programmable Protein Array (NAPPA), we screened serum specimens from dogs against 708 of these previously identified proteins for IgG reactivity. Serum from three separate groups of dogs was analyzed and revealed a small panel of proteins to be further characterized for immuno-reactivity. In addition to CF/CTS1 antigen, sera from most infected dogs showed antibody reactivity to endo-1,3-betaglucanase, peroxisomal matrix protein, and another novel reactive protein, CPSG_05795. These antigens may provide additional targets to aid in antibody-based diagnostics.",https://doi.org/10.3390/jof10050307,2024-04-24,2024,1.84310621,2,,,article,TRUE,TRUE,gold,https://www.mdpi.com/2309-608X/10/5/307/pdf?version=1713945093,FALSE,Journal of Fungi,https://openalex.org/S2737643958,2309-608X,https://openalex.org/P4310310987,Multidisciplinary Digital Publishing Institute,https://doi.org/10.3390/jof10050307,https://www.mdpi.com/2309-608X/10/5/307/pdf?version=1713945093,cc-by,publishedVersion,,27,,,,,FALSE,FALSE,en,,307,307,10,5,Yunro Chung,Joshua LaBaer
https://openalex.org/W4406328601,Tracking Immunity: An Increased Number of COVID-19 Boosters Increases the Longevity of Anti-RBD and Anti-RBD-Neutralizing Antibodies,Tracking Immunity: An Increased Number of COVID-19 Boosters Increases the Longevity of Anti-RBD and Anti-RBD-Neutralizing Antibodies,,"Background/Objectives: Since the World Health Organization declared COVID-19 a pandemic in March 2020, the virus has caused multiple waves of infection globally. Arizona State University (ASU), the largest four-year university in the United States, offers a uniquely diverse setting for assessing immunity within a large community. This study aimed to test our hypothesis that an increased number of exposures to SARS-CoV-2 RBD through vaccination/boosters/infection will increase SARS-CoV-2 antibody seroprevalence by increasing the longevity of anti-RBD and anti-RBD-neutralizing antibodies. Methods: A serosurvey was conducted at ASU from 30 January to 3 February 2023. Participants completed questionnaires about demographics, respiratory infection history, symptoms, and COVID-19 vaccination status. Blood samples were analyzed for anti-receptor binding domain (RBD) IgG and anti-nucleocapsid (NC) antibodies, offering a comprehensive view of immunity from both natural infection and vaccination. Results: The seroprevalence of anti-RBD IgG antibodies was 96.2% (95% CI: 94.8–97.2%), and 64.9% (95% CI: 61.9–67.8%) of participants had anti-NC antibodies. Anti-RBD IgG levels correlated strongly with neutralizing antibody levels, and participants who received more vaccine doses showed higher levels of both anti-RBD IgG and neutralizing antibodies. Increasing the number of exposures through vaccination and/or infection resulted in higher and long-lasting antibodies. Conclusions: The high levels of anti-RBD antibodies observed reflect substantial vaccine uptake within this population. Ongoing vaccination efforts, especially as new variants emerge, are essential to maintaining protective antibody levels. These findings underscore the importance of sustained public health initiatives to support broad-based immunity and protection.",https://doi.org/10.3390/vaccines13010061,2025-01-12,2025,8.8064073,2,,,article,TRUE,TRUE,gold,https://www.mdpi.com/2076-393X/13/1/61/pdf?version=1736741637,FALSE,Vaccines,https://openalex.org/S4210226234,2076-393X,https://openalex.org/P4310310987,Multidisciplinary Digital Publishing Institute,https://doi.org/10.3390/vaccines13010061,https://www.mdpi.com/2076-393X/13/1/61/pdf?version=1736741637,cc-by,publishedVersion,,42,,,,,FALSE,FALSE,en,,61,61,13,1,Yunro Chung,Joshua LaBaer
https://openalex.org/W4294770538,Comparative Microbiomics Analysis of Antimicrobial Antibody Response between Patients with Lung Cancer and Control Subjects with Benign Pulmonary Nodules,Comparative Microbiomics Analysis of Antimicrobial Antibody Response between Patients with Lung Cancer and Control Subjects with Benign Pulmonary Nodules,,"Abstract Background: CT screening can detect lung cancer early but suffers a high false-positive rate. There is a need for molecular biomarkers that can distinguish malignant and benign indeterminate pulmonary nodules (IPN) detected by CT scan. Methods: We profiled antibodies against 901 individual microbial antigens from 27 bacteria and 29 viruses in sera from 127 lung adenocarcinoma (ADC), 123 smoker controls (SMC), 170 benign nodule controls (BNC) individuals using protein microarrays to identify ADC and BNC specific antimicrobial antibodies. Results: Analyzing fourth quartile ORs, we found more antibodies with higher prevalence in the three BNC subgroups than in ADC or SMC. We demonstrated that significantly more anti-Helicobacter pylori antibodies showed higher prevalence in ADC relative to SMC. We performed subgroup analysis and found that more antibodies with higher prevalence in light smokers (≤20 pack-years) compared with heavy smokers (&amp;gt;20 pack-years), in BNC with nodule size &amp;gt;1 cm than in those with ≤1 cm nodules, and in stage I ADC than in stage II and III ADC. We performed multivariate analysis and constructed antibody panels that can distinguish ADC versus SMC and ADC versus BNC with area under the ROC curve (AUC) of 0.88 and 0.80, respectively. Conclusions: Antimicrobial antibodies have the potential to reduce the false positive rate of CT screening and provide interesting insight in lung cancer development. Impact: Microbial infection plays an important role in lung cancer development and the formation of benign pulmonary nodules.",https://doi.org/10.1158/1055-9965.epi-22-0384,2022-09-03,2022,0.64311343,3,,,article,FALSE,TRUE,green,https://pmc.ncbi.nlm.nih.gov/articles/PMC10494706/pdf/nihms-1835155.pdf,FALSE,Cancer Epidemiology Biomarkers & Prevention,https://openalex.org/S8391440,1055-9965,https://openalex.org/P4310320273,American Association for Cancer Research,https://doi.org/10.1158/1055-9965.epi-22-0384,NA,NA,publishedVersion,,69,,,,,FALSE,FALSE,en,,496,504,32,4,Yunro Chung,Joshua LaBaer
https://openalex.org/W4379508158,Comparative Analysis of Antimicrobial Antibodies between Mild and Severe COVID-19,Comparative Analysis of Antimicrobial Antibodies between Mild and Severe COVID-19,,"The clinical presentations of COVID-19 range from asymptomatic to critical illness that may lead to intensive care or even death. The health of the immune system, as partially shaped by past infections or vaccinations, is critical to control and resolve the infection.",https://doi.org/10.1128/spectrum.04690-22,2023-06-06,2023,0.37134082,2,,,article,TRUE,TRUE,gold,https://doi.org/10.1128/spectrum.04690-22,FALSE,Microbiology Spectrum,https://openalex.org/S2764766708,2165-0497,https://openalex.org/P4310320263,American Society for Microbiology,https://doi.org/10.1128/spectrum.04690-22,NA,cc-by,publishedVersion,,47,,,,,FALSE,FALSE,en,,e0469022,e0469022,11,4,Yunro Chung,Joshua LaBaer
https://openalex.org/W4403869877,Multiplexed Methylated DNA Immunoprecipitation Sequencing (Mx-MeDIP-Seq) to Study DNA Methylation Using Low Amounts of DNA,Multiplexed Methylated DNA Immunoprecipitation Sequencing (Mx-MeDIP-Seq) to Study DNA Methylation Using Low Amounts of DNA,,"Background/Objectives: DNA methylation is a key epigenetic mark involved in regulating gene expression. Aberrant DNA methylation contributes to various human diseases, including cancer, autoimmune disorders, atherosclerosis, and cardiovascular diseases. While whole-genome bisulfite sequencing and methylated DNA immunoprecipitation (MeDIP) are standard techniques for studying DNA methylation, they are typically limited to a few samples per run, making them expensive and low-throughput. Therefore, an automation-friendly method is needed to increase throughput and reduce costs without compromising data quality. Methods and Results: We developed a novel method called Multiplexed Methylated DNA Immunoprecipitation Sequencing (Mx-MeDIP-Seq), which can be used to analyze many DNA samples in parallel, requiring only small amounts of input DNA. In this method, 10 different DNA samples were fragmented, purified, barcoded, and pooled prior to immunoprecipitation. In a head-to-head comparison, we observed a 99% correlation between MeDIP-Seq performed individually or combined as Mx-MeDIP-Seq. Moreover, multiplexed MeDIP led to more than 95% normalized percent recovery and a 25-fold enrichment ratio by qPCR, like the enrichment of the conventional method. This technique was successfully performed with as little as 25 ng of DNA, equivalent to 3400 to 6200 cells. Up to 10 different samples were processed simultaneously in a single run. Overall, the Mx-MeDIP-Seq method is cost-effective with faster processing to analyze DNA methylome, making this technique more suitable for high-throughput DNA methylome analysis. Conclusions: Mx-MeDIP-Seq is a cost-effective and efficient method for high-throughput DNA methylation analysis, offering faster processing and reduced sample requirements. This technique makes DNA methylome analysis more accessible for large-scale studies.",https://doi.org/10.3390/dna4040028,2024-10-29,2024,0.48024723,1,,,article,TRUE,TRUE,diamond,https://www.mdpi.com/2673-8856/4/4/28/pdf?version=1730184755,FALSE,DNA,https://openalex.org/S4210187882,2673-8856,NA,NA,https://doi.org/10.3390/dna4040028,https://www.mdpi.com/2673-8856/4/4/28/pdf?version=1730184755,cc-by,publishedVersion,,89,,,,,FALSE,FALSE,en,,397,416,4,4,Yunro Chung,Joshua LaBaer
https://openalex.org/W4389478651,Quantitative assessment of multiple pathogen exposure and immune dynamics at scale,Quantitative assessment of multiple pathogen exposure and immune dynamics at scale,,"ABSTRACT Serological responses reveal recent and historical exposure to pathogens, as well as the state of autoimmune and other chronic conditions, including cancer. Serological tests either assess one or a few antigens in many people, or multiple antigens for modest sample sizes. Here, we describe a multiplexed serology method that evaluates samples at the scale of thousands. This molecular epidemiology tool operates at a population scale sufficient to evaluate broadly how various infectious exposures or autoimmune responses affect health. The method employs full-length folded proteins, is quantitative over a wide dynamic range, and performs favorably compared with commercial clinical assays [severe acute respiratory syndrome coronavirus 2 chemiluminescent IgG II assay (Beckman) and Platelia SARS-CoV-2 total Ab enzyme-linked immunosorbent assay (Bio-Rad, California, USA)]. Responses to 39 bacteria species/strains and 99 viruses in 2,400 people were evaluated. Subjects with longitudinal data showed quantitative stability of response to all antigens over the 6-month time window, enabling the detection of intervening clinical events. We expect this highly adaptable method will find broad application in immune profile tracking. IMPORTANCE Serology reveals exposure to pathogens, as well as the state of autoimmune and other clinical conditions. It is used to evaluate individuals and their histories and as a public health tool to track epidemics. Employing a variety of formats, studies nearly always perform serology by testing response to only one or a few antigens. However, clinical outcomes of new infections also depend on which previous infections may have occurred. We developed a high-throughput serology method that evaluates responses to hundreds of antigens simultaneously. It can be used to evaluate thousands of samples at a time and provide a quantitative readout. This tool will enable doctors to monitor which pathogens an individual has been exposed to and how that changes in the future. Moreover, public health officials could track populations and look for infectious trends among large populations. Testing many potential antigens at a time may also aid in vaccine development.",https://doi.org/10.1128/spectrum.02399-23,2023-12-08,2023,0.28167466,1,,,article,TRUE,TRUE,gold,http://dx.doi.org/10.1128/spectrum.02399-23,FALSE,Microbiology Spectrum,https://openalex.org/S2764766708,2165-0497,https://openalex.org/P4310320263,American Society for Microbiology,http://dx.doi.org/10.1128/spectrum.02399-23,NA,cc-by,publishedVersion,,36,,,,,FALSE,FALSE,en,,e0239923,e0239923,12,1,Yunro Chung,Joshua LaBaer
https://openalex.org/W4315489835,Multiplexed Methylated DNA Immunoprecipitation Sequencing (Mx-MeDIP-Seq) to Study DNA Methylation Using Low Amounts of DNA,Multiplexed Methylated DNA Immunoprecipitation Sequencing (Mx-MeDIP-Seq) to Study DNA Methylation Using Low Amounts of DNA,,"Abstract DNA methylation is an epigenetic mark that has a crucial role in regulating gene expression. Aberrant DNA methylation results in severe diseases in humans, such as cancer, autoimmune disease, atherosclerosis, and cardiovascular diseases. Whole-genome bisulfite sequencing and methylated DNA immunoprecipitation are available to study DNA methylation changes, but they are typically used on a few samples at a time. Here, we developed a novel method called Multiplexed Methylated DNA Immunoprecipitation Sequencing (Mx-MeDIP-Seq), that can be used to analyze many DNA samples in parallel, requiring only small amounts of input DNA. In this method, 10 different DNA samples were fragmented, purified, barcoded, and pooled prior to immunoprecipitation. In a head-to-head comparison, we observed 99% correlation between MeDIP-Seq performed individually or combined as Mx-MeDIP-Seq. Moreover, multiplexed MeDIP led to more than 95% normalized percent recovery and a 25-fold enrichment ratio by qPCR, like the enrichment of the conventional method. This technique was successfully performed with as little as 25 ng of DNA, equivalent to 3400 to 6200 cells. Up to 10 different samples were processed simultaneously in a single run. Overall, the Mx-MeDIP-Seq method is cost-effective with faster processing to analyze DNA methylome, making this technique more suitable for high-throughput DNA methylome analysis.",https://doi.org/10.1101/2023.01.09.523163,2023-01-10,2023,NA,1,,,preprint,TRUE,TRUE,gold,https://www.biorxiv.org/content/biorxiv/early/2023/01/10/2023.01.09.523163.full.pdf,FALSE,NA,NA,NA,NA,NA,https://doi.org/10.1101/2023.01.09.523163,https://www.biorxiv.org/content/biorxiv/early/2023/01/10/2023.01.09.523163.full.pdf,cc-by-nd,acceptedVersion,,75,,,,,FALSE,FALSE,en,,NA,NA,NA,NA,Yunro Chung,Joshua LaBaer
https://openalex.org/W4386293049,Estimating seroprevalence of SARS-CoV-2 infection after a highly contagious Omicron outbreak: A cross sectional study in a university setting,Estimating seroprevalence of SARS-CoV-2 infection after a highly contagious Omicron outbreak: A cross sectional study in a university setting,,"Abstract Objective This study aimed to investigate the seroprevalence of severe acute respiratory syndrome-coronavirus-2 (SARS-CoV-2) antibodies among individuals aged 18 years and older Design Prospective cohort study. Settings Population-based study was conducted within the Arizona State University (ASU) community. Participants The study recruited 1,397 adult participants that volunteered over a period of three days (March 1-March 3 of 2022). Primary outcome measures Seroprevalence was conducted in the community to assess the presence of SARS-CoV-2-specific antibodies resulting from previous exposure to SARS-CoV-2 and/or vaccination. Results The seroprevalence of anti-receptor binding domain (RBD) antibodies was found to be 96.3% using a semi-quantitative chemiluminescent immunoassay and 98% using an electrochemiluminescent immunoassay. For anti-nucleocapsid (NC) antibodies, the seroprevalence was 39.1% by an ELISA assay and 41.4% by an electrochemiluminescent immunoassay. Individuals that experienced breakthrough infections exhibited the highest levels of anti-RBD antibodies. Additionally, saliva samples showed promise as a potential diagnostic biofluid for measuring antibody levels, as they exhibited a strong correlation with the data obtained from serum samples. Conclusion Accurate estimation of population-based serosurveillance for SARS-CoV- 2 will monitor the trend of infection in the community and delineate the geographical spread of the infection. Cumulative incidence of SARS-CoV-2 infection during and after outbreaks is crucial for informing the development of effective risk mitigation protocols within the community. Protocols may include measures such as encouraging booster shots, extending mask mandates, or transitioning to online classes. Serosurveys repeated at regular intervals can also guide containment measures in communities and prompt response to future outbreaks. Strengths and limitations of this study We simultaneously investigated active infection and seroprevalence for the university population. Our study was strengthened by having the participants’ self-report data independently validated with diagnostic tests. Saliva samples could be a potential diagnostic biofluid for measuring antibody levels. Our study was performed within the university setting therefore it only reflects the COVID-19 situation within that community. The number of breakthrough infections and the longitudinal samples were small, thus requiring confirmation.",https://doi.org/10.1101/2023.08.29.23293775,2023-08-29,2023,NA,1,,,preprint,TRUE,TRUE,gold,https://www.medrxiv.org/content/medrxiv/early/2023/08/29/2023.08.29.23293775.full.pdf,FALSE,NA,NA,NA,NA,NA,https://doi.org/10.1101/2023.08.29.23293775,https://www.medrxiv.org/content/medrxiv/early/2023/08/29/2023.08.29.23293775.full.pdf,cc-by,acceptedVersion,,34,,,,,FALSE,FALSE,en,,NA,NA,NA,NA,Yunro Chung,Joshua LaBaer
https://openalex.org/W4319337544,Serosurvey of SARS-COV-2 at a large public university,Serosurvey of SARS-COV-2 at a large public university,,"Abstract Arizona State University (ASU) is one the largest universities in the United States, with more than 79,000 students attending in-person classes. We conducted a seroprevalence study from September 13-17, 2021 to estimate the number of people in our community with SARS-CoV-2-specific antibodies due to previous exposure to SARS-CoV-2 and/or vaccination. Participants provided their age, gender, race, status (student or employee), and general COVID-19 health-related information like previous exposure and vaccination status. The seroprevalence of the anti-receptor binding domain (RBD) antibody was 90% by a lateral flow assay and 88% by a semi-quantitative chemiluminescent immunoassay. The seroprevalence for anti-nucleocapsid (NC) was 20%. In addition, individuals with previous natural COVID infection plus vaccination had higher anti-RBD antibody levels compared to those who had vaccination only or infection only. Individuals who had a breakthrough infection had the highest anti-RBD antibody levels. Accurate estimates of the cumulative incidence of SARS-CoV-2 infection can inform the development of university risk mitigation protocols such as encouraging booster shots, extending mask mandates, or reverting to online classes. It could help us to have clear guidance to take action at the first sign of the next surge as well, especially since there is a surge of COVID subvariant infections.",https://doi.org/10.1101/2023.02.05.23285494,2023-02-07,2023,NA,0,,,preprint,TRUE,TRUE,gold,https://www.medrxiv.org/content/medrxiv/early/2023/02/07/2023.02.05.23285494.full.pdf,FALSE,NA,NA,NA,NA,NA,http://dx.doi.org/10.1101/2023.02.05.23285494,https://www.medrxiv.org/content/medrxiv/early/2023/02/07/2023.02.05.23285494.full.pdf,cc-by,acceptedVersion,,27,,,,,FALSE,FALSE,en,,NA,NA,NA,NA,Yunro Chung,Joshua LaBaer
https://openalex.org/W4362479146,Supplementary Table S3 from Comparative Microbiomics Analysis of Antimicrobial Antibody Response between Patients with Lung Cancer and Control Subjects with Benign Pulmonary Nodules,Supplementary Table S3 from Comparative Microbiomics Analysis of Antimicrobial Antibody Response between Patients with Lung Cancer and Control Subjects with Benign Pulmonary Nodules,,Supplementary Table S3 from Comparative Microbiomics Analysis of Antimicrobial Antibody Response between Patients with Lung Cancer and Control Subjects with Benign Pulmonary Nodules,https://doi.org/10.1158/1055-9965.22494888.v1,2023-04-03,2023,0,0,,,supplementary-materials,TRUE,TRUE,gold,https://aacr.figshare.com/articles/journal_contribution/Supplementary_Table_S3_from_Comparative_Microbiomics_Analysis_of_Antimicrobial_Antibody_Response_between_Patients_with_Lung_Cancer_and_Control_Subjects_with_Benign_Pulmonary_Nodules/22494888/1/files/39951951.pdf,FALSE,NA,NA,NA,NA,NA,https://doi.org/10.1158/1055-9965.22494888.v1,https://aacr.figshare.com/articles/journal_contribution/Supplementary_Table_S3_from_Comparative_Microbiomics_Analysis_of_Antimicrobial_Antibody_Response_between_Patients_with_Lung_Cancer_and_Control_Subjects_with_Benign_Pulmonary_Nodules/22494888/1/files/39951951.pdf,cc-by,acceptedVersion,,0,,,,,FALSE,FALSE,en,,NA,NA,NA,NA,Yunro Chung,Joshua LaBaer
https://openalex.org/W4362479236,Supplementary Table S4 from Comparative Microbiomics Analysis of Antimicrobial Antibody Response between Patients with Lung Cancer and Control Subjects with Benign Pulmonary Nodules,Supplementary Table S4 from Comparative Microbiomics Analysis of Antimicrobial Antibody Response between Patients with Lung Cancer and Control Subjects with Benign Pulmonary Nodules,,Supplementary Table S4 from Comparative Microbiomics Analysis of Antimicrobial Antibody Response between Patients with Lung Cancer and Control Subjects with Benign Pulmonary Nodules,https://doi.org/10.1158/1055-9965.22494885.v1,2023-04-03,2023,0,0,,,supplementary-materials,TRUE,TRUE,gold,https://aacr.figshare.com/articles/journal_contribution/Supplementary_Table_S4_from_Comparative_Microbiomics_Analysis_of_Antimicrobial_Antibody_Response_between_Patients_with_Lung_Cancer_and_Control_Subjects_with_Benign_Pulmonary_Nodules/22494885/1/files/39951948.pdf,FALSE,NA,NA,NA,NA,NA,http://dx.doi.org/10.1158/1055-9965.22494885.v1,https://aacr.figshare.com/articles/journal_contribution/Supplementary_Table_S4_from_Comparative_Microbiomics_Analysis_of_Antimicrobial_Antibody_Response_between_Patients_with_Lung_Cancer_and_Control_Subjects_with_Benign_Pulmonary_Nodules/22494885/1/files/39951948.pdf,cc-by,acceptedVersion,,0,,,,,FALSE,FALSE,en,,NA,NA,NA,NA,Yunro Chung,Joshua LaBaer
https://openalex.org/W4362479520,Supplementary Figure S4 from Comparative Microbiomics Analysis of Antimicrobial Antibody Response between Patients with Lung Cancer and Control Subjects with Benign Pulmonary Nodules,Supplementary Figure S4 from Comparative Microbiomics Analysis of Antimicrobial Antibody Response between Patients with Lung Cancer and Control Subjects with Benign Pulmonary Nodules,,Supplementary Figure S4 from Comparative Microbiomics Analysis of Antimicrobial Antibody Response between Patients with Lung Cancer and Control Subjects with Benign Pulmonary Nodules,https://doi.org/10.1158/1055-9965.22494897,2023-04-03,2023,0,0,,,preprint,TRUE,TRUE,gold,https://doi.org/10.1158/1055-9965.22494897,FALSE,NA,NA,NA,NA,NA,https://doi.org/10.1158/1055-9965.22494897,NA,cc-by,acceptedVersion,,0,,,,,FALSE,FALSE,en,,NA,NA,NA,NA,Yunro Chung,Joshua LaBaer
https://openalex.org/W4362479557,Supplementary Table S1 from Comparative Microbiomics Analysis of Antimicrobial Antibody Response between Patients with Lung Cancer and Control Subjects with Benign Pulmonary Nodules,Supplementary Table S1 from Comparative Microbiomics Analysis of Antimicrobial Antibody Response between Patients with Lung Cancer and Control Subjects with Benign Pulmonary Nodules,,Supplementary Table S1 from Comparative Microbiomics Analysis of Antimicrobial Antibody Response between Patients with Lung Cancer and Control Subjects with Benign Pulmonary Nodules,https://doi.org/10.1158/1055-9965.22494894,2023-04-03,2023,0,0,,,supplementary-materials,TRUE,TRUE,gold,http://dx.doi.org/10.1158/1055-9965.22494894,FALSE,NA,NA,NA,NA,NA,http://dx.doi.org/10.1158/1055-9965.22494894,NA,cc-by,acceptedVersion,,0,,,,,FALSE,FALSE,en,,NA,NA,NA,NA,Yunro Chung,Joshua LaBaer
https://openalex.org/W4362479564,Supplementary Table S2 from Comparative Microbiomics Analysis of Antimicrobial Antibody Response between Patients with Lung Cancer and Control Subjects with Benign Pulmonary Nodules,Supplementary Table S2 from Comparative Microbiomics Analysis of Antimicrobial Antibody Response between Patients with Lung Cancer and Control Subjects with Benign Pulmonary Nodules,,Supplementary Table S2 from Comparative Microbiomics Analysis of Antimicrobial Antibody Response between Patients with Lung Cancer and Control Subjects with Benign Pulmonary Nodules,https://doi.org/10.1158/1055-9965.22494891,2023-04-03,2023,0,0,,,supplementary-materials,TRUE,TRUE,gold,https://aacr.figshare.com/articles/journal_contribution/Supplementary_Table_S2_from_Comparative_Microbiomics_Analysis_of_Antimicrobial_Antibody_Response_between_Patients_with_Lung_Cancer_and_Control_Subjects_with_Benign_Pulmonary_Nodules/22494891/1/files/39951954.pdf,FALSE,NA,NA,NA,NA,NA,https://doi.org/10.1158/1055-9965.22494891,https://aacr.figshare.com/articles/journal_contribution/Supplementary_Table_S2_from_Comparative_Microbiomics_Analysis_of_Antimicrobial_Antibody_Response_between_Patients_with_Lung_Cancer_and_Control_Subjects_with_Benign_Pulmonary_Nodules/22494891/1/files/39951954.pdf,cc-by,acceptedVersion,,0,,,,,FALSE,FALSE,en,,NA,NA,NA,NA,Yunro Chung,Joshua LaBaer
https://openalex.org/W4362479894,Supplementary Figure S3 from Comparative Microbiomics Analysis of Antimicrobial Antibody Response between Patients with Lung Cancer and Control Subjects with Benign Pulmonary Nodules,Supplementary Figure S3 from Comparative Microbiomics Analysis of Antimicrobial Antibody Response between Patients with Lung Cancer and Control Subjects with Benign Pulmonary Nodules,,Supplementary Figure S3 from Comparative Microbiomics Analysis of Antimicrobial Antibody Response between Patients with Lung Cancer and Control Subjects with Benign Pulmonary Nodules,https://doi.org/10.1158/1055-9965.22494900,2023-04-03,2023,0,0,,,preprint,TRUE,TRUE,gold,http://dx.doi.org/10.1158/1055-9965.22494900,FALSE,NA,NA,NA,NA,NA,http://dx.doi.org/10.1158/1055-9965.22494900,NA,cc-by,acceptedVersion,,0,,,,,FALSE,FALSE,en,,NA,NA,NA,NA,Yunro Chung,Joshua LaBaer
https://openalex.org/W4362479965,Supplementary Figure S2 from Comparative Microbiomics Analysis of Antimicrobial Antibody Response between Patients with Lung Cancer and Control Subjects with Benign Pulmonary Nodules,Supplementary Figure S2 from Comparative Microbiomics Analysis of Antimicrobial Antibody Response between Patients with Lung Cancer and Control Subjects with Benign Pulmonary Nodules,,Supplementary Figure S2 from Comparative Microbiomics Analysis of Antimicrobial Antibody Response between Patients with Lung Cancer and Control Subjects with Benign Pulmonary Nodules,https://doi.org/10.1158/1055-9965.22494903,2023-04-03,2023,0,0,,,preprint,TRUE,TRUE,gold,https://doi.org/10.1158/1055-9965.22494903,FALSE,NA,NA,NA,NA,NA,https://doi.org/10.1158/1055-9965.22494903,NA,cc-by,acceptedVersion,,0,,,,,FALSE,FALSE,en,,NA,NA,NA,NA,Yunro Chung,Joshua LaBaer
https://openalex.org/W4362479981,Data from Comparative Microbiomics Analysis of Antimicrobial Antibody Response between Patients with Lung Cancer and Control Subjects with Benign Pulmonary Nodules,Data from Comparative Microbiomics Analysis of Antimicrobial Antibody Response between Patients with Lung Cancer and Control Subjects with Benign Pulmonary Nodules,,"&lt;div&gt;AbstractBackground:&lt;p&gt;CT screening can detect lung cancer early but suffers a high false-positive rate. There is a need for molecular biomarkers that can distinguish malignant and benign indeterminate pulmonary nodules (IPN) detected by CT scan.&lt;/p&gt;Methods:&lt;p&gt;We profiled antibodies against 901 individual microbial antigens from 27 bacteria and 29 viruses in sera from 127 lung adenocarcinoma (ADC), 123 smoker controls (SMC), 170 benign nodule controls (BNC) individuals using protein microarrays to identify ADC and BNC specific antimicrobial antibodies.&lt;/p&gt;Results:&lt;p&gt;Analyzing fourth quartile ORs, we found more antibodies with higher prevalence in the three BNC subgroups than in ADC or SMC. We demonstrated that significantly more anti-&lt;i&gt;Helicobacter pylori&lt;/i&gt; antibodies showed higher prevalence in ADC relative to SMC. We performed subgroup analysis and found that more antibodies with higher prevalence in light smokers (≤20 pack-years) compared with heavy smokers (&gt;20 pack-years), in BNC with nodule size &gt;1 cm than in those with ≤1 cm nodules, and in stage I ADC than in stage II and III ADC. We performed multivariate analysis and constructed antibody panels that can distinguish ADC versus SMC and ADC versus BNC with area under the ROC curve (AUC) of 0.88 and 0.80, respectively.&lt;/p&gt;Conclusions:&lt;p&gt;Antimicrobial antibodies have the potential to reduce the false positive rate of CT screening and provide interesting insight in lung cancer development.&lt;/p&gt;Impact:&lt;p&gt;Microbial infection plays an important role in lung cancer development and the formation of benign pulmonary nodules.&lt;/p&gt;&lt;/div&gt;",https://doi.org/10.1158/1055-9965.c.6534663.v1,2023-04-03,2023,0,0,,,preprint,TRUE,TRUE,gold,https://doi.org/10.1158/1055-9965.c.6534663.v1,FALSE,NA,NA,NA,NA,NA,https://doi.org/10.1158/1055-9965.c.6534663.v1,NA,cc-by,acceptedVersion,,0,,,,,FALSE,FALSE,en,,NA,NA,NA,NA,Yunro Chung,Joshua LaBaer
https://openalex.org/W4362480045,Supplementary Figure S1 from Comparative Microbiomics Analysis of Antimicrobial Antibody Response between Patients with Lung Cancer and Control Subjects with Benign Pulmonary Nodules,Supplementary Figure S1 from Comparative Microbiomics Analysis of Antimicrobial Antibody Response between Patients with Lung Cancer and Control Subjects with Benign Pulmonary Nodules,,Supplementary Figure S1 from Comparative Microbiomics Analysis of Antimicrobial Antibody Response between Patients with Lung Cancer and Control Subjects with Benign Pulmonary Nodules,https://doi.org/10.1158/1055-9965.22494906,2023-04-03,2023,0,0,,,preprint,TRUE,TRUE,gold,http://dx.doi.org/10.1158/1055-9965.22494906,FALSE,NA,NA,NA,NA,NA,http://dx.doi.org/10.1158/1055-9965.22494906,NA,cc-by,acceptedVersion,,0,,,,,FALSE,FALSE,en,,NA,NA,NA,NA,Yunro Chung,Joshua LaBaer
https://openalex.org/W4362495677,Supplementary Table S2 from Comparative Microbiomics Analysis of Antimicrobial Antibody Response between Patients with Lung Cancer and Control Subjects with Benign Pulmonary Nodules,Supplementary Table S2 from Comparative Microbiomics Analysis of Antimicrobial Antibody Response between Patients with Lung Cancer and Control Subjects with Benign Pulmonary Nodules,,Supplementary Table S2 from Comparative Microbiomics Analysis of Antimicrobial Antibody Response between Patients with Lung Cancer and Control Subjects with Benign Pulmonary Nodules,https://doi.org/10.1158/1055-9965.22494891.v1,2023-04-03,2023,0,0,,,supplementary-materials,TRUE,TRUE,gold,http://dx.doi.org/10.1158/1055-9965.22494891.v1,FALSE,NA,NA,NA,NA,NA,http://dx.doi.org/10.1158/1055-9965.22494891.v1,NA,cc-by,acceptedVersion,,0,,,,,FALSE,FALSE,en,,NA,NA,NA,NA,Yunro Chung,Joshua LaBaer
https://openalex.org/W4362495679,Supplementary Table S1 from Comparative Microbiomics Analysis of Antimicrobial Antibody Response between Patients with Lung Cancer and Control Subjects with Benign Pulmonary Nodules,Supplementary Table S1 from Comparative Microbiomics Analysis of Antimicrobial Antibody Response between Patients with Lung Cancer and Control Subjects with Benign Pulmonary Nodules,,Supplementary Table S1 from Comparative Microbiomics Analysis of Antimicrobial Antibody Response between Patients with Lung Cancer and Control Subjects with Benign Pulmonary Nodules,https://doi.org/10.1158/1055-9965.22494894.v1,2023-04-03,2023,0,0,,,supplementary-materials,TRUE,TRUE,gold,https://aacr.figshare.com/articles/journal_contribution/Supplementary_Table_S1_from_Comparative_Microbiomics_Analysis_of_Antimicrobial_Antibody_Response_between_Patients_with_Lung_Cancer_and_Control_Subjects_with_Benign_Pulmonary_Nodules/22494894/1/files/39951957.pdf,FALSE,NA,NA,NA,NA,NA,https://doi.org/10.1158/1055-9965.22494894.v1,https://aacr.figshare.com/articles/journal_contribution/Supplementary_Table_S1_from_Comparative_Microbiomics_Analysis_of_Antimicrobial_Antibody_Response_between_Patients_with_Lung_Cancer_and_Control_Subjects_with_Benign_Pulmonary_Nodules/22494894/1/files/39951957.pdf,cc-by,acceptedVersion,,0,,,,,FALSE,FALSE,en,,NA,NA,NA,NA,Yunro Chung,Joshua LaBaer
https://openalex.org/W4362495680,Supplementary Figure S3 from Comparative Microbiomics Analysis of Antimicrobial Antibody Response between Patients with Lung Cancer and Control Subjects with Benign Pulmonary Nodules,Supplementary Figure S3 from Comparative Microbiomics Analysis of Antimicrobial Antibody Response between Patients with Lung Cancer and Control Subjects with Benign Pulmonary Nodules,,Supplementary Figure S3 from Comparative Microbiomics Analysis of Antimicrobial Antibody Response between Patients with Lung Cancer and Control Subjects with Benign Pulmonary Nodules,https://doi.org/10.1158/1055-9965.22494900.v1,2023-04-03,2023,0,0,,,preprint,TRUE,TRUE,gold,http://dx.doi.org/10.1158/1055-9965.22494900.v1,FALSE,NA,NA,NA,NA,NA,http://dx.doi.org/10.1158/1055-9965.22494900.v1,NA,cc-by,acceptedVersion,,0,,,,,FALSE,FALSE,en,,NA,NA,NA,NA,Yunro Chung,Joshua LaBaer
https://openalex.org/W4362495681,Supplementary Figure S4 from Comparative Microbiomics Analysis of Antimicrobial Antibody Response between Patients with Lung Cancer and Control Subjects with Benign Pulmonary Nodules,Supplementary Figure S4 from Comparative Microbiomics Analysis of Antimicrobial Antibody Response between Patients with Lung Cancer and Control Subjects with Benign Pulmonary Nodules,,Supplementary Figure S4 from Comparative Microbiomics Analysis of Antimicrobial Antibody Response between Patients with Lung Cancer and Control Subjects with Benign Pulmonary Nodules,https://doi.org/10.1158/1055-9965.22494897.v1,2023-04-03,2023,0,0,,,preprint,TRUE,TRUE,gold,https://doi.org/10.1158/1055-9965.22494897.v1,FALSE,NA,NA,NA,NA,NA,https://doi.org/10.1158/1055-9965.22494897.v1,NA,cc-by,acceptedVersion,,0,,,,,FALSE,FALSE,en,,NA,NA,NA,NA,Yunro Chung,Joshua LaBaer
https://openalex.org/W4362495707,Data from Comparative Microbiomics Analysis of Antimicrobial Antibody Response between Patients with Lung Cancer and Control Subjects with Benign Pulmonary Nodules,Data from Comparative Microbiomics Analysis of Antimicrobial Antibody Response between Patients with Lung Cancer and Control Subjects with Benign Pulmonary Nodules,,"&lt;div&gt;AbstractBackground:&lt;p&gt;CT screening can detect lung cancer early but suffers a high false-positive rate. There is a need for molecular biomarkers that can distinguish malignant and benign indeterminate pulmonary nodules (IPN) detected by CT scan.&lt;/p&gt;Methods:&lt;p&gt;We profiled antibodies against 901 individual microbial antigens from 27 bacteria and 29 viruses in sera from 127 lung adenocarcinoma (ADC), 123 smoker controls (SMC), 170 benign nodule controls (BNC) individuals using protein microarrays to identify ADC and BNC specific antimicrobial antibodies.&lt;/p&gt;Results:&lt;p&gt;Analyzing fourth quartile ORs, we found more antibodies with higher prevalence in the three BNC subgroups than in ADC or SMC. We demonstrated that significantly more anti-&lt;i&gt;Helicobacter pylori&lt;/i&gt; antibodies showed higher prevalence in ADC relative to SMC. We performed subgroup analysis and found that more antibodies with higher prevalence in light smokers (≤20 pack-years) compared with heavy smokers (&gt;20 pack-years), in BNC with nodule size &gt;1 cm than in those with ≤1 cm nodules, and in stage I ADC than in stage II and III ADC. We performed multivariate analysis and constructed antibody panels that can distinguish ADC versus SMC and ADC versus BNC with area under the ROC curve (AUC) of 0.88 and 0.80, respectively.&lt;/p&gt;Conclusions:&lt;p&gt;Antimicrobial antibodies have the potential to reduce the false positive rate of CT screening and provide interesting insight in lung cancer development.&lt;/p&gt;Impact:&lt;p&gt;Microbial infection plays an important role in lung cancer development and the formation of benign pulmonary nodules.&lt;/p&gt;&lt;/div&gt;",https://doi.org/10.1158/1055-9965.c.6534663,2023-04-03,2023,0,0,,,preprint,TRUE,TRUE,gold,https://doi.org/10.1158/1055-9965.c.6534663,FALSE,NA,NA,NA,NA,NA,https://doi.org/10.1158/1055-9965.c.6534663,NA,cc-by,acceptedVersion,,0,,,,,FALSE,FALSE,en,,NA,NA,NA,NA,Yunro Chung,Joshua LaBaer
https://openalex.org/W4362495729,Supplementary Table S4 from Comparative Microbiomics Analysis of Antimicrobial Antibody Response between Patients with Lung Cancer and Control Subjects with Benign Pulmonary Nodules,Supplementary Table S4 from Comparative Microbiomics Analysis of Antimicrobial Antibody Response between Patients with Lung Cancer and Control Subjects with Benign Pulmonary Nodules,,Supplementary Table S4 from Comparative Microbiomics Analysis of Antimicrobial Antibody Response between Patients with Lung Cancer and Control Subjects with Benign Pulmonary Nodules,https://doi.org/10.1158/1055-9965.22494885,2023-04-03,2023,0,0,,,supplementary-materials,TRUE,TRUE,gold,http://dx.doi.org/10.1158/1055-9965.22494885,FALSE,NA,NA,NA,NA,NA,http://dx.doi.org/10.1158/1055-9965.22494885,NA,cc-by,acceptedVersion,,0,,,,,FALSE,FALSE,en,,NA,NA,NA,NA,Yunro Chung,Joshua LaBaer
https://openalex.org/W4362495743,Supplementary Table S3 from Comparative Microbiomics Analysis of Antimicrobial Antibody Response between Patients with Lung Cancer and Control Subjects with Benign Pulmonary Nodules,Supplementary Table S3 from Comparative Microbiomics Analysis of Antimicrobial Antibody Response between Patients with Lung Cancer and Control Subjects with Benign Pulmonary Nodules,,Supplementary Table S3 from Comparative Microbiomics Analysis of Antimicrobial Antibody Response between Patients with Lung Cancer and Control Subjects with Benign Pulmonary Nodules,https://doi.org/10.1158/1055-9965.22494888,2023-04-03,2023,0,0,,,supplementary-materials,TRUE,TRUE,gold,https://doi.org/10.1158/1055-9965.22494888,FALSE,NA,NA,NA,NA,NA,https://doi.org/10.1158/1055-9965.22494888,NA,cc-by,acceptedVersion,,0,,,,,FALSE,FALSE,en,,NA,NA,NA,NA,Yunro Chung,Joshua LaBaer
https://openalex.org/W4362514958,Supplementary Figure S1 from Comparative Microbiomics Analysis of Antimicrobial Antibody Response between Patients with Lung Cancer and Control Subjects with Benign Pulmonary Nodules,Supplementary Figure S1 from Comparative Microbiomics Analysis of Antimicrobial Antibody Response between Patients with Lung Cancer and Control Subjects with Benign Pulmonary Nodules,,Supplementary Figure S1 from Comparative Microbiomics Analysis of Antimicrobial Antibody Response between Patients with Lung Cancer and Control Subjects with Benign Pulmonary Nodules,https://doi.org/10.1158/1055-9965.22494906.v1,2023-04-03,2023,0,0,,,preprint,TRUE,TRUE,gold,https://doi.org/10.1158/1055-9965.22494906.v1,FALSE,NA,NA,NA,NA,NA,https://doi.org/10.1158/1055-9965.22494906.v1,NA,cc-by,acceptedVersion,,0,,,,,FALSE,FALSE,en,,NA,NA,NA,NA,Yunro Chung,Joshua LaBaer
https://openalex.org/W4362514959,Supplementary Figure S2 from Comparative Microbiomics Analysis of Antimicrobial Antibody Response between Patients with Lung Cancer and Control Subjects with Benign Pulmonary Nodules,Supplementary Figure S2 from Comparative Microbiomics Analysis of Antimicrobial Antibody Response between Patients with Lung Cancer and Control Subjects with Benign Pulmonary Nodules,,Supplementary Figure S2 from Comparative Microbiomics Analysis of Antimicrobial Antibody Response between Patients with Lung Cancer and Control Subjects with Benign Pulmonary Nodules,https://doi.org/10.1158/1055-9965.22494903.v1,2023-04-03,2023,0,0,,,preprint,TRUE,TRUE,gold,https://doi.org/10.1158/1055-9965.22494903.v1,FALSE,NA,NA,NA,NA,NA,https://doi.org/10.1158/1055-9965.22494903.v1,NA,cc-by,acceptedVersion,,0,,,,,FALSE,FALSE,en,,NA,NA,NA,NA,Yunro Chung,Joshua LaBaer
https://openalex.org/W4404867101,Tracking Immunity: Increased number of COVID-19 boosters increases the longevity of anti-RBD and anti-RBD neutralizing antibodies,Tracking Immunity: Increased number of COVID-19 boosters increases the longevity of anti-RBD and anti-RBD neutralizing antibodies,,"Abstract Background/Objectives Since the World Health Organization declared COVID-19 a pandemic in March 2020, the virus has caused multiple waves of infection globally. Arizona State University (ASU), the largest four-year university in the United States, offers a uniquely diverse setting for assessing immunity within a large community. This study aimed to evaluate SARS-CoV-2 antibody seroprevalence and the effects of infection and vaccination three years into the pandemic. Methods A serosurvey was conducted at ASU from January 30 to February 3, 2023. Participants completed questionnaires about demographics, respiratory infection history, symptoms, and COVID-19 vaccination status. Blood samples were analyzed for anti-receptor binding domain (RBD) IgG and anti-nucleocapsid (NC) antibodies, offering a comprehensive view of immunity from both natural infection and vaccination. Results The seroprevalence of anti-RBD IgG antibodies was 96.2% (95% CI: 94.8%-97.2%), and 64.9% (95% CI: 61.9%-67.8%) of participants had anti-NC antibodies. Anti-RBD IgG levels correlated strongly with neutralizing antibody levels, and participants who received more vaccine doses showed higher levels of both anti-RBD IgG and neutralizing antibodies. Increasing number of exposures through vaccination and/or infection resulted in higher and long-lasting antibodies. Conclusion The high levels of anti-RBD antibodies observed reflect substantial vaccine uptake within this population. Ongoing vaccination efforts, especially as new variants emerge, are essential to maintaining protective antibody levels. These findings underscore the importance of sustained public health initiatives to support broad-based immunity and protection.",https://doi.org/10.1101/2024.11.25.24317883,2024-11-28,2024,NA,0,,,preprint,TRUE,TRUE,gold,https://www.medrxiv.org/content/medrxiv/early/2024/11/28/2024.11.25.24317883.full.pdf,FALSE,NA,NA,NA,NA,NA,https://doi.org/10.1101/2024.11.25.24317883,https://www.medrxiv.org/content/medrxiv/early/2024/11/28/2024.11.25.24317883.full.pdf,cc-by-nd,acceptedVersion,,23,,,,,FALSE,FALSE,en,,NA,NA,NA,NA,Yunro Chung,Joshua LaBaer
https://openalex.org/W4416694826,Supplementary Table S2 from Comparative Microbiomics Analysis of Antimicrobial Antibody Response between Patients with Lung Cancer and Control Subjects with Benign Pulmonary Nodules,Supplementary Table S2 from Comparative Microbiomics Analysis of Antimicrobial Antibody Response between Patients with Lung Cancer and Control Subjects with Benign Pulmonary Nodules,,Supplementary Table S2 from Comparative Microbiomics Analysis of Antimicrobial Antibody Response between Patients with Lung Cancer and Control Subjects with Benign Pulmonary Nodules,https://doi.org/10.1158/1055-9965.30722986,2025-11-26,2025,NA,0,,,article,TRUE,TRUE,gold,https://aacr.figshare.com/articles/journal_contribution/Supplementary_Table_S2_from_Comparative_Microbiomics_Analysis_of_Antimicrobial_Antibody_Response_between_Patients_with_Lung_Cancer_and_Control_Subjects_with_Benign_Pulmonary_Nodules/30722986/1/files/59869708.pdf,FALSE,NA,NA,NA,NA,NA,https://doi.org/10.1158/1055-9965.30722986,https://aacr.figshare.com/articles/journal_contribution/Supplementary_Table_S2_from_Comparative_Microbiomics_Analysis_of_Antimicrobial_Antibody_Response_between_Patients_with_Lung_Cancer_and_Control_Subjects_with_Benign_Pulmonary_Nodules/30722986/1/files/59869708.pdf,cc-by,acceptedVersion,,0,,,,,FALSE,FALSE,NA,,NA,NA,NA,NA,Yunro Chung,Joshua LaBaer
https://openalex.org/W4416694884,Supplementary Figure S1 from Comparative Microbiomics Analysis of Antimicrobial Antibody Response between Patients with Lung Cancer and Control Subjects with Benign Pulmonary Nodules,Supplementary Figure S1 from Comparative Microbiomics Analysis of Antimicrobial Antibody Response between Patients with Lung Cancer and Control Subjects with Benign Pulmonary Nodules,,Supplementary Figure S1 from Comparative Microbiomics Analysis of Antimicrobial Antibody Response between Patients with Lung Cancer and Control Subjects with Benign Pulmonary Nodules,https://doi.org/10.1158/1055-9965.30723004,2025-11-26,2025,NA,0,,,article,TRUE,TRUE,gold,https://doi.org/10.1158/1055-9965.30723004,FALSE,NA,NA,NA,NA,NA,https://doi.org/10.1158/1055-9965.30723004,NA,cc-by,acceptedVersion,,0,,,,,FALSE,FALSE,NA,,NA,NA,NA,NA,Yunro Chung,Joshua LaBaer
https://openalex.org/W4416694903,Supplementary Table S1 from Comparative Microbiomics Analysis of Antimicrobial Antibody Response between Patients with Lung Cancer and Control Subjects with Benign Pulmonary Nodules,Supplementary Table S1 from Comparative Microbiomics Analysis of Antimicrobial Antibody Response between Patients with Lung Cancer and Control Subjects with Benign Pulmonary Nodules,,Supplementary Table S1 from Comparative Microbiomics Analysis of Antimicrobial Antibody Response between Patients with Lung Cancer and Control Subjects with Benign Pulmonary Nodules,https://doi.org/10.1158/1055-9965.30722989,2025-11-26,2025,NA,0,,,article,TRUE,TRUE,gold,https://aacr.figshare.com/articles/journal_contribution/Supplementary_Table_S1_from_Comparative_Microbiomics_Analysis_of_Antimicrobial_Antibody_Response_between_Patients_with_Lung_Cancer_and_Control_Subjects_with_Benign_Pulmonary_Nodules/30722989/1/files/59869711.pdf,FALSE,NA,NA,NA,NA,NA,https://doi.org/10.1158/1055-9965.30722989,https://aacr.figshare.com/articles/journal_contribution/Supplementary_Table_S1_from_Comparative_Microbiomics_Analysis_of_Antimicrobial_Antibody_Response_between_Patients_with_Lung_Cancer_and_Control_Subjects_with_Benign_Pulmonary_Nodules/30722989/1/files/59869711.pdf,cc-by,acceptedVersion,,0,,,,,FALSE,FALSE,NA,,NA,NA,NA,NA,Yunro Chung,Joshua LaBaer
https://openalex.org/W4416694905,Supplementary Table S3 from Comparative Microbiomics Analysis of Antimicrobial Antibody Response between Patients with Lung Cancer and Control Subjects with Benign Pulmonary Nodules,Supplementary Table S3 from Comparative Microbiomics Analysis of Antimicrobial Antibody Response between Patients with Lung Cancer and Control Subjects with Benign Pulmonary Nodules,,Supplementary Table S3 from Comparative Microbiomics Analysis of Antimicrobial Antibody Response between Patients with Lung Cancer and Control Subjects with Benign Pulmonary Nodules,https://doi.org/10.1158/1055-9965.30722983,2025-11-26,2025,NA,0,,,article,TRUE,TRUE,gold,https://aacr.figshare.com/articles/journal_contribution/Supplementary_Table_S3_from_Comparative_Microbiomics_Analysis_of_Antimicrobial_Antibody_Response_between_Patients_with_Lung_Cancer_and_Control_Subjects_with_Benign_Pulmonary_Nodules/30722983/1/files/59869705.pdf,FALSE,NA,NA,NA,NA,NA,https://doi.org/10.1158/1055-9965.30722983,https://aacr.figshare.com/articles/journal_contribution/Supplementary_Table_S3_from_Comparative_Microbiomics_Analysis_of_Antimicrobial_Antibody_Response_between_Patients_with_Lung_Cancer_and_Control_Subjects_with_Benign_Pulmonary_Nodules/30722983/1/files/59869705.pdf,cc-by,acceptedVersion,,0,,,,,FALSE,FALSE,NA,,NA,NA,NA,NA,Yunro Chung,Joshua LaBaer
https://openalex.org/W4416695021,Supplementary Figure S4 from Comparative Microbiomics Analysis of Antimicrobial Antibody Response between Patients with Lung Cancer and Control Subjects with Benign Pulmonary Nodules,Supplementary Figure S4 from Comparative Microbiomics Analysis of Antimicrobial Antibody Response between Patients with Lung Cancer and Control Subjects with Benign Pulmonary Nodules,,Supplementary Figure S4 from Comparative Microbiomics Analysis of Antimicrobial Antibody Response between Patients with Lung Cancer and Control Subjects with Benign Pulmonary Nodules,https://doi.org/10.1158/1055-9965.30722995,2025-11-26,2025,NA,0,,,article,TRUE,TRUE,gold,https://doi.org/10.1158/1055-9965.30722995,FALSE,NA,NA,NA,NA,NA,https://doi.org/10.1158/1055-9965.30722995,NA,cc-by,acceptedVersion,,0,,,,,FALSE,FALSE,NA,,NA,NA,NA,NA,Yunro Chung,Joshua LaBaer
https://openalex.org/W4416695065,Supplementary Figure S2 from Comparative Microbiomics Analysis of Antimicrobial Antibody Response between Patients with Lung Cancer and Control Subjects with Benign Pulmonary Nodules,Supplementary Figure S2 from Comparative Microbiomics Analysis of Antimicrobial Antibody Response between Patients with Lung Cancer and Control Subjects with Benign Pulmonary Nodules,,Supplementary Figure S2 from Comparative Microbiomics Analysis of Antimicrobial Antibody Response between Patients with Lung Cancer and Control Subjects with Benign Pulmonary Nodules,https://doi.org/10.1158/1055-9965.30723001,2025-11-26,2025,NA,0,,,article,TRUE,TRUE,gold,https://doi.org/10.1158/1055-9965.30723001,FALSE,NA,NA,NA,NA,NA,https://doi.org/10.1158/1055-9965.30723001,NA,cc-by,acceptedVersion,,0,,,,,FALSE,FALSE,NA,,NA,NA,NA,NA,Yunro Chung,Joshua LaBaer
https://openalex.org/W4416695144,Supplementary Table S4 from Comparative Microbiomics Analysis of Antimicrobial Antibody Response between Patients with Lung Cancer and Control Subjects with Benign Pulmonary Nodules,Supplementary Table S4 from Comparative Microbiomics Analysis of Antimicrobial Antibody Response between Patients with Lung Cancer and Control Subjects with Benign Pulmonary Nodules,,Supplementary Table S4 from Comparative Microbiomics Analysis of Antimicrobial Antibody Response between Patients with Lung Cancer and Control Subjects with Benign Pulmonary Nodules,https://doi.org/10.1158/1055-9965.30722977,2025-11-26,2025,NA,0,,,article,TRUE,TRUE,gold,https://aacr.figshare.com/articles/journal_contribution/Supplementary_Table_S4_from_Comparative_Microbiomics_Analysis_of_Antimicrobial_Antibody_Response_between_Patients_with_Lung_Cancer_and_Control_Subjects_with_Benign_Pulmonary_Nodules/30722977/1/files/59869702.pdf,FALSE,NA,NA,NA,NA,NA,https://doi.org/10.1158/1055-9965.30722977,https://aacr.figshare.com/articles/journal_contribution/Supplementary_Table_S4_from_Comparative_Microbiomics_Analysis_of_Antimicrobial_Antibody_Response_between_Patients_with_Lung_Cancer_and_Control_Subjects_with_Benign_Pulmonary_Nodules/30722977/1/files/59869702.pdf,cc-by,acceptedVersion,,0,,,,,FALSE,FALSE,NA,,NA,NA,NA,NA,Yunro Chung,Joshua LaBaer
https://openalex.org/W4416695172,Supplementary Figure S3 from Comparative Microbiomics Analysis of Antimicrobial Antibody Response between Patients with Lung Cancer and Control Subjects with Benign Pulmonary Nodules,Supplementary Figure S3 from Comparative Microbiomics Analysis of Antimicrobial Antibody Response between Patients with Lung Cancer and Control Subjects with Benign Pulmonary Nodules,,Supplementary Figure S3 from Comparative Microbiomics Analysis of Antimicrobial Antibody Response between Patients with Lung Cancer and Control Subjects with Benign Pulmonary Nodules,https://doi.org/10.1158/1055-9965.30722998,2025-11-26,2025,NA,0,,,article,TRUE,TRUE,gold,https://doi.org/10.1158/1055-9965.30722998,FALSE,NA,NA,NA,NA,NA,https://doi.org/10.1158/1055-9965.30722998,NA,cc-by,acceptedVersion,,0,,,,,FALSE,FALSE,NA,,NA,NA,NA,NA,Yunro Chung,Joshua LaBaer
https://openalex.org/W3137146471,School readiness and achievement in early elementary school: Moderation by Students' temperament,School readiness and achievement in early elementary school: Moderation by Students' temperament,,NA,https://doi.org/10.1016/j.appdev.2021.101265,2021-03-18,2021,6.92416737,18,,,article,FALSE,TRUE,green,https://www.ncbi.nlm.nih.gov/pmc/articles/8224832,FALSE,Journal of Applied Developmental Psychology,https://openalex.org/S57892594,0193-3973,https://openalex.org/P4310320990,Elsevier BV,https://doi.org/10.1016/j.appdev.2021.101265,NA,NA,publishedVersion,,84,,,,,FALSE,FALSE,en,,101265,101265,74,NA,Kevin Grimm,Kathryn Lemery‐Chalfant
https://openalex.org/W4285022455,"Does stress predict the development of internalizing symptoms in middle childhood? An examination of additive, mediated, and moderated effects of early family stress, daily interpersonal stress, and physiological stress.","Does stress predict the development of internalizing symptoms in middle childhood? An examination of additive, mediated, and moderated effects of early family stress, daily interpersonal stress, and physiological stress.",,"Early life stress, daily life experiences, and the stress responsive hypothalamic-pituitary-adrenal (HPA) axis have each been examined as predictors of the development of psychopathology. Rarely have researchers attempted to understand the covariation or interaction among these stress domains using a longitudinal design in the prediction of symptoms of internalizing psychopathology, particularly during childhood. This study examined early family stress, daily interpersonal stress, indicators of diurnal cortisol, and internalizing symptoms in a racially/ethnically and socioeconomically diverse sample of twins (<i>N</i> = 970 children; <i>M<sub>age at outcome</sub></i> = 9.73; 52% female; 23.7% Hispanic/Latino, 58.8% White; 30% below middle class; Lemery-Chalfant et al., 2019). An additive model of stress, a stress mediation model, and a stress sensitization framework model each delineated potential pathways linking stress and internalizing symptoms. Supporting additive pathways, multilevel models showed that all 3 stress indicators uniquely predicted internalizing symptoms. There was a significant indirect path from early family stress to 9 year internalizing symptoms through interpersonal stress, supporting stress mediation. Family stress moderated the association between interpersonal stress and internalizing symptoms, though not in the direction that would support stress sensitization. Child stress, including daily interpersonal stress and HPA axis activity, and internalizing symptoms are prevalent and family stress is a significant precursor to child internalizing symptoms across child development. (PsycInfo Database Record (c) 2022 APA, all rights reserved).",https://doi.org/10.1037/dev0001400,2022-07-11,2022,2.77820325,11,,,article,TRUE,TRUE,hybrid,https://doi.org/10.1037/dev0001400,FALSE,Developmental Psychology,https://openalex.org/S126635229,0012-1649,https://openalex.org/P4310320262,American Psychological Association,https://doi.org/10.1037/dev0001400,NA,other-oa,publishedVersion,,68,,,,,FALSE,FALSE,en,,1849,1862,58,10,Kevin Grimm,Kathryn Lemery‐Chalfant
https://openalex.org/W4295453814,Genetic and environmental links between executive functioning and effortful control in middle childhood.,Genetic and environmental links between executive functioning and effortful control in middle childhood.,,"There is a need to understand the components of self-regulation, given its link to nearly every domain of functioning across the life span. This study examined the etiological underpinnings of covariance between measures of executive functioning (EF) and effortful control (EC) in middle childhood. The extent that genetic and environmental factors explain the association between EF and EC is unknown. Families were drawn from a longitudinal twin study (<i>N</i> = 894 twins; <i>M</i><sub>age</sub> = 8.87 years, <i>SD</i> = 1.10; 51.4% female; 46.8% non-Hispanic White, 28% Latino/a/x) and twins completed EF tasks during a home visit (Flanker Task, Continuous Performance Task, and Digit Span Backward) and primary caregivers (93.8% mothers) reported on their twins' EC (Attentional Focusing and Inhibitory Control). Univariate twin models showed additive genetic and nonshared environmental influences on the Flanker Task, Continuous Performance Task, Digit Span Backward, and parent-reported Inhibitory Control, and dominant genetic influences were implicated in parent-reported Attentional Focusing. Bivariate twin models revealed that additive genetic influences explained the small covariance between EF and EC. Executive attention could explain the genetic covariance between measures of EF and EC. This study suggests that EF and EC tap into the same underlying self-regulation construct, with weak correlations between constructs being attributed to measurement, rather than conceptual, differences. Elucidating the overlap between EF and EC can bring researchers closer to understanding how best to foster adaptive self-regulation. (PsycInfo Database Record (c) 2023 APA, all rights reserved).",https://doi.org/10.1037/xge0001298,2022-09-12,2022,2.02051145,8,,,article,TRUE,TRUE,hybrid,https://doi.org/10.1037/xge0001298,FALSE,Journal of Experimental Psychology General,https://openalex.org/S62013203,0096-3445,https://openalex.org/P4310320262,American Psychological Association,https://doi.org/10.1037/xge0001298,NA,other-oa,publishedVersion,,54,,,,,FALSE,FALSE,en,,780,793,152,3,Kevin Grimm,Kathryn Lemery‐Chalfant
https://openalex.org/W4408373131,Interplay between polygenic risk and family processes in predicting trajectories of adolescent externalizing behaviors,Interplay between polygenic risk and family processes in predicting trajectories of adolescent externalizing behaviors,,"Introduction There is limited understanding on how polygenic scores derived from genome-wide association studies of adult and child psychopathology may uniquely predict childhood traits. The current study took a developmental approach to examine the interplay between adult-based and child-based polygenic scores with family processes in predicting trajectories of externalizing behaviors from late childhood to early adolescence among racially-ethnically diverse youth. Method Data were drawn from the non-Hispanic White (N = 5,907), non-Hispanic Black (N = 1,694), and Hispanic youth (N = 2,117) from the adolescent brain cognitive development (ABCD) study. Parents reported on youth externalizing behaviors at baseline (T1, age 9/10), 1-year (T2, age 10/11), 2-year (T3, age 11/12), and 3-year (T4, age 12/13) follow-up assessments. Youth reported on parenting and family environment at T1 and provided saliva or blood samples for genotyping. Results Both polygenic scores for adult externalizing and childhood aggression predicted greater likelihood of following trajectories with higher externalizing behaviors. Among non-Hispanic White youth, polygenic scores also predicted greater family conflict, which in turn predicted higher externalizing behavior trajectories. Discussion Our findings indicated that both adult-based and child-based polygenic scores for externalizing behaviors are useful in predicting trajectories of externalizing behaviors, highlighting developmental continuity in genetic influences. Family processes, especially family conflict, play an important role in adolescent externalizing behaviors across racial-ethnic groups, suggesting the need to target family conflict in intervention efforts. Findings also highlight the importance of conducting research in diverse populations, including improving diversity in genetically informed studies.",https://doi.org/10.3389/fpsyt.2025.1505035,2025-03-12,2025,14.66757302,2,,,article,TRUE,TRUE,gold,https://www.frontiersin.org/journals/psychiatry/articles/10.3389/fpsyt.2025.1505035/pdf,FALSE,Frontiers in Psychiatry,https://openalex.org/S92766711,1664-0640,https://openalex.org/P4310320527,Frontiers Media,https://doi.org/10.3389/fpsyt.2025.1505035,https://www.frontiersin.org/journals/psychiatry/articles/10.3389/fpsyt.2025.1505035/pdf,cc-by,publishedVersion,,63,,,,,FALSE,FALSE,en,,1505035,1505035,16,NA,Kevin Grimm,Kathryn Lemery‐Chalfant
https://openalex.org/W7124702235,A Longitudinal Investigation on the Role of Negative Maternal Parenting on Intimate Partner Violence and the Protective Potential of Prosocial Peer Socialization,A Longitudinal Investigation on the Role of Negative Maternal Parenting on Intimate Partner Violence and the Protective Potential of Prosocial Peer Socialization,,"Intimate partner violence (IPV) negatively impacts individuals’ physical and mental health. Negative parenting in adolescence predicts future IPV. Peer relationships also predict future IPV, due to peer socialization of harmful relationship norms. However, much less is known about protective factors for IPV. One potential protective factor is peer prosocial socialization. Thus, the proposed study investigates whether negative maternal parenting during adolescence predicts adulthood IPV, and the moderation of adolescent peer prosocial socialization. The sample consists of 371 individuals (T1 M age = 16.98 years, SD = 0.76; T2 M age = 28.99 years, SD = 0.81; 48.2% White, 29.9% Black, 9.7% Latino, 10.5% other). A latent moderated structural equation model revealed negative maternal parenting did not significantly predict IPV in adulthood, and no significant interaction was found between negative maternal parenting and prosocial peers. Prosocial peer socialization directly predicted IPV, indicating peer socialization of prosocial behaviors in adolescence was associated with lower IPV in adulthood. Findings emphasize the importance of peer relationships and socialization of prosocial norms in reducing adult IPV involvement.",https://doi.org/10.1177/08862605251411879,2026-01-18,2026,NA,0,,,article,FALSE,FALSE,closed,NA,FALSE,Journal of Interpersonal Violence,https://openalex.org/S45333638,0886-2605,https://openalex.org/P4310320017,SAGE Publishing,https://doi.org/10.1177/08862605251411879,NA,NA,publishedVersion,,62,,,,,FALSE,FALSE,en,,8862605251411879,8862605251411879,NA,NA,Kevin Grimm,Kathryn Lemery‐Chalfant
https://openalex.org/W4400349830,Navigating Challenges and Opportunities in Multi-Omics Integration for Personalized Healthcare,Navigating Challenges and Opportunities in Multi-Omics Integration for Personalized Healthcare,,"The field of multi-omics has witnessed unprecedented growth, converging multiple scientific disciplines and technological advances. This surge is evidenced by a more than doubling in multi-omics scientific publications within just two years (2022–2023) since its first referenced mention in 2002, as indexed by the National Library of Medicine. This emerging field has demonstrated its capability to provide comprehensive insights into complex biological systems, representing a transformative force in health diagnostics and therapeutic strategies. However, several challenges are evident when merging varied omics data sets and methodologies, interpreting vast data dimensions, streamlining longitudinal sampling and analysis, and addressing the ethical implications of managing sensitive health information. This review evaluates these challenges while spotlighting pivotal milestones: the development of targeted sampling methods, the use of artificial intelligence in formulating health indices, the integration of sophisticated n-of-1 statistical models such as digital twins, and the incorporation of blockchain technology for heightened data security. For multi-omics to truly revolutionize healthcare, it demands rigorous validation, tangible real-world applications, and smooth integration into existing healthcare infrastructures. It is imperative to address ethical dilemmas, paving the way for the realization of a future steered by omics-informed personalized medicine.",https://doi.org/10.3390/biomedicines12071496,2024-07-05,2024,79.24079215,165,,,review,TRUE,TRUE,gold,https://www.mdpi.com/2227-9059/12/7/1496/pdf?version=1720186226,FALSE,Biomedicines,https://openalex.org/S2737005842,2227-9059,https://openalex.org/P4310310987,Multidisciplinary Digital Publishing Institute,https://doi.org/10.3390/biomedicines12071496,https://www.mdpi.com/2227-9059/12/7/1496/pdf?version=1720186226,cc-by,publishedVersion,,143,,,,,FALSE,FALSE,en,,1496,1496,12,7,Judith Klein-Seetharaman,Corrie M. Whisner
https://openalex.org/W4399075652,Gut microbiome remodeling and metabolomic profile improves in response to protein pacing with intermittent fasting versus continuous caloric restriction,Gut microbiome remodeling and metabolomic profile improves in response to protein pacing with intermittent fasting versus continuous caloric restriction,,"Abstract The gut microbiome (GM) modulates body weight/composition and gastrointestinal functioning; therefore, approaches targeting resident gut microbes have attracted considerable interest. Intermittent fasting (IF) and protein pacing (P) regimens are effective in facilitating weight loss (WL) and enhancing body composition. However, the interrelationships between IF- and P-induced WL and the GM are unknown. The current randomized controlled study describes distinct fecal microbial and plasma metabolomic signatures between combined IF-P ( n = 21) versus a heart-healthy, calorie-restricted (CR, n = 20) diet matched for overall energy intake in free-living human participants (women = 27; men = 14) with overweight/obesity for 8 weeks. Gut symptomatology improves and abundance of Christensenellaceae microbes and circulating cytokines and amino acid metabolites favoring fat oxidation increase with IF-P (p &lt; 0.05), whereas metabolites associated with a longevity-related metabolic pathway increase with CR (p &lt; 0.05). Differences indicate GM and metabolomic factors play a role in WL maintenance and body composition. This novel work provides insight into the GM and metabolomic profile of participants following an IF-P or CR diet and highlights important differences in microbial assembly associated with WL and body composition responsiveness. These data may inform future GM-focused precision nutrition recommendations using larger sample sizes of longer duration. Trial registration, March 6, 2020 (ClinicalTrials.gov as NCT04327141), based on a previous randomized intervention trial.",https://doi.org/10.1038/s41467-024-48355-5,2024-05-28,2024,45.37891805,60,,,article,TRUE,TRUE,gold,https://www.nature.com/articles/s41467-024-48355-5.pdf,FALSE,Nature Communications,https://openalex.org/S64187185,2041-1723,https://openalex.org/P4310319908,Nature Portfolio,https://doi.org/10.1038/s41467-024-48355-5,https://www.nature.com/articles/s41467-024-48355-5.pdf,cc-by,publishedVersion,,118,,,,,FALSE,FALSE,en,,4155,4155,15,1,Judith Klein-Seetharaman,Karen L. Sweazea; Corrie M. Whisner; Dorothy D. Sears; Rosa Krajmalnik‐Brown
https://openalex.org/W4372215177,Precision Medicine as a New Frontier in Speech-Language Pathology: How Applying Insights From Behavior Genomics Can Improve Outcomes in Communication Disorders,Precision Medicine as a New Frontier in Speech-Language Pathology: How Applying Insights From Behavior Genomics Can Improve Outcomes in Communication Disorders,,"Purpose: Precision medicine is an emerging intervention paradigm that leverages knowledge of risk factors such as genotypes, lifestyle, and environment toward proactive and personalized interventions. Regarding genetic risk factors, examples of interventions informed by the field of medical genomics are pharmacological interventions tailored to an individual's genotype and anticipatory guidance for children whose hearing impairment is predicted to be progressive. Here, we show how principles of precision medicine and insights from behavior genomics have relevance for novel management strategies of behaviorally expressed disorders, especially disorders of spoken language. Method: This tutorial presents an overview of precision medicine, medical genomics, and behavior genomics; case examples of improved outcomes; and strategic goals toward enhancing clinical practice. Results: Speech-language pathologists (SLPs) see individuals with various communication disorders due to genetic variants. Ways of using insights from behavior genomics and implementing principles of precision medicine include recognizing early signs of undiagnosed genetic disorders in an individual's communication patterns, making appropriate referrals to genetics professionals, and incorporating genetic findings into management plans. Patients benefit from a genetics diagnosis by gaining a deeper and more prognostic understanding of their condition, obtaining more precisely targeted interventions, and learning about their recurrence risks. Conclusions: SLPs can achieve improved outcomes by expanding their purview to include genetics. To drive this new interdisciplinary framework forward, goals should include systematic training in clinical genetics for SLPs, enhanced understanding of genotype–phenotype associations, leveraging insights from animal models, optimizing interprofessional team efforts, and developing novel proactive and personalized interventions.",https://doi.org/10.1044/2023_ajslp-22-00205,2023-05-05,2023,4.33467474,7,,,article,FALSE,TRUE,green,https://pmc.ncbi.nlm.nih.gov/articles/PMC10484627/pdf/AJSLP-32-1397.pdf,FALSE,American Journal of Speech-Language Pathology,https://openalex.org/S50443188,1058-0360,https://openalex.org/P4310320281,American Speech–Language–Hearing Association,https://doi.org/10.1044/2023_ajslp-22-00205,NA,NA,publishedVersion,,88,,,,,FALSE,FALSE,en,,1397,1412,32,4,Judith Klein-Seetharaman,B. Blair Braden
https://openalex.org/W3137037404,Recent advances and health implications of dietary fasting regimens on the gut microbiome,Recent advances and health implications of dietary fasting regimens on the gut microbiome,,"Calorie restriction is a primary dietary intervention demonstrated over many decades in cellular and animal models to modulate aging pathways, positively affect age-associated diseases and, in clinical studies, to promote beneficial health outcomes. Because long-term compliance with daily calorie restriction has proven problematic in humans several intermittent fasting regimens, including alternate day fasting and time-restricted feeding, have evolved revealing similar clinical benefits as calorie restriction. Despite significant research on the cellular and physiological mechanisms contributing to, and responsible for, these observed benefits, relatively little research has investigated the impact of these various fasting protocols on the gut microbiome (GM). Reduced external nutrient supply to the gut may beneficially alter the composition and function of a “fed” gut microflora. Indeed, the prevalent, obesogenic Western diet can promote deleterious changes in the GM, signaling intermediates involved in lipid and glucose metabolism, and immune responses in the gastrointestinal tract. This review describes recent preclinical and clinical effects of varying fasting regimens on GM composition and associated physiology. Although the number of preclinical and clinical interventions are limited, significant data thus far suggest fasting interventions impact GM composition and physiology. However, there are considerable heterogeneities of study design, methodological considerations, and practical implications. Ongoing research on the health impact of fasting regimens on GM modulation is warranted.",https://doi.org/10.1152/ajpgi.00475.2020,2021-03-17,2021,4.63272288,35,,,review,FALSE,FALSE,closed,NA,FALSE,American Journal of Physiology-Gastrointestinal and Liver Physiology,https://openalex.org/S34136372,0193-1857,https://openalex.org/P4310320155,American Physiological Society,https://doi.org/10.1152/ajpgi.00475.2020,NA,NA,publishedVersion,,166,,,,,FALSE,FALSE,en,,G847,G863,320,5,Dorothy Sears,Karen L. Sweazea
https://openalex.org/W4200353054,Impact of intermittent fasting regimens on circulating markers of oxidative stress in overweight and obese humans: A systematic review of randomized controlled trials,Impact of intermittent fasting regimens on circulating markers of oxidative stress in overweight and obese humans: A systematic review of randomized controlled trials,,NA,https://doi.org/10.1016/j.arres.2021.100026,2021-12-01,2021,2.55598504,25,,,review,TRUE,TRUE,gold,https://doi.org/10.1016/j.arres.2021.100026,FALSE,Advances in Redox Research,https://openalex.org/S4210180340,2667-1379,https://openalex.org/P4310320990,Elsevier BV,https://doi.org/10.1016/j.arres.2021.100026,NA,cc-by-nc-nd,publishedVersion,,100,,,,,FALSE,FALSE,en,,100026,100026,3,NA,Dorothy Sears,Karen L. Sweazea
https://openalex.org/W4386255153,"Gut microbiome diversity, variability, and latent community types compared with shifts in body weight during the freshman year of college in dormitory-housed adolescents","Gut microbiome diversity, variability, and latent community types compared with shifts in body weight during the freshman year of college in dormitory-housed adolescents",,"Significant human gut microbiome changes during adolescence suggest that microbial community evolution occurs throughout important developmental periods including the transition to college, a typical life phase of weight gain. In this observational longitudinal study of 139 college freshmen living in on-campus dormitories, we tracked changes in the gut microbiome via 16S amplicon sequencing and body weight across a single academic year. Participants were grouped by weight change categories of gain (WG), loss (WL), and maintenance (WM). Upon assessment of the community structure, unweighted and weighted UniFrac metrics revealed significant shifts with substantial variation explained by individual effects within weight change categories. Genera that positively contributed to these associations with weight change included <i>Bacteroides</i>, <i>Blautia</i>, and <i>Bifidobacterium</i> in WG participants and <i>Prevotella</i> and <i>Faecalibacterium</i> in WL and WM participants. Moreover, the <i>Prevotella</i>/<i>Bacteroides</i> ratio was significantly different by weight change category, with WL participants displaying an increased ratio. Importantly, these genera did not display co-dominance nor ease of transition between <i>Prevotella</i>- and <i>Bacteroides</i>-dominated states. We further assessed the overall taxonomic variation, noting the increased stability of the WL compared to the WG microbiome. Finally, we found 30 latent community structures within the microbiome with significant associations with waist circumference, sleep, and dietary factors, with alcohol consumption chief among them. Our findings highlight the high level of individual variation and the importance of initial gut microbiome community structure in college students during a period of major lifestyle changes. Further work is needed to confirm these findings and explore mechanistic relationships between gut microbes and weight change in free-living individuals.",https://doi.org/10.1080/19490976.2023.2250482,2023-08-29,2023,1.67103367,9,,,article,TRUE,TRUE,gold,https://doi.org/10.1080/19490976.2023.2250482,FALSE,Gut Microbes,https://openalex.org/S2764770702,1949-0976,https://openalex.org/P4310315740,Landes Bioscience,https://doi.org/10.1080/19490976.2023.2250482,NA,cc-by,publishedVersion,,85,,,,,FALSE,FALSE,en,,2250482,2250482,15,2,Dorothy Sears,Corrie M. Whisner
https://openalex.org/W4376484136,Effects of Increased Standing and Light-Intensity Physical Activity to Improve Postprandial Glucose in Sedentary Office Workers: Protocol for a Randomized Crossover Trial,Effects of Increased Standing and Light-Intensity Physical Activity to Improve Postprandial Glucose in Sedentary Office Workers: Protocol for a Randomized Crossover Trial,,"Background Prolonged bouts of sedentary time, independent from the time spent in engaging in physical activity, significantly increases cardiometabolic risk. Nonetheless, the modern workforce spends large, uninterrupted portions of the day seated at a desk. Previous research suggests—via improved cardiometabolic biomarkers—that this risk might be attenuated by simply disrupting sedentary time with brief breaks of standing or moving. However, this evidence is derived from acute, highly controlled laboratory experiments and thus has low external validity. Objective This study aims to investigate if similar or prolonged cardiometabolic changes are observed after a prolonged (2-week) practice of increased brief standing and moving behaviors in real-world office settings. Methods This randomized crossover trial, called the WorkWell Study, will compare the efficacy of two 2-week pilot intervention conditions designed to interrupt sitting time in sedentary office workers (N=15) to a control condition. The intervention conditions use a novel smartphone app to deliver real-time prompts to increase standing (STAND) or moving (MOVE) by an additional 6 minutes each hour during work. Our primary aim is to assess intervention-associated improvements to daily postprandial glucose using continuous glucose monitors. Our secondary aim is to determine whether the interventions successfully evoke substantive positional changes and light-intensity physical activity (LPA). Other outcomes include the feasibility and acceptability of the intervention conditions, fasting blood glucose concentration, femoral artery flow-mediated dilation (f-FMD), and systolic and diastolic blood pressure. Results The trial is ongoing at the time of submission. Conclusions This study is a novel, randomized crossover trial designed to extend a laboratory-based controlled study design into the free-living environment. By using digital health technologies to monitor and prompt participants in real time, we will be able to rigorously test the effects of breaking up sedentary behavior over a longer period of time than is seen in traditional laboratory-based studies. Our innovative approach will leverage the strengths of highly controlled laboratory and free-living experiments to achieve maximal internal and external validity. The research team’s multidisciplinary expertise allows for a broad range of biological measures to be sampled, providing robust results that will extend knowledge of both the acute and chronic real-life effects of increased standing and LPA in sedentary office workers. The WorkWell Study uses a rigorous transdisciplinary protocol that will contribute to a more comprehensive picture of the beneficial effects of breaking up sitting behavior. Trial Registration ClinicalTrials.gov NCT04269070; https://clinicaltrials.gov/study/NCT04269070 International Registered Report Identifier (IRRID) DERR1-10.2196/45133",https://doi.org/10.2196/45133,2023-05-12,2023,0.59499533,2,,,article,TRUE,TRUE,gold,https://www.researchprotocols.org/2023/1/e45133/PDF,FALSE,JMIR Research Protocols,https://openalex.org/S2739058702,1929-0748,https://openalex.org/P4310320608,JMIR Publications,https://doi.org/10.2196/45133,https://www.researchprotocols.org/2023/1/e45133/PDF,cc-by,publishedVersion,,64,,,,,FALSE,FALSE,en,,e45133,e45133,12,NA,Dorothy Sears,Corrie M. Whisner
https://openalex.org/W4413929917,LLM-Powered Prediction of Hyperglycemia and Discovery of Behavioral Treatment Pathways from Wearables and Diet,LLM-Powered Prediction of Hyperglycemia and Discovery of Behavioral Treatment Pathways from Wearables and Diet,,"Postprandial hyperglycemia, marked by the blood glucose level exceeding the normal range after consuming a meal, is a critical indicator of progression toward type 2 diabetes in people with prediabetes and in healthy individuals. A key metric for understanding blood glucose dynamics after eating is the postprandial Area Under the Curve (AUC). Predicting postprandial AUC in advance based on a person’s lifestyle factors, such as diet and physical activity level, and explaining the factors that affect postprandial blood glucose could allow an individual to adjust their behavioral choices accordingly to maintain normal glucose levels. In this work, we develop an explainable machine learning solution, GlucoLens, that takes sensor-driven inputs and utilizes advanced data processing, large language models, and trainable machine learning models to estimate postprandial AUC and predict hyperglycemia from diet, physical activity, and recent glucose patterns. We use data obtained using wearables in a five-week clinical trial of 10 adults who worked full-time to develop and evaluate the proposed computational model that integrates wearable sensing, multimodal data, and machine learning. Our machine learning model takes multimodal data from wearable activity and glucose monitoring sensors, along with food and work logs, and provides an interpretable prediction of the postprandial glucose patterns. GlucoLens achieves a normalized root mean squared error (NRMSE) of 0.123 in its best configuration. On average, the proposed technology provides a 16% better predictive performance compared to the comparison models. Additionally, our technique predicts hyperglycemia with an accuracy of 79% and an F1 score of 0.749 and recommends different treatment options to help avoid hyperglycemia through diverse counterfactual explanations. With systematic experiments and discussion supported by established prior research, we show that our method is generalizable and consistent with clinical understanding.",https://doi.org/10.3390/s25175372,2025-08-31,2025,4.57511857,1,,,article,TRUE,TRUE,gold,https://www.mdpi.com/1424-8220/25/17/5372/pdf?version=1756642956,FALSE,Sensors,https://openalex.org/S101949793,1424-8220,https://openalex.org/P4310310987,Multidisciplinary Digital Publishing Institute,https://doi.org/10.3390/s25175372,https://www.mdpi.com/1424-8220/25/17/5372/pdf?version=1756642956,cc-by,publishedVersion,,41,,,,,FALSE,FALSE,en,,5372,5372,25,17,Dorothy Sears,Susan B. Racette; Corrie M. Whisner
https://openalex.org/W4318692573,Effects of Increased Standing and Light-Intensity Physical Activity to Improve Postprandial Glucose in Sedentary Office Workers: Protocol for a Randomized Crossover Trial (Preprint),Effects of Increased Standing and Light-Intensity Physical Activity to Improve Postprandial Glucose in Sedentary Office Workers: Protocol for a Randomized Crossover Trial (Preprint),,"<sec> <title>BACKGROUND</title> Prolonged bouts of sedentary time, independent from the time spent in engaging in physical activity, significantly increases cardiometabolic risk. Nonetheless, the modern workforce spends large, uninterrupted portions of the day seated at a desk. Previous research suggests—via improved cardiometabolic biomarkers—that this risk might be attenuated by simply disrupting sedentary time with brief breaks of standing or moving. However, this evidence is derived from acute, highly controlled laboratory experiments and thus has low external validity. </sec> <sec> <title>OBJECTIVE</title> This study aims to investigate if similar or prolonged cardiometabolic changes are observed after a prolonged (2-week) practice of increased brief standing and moving behaviors in real-world office settings. </sec> <sec> <title>METHODS</title> This randomized crossover trial, called the WorkWell Study, will compare the efficacy of two 2-week pilot intervention conditions designed to interrupt sitting time in sedentary office workers (N=15) to a control condition. The intervention conditions use a novel smartphone app to deliver real-time prompts to increase standing (STAND) or moving (MOVE) by an additional 6 minutes each hour during work. Our primary aim is to assess intervention-associated improvements to daily postprandial glucose using continuous glucose monitors. Our secondary aim is to determine whether the interventions successfully evoke substantive positional changes and light-intensity physical activity (LPA). Other outcomes include the feasibility and acceptability of the intervention conditions, fasting blood glucose concentration, femoral artery flow-mediated dilation (f-FMD), and systolic and diastolic blood pressure. </sec> <sec> <title>RESULTS</title> The trial is ongoing at the time of submission. </sec> <sec> <title>CONCLUSIONS</title> This study is a novel, randomized crossover trial designed to extend a laboratory-based controlled study design into the free-living environment. By using digital health technologies to monitor and prompt participants in real time, we will be able to rigorously test the effects of breaking up sedentary behavior over a longer period of time than is seen in traditional laboratory-based studies. Our innovative approach will leverage the strengths of highly controlled laboratory and free-living experiments to achieve maximal internal and external validity. The research team’s multidisciplinary expertise allows for a broad range of biological measures to be sampled, providing robust results that will extend knowledge of both the acute and chronic real-life effects of increased standing and LPA in sedentary office workers. The WorkWell Study uses a rigorous transdisciplinary protocol that will contribute to a more comprehensive picture of the beneficial effects of breaking up sitting behavior. </sec> <sec> <title>CLINICALTRIAL</title> ClinicalTrials.gov NCT04269070; https://clinicaltrials.gov/study/NCT04269070 </sec> <sec> <title>INTERNATIONAL REGISTERED REPORT</title> DERR1-10.2196/45133 </sec>",https://doi.org/10.2196/preprints.45133,2023-01-27,2023,0,0,,,preprint,TRUE,TRUE,gold,http://dx.doi.org/10.2196/preprints.45133,FALSE,NA,NA,NA,NA,NA,http://dx.doi.org/10.2196/preprints.45133,NA,cc-by,acceptedVersion,,62,,,,,FALSE,FALSE,en,,NA,NA,NA,NA,Dorothy Sears,Corrie M. Whisner
https://openalex.org/W4385303456,P20-052-23 The Gut Microbiome Tracks With Shifts in Body Weight During the Freshman Year of College in Dormitory-Housed Adolescents,P20-052-23 The Gut Microbiome Tracks With Shifts in Body Weight During the Freshman Year of College in Dormitory-Housed Adolescents,,NA,https://doi.org/10.1016/j.cdnut.2023.101556,2023-07-01,2023,0,0,,,article,TRUE,TRUE,gold,https://doi.org/10.1016/j.cdnut.2023.101556,FALSE,Current Developments in Nutrition,https://openalex.org/S4210219560,2475-2991,https://openalex.org/P4310320990,Elsevier BV,https://doi.org/10.1016/j.cdnut.2023.101556,NA,cc-by,publishedVersion,,0,,,,,FALSE,FALSE,en,,101556,101556,7,NA,Dorothy Sears,Corrie M. Whisner
https://openalex.org/W4385307772,P20-031-23 Gut Microbiome Community Types Associate With Nutritional and Behavioral Factors in a Longitudinal Assessment of Dormitory-Housed College Freshman,P20-031-23 Gut Microbiome Community Types Associate With Nutritional and Behavioral Factors in a Longitudinal Assessment of Dormitory-Housed College Freshman,,NA,https://doi.org/10.1016/j.cdnut.2023.101536,2023-07-01,2023,0,0,,,article,TRUE,TRUE,gold,https://doi.org/10.1016/j.cdnut.2023.101536,FALSE,Current Developments in Nutrition,https://openalex.org/S4210219560,2475-2991,https://openalex.org/P4310320990,Elsevier BV,https://doi.org/10.1016/j.cdnut.2023.101536,NA,cc-by,publishedVersion,,0,,,,,FALSE,FALSE,en,,101536,101536,7,NA,Dorothy Sears,Corrie M. Whisner
https://openalex.org/W4401622778,"Cognitive function, mood and sleep changes in response to a Tai Chi/Qigong intervention among older breast cancer survivors: an exploratory analysis","Cognitive function, mood and sleep changes in response to a Tai Chi/Qigong intervention among older breast cancer survivors: an exploratory analysis",,"Introduction Cognitive decline is a significant, persistent issue among breast cancer survivors (BCSs) affecting more than 50% and greatly impacting health and wellbeing, particularly among those who are aging. Scalable, lifestyle interventions to mitigate cognitive decline in this population are needed. This study aimed to explore the effects of Tai Chi Easy (TCE) on perceived cognition function among older BCSs. Methods The current work was part of a larger NCI-funded trial (R01CA182901, primary results reported elsewhere). Female BCSs, aged 45–75 years, were randomized to one of three conditions: two active interventions, Tai Chi Easy (TCE) or sham Qigong (SQG), or an education control group (EDC). In this exploratory analysis of older female participants (aged 60–75y), perceived cognitive function and performance and related factors (including anxiety, depression, and insomnia symptom severity) were examined. We anticipated TCE and SQG would show greater improvements in perceived cognitive function and performance compared to EDC. Results A total of 75 female BCS were included in the analysis (TCE = 23; SQG = 22; EDC = 30). Linear mixed model results showed BCS randomized to TCE and SQG reported improvements in perceived cognitive impairment and cognition-related effects on quality of life relative to EDC (with small to medium effect sizes; Cohen's d = 0.46 and 0.76), whereas no results were found for cognitive performance measures. Relative to EDC, TCE did not exact changes in depression, anxiety, and insomnia symptom severity; however, SQG showed decreases in depression and insomnia symptom severity (with corresponding small to medium effect sizes, Cohen's d = −0.36 and −0.56). Discussion Findings from the current exploratory study suggest that low-exertion, gentle exercise, with or without breath and meditative focus, may improve perceived cognitive function, and, that without breath and meditative focus, may improve depressed mood and insomnia symptoms among older BCS. These promising findings may have immediate and long-term implications on accessible treatment options recommended by geriatricians and oncologists treating older BCS at an elevated risk for cognitive impairment. Clinical trial registration The parent study was registered on ClinicalTrials.gov , identifier: NCT02690116.",https://doi.org/10.3389/fcogn.2024.1402873,2024-08-15,2024,0,0,,,article,TRUE,TRUE,diamond,https://www.frontiersin.org/journals/cognition/articles/10.3389/fcogn.2024.1402873/pdf,FALSE,Frontiers in Cognition,https://openalex.org/S4387284350,2813-4532,https://openalex.org/P4310320527,Frontiers Media,https://doi.org/10.3389/fcogn.2024.1402873,https://www.frontiersin.org/journals/cognition/articles/10.3389/fcogn.2024.1402873/pdf,cc-by,publishedVersion,,49,,,,,FALSE,FALSE,en,,NA,NA,3,NA,Dorothy Sears,Megan E. Petrov
https://openalex.org/W4402662212,"Person-level And Daily Associations Of Recreational Sedentary Screen Time With Sedentary Time, Physical Activity, And Sleep","Person-level And Daily Associations Of Recreational Sedentary Screen Time With Sedentary Time, Physical Activity, And Sleep",,NA,https://doi.org/10.1249/01.mss.0001062384.03627.ae,2024-09-16,2024,0,0,,,article,FALSE,FALSE,closed,NA,FALSE,Medicine & Science in Sports & Exercise,https://openalex.org/S14544163,0195-9131,https://openalex.org/P4310315671,Lippincott Williams & Wilkins,http://dx.doi.org/10.1249/01.mss.0001062384.03627.ae,NA,NA,publishedVersion,,0,,,,,FALSE,FALSE,en,,1136,1137,56,10S,Dorothy Sears,Megan E. Petrov
https://openalex.org/W4411532424,Bidirectional Associations of Recreational Sedentary Screen Time and 24-hour Behaviors: a dynamic cross-sectional multilevel model analysis,Bidirectional Associations of Recreational Sedentary Screen Time and 24-hour Behaviors: a dynamic cross-sectional multilevel model analysis,,"<title>Abstract</title> Background Recreational sedentary screen time (rSST) is the most prevalent discretionary sedentary behavior and is strongly linked to poor health outcomes, but how time spent in rSST relates to other 24-hr behaviors is not well understood. The purpose of this study was to examine within and between day associations between rSST and other 24-hr behaviors– non-rSST or other sedentary time (other-SED), standing (STAND), light-to-moderate-vigorous physical activity (LPA), moderate-to-vigorous physical activity (MVPA), and total sleep (SLEEP). Methods Baseline data from participants randomized in the StandUPTV study, an intervention that aimed to reduce rSST in adults, were included. All 24-hour behaviors were assessed continuously for 7-days. The activPAL was used to assess rSST, other-SED, STAND, LPA, and MPVA; SLEEP was assessed using a GENEactiv accelerometer. rSST was collected using WiFi plugs to capture TV time and tablet app usage. A multilevel modelling approach was used to assess between(across persons)- and within(across days)-person level associations bidirectionally between rSST (total, daytime, evening) and 24-hour behaviors, and adjusted for age, sex, chronotype, education level, and week vs. weekend day. The results were scaled hourly for interpretation. Results On average, 8.0 ± 1.6 days of continuous daily 24-hour behavior data were included from 94 participants (aged 23–64 years [<italic>M</italic> ± <italic>SD</italic>: 42.3 ± 11.5]; 82% female; 78% White; BMI 20.5–67.5 kg/m<sup>2</sup> [<italic>M</italic> ± <italic>SD</italic>: 29.8 ± 7.8]). Greater total rSST was significantly associated with less other-SED (between-person b=-45.0, SE = 4.4, p &lt; 0.01; within-person b=-44.5, SE = 2.0, p &lt; 0.01). Similar results were observed when examining both daytime and evening rSST with other-SED. Negative associations were also observed between other-SED, STAND, LPA, and MVPA with rSST variables. No significant associations were observed between rSST variables and SLEEP. Conclusions This is the first known analysis of the bidirectional relationship between rSST and 24-hour behaviors. More rSST was associated with less other-SED, suggesting rSST may displace rather than contribute to more cumulative sedentary time. These findings suggest that contexts of sedentary behavior should be considered as distinct behavioral targets in intervention development. Future interventions that target rSST reduction should also include strategies that are designed to reduce total sedentary time.",https://doi.org/10.21203/rs.3.rs-6803906/v1,2025-06-23,2025,NA,0,,,preprint,TRUE,TRUE,gold,https://www.researchsquare.com/article/rs-6803906/latest.pdf,FALSE,NA,NA,NA,NA,NA,https://doi.org/10.21203/rs.3.rs-6803906/v1,https://www.researchsquare.com/article/rs-6803906/latest.pdf,cc-by,acceptedVersion,,71,,,,,FALSE,FALSE,en,,NA,NA,NA,NA,Dorothy Sears,Megan E. Petrov
https://openalex.org/W4307280793,Exploratory analysis of one versus two-day intermittent fasting protocols on the gut microbiome and plasma metabolome in adults with overweight/obesity,Exploratory analysis of one versus two-day intermittent fasting protocols on the gut microbiome and plasma metabolome in adults with overweight/obesity,,"Nutritional interventions are a promising therapeutic option for addressing obesity and cardiometabolic dysfunction. One such option, intermittent fasting (IF), has emerged as a viable alternative to daily caloric restriction and may beneficially modulate body weight regulation and alter the gut microbiome (GM) and plasma metabolome. This secondary analysis of a larger, registered trial ( ClinicalTrials.gov ID: NCT04327141) examined the effect of a four-week intervention comparing one vs. two-consecutive days of IF in combination with protein pacing (IF-P; 4-5 meals/day, &amp;gt;30% protein/day) on the GM, the plasma metabolome, and associated clinical outcomes in overweight and obese adults. Participants ( n = 20) were randomly assigned to either a diet consisting of one fasting day (total of 36 h) and six low-calorie P days per week (IF1-P, n = 10) or two fasting days (60 h total) and five low-calorie P days per week (IF2-P, n = 10). The fecal microbiome, clinical outcomes, and plasma metabolome were analyzed at baseline (week 0) and after four weeks. There were no significant time or interaction effects for alpha diversity; however, baseline alpha diversity was negatively correlated with percent body fat change after the four-week intervention ( p = 0.030). In addition, beta-diversity for both IF groups was altered significantly by time ( p = 0.001), with no significant differences between groups. The IF1-P group had a significant increase in abundance of Ruminococcaceae Incertae Sedis and Eubacterium fissicatena group ( q ≤ 0.007), while the IF2-P group had a significant increase in abundance of Ruminococcaceae Incertae Sedis and a decrease in Eubacterium ventriosum group ( q ≤ 0.005). The plasma metabolite profile of IF2-P participants displayed significant increases in serine, trimethylamine oxide (TMAO), levulinic acid, 3-aminobutyric acid, citrate, isocitrate, and glucuronic acid ( q ≤ 0.049) compared to IF1-P. Fecal short-chain fatty acid concentrations did not differ significantly by time or between groups ( p ≥ 0.126). Interestingly, gastrointestinal symptoms were significantly reduced for the IF2-P group but not for the IF1-P group. Our results demonstrate that short-term IF modestly influenced the GM community structure and the plasma metabolome, suggesting these protocols could be viable for certain nutritional intervention strategies.",https://doi.org/10.3389/fnut.2022.1036080,2022-10-26,2022,4.12841648,23,,,article,TRUE,TRUE,gold,https://www.frontiersin.org/articles/10.3389/fnut.2022.1036080/pdf,FALSE,Frontiers in Nutrition,https://openalex.org/S2596909297,2296-861X,https://openalex.org/P4310320527,Frontiers Media,https://doi.org/10.3389/fnut.2022.1036080,https://www.frontiersin.org/articles/10.3389/fnut.2022.1036080/pdf,cc-by,publishedVersion,,107,,,,,FALSE,FALSE,en,,1036080,1036080,9,NA,Corrie Whisner,Karen L. Sweazea
https://openalex.org/W4324032726,Integrated multiomic wastewater-based epidemiology can elucidate population-level dietary behaviour and inform public health nutrition assessments,Integrated multiomic wastewater-based epidemiology can elucidate population-level dietary behaviour and inform public health nutrition assessments,,NA,https://doi.org/10.1038/s43016-023-00717-w,2023-03-13,2023,7.57864672,16,,,article,TRUE,TRUE,bronze,https://www.nature.com/articles/s43016-023-00717-w.pdf,FALSE,Nature Food,https://openalex.org/S4210207988,2662-1355,https://openalex.org/P4310319908,Nature Portfolio,https://doi.org/10.1038/s43016-023-00717-w,https://www.nature.com/articles/s43016-023-00717-w.pdf,NA,publishedVersion,,55,,,,,FALSE,FALSE,en,,257,266,4,3,Corrie Whisner,Rosa Krajmalnik‐Brown
https://openalex.org/W3197560120,"Protocol of the Snuggle Bug/Acurrucadito Study: a longitudinal study investigating the influences of sleep-wake patterns and gut microbiome development in infancy on rapid weight gain, an early risk factor for obesity","Protocol of the Snuggle Bug/Acurrucadito Study: a longitudinal study investigating the influences of sleep-wake patterns and gut microbiome development in infancy on rapid weight gain, an early risk factor for obesity",,NA,https://doi.org/10.1186/s12887-021-02832-8,2021-08-31,2021,1.01621247,6,,,article,TRUE,TRUE,gold,https://bmcpediatr.biomedcentral.com/track/pdf/10.1186/s12887-021-02832-8,FALSE,BMC Pediatrics,https://openalex.org/S134535697,1471-2431,https://openalex.org/P4310320256,BioMed Central,https://doi.org/10.1186/s12887-021-02832-8,https://bmcpediatr.biomedcentral.com/track/pdf/10.1186/s12887-021-02832-8,cc-by,publishedVersion,,125,,,,,FALSE,FALSE,en,,374,374,21,1,Corrie Whisner,Megan E. Petrov; Rosa Krajmalnik‐Brown
https://openalex.org/W4392662222,"Associations of Infant Feeding, Sleep, and Weight Gain with the Toddler Gut Microbiome","Associations of Infant Feeding, Sleep, and Weight Gain with the Toddler Gut Microbiome",,"This study examines how feeding, sleep, and growth during infancy impact the gut microbiome (GM) in toddlers. The research was conducted on toddlers (n = 36), born to Latina women of low-income with obesity. Their mothers completed retrospective feeding and sleeping questionnaires at 1, 6, and 12 months; at 36 months, fecal samples were collected. Sequencing of the 16S rRNA gene (V4 region) revealed that breastfeeding for at least 1 month and the introduction of solids before 6 months differentiated the GM in toddlerhood (Bray–Curtis, pseudo-F = 1.805, p = 0.018, and pseudo-F = 1.651, p = 0.044, respectively). Sleep had an effect across time; at 1 and 6 months of age, a lower proportion of nighttime sleep (relative to 24 h total sleep) was associated with a richer GM at three years of age (Shannon H = 4.395, p = 0.036 and OTU H = 5.559, p = 0.018, respectively). Toddlers experiencing rapid weight gain from birth to 6 months had lower phylogenetic diversity (Faith PD H = 3.633, p = 0.057). These findings suggest that early life nutrition, sleeping patterns, and growth rate in infancy may influence the GM composition. Further verification of these results with objective sleep data and a larger sample is needed.",https://doi.org/10.3390/microorganisms12030549,2024-03-09,2024,1.79241947,2,,,article,TRUE,TRUE,gold,https://www.mdpi.com/2076-2607/12/3/549/pdf?version=1709984278,FALSE,Microorganisms,https://openalex.org/S4210222090,2076-2607,https://openalex.org/P4310310987,Multidisciplinary Digital Publishing Institute,https://doi.org/10.3390/microorganisms12030549,https://www.mdpi.com/2076-2607/12/3/549/pdf?version=1709984278,cc-by,publishedVersion,,59,,,,,FALSE,FALSE,en,,549,549,12,3,Corrie Whisner,Megan E. Petrov
https://openalex.org/W4394977814,0201 Early Postpartum Maternal Stress and Mother-Infant Bonding Predicted Infant Nighttime Wakefulness at Six Months,0201 Early Postpartum Maternal Stress and Mother-Infant Bonding Predicted Infant Nighttime Wakefulness at Six Months,,"Abstract Introduction Maternal stress levels, sleep, and mother-infant interactions are associated with infant sleep. However, the potential impact of these factors experienced during the early postpartum period on future infant sleep development is understudied. This study examined whether maternal stress and sleep at 3 weeks postpartum predicted infant wakefulness at 6 months of age through mother-infant bonding and the home environment quality at 8 weeks postpartum. Methods This secondary analysis of the longitudinal Snuggle Bug/Acurrucadito cohort included a subsample of mothers (n=171, 31.4±5.4y, 74.9% married, 38% Hispanic/Latina, 64.3% ≥ bachelor’s degree) and their full-term infants who were visited in their homes at 3 and 8 weeks, and 6 months postpartum. Infant wakefulness after sleep onset (WASO) was assessed using ankle-actigraphy and sleep diaries over 5 days at the 3-week and 6-month visits. At the 3-week visit, mothers completed the Pittsburgh Sleep Quality Index (PSQI, range:0-21) and the Stress subscale of the Depression Anxiety Stress Scales-21 (range:0-42). At 8 weeks, mothers completed the Postpartum Bonding Questionnaire infant-focused anxiety subscale (PBQ-anxiety, range:0-20, higher scores indicate greater anxiety-related bonding difficulties), and staff assessed the home environment quality with the Home Observation for Measurement of the Environment Inventory (HOME, range:0-45, higher scores indicate a more enriched and interactive environment). Based on the Transactional Model of Infant Sleep, path analyses were conducted to identify the direct effect of 3-week PSQI and Stress scores, and indirect effects via 8-week PBQ-anxiety and HOME scores, on 6-month WASO, adjusting for 3-week WASO, maternal age, education, and marital status. Results Average 3-week PSQI and Stress, and 8-week PBQ-anxiety and HOME scores were 6.8±3.1, 7.4±6.5, 2.1±1.9, and 36±4.5, respectively. WASO at 3 weeks and 6 months were 146.9±64.9 and 63.4±33.2min. The 3-week Stress score was not directly related to 6-month WASO (β=-0.28, 95%CI: -0.79-0.17), but positively related to 6-month WASO indirectly through 8-week PBQ-anxiety (β=0.14, 95%CI:0.02-0.31]). The 3-week PSQI was not directly or indirectly associated with 6-month WASO, and the HOME score was not a significant mediator. Conclusion Early, heightened maternal stress, independent of maternal sleep quality may indirectly lead to greater infant nighttime wakefulness later in infancy by disrupting early mother-infant bonding. Support (if any) NIH/NHLBIR01HL147931",https://doi.org/10.1093/sleep/zsae067.0201,2024-04-20,2024,4.72926898,1,,,article,FALSE,FALSE,closed,NA,FALSE,SLEEP,https://openalex.org/S42921845,0161-8105,https://openalex.org/P4310311648,Oxford University Press,https://doi.org/10.1093/sleep/zsae067.0201,NA,NA,publishedVersion,,0,,,,,FALSE,FALSE,en,,A86,A87,47,Supplement_1,Corrie Whisner,Megan E. Petrov
https://openalex.org/W4281656328,0186 Post-Birth Feeding Experiences are Associated with Actigraphy-Assessed Sleep Patterns among Newborns,0186 Post-Birth Feeding Experiences are Associated with Actigraphy-Assessed Sleep Patterns among Newborns,,"Abstract Introduction Exclusively breastfed (EBF) newborns wake more often at night than partially breastfed, or exclusively formula fed (EFF) newborns. Contextual factors during the first weeks of life related to these associations are understudied. We examined relationships among post-birth experiences, objectively-estimated sleep-wake patterns, and feeding practices through three weeks post-delivery. Methods English or Spanish speaking mothers (n=20) and their full-term (≥37wk), singleton infants were recruited from Phoenix, Arizona. Mothers were 32.7±5.1y, 30.0% identified as Hispanic, 20.0% with &amp;lt; high school degree, and 15.0% were enrolled in the federal Women, Infants, and Children program. Infants were born normal weight (2500-4000g) and without major complications. At three weeks post-delivery, infants wore a Micro Motionlogger (Ambulatory Monitoring Inc.) on their left ankle for five 24hr periods at three weeks of age. Mothers completed an accompanying sleep diary and an adapted Infant Feeding Practices Study-II questionnaire. Pearson correlations and t-tests examined relationships between nocturnal sleep-wake patterns and feeding practices at birth and 3-weeks post-delivery. Results At birth, all mothers attempted breastfeeding, 40.0% of infants received formula, and mean time for milk to come in was 2.7 days (range: 1-4). At three weeks, one mother was EFF, 55.5% (n=11) were EBF, and 40.0% (n=8) were mixed feeding. Infant sleep-wake patterns included midpoint of 2:40±1:01, long wake episode (≥5min) frequency of 5.8±2.3, longest sleep bout duration of 127.2±34.9min, WASO of 124.1±54.3min, and TST of 434.7±79.7min. Breastmilk feeding frequency was positively related to long wake episode frequency (r=.49, p=0.03) and WASO (r=.47, p=0.04), and negatively related to longest sleep bout (r=-.59, p=0.006). Formula feeding frequency was positively related to longest sleep bout (r=.58, p=0.007). Greater time for milk to come in was positively related to long wake episode frequency (r=.53, p=0.02) and WASO (r=.56, p=0.01), and negatively related to longest sleep bout (r=-.47, p=0.04). Receiving formula in the hospital was associated with later sleep midpoint (t[18]=3.2, p=0.005), regardless of current formula feeding. Conclusion Feeding experiences and ability to breastfeed during the first few days of life may play a role in the quality and patterning of actigraphy-estimated sleep among newborns. Future research should investigate whether these associations persist into later infancy. Support (If Any) National Institutes of Health / National Heart, Lung, and Blood Institute R01 HL147931",https://doi.org/10.1093/sleep/zsac079.184,2022-05-25,2022,0,0,,,article,TRUE,TRUE,bronze,https://academic.oup.com/sleep/article-pdf/45/Supplement_1/A85/43842263/zsac079.184.pdf,FALSE,SLEEP,https://openalex.org/S42921845,0161-8105,https://openalex.org/P4310311648,Oxford University Press,https://doi.org/10.1093/sleep/zsac079.184,https://academic.oup.com/sleep/article-pdf/45/Supplement_1/A85/43842263/zsac079.184.pdf,NA,publishedVersion,,0,,,,,FALSE,FALSE,en,,A85,A86,45,Supplement_1,Corrie Whisner,Megan E. Petrov
https://openalex.org/W4282839214,"Associations Between Rapid Weight Gain, Feeding Practices, and the Gut Microbiome During Infancy","Associations Between Rapid Weight Gain, Feeding Practices, and the Gut Microbiome During Infancy",,NA,https://doi.org/10.1093/cdn/nzac069.035,2022-06-01,2022,0,0,,,article,TRUE,TRUE,gold,https://academic.oup.com/cdn/article-pdf/6/Supplement_1/1030/44042157/nzac069.035.pdf,FALSE,Current Developments in Nutrition,https://openalex.org/S4210219560,2475-2991,https://openalex.org/P4310320990,Elsevier BV,https://doi.org/10.1093/cdn/nzac069.035,https://academic.oup.com/cdn/article-pdf/6/Supplement_1/1030/44042157/nzac069.035.pdf,cc-by,publishedVersion,,0,,,,,FALSE,FALSE,en,,1030,1030,6,NA,Corrie Whisner,Megan E. Petrov
https://openalex.org/W4378610586,0099 Circadian Rest-Activity Rhythm Development is associated with Weight Gain in Early Infancy,0099 Circadian Rest-Activity Rhythm Development is associated with Weight Gain in Early Infancy,,"Abstract Introduction In early childhood, irregular sleep schedules that may promote circadian rhythm misalignment predict greater weight gain. However, circadian rest-activity (CRA) rhythmicity in infancy in relation to growth is understudied. The aim of the present study was to investigate the association between newborn circadian rest-activity rhythmicity and change in weight-for-age from birth to three months. Methods Data were captured as a secondary data analysis from the Snuggle Bug / Acurrucadito Study (see Support). English or Spanish speaking mothers (n=41, age M±SD=33.1±4.6y, 31.7% Hispanic/Latina) and their full-term (≥37wk) infants of normal weight (2.5-4kg; 58.5% female; 25.6% WIC enrolled) were recruited from Phoenix, Arizona. CRA rhythmicity was measured at eight weeks with ankle-worn Micro Motionloggers (Ambulatory Monitoring Inc.) for five 24hr periods at one-minute epochs. CRA metrics assessed included 24hr autocorrelation, mesor, magnitude, acrophase, goodness-of-fit R2, interdaily stability, intradaily variability, and relative amplitude. Birthweight was mother-reported and 3mon infant weight was measured with a Seca scale. Weight-for-age Z-scores (WAZ) by infant sex were computed based upon World Health Organization growth charts and the change difference between timepoints was the primary outcome. Regression models adjusting for birth WAZ examined the relationships between CRA metrics at eight weeks with change in WAZ from birth to 3mo. Results At eight weeks, mean±SD CRA metrics were as follows: 24hr autocorrelation of 0.25±0.03, mesor of 115.6±14.7, amplitude of 68.1±18.3, goodness-of-fit R2 of 0.42±0.10, acrophase of 14:12±1:42, interdaily stability of 0.57±0.12, intradaily variability of 0.93±0.19, and relative amplitude of 0.61±0.11. Mean birth WAZ and change in WAZ from birth to 3mon were 0.39±0.73 and -0.57±0.77, respectively. After adjusting for birth WAZ, in separate models, greater mesor (R2 Change=0.10, β=-0.32, p=0.03), amplitude (R2 Change=0.11, β=-0.34, p=0.03), and goodness-of-fit R2 (R2 Change=0.10, β=-0.32, p=0.04) were significantly associated with less change in WAZ from birth to 3mon. Conclusion Among relatively healthy, full-term infants born of normal weight, greater 24hr circadian rest-activity rhythmicity achieved by 8 weeks was associated with slower rate of weight gain across the newborn stage. Promoting behaviors and environmental cues from parents that strengthen early circadian rhythmicity in their infants may promote healthy weight trajectories. Support (if any) NIH/NHLBI R01HL147931",https://doi.org/10.1093/sleep/zsad077.0099,2023-05-01,2023,0,0,,,article,TRUE,TRUE,bronze,https://academic.oup.com/sleep/article-pdf/46/Supplement_1/A44/50466129/zsad077.0099.pdf,FALSE,SLEEP,https://openalex.org/S42921845,0161-8105,https://openalex.org/P4310311648,Oxford University Press,http://dx.doi.org/10.1093/sleep/zsad077.0099,https://academic.oup.com/sleep/article-pdf/46/Supplement_1/A44/50466129/zsad077.0099.pdf,NA,publishedVersion,,0,,,,,FALSE,FALSE,en,,A44,A45,46,Supplement_1,Corrie Whisner,Megan E. Petrov
https://openalex.org/W4378611801,"0165 The Relationships between Early Maternal Sleep and Mother-Infant Bonding, and Infant Bedtime Difficulty Later: A Path Analysis","0165 The Relationships between Early Maternal Sleep and Mother-Infant Bonding, and Infant Bedtime Difficulty Later: A Path Analysis",,"Abstract Introduction Infant sleep is influenced by biopsychosocial factors. However, the influences of early parental sleep quality and parent-infant bonding on infant sleep development are underexplored. This study aimed to examine the relationships between early maternal sleep quality and mother-infant bonding at 8 weeks postpartum, and infant bedtime difficulty at 3 months postpartum. Methods This study is a secondary analysis from the Snuggle Bug/Acurrucadito Study, an observational, longitudinal cohort study investigating the associations between 24-hr sleep-wake patterns, gut microbiome, and weight development among infants. Mothers (n=60, 31.5±5.4y, 66.3% married, 40.8% Hispanic, 41.5% &amp;lt; bachelor’s degree) and their full-term (≥37wk), singleton infants without major complications were recruited from Phoenix, Arizona metropolitan area. At 3 and 8 weeks, and 3 months of infant age, mothers completed the Pittsburgh Sleep Quality Index (PSQI, range:0-21, higher scores indicate worse sleep quality), and reported on infant bedtime difficulty, using a 5-point Likert scale (range:1-5) with higher scores indicating greater bedtime difficulty. Mother-infant bonding was measured by the Postpartum Bonding Questionnaire (PBQ, range:0-125) at 8-week age, with higher scores indicating greater bonding problems. Based on the Transactional Model of Infant Sleep, path analyses were conducted to identify the direct effect of 8-week PSQI scores, and indirect effects of 8-week PBQ total scores and 8-week bedtime difficulty on 3-month bedtime difficulty, using z scores for all variables and the 3-week bedtime difficulty as a covariate. Results At 8 weeks postpartum, the means of PSQI, PBQ, and bedtime difficulty were 5.8±2.6, 5.3±4.7, and 2.4±1.0, respectively. Bedtime difficulty at 3 months was 2.0±1.0. After adjusting for the 3-week bedtime difficulty, the 8-week maternal sleep quality was not directly associated with 8-week (β=.005, 95%CI [-0.31, 0.32]) or 3-month infant bedtime difficulty (β=-0.14, 95%CI [-0.43, 0.14]), whereas 8-week mother-infant bonding significantly mediated the relationship between 8-week maternal sleep quality and 3-month infant bedtime difficulty (β=0.1, 95%CI [0.02, 0.22]). Conclusion This study highlighted that early maternal sleep may disrupt early mother-infant bonding, which, in turn, may increase infant bedtime difficulty later in development. Future research should investigate how best to support healthy family sleep and bonding relationships. Support (if any) NIH/NHLBI R01HL147931",https://doi.org/10.1093/sleep/zsad077.0165,2023-05-01,2023,0,0,,,article,TRUE,TRUE,bronze,https://academic.oup.com/sleep/article-pdf/46/Supplement_1/A73/50466465/zsad077.0165.pdf,FALSE,SLEEP,https://openalex.org/S42921845,0161-8105,https://openalex.org/P4310311648,Oxford University Press,http://dx.doi.org/10.1093/sleep/zsad077.0165,https://academic.oup.com/sleep/article-pdf/46/Supplement_1/A73/50466465/zsad077.0165.pdf,NA,publishedVersion,,0,,,,,FALSE,FALSE,en,,A73,A74,46,Supplement_1,Corrie Whisner,Megan E. Petrov
https://openalex.org/W4386052252,Sleep Disturbances and Hygiene of Adolescent Female Survivors of Domestic Minor Sex Trafficking,Sleep Disturbances and Hygiene of Adolescent Female Survivors of Domestic Minor Sex Trafficking,,NA,https://doi.org/10.1016/j.pedhc.2023.07.006,2023-08-22,2023,0,0,,,article,FALSE,FALSE,closed,NA,FALSE,Journal of Pediatric Health Care,https://openalex.org/S78878675,0891-5245,https://openalex.org/P4310320990,Elsevier BV,https://doi.org/10.1016/j.pedhc.2023.07.006,NA,NA,publishedVersion,,55,,,,,FALSE,FALSE,en,,52,60,38,1,Corrie Whisner,Megan E. Petrov
https://openalex.org/W4394760173,Actigraphic sleep patterns are associated with bone turnover and bone mineral density among university students,Actigraphic sleep patterns are associated with bone turnover and bone mineral density among university students,,"Summary Poorer sleep is associated with poorer bone health among older adults but the role of sleep in bone health during younger adulthood is understudied. In this observational study, the averages and variability in total sleep time (TST), sleep efficiency (SE), and sleep midpoint of university students were examined in relation to levels of bone turnover markers (BTMs) and bone mineral density (BMD) at the lumbar spine and femur. A sample of healthy, university students ( N = 59, aged 18–25 years, 51.8% female, body mass index &lt;30 kg/m 2 ), wore a wrist actigraph for 7 days, completed a dual‐energy X‐ray absorptiometry scan, and underwent blood sampling to assess serum BTM concentrations of osteocalcin (OC) and N‐terminal telopeptide of type 1 collagen. A sub‐sample ( n = 14) completed a one‐year follow‐up. Multiple regression models examined the associations between each sleep metric and bone health outcome at baseline and 1‐year follow‐up. At baseline, greater variability in sleep midpoint was cross‐sectionally associated with greater OC (β = 0.21, p = 0.042). In the exploratory, follow‐up sub‐sample, lower average TST (β = −0.66, p = 0.013) and SE (β = −0.68, p = 0.01) at baseline were associated with greater increases in OC at follow‐up. Greater delays in mean sleep midpoint over follow‐up were significantly associated with decreases in lumbar spine BMD (β = −0.49, p = 0.03). In a sample of young adults, variable sleep schedules were associated with greater bone turnover suggesting the potential importance of regular sleep for optimising bone health into early adulthood.",https://doi.org/10.1111/jsr.14192,2024-03-17,2024,0,0,,,article,FALSE,FALSE,closed,NA,FALSE,Journal of Sleep Research,https://openalex.org/S123151105,0962-1105,https://openalex.org/P4310320595,Wiley,https://doi.org/10.1111/jsr.14192,NA,NA,publishedVersion,,38,,,,,FALSE,FALSE,en,,e14192,e14192,33,6,Corrie Whisner,Megan E. Petrov
https://openalex.org/W4394977863,0202 Later Sleep Onset Timing Predicts Greater Postpartum Weight Retention at One Year Postpartum,0202 Later Sleep Onset Timing Predicts Greater Postpartum Weight Retention at One Year Postpartum,,"Abstract Introduction Postpartum weight retention (PPWR), defined as ≥5kg difference between pre-pregnancy and 12-month postpartum weights, is associated with sustained weight retention across the life course. Maternal insufficient sleep duration is associated with PPWR. However, few studies have measured sleep objectively and other potentially relevant sleep dimensions. Moreover, little is known about these associations in the first month postpartum, the period with the greatest maternal sleep disruption. We investigated whether nocturnal total sleep time (TST), wake after sleep onset (WASO), and sleep onset time, predicted PPWR among mothers with full-term infants. Methods This study is a preliminary, secondary analysis of a subsample of mothers from the Snuggle Bug study (n=51, age M±SD= 32.2±5.2y, 35.3% Hispanic/Latina), a longitudinal cohort of mother-infant dyads with infants of normal birth weight. Sleep in mothers was measured using wrist-actigraphy and sleep logs over five days at three weeks postpartum. Pre-pregnancy weight and post-delivery weight were self-reported at three weeks postpartum and gestational weight gain (GWG) was computed. At 12 months postpartum, maternal weight was measured twice using an electronic digital scale (nearest 0.1kg), and breastfeeding duration was reported. Linear and binary logistic, multiple regression models examined the associations of each sleep metric with change in maternal weight (pre-pregnancy to 12-month postpartum) and PPWR status (≥5kg difference), respectively, adjusting for age, pre-pregnancy weight, GWG, and breastfeeding duration, and in the models with WASO and sleep onset, TST was added. Results At 3 weeks postpartum, mothers’ mean TST, WASO, and sleep onset were 354.0±65.0min, 146.3±50.3min, and 23:19±1:23, respectively. The mean weight change from pre-pregnancy to 12 months postpartum was 3.0±6.8kg (5.0±8.7% increase from pre-pregnancy weight), and 34.0% had PPWR. Age and breastfeeding duration were not associated with the outcomes and were dropped from the models. Each one-hour delay in sleep onset predicted greater weight change (ΔR2=0.08, B=1.71kg, β=0.35, p=0.03), and greater odds of PPWR (OR: 1.90, 95%CI: 1.01-3.55, p=0.045). TST and WASO were not associated with the outcomes. Conclusion Among mothers, later bedtimes during early postpartum, independent of sleep duration, may heighten the risk for PPWR at one-year postpartum, which may have significant implications for cardiometabolic outcomes later in life. Support (if any) NIH/NHLBI R01HL147931",https://doi.org/10.1093/sleep/zsae067.0202,2024-04-20,2024,0,0,,,article,TRUE,TRUE,bronze,https://academic.oup.com/sleep/article-pdf/47/Supplement_1/A87/57287681/zsae067.0202.pdf,FALSE,SLEEP,https://openalex.org/S42921845,0161-8105,https://openalex.org/P4310311648,Oxford University Press,http://dx.doi.org/10.1093/sleep/zsae067.0202,https://academic.oup.com/sleep/article-pdf/47/Supplement_1/A87/57287681/zsae067.0202.pdf,NA,publishedVersion,,0,,,,,FALSE,FALSE,en,,A87,A87,47,Supplement_1,Corrie Whisner,Megan E. Petrov
https://openalex.org/W4407793495,Examination of a novel dietary fiber formulation on morphology and nutritional physiology of young male Sprague-Dawley rats fed a high fat diet,Examination of a novel dietary fiber formulation on morphology and nutritional physiology of young male Sprague-Dawley rats fed a high fat diet,,"Western diets are a public health concern as excess intake of simple sugars and fatty foods, and consequently low consumption of fruits and vegetables, can contribute to obesity and other chronic diseases such as diabetes mellitus, metabolic syndrome, cardiovascular diseases, and cancer. Due to the high prevalence of diseases related to Western diets, the objective of this study was to evaluate whether the inclusion of a novel fiber-rich complex could prevent high fat diet-induced weight gain, adiposity, hyperglycemia, dyslipidemia, and oxidative stress in young male Sprague-Dawley rats, Rattus norvegicus . The novel fiber complex contained a blend of bioactive ingredients: 27% flaxseed, 15.9% wheat bran, 14.8% wheat germ, 10% psyllium, 13.1% brewer’s yeast, and 19.2% grapeseed flour. The study included 24 6-week-old rats divided into three groups that were fed either a control diet (C; standard rodent maintenance diet) containing fiber (3.8%g diet); high-fat diet (H) containing Solka Floc cellulose fiber (6.46%g diet); or high-fat diet in which 5% of the diet was replaced with the novel fiber complex (HF) (total fiber: 5%g fiber complex + 6.14%g Solka Floc). Rats in all diet groups gained significant weight during the 6-week feeding period ( p &lt; 0.001) consistent with normal growth. Whereas no differences were observed for blood lipids or beta-hydroxybutyrate, consumption of the H diet significantly increased adiposity ( p &lt; 0.001), liver triglycerides ( p &lt; 0.001), and fasting whole blood glucose concentrations ( p &lt; 0.001) in comparison to the C diet. These effects of high fat consumption were not prevented by the inclusion of the novel fiber complex in this experimental design.",https://doi.org/10.7717/peerj.19029,2025-02-20,2025,0,0,,,article,TRUE,TRUE,gold,https://doi.org/10.7717/peerj.19029,FALSE,PeerJ,https://openalex.org/S1983995261,2167-8359,https://openalex.org/P4310320104,"PeerJ, Inc.",https://doi.org/10.7717/peerj.19029,NA,cc-by,publishedVersion,,66,,,,,FALSE,FALSE,en,,e19029,e19029,13,NA,Corrie Whisner,Karen L. Sweazea
https://openalex.org/W4410503397,0316 Day-to-Night Sleep Ratios and Gut Microbiome Composition in Infancy: A Longitudinal Analysis,0316 Day-to-Night Sleep Ratios and Gut Microbiome Composition in Infancy: A Longitudinal Analysis,,"Abstract Introduction Infancy is a critical period for neurodevelopment and long-term health. Emerging evidence suggests that sleep-wake circadian rhythms and the gut microbiome (GM) are interlinked and influence these outcomes, yet this relationship remains underexplored. This study examines whether day-to-night sleep duration ratios in infancy are associated with GM community structure and species abundance during the first year of life. Methods A subset of mother-infant dyads from the Snuggle Bug / Acurrucadito cohort was analyzed. In total, 80 full-term infants provided 24-hr actigraphic sleep recordings and fecal samples at six time points (3 and 8 weeks, 3, 6, 9, and 12 months). The primary sleep variable included in the gut microbiome analysis was the average proportion of nocturnal total sleep (NTST) relative to 24hr TST (24TST). Fecal microbial DNA was extracted using DNeasy Pro kits and analyzed via PacBio’s full-length16S rRNA gene sequencing, processed with the HiFi-16S Nextflow pipeline to generate high-quality amplicon sequence variants (ASV). Beta diversity, based on Aitchison distance, was assessed using ADONIS in QIIME2 while adjusting for individual and age effects. A linear mixed-effect model with Maaslin2 (q-value≤0.25) was employed to identify differentially abundant species. Results From 80 participants, 196 valid actigraphy and fecal samples were provided. The NTST/24TST significantly increased with age (β±SE=0.02±0.01, p=0.033, range: 0.57-0.99). NTST/24TST was significantly associated with gut microbial community structure after adjusting for time and individual effects (R2=0.014, p=0.016). While the interaction between the age of the infant and NTST/24TST was not significant (p=0.07), the effect size was notable (R2=0.22). Four species were differentially abundant: Anaeroglobus massiliensis (β=-0.05, p=0.0002, q=0.08), Enterobacter cloacae (β=-0.23, p=0.002, q=0.20), and Haemophilus D. sp. 001915335 (β=-0.034, p=0.002, q=0.20) were associated with lower NTST/24TST, with the latter species being an opportunistic pathogen. Conversely, Mediterraneeibacter faecis (β=0.62, p=0.002; q=0.20), a short-chain fatty acid producer, was associated with higher NTST/24TST. Conclusion Day-to-night sleep duration ratio differentiated gut community structures in infancy. Although these findings are preliminary, lower NTST/24TST may reflect a microbiome profile with reduced beneficial microbe abundances. Together, these findings highlight the need for further investigation into the connection between sleep-wake rhythms and gut microbiome composition. Support (if any) R01HL147931",https://doi.org/10.1093/sleep/zsaf090.0316,2025-05-01,2025,0,0,,,article,TRUE,TRUE,bronze,https://academic.oup.com/sleep/article-pdf/48/Supplement_1/A138/63222231/zsaf090.0316.pdf,FALSE,SLEEP,https://openalex.org/S42921845,0161-8105,https://openalex.org/P4310311648,Oxford University Press,https://doi.org/10.1093/sleep/zsaf090.0316,https://academic.oup.com/sleep/article-pdf/48/Supplement_1/A138/63222231/zsaf090.0316.pdf,NA,publishedVersion,,0,,,,,FALSE,FALSE,en,,A138,A138,48,Supplement_1,Corrie Whisner,Megan E. Petrov
https://openalex.org/W4410869079,Origins of Health Outcomes: Linking the Gut Microbiome and Early Life Events to Predict Childhood Obesity Risk,Origins of Health Outcomes: Linking the Gut Microbiome and Early Life Events to Predict Childhood Obesity Risk,,NA,https://doi.org/10.1016/j.cdnut.2025.106777,2025-05-01,2025,0,0,,,article,TRUE,TRUE,gold,https://doi.org/10.1016/j.cdnut.2025.106777,FALSE,Current Developments in Nutrition,https://openalex.org/S4210219560,2475-2991,https://openalex.org/P4310320990,Elsevier BV,https://doi.org/10.1016/j.cdnut.2025.106777,NA,cc-by,publishedVersion,,0,,,,,FALSE,FALSE,en,,106777,106777,9,NA,Corrie Whisner,Megan E. Petrov
https://openalex.org/W4415634771,Microbial Feast or Famine: dietary carbohydrate composition and gut microbiota metabolic function,Microbial Feast or Famine: dietary carbohydrate composition and gut microbiota metabolic function,,"Abstract Diet composition plays a major role in shaping the structure and function of the gut microbiota and influencing host health. While numerous studies have investigated the impact of macronutrient type and quantity on microbiota using in vitro systems, animal models, and human participants, most of these studies focused primarily on microbial-community composition and lacked the functional information that can be gained from transcript-level analyses. In this exploratory analysis, we use metatranscriptomic data to gain a functional perspective on how dietary composition is associated with the gut microbiota and hypothesized implications for host physiology. Data were derived from a tightly controlled, randomized cross-over feeding study conducted in a metabolic ward, where participants consumed two isocaloric and eucaloric diets differing in food processing and fiber content: A Western Diet (WD) limited in fiber, resistant starch, and whole foods and a Microbiome Enhancer Diet (MBD) composed of fiber-rich, whole foods. Our prior findings showed that a WD lead to a resource-limited microbiota enriched in mucin-degrading bacteria that resorted to metabolizing host-derived organic material, while the MBD supported a resource-replete microbiota that primarily metabolized dietary fiber. The objective of this work was to explore these findings more deeply using bioinformatic analyses of metatranscriptomic data. Our analysis showed increased transcription of fiber-degrading enzymes in the MBD and mucin-degrading enzymes in the WD. While in this analysis functional diversity of the gut microbiome was not affected, differences in resistant-starch and fiber content shifted the types of metabolic processes being actively transcribed. The MBD promoted biosynthetic and carbohydrate-fermenting pathways, while the WD was characterized by enzymes for host-glycan and protein degradation. Furthermore, the MBD-supported ecosystem benefits host health via enhanced SCFA production and reduced reliance on host glycan degradation. The WD fostered increased mucin and protein breakdown pathways that yield metabolites that may harm the gut barrier and systemic metabolism.",https://doi.org/10.1101/2025.10.27.684932,2025-10-28,2025,NA,0,,,preprint,TRUE,TRUE,gold,https://www.biorxiv.org/content/biorxiv/early/2025/10/28/2025.10.27.684932.full.pdf,FALSE,NA,NA,NA,NA,NA,https://doi.org/10.1101/2025.10.27.684932,https://www.biorxiv.org/content/biorxiv/early/2025/10/28/2025.10.27.684932.full.pdf,cc-by,acceptedVersion,,88,,,,,FALSE,FALSE,en,,NA,NA,NA,NA,Corrie Whisner,Rosa Krajmalnik‐Brown
https://openalex.org/W3178662959,Recruitment and retention of underrepresented and vulnerable populations to research,Recruitment and retention of underrepresented and vulnerable populations to research,,"Abstract Per principles outlined in the Belmont Report, research involving human subjects should minimize risks to participants and maximize benefits to participants and society. Recruitment of participants should be equitable. Once enrolled, participants have the right to withdraw at any point. Researchers must balance these principles with pressures to meet enrollment goals and, in the context of repeated‐measures designs, retain participants across time. The purpose of this perspective is to describe the approach and corresponding activities for recruiting and retaining underrepresented and vulnerable populations that are the focus of a transdisciplinary academic research center. To this effort, we offer diverse disciplinary backgrounds, experience working with a wide range of populations (from infants to older adults and across multiple health conditions), and spanning a variety of research designs. Effective strategies offered include partnering with community entities, approaching potential participants where they are and at a time of readiness, using population‐appropriate modes of communication and data collection, conducting study activities in familiar settings and at convenient times, maintaining frequent contact, and offering meaningful incentives. These strategies are consistent with population‐specific reports found in the extant literature and underscore their cross‐cutting nature, with adaptations based on participant and community partner needs and preferences.",https://doi.org/10.1111/phn.12943,2021-07-08,2021,8.84702572,59,,,article,FALSE,TRUE,green,https://www.ncbi.nlm.nih.gov/pmc/articles/8697710,FALSE,Public Health Nursing,https://openalex.org/S51862065,0737-1209,https://openalex.org/P4310320595,Wiley,https://doi.org/10.1111/phn.12943,NA,NA,publishedVersion,,57,,,,,FALSE,FALSE,en,,1102,1115,38,6,Megan Petrov,Rodney P. Joseph; Shawn D. Youngstedt
https://openalex.org/W3174143657,"Impact of the COVID-19 pandemic on change in sleep patterns in an exploratory, cross-sectional online sample of 79 countries","Impact of the COVID-19 pandemic on change in sleep patterns in an exploratory, cross-sectional online sample of 79 countries",,NA,https://doi.org/10.1016/j.sleh.2021.05.007,2021-06-27,2021,6.30051732,31,,,article,FALSE,FALSE,closed,NA,FALSE,Sleep Health,https://openalex.org/S2898486062,2352-7218,https://openalex.org/P4310320990,Elsevier BV,https://doi.org/10.1016/j.sleh.2021.05.007,NA,NA,publishedVersion,,38,,,,,FALSE,FALSE,en,,451,458,7,4,Megan Petrov,Shawn D. Youngstedt
https://openalex.org/W4403850148,Sleep and circadian rhythm disturbances as risk and progression factors for multiple chronic overlapping pain conditions: a protocol for a longitudinal study,Sleep and circadian rhythm disturbances as risk and progression factors for multiple chronic overlapping pain conditions: a protocol for a longitudinal study,,"Abstract Introduction: Chronic overlapping pain conditions (COPCs), such as chronic low back pain (cLBP) and fibromyalgia, frequently cooccur and incur substantial healthcare costs. However, to date, much focus has been placed on individual anatomically based chronic pain conditions, whereas little is known about the mechanisms underlying progression to multiple (more than 1) COPCs. This study aims to address the gap by investigating the role of common and modifiable risk factors, specifically sleep and circadian rhythm disturbances, in the development of multiple COPCs. Methods: The study will enroll 300 participants with cLBP, including 200 with cLBP only and 100 with cLBP plus other COPCs (ie, fibromyalgia, temporomandibular disorders, irritable bowel syndrome, and chronic headaches) and follow them up for 12 months. Sleep and circadian rhythms will be assessed using wireless sleep electroencephalography, 24-hour evaluation of the rhythm of urinary 6-sulfatoxymelatonin, actigraphy, and sleep diaries. Pain amplification using quantitative sensory testing, psychological distress using validated self-report measures, and the number of pain sites using a pain body map will also be assessed. Perspectives: This research aims to (1) comprehensively characterize sleep/circadian disturbances in individuals with single and multiple COPCs using multimodal in-home assessments; (2) examine the associations between sleep/circadian disturbances, changes in pain amplification, and psychological distress; and (3) investigate the relationship among these factors and the progression in the number of pain sites, a proxy for multiple COPCs. The findings will provide insights into the mechanisms leading to multiple COPCs, potentially informing treatment and prevention strategies for these complex conditions.",https://doi.org/10.1097/pr9.0000000000001194,2024-10-24,2024,1.79241947,2,,,article,TRUE,TRUE,gold,https://doi.org/10.1097/pr9.0000000000001194,FALSE,PAIN Reports,https://openalex.org/S4210202548,2471-2531,https://openalex.org/P4310318547,Wolters Kluwer,https://doi.org/10.1097/pr9.0000000000001194,NA,cc-by-nc-nd,publishedVersion,,82,,,,,FALSE,FALSE,en,,e1194,e1194,9,6,Megan Petrov,Shawn D. Youngstedt
https://openalex.org/W3158634914,"660 Chronotype Associations with Insomnia, Depressive Symptoms, and Changes in Sleep and Health Behaviors during the COVID-19 Pandemic","660 Chronotype Associations with Insomnia, Depressive Symptoms, and Changes in Sleep and Health Behaviors during the COVID-19 Pandemic",,"Abstract Introduction Evening chronotype (i.e., night owl preference) is associated with worse insomnia and depressive symptoms, and poorer health behaviors. The aim of this study was to examine the association between chronotype and these symptoms and health behaviors during COVID-19 pandemic quarantine. Methods An online survey, distributed internationally via social media from 5/21/2020–7/1/2020, asked adults to report sociodemographic/economic information, changes in sleep (midpoint, total sleep time, sleep efficiency, time-in-bed), and health behaviors (i.e., physical activity, sedentary screen time, and outdoor light exposure patterns) from prior to during the pandemic, chronotype preference (definitely morning [DM], rather more morning [RM], rather more evening [RE], or definitely evening [DE]), and complete the Insomnia Severity Index (ISI) and the 10-item Center for Epidemiologic Studies Depression scale (CES-D-10). Multinomial logistic regression and ANCOVA models, adjusting for age and sex, examined associations of chronotype with COVID-19 pandemic related impacts on sleep, depressive symptoms, and health behaviors. Results A subsample of 579 participants (M age: 39y, range: 18–80; 73.6% female), currently under quarantine and neither pregnant nor performing shift work, represented each chronotype evenly (~25%). Participants delayed their sleep midpoint by 72.0min (SD=111.5) during the pandemic. DE chronotypes had a greater delay than morning types (M±SD DE: 91.0±9.0 vs. RM: 55.9±9.2 &amp; DM: 66.1±9.3; p=0.046) with no significant change in other sleep patterns relative to other chronotypes. However, DE and RE chronotypes had greater odds of reporting that their new sleep/wake schedule was still not consistent with their “body clock” preference relative to morning types (Χ2[15]=54.8, p&amp;lt;0.001), reported greater ISI (F[3,503]=5.3, p=.001) and CES-D-10 scores (F[3,492]=7.9, p&amp;lt;.001), and had greater odds for increased or consistently moderate-to-high sedentary screen time (Χ2[12]=22.7, p=0.03) and decreased physical activity (Χ2[12]=22.5, p=0.03) than DM chronotype. There was no significant difference in change in outdoor light exposure by chronotype (Χ2[12]=12.1, p=0.43). Conclusion In an international online sample of adults under COVID-19 pandemic quarantine, evening chronotypes, despite taking the opportunity to delay sleep to match biological clock preference, reported their sleep/wake schedules were still inconsistent with personal preference, and reported greater insomnia and depressive symptoms, and odds of engaging in poorer health behaviors than morning chronotypes. Support (if any):",https://doi.org/10.1093/sleep/zsab072.658,2021-05-01,2021,0.23812837,3,,,article,TRUE,TRUE,bronze,https://academic.oup.com/sleep/article-pdf/44/Supplement_2/A258/37657981/zsab072.658.pdf,FALSE,SLEEP,https://openalex.org/S42921845,0161-8105,https://openalex.org/P4310311648,Oxford University Press,https://doi.org/10.1093/sleep/zsab072.658,https://academic.oup.com/sleep/article-pdf/44/Supplement_2/A258/37657981/zsab072.658.pdf,NA,publishedVersion,,0,,,,,FALSE,FALSE,en,,A258,A258,44,Supplement_2,Megan Petrov,Shawn D. Youngstedt
https://openalex.org/W3160521987,"Abstract P198: Short Sleep Duration, Greater Cognitive Arousal, And Eveningness Are Associated With Reduced Left Ventricular Function In Insomnia Disorder","Abstract P198: Short Sleep Duration, Greater Cognitive Arousal, And Eveningness Are Associated With Reduced Left Ventricular Function In Insomnia Disorder",,"Aim: Insomnia is associated with cardiovascular disease (CVD), particularly the phenotype with objective short sleep duration and associated physiological arousal. However, what objective sleep and arousal characteristics among patients with insomnia are related to markers of cardiovascular structure and function remains unknown. The present study examined the association of objective sleep metrics and self-reported arousability with arterial stiffness, endothelial function, and left ventricular function among patients with insomnia disorder. Methods: Sixteen young, healthy adults (age: M [ SD ]=30[7]; 56.3% women) meeting diagnostic criteria for insomnia disorder and reporting no history of CVD, underwent fasting vascular testing including carotid-femoral pulse wave velocity (cfPWV) to assess arterial stiffness (SphymocorXCEL TM ), brachial-artery flow mediated dilation (FMD) to assess endothelial function, and 2D echocardiography to assess left ventricular function (Terason uSmart 3300 TM ). Left ventricular function was assessed by ejection fraction (EF), global longitudinal strain (GLS), mitral valve E/e’ (MVE/e’), and lateral e’ using standardized methods. Ten participants wore a portable sleep monitor for 1 night (WatchPat200, Itamar Medical) and an actigraph for 8 nights (Actiwatch Spectrum Plus, Philips Respironics). All participants completed the Pre Sleep Arousal Scale (PSAS; somatic &amp; cognitive subscales), and the Arousal Predisposition Scale (APS). Bivariate correlations and curvilinear regressions (total sleep time [TST] only) were conducted for the associations between actigraphy-assessed TST and WatchPat (WP) TST, actigraphy-assessed mean bedtime, and PSAS and APS scores with cardiovascular markers. Each set of one sleep metric with all six cardiovascular markers were Bonferroni corrected (α level: p &lt;0.007). Results: On average, participants obtained 7h,9min of TST (range: 6h,26min - 8h,41min) and went to bed at 23:40 (range:21:47-2:13) via actigraphy, and slept 6h,51min via WP. Mean PSAS Somatic, PSAS Cognitive, and APS scores were 13.7(SD=4.5), 24.5(SD=7.5), and 27.9(SD=7.6), respectively. cfPWV (range:4.6-8.0), EF% (range:55.0-70.9), GLS% (range:-25- -19), and MVE/e’ (range:3.6-13.3) were all within age and sex normative ranges. Mean FMD was 7.8% (SD=2.6, range:4.4-14.6), and lateral e’ was 15 cm/s (SD=4.5, range:9-22). Correlations indicated that greater PSAS cognitive scores were related to worsening (less negative) GLS% ( r =0.77, p =0.001), later bedtimes were associated with lower lateral e’ ( r =-0.84, p =0.004), and shorter WPTST was associated with lower EF% (r=0.84, p=0 . 002). Conclusion: Among young adults with insomnia disorder, greater cognitive arousal, later bedtimes, and shorter objective total sleep time were associated with subclinical worsening of left ventricular strain, diastolic and systolic function.",https://doi.org/10.1161/circ.143.suppl_1.p198,2021-05-18,2021,0,0,,,article,FALSE,FALSE,closed,NA,FALSE,Circulation,https://openalex.org/S116251202,0009-7322,https://openalex.org/P4310315671,Lippincott Williams & Wilkins,https://doi.org/10.1161/circ.143.suppl_1.p198,NA,NA,publishedVersion,,0,,,,,FALSE,FALSE,en,,NA,NA,143,Suppl_1,Megan Petrov,Shawn D. Youngstedt
https://openalex.org/W4293067394,0098 A Model for a Chronic Napping in Older Adults at Risk for Alzheimer’s Disease,0098 A Model for a Chronic Napping in Older Adults at Risk for Alzheimer’s Disease,,"Abstract Introduction Theoretically, napping could have positive effects on health (e.g., by reducing stress and compensating for short night time sleep) or negative effects (e.g., by disrupting nighttime sleep or impairing circadian synchronization). Epidemiologic studies have produced mixed results regarding associations of napping with health. Causality can be better addressed with a randomized controlled trial of daily napping, as described herein. Methods Participants were 12 older adults (70.8±4.4 years) with a first degree relative with Alzheimer’s Disease. Inclusion criteria included normal cognitive function; stable sleep schedule; stable medication use; and self-reported ease of taking naps, but with napping frequency of ≤2 days per week. Exclusion criteria included having a sleep disorder or high risk of obstructive sleep apnea; hypertension; sleeping pill use &amp;gt; once per week; MI or stroke within the past 3 years. Following a one week baseline involving a stable sleep/nap schedule consistent with usual habits, participants were randomized to one of two 21-day treatments: (1) daily napping (1 h/day begun at 5-7 h after arising) while keeping a stable night sleep schedule consistent with baseline (n=6); (2) a no-napping control treatment in which participants read quietly for 1 h/day at the same time (n=6). Sleep for night sleep and napping (or non-napping) was assessed via self-report, actigraphy, and the Z-machine. Results ANOVA revealed a significant increase in napping minutes/day (p=0.01) in the napping treatment (baseline: 14.5±21.1; 21-day average: 42.1±19.1) compared with the control treatment (baseline: 2.2±5.5; treatment: 1.4±3.5). However, reported nightime sleep duration did not change significantly between the napping (from 7.1±1.2 to 7.4±1.0 h) and the control treatment (7.8±0.7 to 7.8±0.6 h). Actigraphic night sleep changed from 7.3±0.8 to 7.1±0.9 and 7.8±5 to 7.6±0.7 after napping and control, respectively. There were not significant treatment differences (nor notable effect size differences) for depressed mood, sleepiness, PSQI, amyloid beta, nor cardiovascular measures (e.g., blood pressure, flow mediated dilation, pulse wave velocity). Conclusion The data indicate that older adults can undergo daily napping without significant impairment in nighttime sleep. Neither benefits nor detrimental effects on health-related variables were shown in this small sample. A more prolonged intervention is needed. Support (If Any) Institute for Social Science Research (ASU)",https://doi.org/10.1093/sleep/zsac079.096,2022-05-25,2022,0,0,,,article,TRUE,TRUE,bronze,https://academic.oup.com/sleep/article-pdf/45/Supplement_1/A44/43841955/zsac079.096.pdf,FALSE,SLEEP,https://openalex.org/S42921845,0161-8105,https://openalex.org/P4310311648,Oxford University Press,https://doi.org/10.1093/sleep/zsac079.096,https://academic.oup.com/sleep/article-pdf/45/Supplement_1/A44/43841955/zsac079.096.pdf,NA,publishedVersion,,0,,,,,FALSE,FALSE,en,,A44,A44,45,Supplement_1,Megan Petrov,Shawn D. Youngstedt
https://openalex.org/W4404007441,Effects Of Moderate Sleep Restriction On Physical Activity In Older Long And Average Duration Sleepers,Effects Of Moderate Sleep Restriction On Physical Activity In Older Long And Average Duration Sleepers,,NA,https://doi.org/10.1249/01.mss.0001093672.96405.e5,2024-10-01,2024,0,0,,,article,FALSE,FALSE,closed,NA,FALSE,Medicine & Science in Sports & Exercise,https://openalex.org/S14544163,0195-9131,https://openalex.org/P4310315671,Lippincott Williams & Wilkins,http://dx.doi.org/10.1249/01.mss.0001093672.96405.e5,NA,NA,publishedVersion,,0,,,,,FALSE,FALSE,en,,985,985,56,10S,Megan Petrov,Shawn D. Youngstedt
https://openalex.org/W3137757434,APOE4 is associated with elevated blood lipids and lower levels of innate immune biomarkers in a tropical Amerindian subsistence population,APOE4 is associated with elevated blood lipids and lower levels of innate immune biomarkers in a tropical Amerindian subsistence population,,"In post-industrial settings, apolipoprotein E4 ( APOE4 ) is associated with increased cardiovascular and neurological disease risk. However, the majority of human evolutionary history occurred in environments with higher pathogenic diversity and low cardiovascular risk. We hypothesize that in high-pathogen and energy-limited contexts, the APOE4 allele confers benefits by reducing innate inflammation when uninfected, while maintaining higher lipid levels that buffer costs of immune activation during infection. Among Tsimane forager-farmers of Bolivia ( N = 1266, 50% female), APOE4 is associated with 30% lower C-reactive protein, and higher total cholesterol and oxidized LDL. Blood lipids were either not associated, or negatively associated with inflammatory biomarkers, except for associations of oxidized LDL and inflammation which were limited to obese adults. Further, APOE4 carriers maintain higher levels of total and LDL cholesterol at low body mass indices (BMIs). These results suggest that the relationship between APOE4 and lipids may be beneficial for pathogen-driven immune responses and unlikely to increase cardiovascular risk in an active subsistence population.",https://doi.org/10.7554/elife.68231,2021-09-29,2021,4.74819033,52,,,article,TRUE,TRUE,gold,https://doi.org/10.7554/elife.68231,FALSE,eLife,https://openalex.org/S1336409049,2050-084X,https://openalex.org/P4310311710,eLife Sciences Publications Ltd,https://doi.org/10.7554/elife.68231,NA,cc-by,publishedVersion,,82,,,,,FALSE,FALSE,en,,NA,NA,10,NA,Kenneth Buetow,Benjamin C. Trumble
https://openalex.org/W4385690674,<i>Apolipoprotein-</i> ε <i>4</i> is associated with higher fecundity in a natural fertility population,<i>Apolipoprotein-</i> ε <i>4</i> is associated with higher fecundity in a natural fertility population,,"In many populations, the a polipoprotein- ε 4 ( APOE- ε 4 ) allele increases the risk for several chronic diseases of aging, including dementia and cardiovascular disease; despite these harmful effects at later ages, the APOE- ε 4 allele remains prevalent. We assess the impact of APOE- ε 4 on fertility and its proximate determinants (age at first reproduction, interbirth interval) among the Tsimane, a natural fertility population of forager-horticulturalists. Among 795 women aged 13 to 90 (20% APOE- ε 4 carriers), those with at least one APOE- ε 4 allele had 0.3 to 0.5 more children than (ε3/ε3) homozygotes, while those with two APOE- ε 4 alleles gave birth to 1.4 to 2.1 more children. APOE- ε 4 carriers achieve higher fertility by beginning reproduction 0.8 years earlier and having a 0.23-year shorter interbirth interval. Our findings add to a growing body of literature suggesting a need for studies of populations living in ancestrally relevant environments to assess how alleles that are deleterious in sedentary urban environments may have been maintained by selection throughout human evolutionary history.",https://doi.org/10.1126/sciadv.ade9797,2023-08-09,2023,45.925325,26,,,article,TRUE,TRUE,gold,https://www.science.org/doi/pdf/10.1126/sciadv.ade9797?download=true,FALSE,Science Advances,https://openalex.org/S2737427234,2375-2548,https://openalex.org/P4310315823,American Association for the Advancement of Science,https://doi.org/10.1126/sciadv.ade9797,https://www.science.org/doi/pdf/10.1126/sciadv.ade9797?download=true,cc-by,publishedVersion,,66,,,,,FALSE,FALSE,en,,eade9797,eade9797,9,32,Kenneth Buetow,Benjamin C. Trumble
https://openalex.org/W4412499491,Higher blood lipid levels after the transition to menopause in two forager-horticulturalist populations,Higher blood lipid levels after the transition to menopause in two forager-horticulturalist populations,,"Abstract Background Reproduction affects health and longevity among females across the life course. While significant focus has been devoted to the role of menarche, menopause remains understudied. Most menopause research is conducted in industrialized populations, where the risk of cardiovascular diseases increases progressively during the menopausal transition. Methodology We worked with the Tsimane, Indigenous Bolivian forager-farmers with physically active lifestyles, and the Moseten, genetically and culturally related horticulturalists experiencing greater market integration. We assessed relationships between menopause status and lipid biomarkers (HDL, LDL, non-HDL, total cholesterol, triglycerides, and apolipoprotein-B). Using linear mixed-effects models, in an all-age sample of n = 1,121 women (15–92 years) we found positive associations between menopausal status and most lipid levels. Results Menopause was associated with 5.0% higher total cholesterol (b = 7.038 mg/dL, P = .001), 9.4% higher LDL (b = 5.147 mg/dL, P = .017), 5.9% higher non-HDL cholesterol (b = 8.071 mg/dL, P &amp;lt; .001), 11.3% higher triglycerides (b = 19.119 mg/dL, P &amp;lt; .001), and 1.5% higher apolipoprotein-B (b = 0.248 mg/dL, P = .001), controlling for age, body mass index (BMI), year of data collection, and population. In contrast, HDL did not vary with menopause status. Conclusions After controlling for age, BMI, and year of data collection, post-menopausal lipid profiles among the Tsimane across six biomarkers are 2–7 times lower than those documented in U.S./U.K. populations. These results support existing literature that documents distinct shifts in lipid profiles during and after the menopause transition in industrialized populations. Further, our results suggest lipids increase post-menopause similarly to those of industrialized populations, despite the differential diet, physical activity, fertility, and hormone exposure in industrialized environments. Lay Summary Menopause is a relatively rare life history trait primarily studied in industrial populations. We examined relationships between menopause and cardiovascular disease risk biomarkers in two forager-horticulturalist populations. We found positive associations between menopause and total cholesterol, HDL, LDL, non-HDL, triglycerides, and apolipoprotein-B, suggesting lipid increases post-menopause are a human universal.",https://doi.org/10.1093/emph/eoaf020,2025-01-01,2025,5.7379533,1,,,article,TRUE,TRUE,gold,https://academic.oup.com/emph/advance-article-pdf/doi/10.1093/emph/eoaf020/63807641/eoaf020.pdf,FALSE,Evolution Medicine and Public Health,https://openalex.org/S4210240792,2050-6201,https://openalex.org/P4310311647,University of Oxford,https://doi.org/10.1093/emph/eoaf020,https://academic.oup.com/emph/advance-article-pdf/doi/10.1093/emph/eoaf020/63807641/eoaf020.pdf,cc-by,publishedVersion,,60,,,,,FALSE,FALSE,en,,201,214,13,1,Kenneth Buetow,Benjamin C. Trumble
https://openalex.org/W4313251793,Natural selection of immune and metabolic genes associated with health in two lowland Bolivian populations,Natural selection of immune and metabolic genes associated with health in two lowland Bolivian populations,,"A growing body of work has addressed human adaptations to diverse environments using genomic data, but few studies have connected putatively selected alleles to phenotypes, much less among underrepresented populations such as Amerindians. Studies of natural selection and genotype–phenotype relationships in underrepresented populations hold potential to uncover previously undescribed loci underlying evolutionarily and biomedically relevant traits. Here, we worked with the Tsimane and the Moseten, two Amerindian populations inhabiting the Bolivian lowlands. We focused most intensively on the Tsimane, because long-term anthropological work with this group has shown that they have a high burden of both macro and microparasites, as well as minimal cardiometabolic disease or dementia. We therefore generated genome-wide genotype data for Tsimane individuals to study natural selection, and paired this with blood mRNA-seq as well as cardiometabolic and immune biomarker data generated from a larger sample that included both populations. In the Tsimane, we identified 21 regions that are candidates for selective sweeps, as well as 5 immune traits that show evidence for polygenic selection (e.g., C-reactive protein levels and the response to coronaviruses). Genes overlapping candidate regions were strongly enriched for known involvement in immune-related traits, such as abundance of lymphocytes and eosinophils. Importantly, we were also able to draw on extensive phenotype information for the Tsimane and Moseten and link five regions (containing PSD4 , MUC21 and MUC22 , TOX2 , ANXA6 , and ABCA1 ) with biomarkers of immune and metabolic function. Together, our work highlights the utility of pairing evolutionary analyses with anthropological and biomedical data to gain insight into the genetic basis of health-related traits.",https://doi.org/10.1073/pnas.2207544120,2022-12-27,2022,6.62584516,24,,,article,TRUE,TRUE,hybrid,https://doi.org/10.1073/pnas.2207544120,FALSE,Proceedings of the National Academy of Sciences,https://openalex.org/S125754415,0027-8424,https://openalex.org/P4310320052,National Academy of Sciences,https://doi.org/10.1073/pnas.2207544120,NA,cc-by,publishedVersion,,100,,,,,FALSE,FALSE,en,,e2207544120,e2207544120,120,1,Kenneth Buetow,Benjamin C. Trumble
https://openalex.org/W4327912638,"Brain volume, energy balance, and cardiovascular health in two nonindustrial South American populations","Brain volume, energy balance, and cardiovascular health in two nonindustrial South American populations",,"Little is known about brain aging or dementia in nonindustrialized environments that are similar to how humans lived throughout evolutionary history. This paper examines brain volume (BV) in middle and old age among two indigenous South American populations, the Tsimane and Moseten, whose lifestyles and environments diverge from those in high-income nations. With a sample of 1,165 individuals aged 40 to 94, we analyze population differences in cross-sectional rates of decline in BV with age. We also assess the relationships of BV with energy biomarkers and arterial disease and compare them against findings in industrialized contexts. The analyses test three hypotheses derived from an evolutionary model of brain health, which we call the embarrassment of riches (EOR). The model hypothesizes that food energy was positively associated with late life BV in the physically active, food-limited past, but excess body mass and adiposity are now associated with reduced BV in industrialized societies in middle and older ages. We find that the relationship of BV with both non-HDL cholesterol and body mass index is curvilinear, positive from the lowest values to 1.4 to 1.6 SDs above the mean, and negative from that value to the highest values. The more acculturated Moseten exhibit a steeper decrease in BV with age than Tsimane, but still shallower than US and European populations. Lastly, aortic arteriosclerosis is associated with lower BV. Complemented by findings from the United States and Europe, our results are consistent with the EOR model, with implications for interventions to improve brain health.",https://doi.org/10.1073/pnas.2205448120,2023-03-20,2023,3.86746963,13,,,article,FALSE,TRUE,green,https://repository.arizona.edu/bitstream/10150/674612/1/kaplan-et-al-2023-brain-volume-energy-balance-and-cardiovascular-health-in-two-nonindustrial-south-american-populations.pdf,FALSE,Proceedings of the National Academy of Sciences,https://openalex.org/S125754415,0027-8424,https://openalex.org/P4310320052,National Academy of Sciences,https://doi.org/10.1073/pnas.2205448120,NA,NA,publishedVersion,,120,,,,,FALSE,FALSE,en,,e2205448120,e2205448120,120,13,Kenneth Buetow,Benjamin C. Trumble
https://openalex.org/W4391389746,"Poor Oral Health Is Associated With Inflammation, Aortic Valve Calcification, and Brain Volume Among Forager-Farmers","Poor Oral Health Is Associated With Inflammation, Aortic Valve Calcification, and Brain Volume Among Forager-Farmers",,"Abstract Poor oral health is associated with cardiovascular disease and dementia. Potential pathways include sepsis from oral bacteria, systemic inflammation, and nutritional deficiencies. However, in post-industrialized populations, links between oral health and chronic disease may be confounded because the lower socioeconomic exposome (poor diet, pollution, and low physical activity) often entails insufficient dental care. We assessed tooth loss, caries, and damaged teeth, in relation to cardiovascular and brain aging among the Tsimane, a subsistence population living a relatively traditional forager-horticulturalist lifestyle with poor dental health, but minimal cardiovascular disease and dementia. Dental health was assessed by a physician in 739 participants aged 40–92 years with cardiac and brain health measured by chest computed tomography (CT; n = 728) and brain CT (n = 605). A subset of 356 individuals aged 60+ were also assessed for dementia and mild cognitive impairment (n = 33 impaired). Tooth loss was highly prevalent, with 2.2 teeth lost per decade and a 2-fold greater loss in women. The number of teeth with exposed pulp was associated with higher inflammation, as measured by cytokine levels and white blood cell counts, and lower body mass index. Coronary artery calcium and thoracic aortic calcium were not associated with tooth loss or damaged teeth. However, aortic valve calcification and brain tissue loss were higher in those who had more teeth with exposed pulp. Overall, these results suggest that dental health is associated with indicators of chronic diseases in the absence of typical confounds, even in a population with low cardiovascular and dementia risk factors.",https://doi.org/10.1093/gerona/glae013,2024-01-31,2024,8.84125465,9,,,article,TRUE,TRUE,bronze,https://academic.oup.com/biomedgerontology/advance-article-pdf/doi/10.1093/gerona/glae013/56487269/glae013.pdf,FALSE,The Journals of Gerontology Series A,https://openalex.org/S969433497,1079-5006,https://openalex.org/P4310311648,Oxford University Press,https://doi.org/10.1093/gerona/glae013,https://academic.oup.com/biomedgerontology/advance-article-pdf/doi/10.1093/gerona/glae013/56487269/glae013.pdf,NA,publishedVersion,,107,,,,,FALSE,FALSE,en,,NA,NA,79,5,Kenneth Buetow,Benjamin C. Trumble
https://openalex.org/W4396222761,Increases in regional brain volume across two native South American male populations,Increases in regional brain volume across two native South American male populations,,NA,https://doi.org/10.1007/s11357-024-01168-2,2024-04-29,2024,18.91707591,4,,,article,TRUE,TRUE,hybrid,https://link.springer.com/content/pdf/10.1007/s11357-024-01168-2.pdf,FALSE,GeroScience,https://openalex.org/S4210237251,2509-2715,https://openalex.org/P4310319972,Springer International Publishing,https://doi.org/10.1007/s11357-024-01168-2,https://link.springer.com/content/pdf/10.1007/s11357-024-01168-2.pdf,cc-by,publishedVersion,,102,,,,,FALSE,FALSE,en,,4563,4583,46,5,Kenneth Buetow,Benjamin C. Trumble
https://openalex.org/W4410611372,Cost-effective solutions for high-throughput enzymatic DNA methylation sequencing,Cost-effective solutions for high-throughput enzymatic DNA methylation sequencing,,"Characterizing DNA methylation patterns is important for addressing key questions in evolutionary biology, development, geroscience, and medical genomics. While costs are decreasing, whole-genome DNA methylation profiling remains prohibitively expensive for most population-scale studies, creating a need for cost-effective, reduced representation approaches (i.e., assays that rely on microarrays, enzyme digests, or sequence capture to target a subset of the genome). Most common whole genome and reduced representation techniques rely on bisulfite conversion, which can damage DNA resulting in DNA loss and sequencing biases. Enzymatic methyl sequencing (EM-seq) was recently proposed to overcome these issues, but thorough benchmarking of EM-seq combined with cost-effective, reduced representation strategies is currently lacking. To address this gap, we optimized the Targeted Methylation Sequencing protocol (TMS)—which profiles ~4 million CpG sites—for miniaturization, flexibility, and multispecies use. First, we tested modifications to increase throughput and reduce cost, including increasing multiplexing, decreasing DNA input, and using enzymatic rather than mechanical fragmentation to prepare DNA. Second, we compared our optimized TMS protocol to commonly used techniques, specifically the Infinium MethylationEPIC BeadChip (n = 55 paired samples) and whole genome bisulfite sequencing (n = 6 paired samples). In both cases, we found strong agreement between technologies (R 2 = 0.97 and 0.99, respectively). Third, we tested the optimized TMS protocol in three non-human primate species (rhesus macaques, geladas, and capuchins). We captured a high percentage (mean = 77.1%) of targeted CpG sites and produced methylation level estimates that agreed with those generated from reduced representation bisulfite sequencing (R 2 = 0.98). Finally, we confirmed that estimates of 1) epigenetic age and 2) tissue-specific DNA methylation patterns are strongly recapitulated using data generated from TMS versus other technologies. Altogether, our optimized TMS protocol will enable cost-effective, population-scale studies of genome-wide DNA methylation levels across human and non-human primate species.",https://doi.org/10.1371/journal.pgen.1011667,2025-05-22,2025,8.04883388,3,,,article,TRUE,TRUE,gold,https://doi.org/10.1371/journal.pgen.1011667,FALSE,PLoS Genetics,https://openalex.org/S103870658,1553-7390,https://openalex.org/P4310315706,Public Library of Science,https://doi.org/10.1371/journal.pgen.1011667,NA,cc-by,publishedVersion,,112,,,,,FALSE,FALSE,en,,e1011667,e1011667,21,5,Kenneth Buetow,Benjamin C. Trumble
https://openalex.org/W4413345220,Inflammaging is minimal among forager-horticulturalists in the Bolivian Amazon,Inflammaging is minimal among forager-horticulturalists in the Bolivian Amazon,,"An increase in chronic systemic inflammation in later life, termed inflammaging, is implicated in health risk. However, it is unclear whether inflammaging develops in all human populations, or if it is the product of environmental mismatch. We assessed inflammaging in Tsimane forager-horticulturalists of the Bolivian Amazon, using serum cytokines in a primarily cross-sectional sample (1134 samples from n = 714 individuals, age 39–94, 51.3% female). IL-6 was positively associated with age ( β = 0.013, p &lt; 0.01). However, other pro-inflammatory markers, including IL-1β and TNF-α, did not increase with age ( β = −0.005 and β = −0.001, respectively). We then compared the Moseten, a neighbouring population that has experienced greater market integration (423 samples from n = 380 individuals, age 39–85, 48.2% female). The Moseten also showed a positive age association for IL-6 that attenuated at later ages (age β = 0.025, p &lt; 0.01; age 2 β = −0.001, p &lt; 0.05). Further, IL-1β and TNF-α were both positively associated with age ( β = 0.021, p &lt; 0.05 and β = 0.011, p &lt; 0.01, respectively). Our results demonstrate minimal inflammaging in the Tsimane, highlighting variation across populations in this age-related process. They also suggest that inflammaging is exacerbated by lifestyle shifts.",https://doi.org/10.1098/rspb.2025.1111,2025-08-01,2025,6.90267178,2,,,article,FALSE,FALSE,closed,NA,FALSE,Proceedings of the Royal Society B Biological Sciences,https://openalex.org/S3006207977,0962-8452,https://openalex.org/P4310319787,Royal Society,https://doi.org/10.1098/rspb.2025.1111,NA,NA,publishedVersion,,69,,,,,FALSE,FALSE,en,,20251111,20251111,292,2053,Kenneth Buetow,Benjamin C. Trumble
https://openalex.org/W4388733608,Testosterone is positively associated with coronary artery calcium in a low cardiovascular disease risk population,Testosterone is positively associated with coronary artery calcium in a low cardiovascular disease risk population,,"Abstract Background In industrialized populations, low male testosterone is associated with higher rates of cardiovascular mortality. However, coronary risk factors like obesity impact both testosterone and cardiovascular outcomes. Here, we assess the role of endogenous testosterone on coronary artery calcium in an active subsistence population with relatively low testosterone levels, low cardiovascular risk and low coronary artery calcium scores. Methodology In this cross-sectional community-based study, 719 Tsimane forager-horticulturalists in the Bolivian Amazon aged 40+ years underwent computed tomography (49.8% male, mean age 57.6 years). Results Coronary artery calcium levels were low; 84.5% had no coronary artery calcium. Zero-inflated negative binomial models found testosterone was positively associated with coronary artery calcium for the full sample (Incidence Rate Ratio [IRR] = 1.477, 95% Confidence Interval [CI] 1.001–2.170, P = 0.031), and in a male-only subset (IRR = 1.532, 95% CI 0.993–2.360, P = 0.053). Testosterone was also positively associated with clinically relevant coronary atherosclerosis (calcium &amp;gt;100 Agatston units) in the full sample (Odds Ratio [OR] = 1.984, 95% CI 1.202–3.275, P = 0.007) and when limited to male-only sample (OR = 2.032, 95% CI 1.118–4.816, P = 0.024). Individuals with coronary artery calcium &amp;gt;100 had 20% higher levels of testosterone than those with calcium &amp;lt;100 (t = –3.201, P = 0.007). Conclusions and Implications Among Tsimane, testosterone is positively associated with coronary artery calcium despite generally low normal testosterone levels, minimal atherosclerosis and rare cardiovascular disease (CVD) events. Associations between low testosterone and CVD events in industrialized populations are likely confounded by obesity and other lifestyle factors.",https://doi.org/10.1093/emph/eoad039,2023-01-01,2023,0.67275755,2,,,article,TRUE,TRUE,gold,https://academic.oup.com/emph/advance-article-pdf/doi/10.1093/emph/eoad039/53471457/eoad039.pdf,FALSE,Evolution Medicine and Public Health,https://openalex.org/S4210240792,2050-6201,https://openalex.org/P4310311647,University of Oxford,https://doi.org/10.1093/emph/eoad039,https://academic.oup.com/emph/advance-article-pdf/doi/10.1093/emph/eoad039/53471457/eoad039.pdf,cc-by,publishedVersion,,78,,,,,FALSE,FALSE,en,,472,484,11,1,Kenneth Buetow,Benjamin C. Trumble
https://openalex.org/W3203442207,<i>APOE4</i> is associated with elevated blood lipids and lower levels of innate immune biomarkers in a tropical Amerindian subsistence population,<i>APOE4</i> is associated with elevated blood lipids and lower levels of innate immune biomarkers in a tropical Amerindian subsistence population,,"Abstract In post-industrial settings, APOE4 is associated with increased cardiovascular and neurological disease risk. However, the majority of human evolutionary history occurred in environments with higher pathogenic diversity and low cardiovascular risk. We hypothesize that in high-pathogen and energy-limited contexts, the APOE4 allele confers benefits by reducing baseline innate inflammation when uninfected, while maintaining higher lipid levels that buffer costs of immune activation during infection. Among Tsimane forager-farmers of Bolivia (N=1266), APOE4 is associated with 30% lower C-reactive protein, and higher total cholesterol and oxidized-LDL. Blood lipids were either not associated, or negatively associated with inflammatory biomarkers, except for associations of oxidized-LDL and inflammation which were limited to obese adults. Further, APOE4 carriers maintain higher levels of total and LDL cholesterol at low BMIs. These results suggest the relationship between APOE4 and lipids is likely beneficial for pathogen-driven immune responses, and unlikely to increase cardiovascular risk in an active subsistence population.",https://doi.org/10.1101/2021.03.19.436070,2021-03-20,2021,NA,0,,,preprint,TRUE,TRUE,gold,https://www.biorxiv.org/content/biorxiv/early/2021/03/20/2021.03.19.436070.full.pdf,FALSE,NA,NA,NA,NA,NA,https://doi.org/10.1101/2021.03.19.436070,https://www.biorxiv.org/content/biorxiv/early/2021/03/20/2021.03.19.436070.full.pdf,cc-by-nc-nd,acceptedVersion,,64,,,,,FALSE,FALSE,en,,NA,NA,NA,NA,Kenneth Buetow,Benjamin C. Trumble
https://openalex.org/W3204897563,Author response: APOE4 is associated with elevated blood lipids and lower levels of innate immune biomarkers in a tropical Amerindian subsistence population,Author response: APOE4 is associated with elevated blood lipids and lower levels of innate immune biomarkers in a tropical Amerindian subsistence population,,"Article Figures and data Abstract eLife digest Introduction Results Discussion Materials and methods Data availability References Decision letter Author response Article and author information Metrics Abstract In post-industrial settings, apolipoprotein E4 (APOE4) is associated with increased cardiovascular and neurological disease risk. However, the majority of human evolutionary history occurred in environments with higher pathogenic diversity and low cardiovascular risk. We hypothesize that in high-pathogen and energy-limited contexts, the APOE4 allele confers benefits by reducing innate inflammation when uninfected, while maintaining higher lipid levels that buffer costs of immune activation during infection. Among Tsimane forager-farmers of Bolivia (N = 1266, 50% female), APOE4 is associated with 30% lower C-reactive protein, and higher total cholesterol and oxidized LDL. Blood lipids were either not associated, or negatively associated with inflammatory biomarkers, except for associations of oxidized LDL and inflammation which were limited to obese adults. Further, APOE4 carriers maintain higher levels of total and LDL cholesterol at low body mass indices (BMIs). These results suggest that the relationship between APOE4 and lipids may be beneficial for pathogen-driven immune responses and unlikely to increase cardiovascular risk in an active subsistence population. eLife digest Genes contain the instructions needed for a cell to make molecules called proteins, which perform various roles in the body. Different variants of a gene can affect how the protein works, and in some cases, can increase a person’s risk to develop certain diseases. For example, people who carry a version of the apolipoprotein E gene called APOE4 have a greater risk of developing Alzheimer’s disease or heart disease. Individuals with two copies of this genetic variant have a 45% higher risk of heart disease and 12 times higher risk of Alzheimer’s disease. Studies in industrialized countries suggest this increased risk may be the result of higher cholesterol and inflammation in people with APOE4. But if APOE4 is harmful, why does it continue to be so common worldwide? One potential explanation is that APOE4, which has been around since before modern humans, may be beneficial in some contexts. Cholesterol is essential for many vital tasks in the body. In physically demanding environments where parasitic infections are common – conditions similar to those experienced by early humans – APOE4 might be beneficial. Under those circumstances, having more cholesterol might help fuel metabolic activities, fight infections, or reduce inflammation caused by infections. Garcia et al. investigated the link between the APOE4 genetic variant, cholesterol and inflammation in 1,266 Indigenous Tsimane people from 80 villages in Bolivia. Tsimane people live an active lifestyle foraging and farming for food. Parasite infections are a common problem in their communities, but obesity rates are very low. Garcia et al. found that Tsimane people with at least one copy of the APOE4 have lower levels of inflammation and higher levels of cholesterol than those who have two copies of the APOE3 version of the gene. Very lean people with APOE4 had especially high levels of the so called “bad” low density lipoprotein (LDL) cholesterol compared to people with APOE3 only. However, in this situation, storing a little extra cholesterol may not be so bad. The findings contradict other studies that have linked obesity to higher LDL levels and APOE4 to higher levels of inflammation. For the majority of human history, humans lived in more physically strenuous and calorically restrictive environments, with less access to clean water. Garcia et al. suggest that the harmful effects of APOE4 seen in studies in more industrialized societies – where people tend to be more sedentary and have less exposure to pathogens – may reflect a mismatch between a person’s environment and their genes. More studies that capture the diversity of environmental conditions under which people live will help clarify the role of APOE4 health and disease. Introduction The apolipoprotein E4 (APOE4) allele is considered a major shared risk factor for both cardiovascular disease (CVD) (Hansson and Libby, 2006) and Alzheimer’s disease (AD) (Belloy et al., 2019; Smith et al., 2019), in part due to its role in lipid metabolism and related inflammation (Huebbe and Rimbach, 2017). APOE4+ carriers consistently show higher levels of total cholesterol, low-density lipoprotein (LDL), and oxidized LDL (Safieh et al., 2019; Yassine and Finch, 2020). While some studies suggest APOE4+ carriers have higher inflammatory responses (Gale et al., 2014; Olgiati et al., 2010), the APOE4 allele is also associated with downregulation of aspects of innate immune function, including acute phase proteins (Lumsden et al., 2020; Martiskainen et al., 2018; Vasunilashorn et al., 2011), and toll-like receptor (TLR) signaling molecules (Dose et al., 2018). APOE, lipids, and immune function may interact differently in contemporary obesogenic post-industrial contexts compared to environments where infections are prevalent. For instance, a prospective U.S.-based cohort study (Framingham Heart Study) found that individuals with APOE4 and low-grade chronic obesity-related inflammation had higher risk of developing AD, with earlier onset than APOE3/3 and APOE4+ carriers without inflammation (Tao et al., 2018). By contrast, APOE4 may protect against cognitive loss among those infected with parasites (Oriá et al., 2005; Trumble et al., 2017) and accelerate recovery from viral infection (Mueller et al., 2016). These findings suggest that interactive influences of APOE4, lipids, and immune function on disease risks may be environmentally moderated. However, this is difficult to test because most biomedical research is conducted in controlled laboratory settings using animal models, or in post-industrial populations with low-pathogen burden and high obesity prevalence (Gurven and Lieberman, 2020). Here, we begin to fill this gap by evaluating both immune and lipid profiles of individuals with APOE3/3 and APOE4+ genotypes living in a pathogenically diverse, energy-limited environment. APOE, cholesterols, and immune function APOE has three functionally polymorphic allelic variants: E4, E3, and E2 (Demarchi et al., 2005; Safieh et al., 2019). The most prevalent, APOE3, arose ~200K years ago from a single nucleotide polymorphism (SNP) (C → T) at locus 19q13 from the ancestral APOE4 (Fullerton et al., 2000). The evolutionary success of APOE3 has been attributed to its greater plasticity in response to environmental changes compared to the ancestral APOE4 allele (Huebbe and Rimbach, 2017). However, APOE4 is maintained at frequencies up to 40%, such as those in some central African populations. Maintenance and distribution of APOE variants may in part be due to the distinct functional capabilities of allelic variants (Trotter et al., 2010). Eisenberg and colleagues have suggested that the benefits of APOE4 may be most appreciable in environments where cholesterol requirements are increased to meet higher metabolic demands, such as at high and low latitudes where there are climatic extremes (e.g. northern Europe and South America) (Eisenberg et al., 2010). Another leading explanation for APOE4 persistence is based on the theory of antagonistic pleiotropy (Williams, 1957), which posits that the APOE4 allele may persist due to the fitness benefits of lipid buffering in early life relative to APOE3, outweighing any harmful health effects that manifest in a post-reproductive life stage (i.e. ‘selection’s shadow’) (Smith et al., 2019). Consistent with the notion of early life fitness advantage, the APOE4 variant is associated with lower infant mortality and higher fertility among rural Ghanaians experiencing high-pathogen burden (van Exel et al., 2017). Innate immune responses with fever and systemic inflammation are also energetically expensive (Muehlenbein et al., 2010), and cholesterol and other lipids are necessary for fueling these responses (Tall and Yvan-Charvet, 2014). Helminths and some protozoal parasites also require lipids to fuel their own metabolic activities, either pulling them from the host bloodstream, or modulating host metabolic activities like LDL endocytosis or lipid remodeling to gain access to lipids (Bansal et al., 2005). Thus, in high-pathogen and energy-limited environments, where there may be persistent pathogen-driven immune activation, the ability to maintain peripheral cholesterol levels would presumably be a benefit throughout life (Finch and Martin, 2016; Gurven et al., 2016). Despite APOE4 being associated with neuroinflammation among those with AD (Kloske and Wilcock, 2020), in ‘healthy’ individuals the APOE4 allele is associated with downregulated innate immunity. Specifically, blood levels of C-reactive protein (CRP) in APOE4+ carriers are lower in several post-industrial populations (Lumsden et al., 2020; Martiskainen et al., 2018), as well as the Tsimane, an Amerindian population in rural Bolivia (and focus of the present study) (Vasunilashorn et al., 2011). Moreover, among the Tsimane, APOE4+ carriers had lower levels of blood eosinophils (Trumble et al., 2017; Vasunilashorn et al., 2011). Other studies have documented lower levels of certain proinflammatory cytokines (e.g. IL-6, TNF-alpha) in APOE4+ carriers (Olgiati et al., 2010), and downregulated expression of biomarkers mediating innate immune sensing (TLR-signaling molecules) (Dose et al., 2018). Experimental studies also showed the associations of APOE4 with heightened innate and complement inflammatory responses to lipopolysaccharide stimulation in Gale et al., 2014; Tzioras et al., 2019. Maintaining lower levels of baseline innate immunity may minimize the accumulative damage caused by low-grade innate inflammation over the long term, while still enabling strong targeted immune responses to pathogens following exposure (Franceschi et al., 2000; Trumble and Finch, 2019), particularly in environments with a diversity of species of pathogens. Further, pathogens like helminthic parasites, may moderate inflammation by triggering Th2-mediated (anti-inflammatory) immunological pathways (Maizels and McSorley, 2016; Motran et al., 2018), which may be important for counterbalancing a strong proinflammatory response. In energy-limited, pathogenically diverse environments, APOE4+ carriers may thus be better able to tolerate energetic costs imposed by infection by having higher concentrations of circulating lipids to fuel immune responses, while also minimizing damage from exposure to generalized systemic inflammation through downregulation of innate immune function. By contrast, in post-industrialized contexts, without the moderating influences of parasites on both cholesterol and immune functions, non-pathogenic stimuli (e.g. obesity) may be more likely to trigger systemic low-grade inflammatory pathways and, in the absence of a brake, lead to arterial and vascular damage and disease. Thus, the link between APOE4 and inflammatory diseases in post-industrialized contexts may in part be due to an environmental mismatch. Hypothesis and aims In pathogenically diverse environments, innate immune defenses are likely to be activated owing to more frequent encounters with novel pathogens. This more diverse pathogenic setting may increase selective pressure to favor stronger immune regulation. We hypothesize that in such a context, an APOE4 variant is less harmful because it (a) minimizes damage caused by chronic innate inflammation and (b) maintains higher circulating cholesterol levels, which buffer energetic costs of pathogen-driven innate immune activation. In post-industrial contexts, where there is a relative absence of diverse pathogens and thus reduced pathogen-mediated lipid regulation, coupled with an overabundance of calories, the effect of APOE4 on circulating lipids may instead incur a cost. Lifestyle factors that promote obesity and excessive circulating lipids may lead to sterile endogenous inflammation (Trumble and Finch, 2019) that overshadows any potentially positive effects of APOE4 on immune function. Thus, the APOE4 variant has greater potential to lead to hyperlipidemia and coincide with related inflammatory diseases in high-calorie, low-pathogen, environments (Figure 1). Figure 1 Download asset Open asset Hypothetical pathways through which the apolipoprotein E4 (APOE4) allele influences lipid processing, immune regulation and disease risk in post-industrialized and non-industrialized contexts. In both contexts, the APOE4 allele leads to increased levels of circulating lipids; however, in post-industrialized contexts (a), lipid levels can reach dangerously high levels due to obesogenic diets, and an absence of moderation by parasites and pathogen-driven immune activation. Immune activation by non-pathogenic elements triggers damage-associated molecular pattern pathways, which generates a proinflammatory ‘sterile’ immune response. Obesity and hyperlipidemia can simultaneously fuel sterile inflammation and promote oxidization of cholesterols, which, due to their lack of function, cause further tissue damage associated with cardiovascular and neurodegenerative disease risk. In energetically limited, pathogenically diverse contexts (b), the pathway between APOE4 and disease risk is considerably more complex. Briefly, immune responses to parasites and microbes require cholesterol, and there are both direct and indirect effects of different species of parasites which further regulate cholesterol production and utilization. In addition, anti-inflammatory immune responses are generated by ox-LDL (e.g. in response to bacteria and protozoal infections), and helminthic parasites, which balance the immune system’s overall response. It is possible that in contexts where there is higher pathogen diversity, an APOE4 phenotype may be less harmful because it minimizes the damage caused by upregulated innate immune function, while also maintaining higher cholesterol levels which would buffer the cost of innate immune activation due to infection. Whereas in high-calorie, low-pathogen environments, the utility of having an APOE4 allele may be muted, and the costs more severe. Image created with BioRender.com. This study describes the immunophenotypes and lipid profiles of individuals with APOE3/3 and APOE4+ genotypes living in a pathogenically diverse, energy-limited environment. For the purpose of hypothesis testing, we focus on testing genotype-related differences in components of innate immunity (CRP, neutrophils, eosinophils, and erythrocyte sedimentation rate [ESR]) and blood lipids linked to inflammation (total cholesterol, LDL, and oxidized LDL [ox-LDL]). We evaluate the extent to which body mass index (BMI) moderates the association between lipids and innate inflammation (CRP, neutrophils, ESR). Finally, we test whether the APOE4 allele has a moderating effect on the relationship between BMI and lipids to evaluate the role of APOE4 in the maintenance of stable lipid levels under energetic restriction. This research focused on the Tsimane, an Amerindian population in the Bolivian tropics that faces high exposure to a diverse suite of pathogens, and endemic helminthic infections. Tsimane have high rates of infection across all ages, with 70% helminth prevalence and >50% of adults with co-infections from multiple species of parasite or protozoan (Blackwell et al., 2015; Garcia et al., 2020). Compared to U.S. and European reference populations, the Tsimane have also been found to have upregulated immune function across the life course (Blackwell et al., 2016). In most villages, there is little or no access to running water or infrastructure for sanitation (Dinkel et al., 2020). The Tsimane are primarily reliant on foods acquired through slash-and-burn horticulture, fishing, hunting, gathering, and small animal domestication, supplemented with market goods (e.g. salt, sugar, cooking oil) (Kraft et al., 2018). Tsimane are rarely sedentary, instead engaging in sustained low and moderate physical activity over much of their life course (Gurven et al., 2013), and have minimal atherosclerosis (Kaplan et al., 2017). However, with greater globalization and improvements in technology, the Tsimane are experiencing ongoing lifestyle changes; there is variation in participation in the market economy, and related variation in diet (e.g. access and uptake of processed foods) and activity level. Despite increasing access to markets and towns, infections remain the largest source of morbidity (Gurven et al., 2020). Results Data include APOE genotype and multiple measurements of BMI, lipids, and immune markers in 1266 Tsimane adults. Mixed effects multiple regression models were used to accommodate for multiple measurements per individual for some biomarkers, as well as community-level differences in pathogen exposures. Leveraging multiple observations per individual over time should better capture individuals’ average levels, and minimize the potential of single or few outliers driving results. Models also include covariates which adjust for age, sex, seasonality, and current infection (WBC >12 × 109/L) (see Materials and methods for details). The sample is 50% female and includes individuals from 80 villages. The mean ± SD age of the sample is 54 ± 11 years (range: 21–93). Mean ± SD BMI is 24 ± 3 for both sexes; Tsimane adults are relatively short (women: 150.5 ± 4.8 cm; men: 161.7 ± 5.3 cm) with low body fat (median body fat percentage for men and women is 18% and 26%, respectively). Prevalence of obesity is relatively low (10%). In general, blood immune biomarkers vary significantly across adult ages (Supplementary file 1; Figure 2). Table 1 provides a full description of lipid and immune levels of individuals by APOE genotype. Table 1 Description of immune and lipid measures for homozygous APOE3/3 and APOE4+ carriers for whom age and sex are available. Values are reported as mean (standard deviation). Linear mixed effects models fit by REML were used to test for differences between groups, controlling for age, sex, current immune activation, and seasonality, with random effects for community and individual ID. Model to test age differences includes only a random effect for individual ID. Multiple test correction was conducted for models used for hypothesis-testing; False Discovery Rate (FDR) adjusted p-values are reported for these models. No. of observations is reported as: total number of observations for the main biomarker (number of unique individuals) in each model. T-statistics use Satterthwaite's method. Due to skewness of biomarkers, statistical models use transformed and scaled data for normalization, as such, estimates are reported as standardized betas (b) with standard errors (SE). Full models with covariates and 95% confidence intervals can be found in Tables 2-3 in the Supplement. See methods for transformations for each marker. VariablesAPOE 3/3Apoe4+No. observations per modelβSEt-valuep-valueFDR adj p-valueN998268––––––% female51%48%––––––Age (in years)54 (11.5)54 (11.2)6615 (1268)0.0070.070.1060.915–BMI (kg/m2)23.9 (3.4)24.6 (3.7)6224 (1263)0.150.062.4210.016*–C-reactive protein (mg/L)3.7 (3.3)2.9 (2.6)1032 (907)-0.290.08-3.731<0.001***<0.001***Eosinophil (mm3)1617 (1060)1375 (910)6129 (1259)-0.160.04-3.871<0.001***<0.001***Neutrophil (mm3)5044 (1803)4816 (1697)6144 (1259)-0.030.03-0.8160.4150.435Sed Rate (mm/hr)29.4 (19.5)29.7 (19.2)5987 (1253)0.060.041.3340.1820.217Eosin : Lymph ratio0.36 (0.14)0.33 (0.14)6121 (1260)-0.140.04-3.1970.001**–---Leukocytes (1000/mm3)9.3 (2.5)8.8 (2.4)6229 (1266)-0.080.03-2.2810.023*–Lymphocytes (mm3)2590 (832)2565 (852)6136 (1260)00.040.1040.917–Hemoglobin (g/dL)13.2 (1.5)13.2 (1.4)6195 (1263)-0.040.05-0.8050.421–Triglycerides (mg/dL)107 (51)114 (61)2633 (1174)0.070.061.1570.248–Total cholesterol (mg/dL)144 (32)148 (33)2581 (1168)0.150.062.5940.010**0.021HDL cholesterol (mg/dL)38 (9)38 (9)2477 (1167)0.050.060.830.407–LDL cholesterol LDL is as: Figure Download asset Open asset in immune markers across age, by apolipoprotein E4 genotype. were from mixed effects regression models and estimates of the interactive effects of APOE genotype and age on each immune marker. Models adjust for sex, and current (Supplementary file 1). sedimentation rate is as In have at least one APOE4 individuals are and are homozygous The = are homozygous for of the APOE4 allele is The allele was the of the APOE genotype is individuals as homozygous APOE3 or as APOE4+ carriers had at least one copy of the APOE4 and APOE4 were due to the small number of of total and thus small of a for statistical of lipid and immune profiles by APOE genotype to APOE3/3 APOE4 carriers have higher BMI = = total cholesterol = = and oxidized LDL = = lower levels of innate immune blood = eosinophils = Figure in models that all individuals with and APOE4 carriers maintained lower levels of relative to APOE3/3 = = = respectively). for multiple testing, and eosinophils remain significantly different between APOE APOE4 is also associated with a lower to = = and lower total = = but not with LDL, lipoprotein or (Figure 1). Full models in file Figure 3 with 1 all Download asset Open asset show of biomarker data by APOE genotype APOE those that have at least one copy of the E4 include and standard errors per from mixed effects regression models that adjust for age, sex, and current For full models with file and sedimentation rate is as See Figure 1 for of biomarkers by APOE genotype. is as: BMI moderate the association between lipids and For Tsimane with higher BMI, total cholesterol and LDL not with however, for individuals with BMI or low BMI, higher total cholesterol and LDL with lower (Figure considered as a BMI significantly moderates these associations (total = = BMI also with ox-LDL = in however, this relationship is distinct from the other lipids For Tsimane with high BMI, ox-LDL with while for those with low BMI the is (Figure For total cholesterol = = and LDL = = with only among Tsimane with higher for multiple testing, between and all remain as does the relationship between total cholesterol and = Figure with 1 all Download asset Open asset of on C-reactive protein based on three levels of body mass index (BMI) ± 1 standard deviation). show effects between BMI and total cholesterol, LDL, and oxidized LDL. For total and LDL cholesterol, among those with low and mean BMI, cholesterol is negatively associated with LDL is only associated with higher among individuals with high BMI are from mixed effects that adjust for age, sex, seasonality, with random effects for individual and community (Supplementary file Data are based on BMI level. are transformed and See Figure 1 for associations between BMI and with markers of inflammation. there are no direct relationship between ox-LDL and higher total cholesterol and LDL are associated with lower (total = = = (Figure 1). cholesterol is also negatively associated with = = are no or interactive between BMI, cholesterols, and For full models, file APOE genotype moderate the association between BMI and Finally, we whether APOE genotypes moderate associations between cholesterol and BMI for lean and high BMI evaluate the effects of the APOE4 allele on lipid levels across the of BMI, we an between BMI and APOE genotype to the mixed effects regression models between BMI and lipids 2). These show that APOE4 carriers maintain similar levels of total cholesterol and LDL across = = = = APOE3/3 show higher cholesterol with Specifically, APOE4 carriers maintain higher levels of total and LDL cholesterol at lower but have lower levels of both at higher relative to individuals that are homozygous APOE3/3 (Figure However, of these associations are and not vary by APOE across For full models, file Table Models evaluating the moderating effects of APOE genotype on associations between BMI and Results are effects estimates from mixed effects which include random effects for and community In to age, sex, and a was used as a for current 12 Results are reported as standardized is the 95% confidence were transformed and to APOE genotype is as a as individuals that are homozygous those that have at least one copy of the E4 allele Figure Download asset Open asset moderating effects of APOE genotype on associations between body mass index (BMI) and (see Table in the for for low and high For the during an immune response to pathogens – total cholesterol and LDL – individuals with an E4 allele maintain higher levels of those at low compared to homozygous are from mixed effects that include age, sex, and current infection as as well as random effects for individual and community Data are by APOE genotype. Discussion We that the effect of the APOE4 polymorphism on disease risk may be environmentally and that in an energy-limited and pathogenically diverse context, an APOE4 allele may some benefit if it with downregulated innate immune function and higher circulating In of this we that Tsimane with an APOE4 allele have higher levels of lipids, lower levels of and eosinophils, compared to individuals that have a homozygous",https://doi.org/10.7554/elife.68231.sa2,2021-07-01,2021,NA,0,,,peer-review,TRUE,TRUE,gold,https://doi.org/10.7554/elife.68231.sa2,FALSE,NA,NA,NA,NA,NA,https://doi.org/10.7554/elife.68231.sa2,NA,cc-by,publishedVersion,,0,,,,,FALSE,FALSE,en,,NA,NA,NA,NA,Kenneth Buetow,Benjamin C. Trumble
https://openalex.org/W4312087478,Pathway‐based genome analysis of cognitive impairment in a forager‐horticulturalist South American population,Pathway‐based genome analysis of cognitive impairment in a forager‐horticulturalist South American population,,"Abstract Background The genetic etiology of Cognitive Impairment (CI) is poorly understood. This is due, in part, to the complexity of diverse genetic and environmental risk factors in large, heterogeneous study populations. To overcome this obstacle, we examined a population with low genetic heterogeneity and fewer risk factors commonly found in industrialized populations ‐ the Tsimane of Bolivia (N = 353; mean age = 69 years [60–93 years]). The Tsimane are a geographically isolated forager‐horticulturalist population with high levels of physical activity and low prevalence of coronary artery disease, hypertension, and diabetes, even at advanced ages. The absence of these typical Alzheimer’s Disease (AD)‐related comorbidities provides a novel opportunity to isolate aspects of CI that are often intertwined with cardiometabolic and other non‐communicable chronic diseases. Method CI was determined from field evaluations using a locally translated and adapted cognitive battery, mental status examination, informant interview, and neurological evaluation (CI = 31, AD = 1). Genome‐wide variation was characterized using the Infinum Multi‐Ethnic Global Array (1,754,170 SNPs) and evaluated with a novel analytic tool that uses biologic processes as the unit of analysis — Pathways of Distinction Analysis (PoDA). PoDA captures interactions across the multiple genes within a network and assesses significance via empiric resampling. A catalog of 1167 curated networks representing the diversity of biologic function was evaluated. Result The pathway that most significantly distinguishes individuals with CI from those without impairment is the KEGG Alzheimer’s Disease Pathway (Distance Score [DS] = 3.23; FDR‐adjusted pDS&lt;0.001). This pathway is composed of 169 genes that capture the major processes associated with AD. Refined analysis identified a subset of 35 genes that is associated with a 6‐fold difference (OR = 6.26; pOR = 1.21×10 −12 ) in relative risk for prevalent CI vs. no impairment. Those genes are involved in insulin signaling, calcium signaling, and mitochondrial oxidative phosphorylation subcomponents of the AD Pathway. It also includes variation within the AD risk loci APBB1 and MAPT (Figure 1). Conclusion In a population with minimal cardiometabolic disease, pathway‐based genome analysis objectively identifies subcomponents within the AD pathway tied to cellular energy metabolism as important in CI. Following validation in larger, heterogenous populations, these components may provide targets for prevention and intervention.",https://doi.org/10.1002/alz.062367,2022-12-01,2022,0,0,,,article,FALSE,FALSE,closed,NA,FALSE,Alzheimer s & Dementia,https://openalex.org/S108427512,1552-5260,https://openalex.org/P4310320595,Wiley,https://doi.org/10.1002/alz.062367,NA,NA,publishedVersion,,0,,,,,FALSE,FALSE,en,,NA,NA,18,S4,Kenneth Buetow,Benjamin C. Trumble
https://openalex.org/W4380715083,Abstract 13660: Lp(a) is Associated With Coronary Artery Calcification in a Population With Exceptionally Low Cardiovascular Disease Risk,Abstract 13660: Lp(a) is Associated With Coronary Artery Calcification in a Population With Exceptionally Low Cardiovascular Disease Risk,,"Introduction: The Tsimane forager-horticulturalists of Bolivia are highly physically active, carry high infectious disease burdens, and have the lowest reported population levels of coronary artery calcium (CAC), as well as relatively low cholesterol (LDL, HDL, total) levels. In industrialized populations, lipoprotein(a)—Lp(a)— is strongly predictive of coronary artery and aortic valve calcification (AVC). However, these relationships have not been assessed in this non-urban population. Hypothesis: We hypothesize that, despite the very low levels of CAC seen in the Tsimane, Lp(a) is higher in those with CAC and AVC but overall lower in Tsimane compared to a US comparator population (CARDIA). Methods: CAC and AVC were measured by non-contrast cardiac CT in 917 Tsimane (15.5% CAC positive, 21.0% AVC positive). A subset of 98 Individuals with and without CAC or AVC had serum Lp(a) analyzed (median age 63 yrs, range 41-91 yrs, 67% male) using a standard double monoclonal antibody ELISA at the Northwest Lipid Metabolism and Diabetes Research Laboratory (University of Washington). Individuals with CAC and AVC were oversampled (45.9% CAC positive, and 76.7% with AVC; 10% with neither) to ensure statistical power. Results: Overall, Tsimane had significantly lower levels of Lp(a) than CARDIA white males (Tsimane male median 16.5 nmol/L vs US median 19.4 nmol/L; p&lt;0.001) and CARDIA white females (Tsimane female median 11.5 nmol/L vs US median 21.9 nmol/L; p&lt;0.001), despite oversampling Tsimane with CAC and AVC. While Tsimane Lp(a) was low, individuals with CAC had significantly higher Lp(a) (p=0.030) controlling for age, sex, and body fat. Tsimane with no CAC had a median Lp(a) of 12.2 nmol/L, while those with any CAC signal had a median Lp(a) of 17.7 nmol/L. There was no association between AVC and Lp(a). Conclusions: While the Tsimane have lower levels of both CAC and Lp(a) than US adults, Lp(a) is significantly higher in Tsimane with CAC. The absence of association between Lp(a) and AVC may indicate that among the Tsimane, the etiology of AVC may be less tied to Lp(a) than in industrial populations. These results suggest that Lp(a) is associated with arterial calcification even in patients with low overall cardiovascular disease risk.",https://doi.org/10.1161/circ.146.suppl_1.13660,2022-11-08,2022,0,0,,,article,FALSE,FALSE,closed,NA,FALSE,Circulation,https://openalex.org/S116251202,0009-7322,https://openalex.org/P4310315671,Lippincott Williams & Wilkins,http://dx.doi.org/10.1161/circ.146.suppl_1.13660,NA,NA,publishedVersion,,0,,,,,FALSE,FALSE,en,,NA,NA,146,Suppl_1,Kenneth Buetow,Benjamin C. Trumble
https://openalex.org/W4400024211,Natural selection of immune and metabolic genes associated with health in two lowland Bolivian populations,Natural selection of immune and metabolic genes associated with health in two lowland Bolivian populations,,"A growing body of work has addressed human adaptations to diverse environments using genomic data, but few studies have connected putatively selected alleles to phenotypes, much less among underrepresented populations such as Amerindians. Studies of natural selection and genotype-phenotype relationships in underrepresented populations hold potential to uncover previously undescribed loci underlying evolutionarily and biomedically relevant traits. Here, we worked with the Tsimane and the Moseten, two Amerindian populations inhabiting the Bolivian lowlands. We focused most intensively on the Tsimane, because long-term anthropological work with this group has shown that they have a high burden of both macro and microparasites, as well as minimal cardiometabolic disease or dementia. We therefore generated genome-wide genotype data for Tsimane individuals to study natural selection, and paired this with blood mRNA-seq as well as cardiometabolic and immune biomarker data generated from a larger sample that included both populations. In the Tsimane, we identified 21 regions that are candidates for selective sweeps, as well as 5 immune traits that show evidence for polygenic selection (e.g., C-reactive protein levels and the response to coronaviruses). Genes overlapping candidate regions were strongly enriched for known involvement in immune-related traits, such as abundance of lymphocytes and eosinophils. Importantly, we were also able to draw on extensive phenotype information for the Tsimane and Moseten and link five regions (containing PSD4, MUC21 and MUC22, TOX2, ANXA6, and ABCA1) with biomarkers of immune and metabolic function. Together, our work highlights the utility of pairing evolutionary analyses with anthropological and biomedical data to gain insight into the genetic basis of health-related traits.",https://doi.org/10.17615/ngvr-f043,2024-03-07,2024,0,0,,,article,TRUE,TRUE,green,https://doi.org/10.17615/ngvr-f043,FALSE,UNC Libraries,https://openalex.org/S7407051488,NA,NA,NA,https://doi.org/10.17615/ngvr-f043,NA,NA,NA,,0,,,,,FALSE,FALSE,en,,NA,NA,NA,NA,Kenneth Buetow,Benjamin C. Trumble
https://openalex.org/W4402423526,Cost-effective solutions for high-throughput enzymatic DNA methylation sequencing,Cost-effective solutions for high-throughput enzymatic DNA methylation sequencing,,"ABSTRACT Characterizing DNA methylation patterns is important for addressing key questions in evolutionary biology, geroscience, and medical genomics. While costs are decreasing, whole-genome DNA methylation profiling remains prohibitively expensive for most population-scale studies, creating a need for cost-effective, reduced representation approaches (i.e., assays that rely on microarrays, enzyme digests, or sequence capture to target a subset of the genome). Most common whole genome and reduced representation techniques rely on bisulfite conversion, which can damage DNA resulting in DNA loss and sequencing biases. Enzymatic methyl sequencing (EM-seq) was recently proposed to overcome these issues, but thorough benchmarking of EM-seq combined with cost-effective, reduced representation strategies has not yet been performed. To do so, we optimized Targeted Methylation Sequencing protocol (TMS)—which profiles ∼4 million CpG sites—for miniaturization, flexibility, and multispecies use at a cost of ∼$80. First, we tested modifications to increase throughput and reduce cost, including increasing multiplexing, decreasing DNA input, and using enzymatic rather than mechanical fragmentation to prepare DNA. Second, we compared our optimized TMS protocol to commonly used techniques, specifically the Infinium MethylationEPIC BeadChip (n=55 paired samples) and whole genome bisulfite sequencing (n=6 paired samples). In both cases, we found strong agreement between technologies (R² = 0.97 and 0.99, respectively). Third, we tested the optimized TMS protocol in three non-human primate species (rhesus macaques, geladas, and capuchins). We captured a high percentage (mean=77.1%) of targeted CpG sites and produced methylation level estimates that agreed with those generated from reduced representation bisulfite sequencing (R² = 0.98). Finally, we applied our protocol to profile age-associated DNA methylation variation in two subsistence-level populations—the Tsimane of lowland Bolivia and the Orang Asli of Peninsular Malaysia—and found age-methylation patterns that were strikingly similar to those reported in high income cohorts, despite known differences in age-health relationships between lifestyle contexts. Altogether, our optimized TMS protocol will enable cost-effective, population-scale studies of genome-wide DNA methylation levels across human and non-human primate species.",https://doi.org/10.1101/2024.09.09.612068,2024-09-09,2024,NA,0,,,preprint,FALSE,TRUE,green,https://www.ncbi.nlm.nih.gov/pmc/articles/11419010,FALSE,NA,NA,NA,NA,NA,https://doi.org/10.1101/2024.09.09.612068,NA,NA,acceptedVersion,,103,,,,,FALSE,FALSE,en,,NA,NA,NA,NA,Kenneth Buetow,Benjamin C. Trumble
https://openalex.org/W4412483235,Childhood skeletal lesions common in prehistory are present in living forager-farmers and predict adult markers of immune function,Childhood skeletal lesions common in prehistory are present in living forager-farmers and predict adult markers of immune function,,"Porous cranial lesions (cribra cranii and cribra orbitalia) are widely used by archaeologists as skeletal markers of poor child health. However, their use has not been validated with systematic data from contemporary populations, where there has been little evidence of these lesions or their health relevance. Using 375 in vivo computed tomography scans from a cohort-representative sample of adults aged 40+ years from the Bolivian Amazon, among food-limited, high-mortality forager-farmers, we identified cribra cranii on 46 (12.3%) and cribra orbitalia on 23 (6%). Cribra orbitalia was associated with several hallmarks of compromised immune function, including fewer B cells, fewer naïve CD4 + T cells, a lower CD4 + /CD8 + T cell ratio, and higher tuberculosis risk. However, neither lesion type predicted other physician-diagnosed respiratory diseases, other markers of cell-mediated immunity, or hemoglobin values. While cribra orbitalia shows promise as a skeletal indicator of health challenges, our findings do not support the continued practice of using these lesions to infer anemia in adults.",https://doi.org/10.1126/sciadv.adw3697,2025-07-16,2025,0,0,,,article,TRUE,TRUE,gold,https://doi.org/10.1126/sciadv.adw3697,FALSE,Science Advances,https://openalex.org/S2737427234,2375-2548,https://openalex.org/P4310315823,American Association for the Advancement of Science,https://doi.org/10.1126/sciadv.adw3697,NA,cc-by,publishedVersion,,74,,,,,FALSE,FALSE,en,,eadw3697,eadw3697,11,29,Kenneth Buetow,Benjamin C. Trumble
https://openalex.org/W4413358302,"Author response for ""Inflammaging is minimal among forager-horticulturalists in the Bolivian Amazon""","Author response for ""Inflammaging is minimal among forager-horticulturalists in the Bolivian Amazon""",,NA,https://doi.org/10.1098/rspb.2025.1111/v4/response1,2025-07-02,2025,NA,0,,,peer-review,FALSE,FALSE,closed,NA,FALSE,NA,NA,NA,NA,NA,https://doi.org/10.1098/rspb.2025.1111/v4/response1,NA,NA,publishedVersion,,0,,,,,FALSE,FALSE,en,,NA,NA,NA,NA,Kenneth Buetow,Benjamin C. Trumble
https://openalex.org/W4413358303,"Author response for ""Inflammaging is minimal among forager-horticulturalists in the Bolivian Amazon""","Author response for ""Inflammaging is minimal among forager-horticulturalists in the Bolivian Amazon""",,NA,https://doi.org/10.1098/rspb.2025.1111/v3/response1,2025-06-04,2025,NA,0,,,peer-review,FALSE,FALSE,closed,NA,FALSE,NA,NA,NA,NA,NA,https://doi.org/10.1098/rspb.2025.1111/v3/response1,NA,NA,publishedVersion,,0,,,,,FALSE,FALSE,en,,NA,NA,NA,NA,Kenneth Buetow,Benjamin C. Trumble
https://openalex.org/W4413358692,"Author response for ""Inflammaging is minimal among forager-horticulturalists in the Bolivian Amazon""","Author response for ""Inflammaging is minimal among forager-horticulturalists in the Bolivian Amazon""",,NA,https://doi.org/10.1098/rspb.2025.1111/v2/response1,2025-04-28,2025,NA,0,,,peer-review,FALSE,FALSE,closed,NA,FALSE,NA,NA,NA,NA,NA,https://doi.org/10.1098/rspb.2025.1111/v2/response1,NA,NA,publishedVersion,,0,,,,,FALSE,FALSE,en,,NA,NA,NA,NA,Kenneth Buetow,Benjamin C. Trumble
https://openalex.org/W4413478624,"Ectopic adipose tissue in subsistence populations with minimal coronary disease, large left atria, and very low rates of atrial fibrillation","Ectopic adipose tissue in subsistence populations with minimal coronary disease, large left atria, and very low rates of atrial fibrillation",,"Tsimane mean EFV was the lowest of any population ever reported in the literature, achieving a new population standard. The low levels of EFV in the Tsimane and Moseten add to the body of evidence linking ectopic fat and atherosclerosis and further confirm (in the negative) the association, and likely causative role, of epicardial fat and atrial fibrillation.",https://doi.org/10.1016/j.ajpc.2025.101271,2025-08-22,2025,0,0,,,article,TRUE,TRUE,gold,https://doi.org/10.1016/j.ajpc.2025.101271,FALSE,American Journal of Preventive Cardiology,https://openalex.org/S4210223033,2666-6677,https://openalex.org/P4310320990,Elsevier BV,https://doi.org/10.1016/j.ajpc.2025.101271,NA,NA,publishedVersion,,76,,,,,FALSE,FALSE,en,,101271,101271,23,NA,Kenneth Buetow,Benjamin C. Trumble
https://openalex.org/W4378672988,The Interdependent Nature of Mother’s and Children’s Temperament and Eating Behaviors on Weight,The Interdependent Nature of Mother’s and Children’s Temperament and Eating Behaviors on Weight,,NA,https://doi.org/10.1007/s10995-023-03696-3,2023-05-29,2023,0,0,,,article,FALSE,FALSE,closed,NA,FALSE,Maternal and Child Health Journal,https://openalex.org/S96699677,1092-7875,https://openalex.org/P4310319900,Springer Science+Business Media,http://dx.doi.org/10.1007/s10995-023-03696-3,NA,NA,publishedVersion,,40,,,,,FALSE,FALSE,en,,1382,1391,27,8,Kathryn Lemery-Chalfant,Marisol Pérez
https://openalex.org/W7116730676,The critical role of the proto-oncogene c-Kit in TSC renal cystogenesis,The critical role of the proto-oncogene c-Kit in TSC renal cystogenesis,,"Abstract The epithelium of kidney cysts in mouse Tuberous Sclerosis complex (TSC) models and TSC patients is composed of proliferating A-intercalated cells. The ablation of the Foxi1 gene abolished renal cystogenesis in principal cell-specific Tsc1 knockout ( Tsc1-KO ) mice. RNAseq studies comparing kidneys of Tsc1-KO vs. wild-type (WT) and Tsc1/Foxi1 -double-knockout identified c -Kit , a tyrosine kinase receptor (RTK), as a transcript whose expression significantly increased in Tsc1-KO mice. Overexpression of FOXI1 in kidney M-1 cells significantly increased c-Kit expression levels. Kidney cystogenesis was abolished in Tsc1 - KO mice by inactivating the c-Kit gene via the generation of Tsc1/c-Kit -double-knockout mice. The treatment of Tsc1 - KO mice with Imatinib, a specific inhibitor of c-KIT, significantly diminished kidney cystogenesis. Renal cystogenesis was associated with ERK1/2, AKT, and RSK1-mediated phospho-inactivation of TSC2. In contrast, activation of ERK1/2, AKT, and RSK1, as well as phosphorylation of TSC2, was notably reduced in the kidneys of Tsc1/c-Kit-dKO mice. We propose that c-KIT is a crucial mediator of TSC renal cystogenesis and that its inhibition may constitute a novel approach for the treatment of kidney cysts in TSC.",https://doi.org/10.1038/s44321-025-00360-x,2025-12-22,2025,4.10667583,1,,,article,TRUE,TRUE,gold,https://doi.org/10.1038/s44321-025-00360-x,FALSE,EMBO Molecular Medicine,https://openalex.org/S163075119,1757-4676,https://openalex.org/P4310319965,Springer Nature,https://doi.org/10.1038/s44321-025-00360-x,NA,cc-by,publishedVersion,,61,,,,,FALSE,FALSE,en,,NA,NA,NA,NA,Nathan Zaidman,Manoocher Soleimani
https://openalex.org/W4397043142,Identification of Transcripts Critical to Tuberous Sclerosis Complex (TSC)-mTOR Axis Dysregulation in Tuberous Sclerosis Complex Renal Cystic Disease,Identification of Transcripts Critical to Tuberous Sclerosis Complex (TSC)-mTOR Axis Dysregulation in Tuberous Sclerosis Complex Renal Cystic Disease,,NA,https://doi.org/10.1681/asn.20233411s1944b,2023-11-01,2023,0,0,,,article,FALSE,FALSE,closed,NA,FALSE,Journal of the American Society of Nephrology,https://openalex.org/S115693375,1046-6673,https://openalex.org/P4310315620,American Society of Nephrology,https://doi.org/10.1681/asn.20233411s1944b,NA,NA,publishedVersion,,0,,,,,FALSE,FALSE,en,,944,944,34,11S,Nathan Zaidman,Manoocher Soleimani
https://openalex.org/W4403832433,Role of the Proto-oncogene c-KIT in Tuberous Sclerosis Complex Renal Cystogenesis,Role of the Proto-oncogene c-KIT in Tuberous Sclerosis Complex Renal Cystogenesis,,NA,https://doi.org/10.1681/asn.2024b16qn60f,2024-10-01,2024,0,0,,,article,FALSE,FALSE,closed,NA,FALSE,Journal of the American Society of Nephrology,https://openalex.org/S115693375,1046-6673,https://openalex.org/P4310315620,American Society of Nephrology,https://doi.org/10.1681/asn.2024b16qn60f,NA,NA,publishedVersion,,0,,,,,FALSE,FALSE,en,,NA,NA,35,10S,Nathan Zaidman,Manoocher Soleimani
https://openalex.org/W4415549409,Critical Role of the Proto-Oncogene c-KIT in Tuberous Sclerosis Complex (TSC)-Associated Kidney Cystogenesis,Critical Role of the Proto-Oncogene c-KIT in Tuberous Sclerosis Complex (TSC)-Associated Kidney Cystogenesis,,NA,https://doi.org/10.1681/asn.2025fe2gvv6b,2025-10-01,2025,0,0,,,article,FALSE,FALSE,closed,NA,FALSE,Journal of the American Society of Nephrology,https://openalex.org/S115693375,1046-6673,https://openalex.org/P4310315620,American Society of Nephrology,https://doi.org/10.1681/asn.2025fe2gvv6b,NA,NA,publishedVersion,,0,,,,,FALSE,FALSE,en,,NA,NA,36,10S,Nathan Zaidman,Manoocher Soleimani
https://openalex.org/W3138703087,Mitophagy protein PINK1 suppresses colon tumor growth by metabolic reprogramming via p53 activation and reducing acetyl-CoA production,Mitophagy protein PINK1 suppresses colon tumor growth by metabolic reprogramming via p53 activation and reducing acetyl-CoA production,,NA,https://doi.org/10.1038/s41418-021-00760-9,2021-03-15,2021,16.61441058,122,,,article,TRUE,TRUE,bronze,https://www.nature.com/articles/s41418-021-00760-9.pdf,FALSE,Cell Death and Differentiation,https://openalex.org/S152938505,1350-9047,https://openalex.org/P4310319965,Springer Nature,https://doi.org/10.1038/s41418-021-00760-9,https://www.nature.com/articles/s41418-021-00760-9.pdf,NA,publishedVersion,,58,,,,,FALSE,FALSE,en,,2421,2435,28,8,Meilian Liu,Xiang Xue
https://openalex.org/W4390670907,Depletion of JunB increases adipocyte thermogenic capacity and ameliorates diet-induced insulin resistance,Depletion of JunB increases adipocyte thermogenic capacity and ameliorates diet-induced insulin resistance,,NA,https://doi.org/10.1038/s42255-023-00945-1,2024-01-08,2024,7.56315301,10,,,article,FALSE,TRUE,green,https://pmc.ncbi.nlm.nih.gov/articles/PMC10954369/pdf/nihms-1965843.pdf,FALSE,Nature Metabolism,https://openalex.org/S4210232714,2522-5812,https://openalex.org/P4310319908,Nature Portfolio,https://doi.org/10.1038/s42255-023-00945-1,NA,NA,publishedVersion,,71,,,,,FALSE,FALSE,en,,78,93,6,1,Meilian Liu,Eric R. Prossnitz
https://openalex.org/W4312209184,Targeting JunB Induces a Shift of Low- to High-thermogenic Adipocytes and Ameliorates Diet-induced Insulin Resistance,Targeting JunB Induces a Shift of Low- to High-thermogenic Adipocytes and Ameliorates Diet-induced Insulin Resistance,,"<title>Abstract</title> The coexistence of brown adipocytes with low and high thermogenic activity is a fundamental feature of brown adipose tissue (BAT) heterogeneity and plasticity. However, the mechanisms that govern thermogenic adipocyte heterogeneity and its significance in obesity and metabolic disease remain poorly understood. In the current study, we identified a population of JunB-enriched adipocytes (JunB<sup>+</sup> adipocytes) within the brown fat depot that exhibits lower thermogenic capacity and smaller lipid droplets compared to high-thermogenic adipocytes. This population of JunB<sup>+</sup> adipocytes exhibited marked expansion during obesity, in part through the induction of pro-inflammatory cytokines TNFα and IL-6. Depletion of JunB in adipocytes or UCP1<sup>+</sup> adipocytes increased the fraction of adipocytes exhibiting high mitochondrial content and thermogenic capacity, leading to enhanced basal and cold-induced energy expenditure and protection against diet-induced obesity and insulin resistance. Mechanistically, JunB directly binds to the promoter of estrogen-related receptor α (<italic>Errα</italic>), a downstream effector of PGC1α, and suppresses its transcriptional function. JunB antagonizes the stimulatory effects of PGC1α-ERRα on mitochondrial biogenesis and high-thermogenic adipocyte formation. Taken together, our studies uncover a novel mechanism involving JunB that integrates metabolic and inflammatory signals and shapes the thermogenic adipocyte heterogeneity, serving a critical role in maintaining systemic metabolic health.",https://doi.org/10.21203/rs.3.rs-2379471/v1,2022-12-27,2022,NA,0,,,preprint,TRUE,TRUE,gold,https://www.researchsquare.com/article/rs-2379471/latest.pdf,FALSE,NA,NA,NA,NA,NA,https://doi.org/10.21203/rs.3.rs-2379471/v1,https://www.researchsquare.com/article/rs-2379471/latest.pdf,cc-by,acceptedVersion,,97,,,,,FALSE,FALSE,en,,NA,NA,NA,NA,Meilian Liu,Eric R. Prossnitz
https://openalex.org/W4411554800,Plasma Membrane Damage by Environmental Materials Enhances Cell-Cell Fusion and Impairs Immune Functions of Macrophages,Plasma Membrane Damage by Environmental Materials Enhances Cell-Cell Fusion and Impairs Immune Functions of Macrophages,,"Abstract Macrophages are the most abundant phagocytes and play an essential role in host defense. Previous studies have shown that many environmental materials can activate macrophages and trigger inflammatory responses. However, whether these exposures alter macrophage function in host defense remains unclear. This study found that many environmental materials (such as carbon nanotubes, tungsten carbide [WC], and detergents) can damage the plasma membranes of macrophages. This damage leads to decreased reactive oxygen species (ROS) production and phagocytosis but elevated cell-cell fusion. In vivo, airway exposure to laundry detergent impaired the recruitment of macrophages and other myeloid cells to the lung and dramatically dampened protective TH1 and TH17 cell responses, leading to increased susceptibility to Candida infection in mice. Overall, our data indicate that exposure to environmental materials compromises macrophage membrane integrity and impairs host defense. These findings may aid in the development of effective preventive and therapeutic strategies.",https://doi.org/10.1101/2025.06.17.660197,2025-06-23,2025,NA,0,,,preprint,FALSE,TRUE,green,https://www.ncbi.nlm.nih.gov/pmc/articles/12262220,FALSE,NA,NA,NA,NA,NA,https://doi.org/10.1101/2025.06.17.660197,NA,NA,acceptedVersion,,39,,,,,FALSE,FALSE,en,,NA,NA,NA,NA,Meilian Liu,Xiang Xue
https://openalex.org/W4389580913,Metallic Cation-Mediated Entrapment of Nucleic Acids on Mesoporous Silica Surface: Application in Castration-Resistant Prostate Cancer,Metallic Cation-Mediated Entrapment of Nucleic Acids on Mesoporous Silica Surface: Application in Castration-Resistant Prostate Cancer,,"The use of exogenous nucleic acid technologies to modulate aberrant protein expression resulting from genetic mutations is a promising therapeutic approach for the treatment of diseases such as advanced prostate cancer (PC). The promise of nucleic-based therapeutics is dependent on the development of platforms that effectively protect nucleic acids from nuclease degradation and deliver the nucleic acids to the cytosol of target cells. In this work, we present the development of a divalent metal-mediated nucleic acid entrapment strategy with a porous silica matrix. This simple strategy results in efficient loading percentages of both siRNA (&gt;60%) and mRNA (&gt;80%) as well as their release within relevant biological environments (80%). Additionally, our data supports that the current method reduces endosomal entrapment and supports the lipid coating of mesoporous silica nanoparticles (LC-MSNs). Finally, the metal-enhanced nanosystem is assessed for biocompatibility, stability, and circulation within in vitro, ex ovo, and in vivo models of PC.",https://doi.org/10.1021/acs.chemmater.3c01174,2023-12-11,2023,1.29969285,7,,,article,FALSE,TRUE,green,https://www.osti.gov/servlets/purl/2472587,FALSE,Chemistry of Materials,https://openalex.org/S66104727,0897-4756,https://openalex.org/P4310320006,American Chemical Society,https://doi.org/10.1021/acs.chemmater.3c01174,NA,NA,publishedVersion,,41,,,,,FALSE,FALSE,en,,10371,10383,35,24,Xiang Xue,Achraf Noureddine
https://openalex.org/W4396966020,Myeloid NCOA4 sequesters KEAP1 to reduce ferroptosis for protection against salmonellosis in mice.,Myeloid NCOA4 sequesters KEAP1 to reduce ferroptosis for protection against salmonellosis in mice.,,NA,https://doi.org/10.21203/rs.3.rs-4278310/v1,2024-05-16,2024,NA,3,,,preprint,TRUE,TRUE,gold,https://doi.org/10.21203/rs.3.rs-4278310/v1,FALSE,NA,NA,NA,NA,NA,https://doi.org/10.21203/rs.3.rs-4278310/v1,NA,cc-by,acceptedVersion,,54,,,,,FALSE,FALSE,en,,NA,NA,NA,NA,Xiang Xue,Achraf Noureddine
https://openalex.org/W4398167764,Myeloid NCOA4 sequesters KEAP1 to reduce ferroptosis for protection against salmonellosis in mice.,Myeloid NCOA4 sequesters KEAP1 to reduce ferroptosis for protection against salmonellosis in mice.,,"<title>Abstract</title> Salmonellosis, caused by Salmonella enterica serovar Typhimurium, is a significant global threat. Host immunity limits bacterial replication by inducing hepcidin, which degrades ferroportin, reducing iron transfer. However, this boosts macrophage iron storage, aiding intracellular pathogens like Salmonella. Mice lacking ferritin heavy chain (FTH1) in myeloid cells suffer worsened Salmonella infection. Nuclear receptor co-activator 4 (NCOA4) regulates iron release via FTH1 degradation during low iron, but its role in salmonellosis is unclear. Here, we reveal that myeloid NCOA4 deficiency augments spleen iron levels and increases cellular iron accumulation, oxidative stress, and ferroptosis in bone marrow-derived macrophages. This deficiency also increases susceptibility to Salmonella-induced colitis in mice. Mechanistically, NCOA4 suppresses oxidative stress by directly binding to the E3 ubiquitin ligase Kelch-like ECH-associated protein 1 (KEAP1) and stabilizing the antioxidant transcription factor nuclear factor-erythroid 2-related factor 2 (NRF2). Activation of NRF2 protects myeloid NCOA4 knockout mice from Salmonella-induced colitis. Antioxidant Tempol and myeloid cell-targeted curcumin offer protection against colitis in myeloid NCOA4-deficient mice. A low iron diet and ferroptosis inhibition also mitigate the heightened colitis in these mice. Overexpression of myeloid cell- specific NCOA4 confers protection against Salmonella-induced colitis via upregulating NRF2 signaling. Serum iron was reduced in myeloid NCOA4-overexpressing mice, but not in NCOA4- deficient mice. Targeted serum metabolomics analysis revealed that many lipids were decreased in myeloid NCOA4-deficient mice, while several of them were increased in myeloid NCOA4-overexpressing mice. Together, this study not only advances our understanding of NCOA4/KEAP1/NRF2/ferroptosis axis but also paves the way for novel myeloid cell-targeted therapies to combat salmonellosis.",https://doi.org/10.21203/rs.3.rs-4278310/v2,2024-05-21,2024,NA,0,,,preprint,TRUE,TRUE,gold,https://www.researchsquare.com/article/rs-4278310/latest.pdf,FALSE,NA,NA,NA,NA,NA,https://doi.org/10.21203/rs.3.rs-4278310/v2,https://www.researchsquare.com/article/rs-4278310/latest.pdf,cc-by,acceptedVersion,,54,,,,,FALSE,FALSE,en,,NA,NA,NA,NA,Xiang Xue,Achraf Noureddine
https://openalex.org/W4414436782,Ferritinophagy Loss Drives Mitochondrial Iron Import and Colorectal Tumorigenesis,Ferritinophagy Loss Drives Mitochondrial Iron Import and Colorectal Tumorigenesis,,"<title>Abstract</title> Iron is an essential cofactor for mitochondrial metabolism, yet the regulatory networks linking cellular iron homeostasis to colorectal cancer (CRC) progression remain incompletely understood. Here, we identify nuclear receptor coactivator 4 (NCOA4), a ferritinophagy receptor, as a context-dependent tumor suppressor that coordinates cytosolic and mitochondrial iron handling in CRC. Analysis of human tumors and colon-specific <italic>Ncoa4</italic> knockout mice revealed that NCOA4 loss drives tumorigenesis by inducing transferrin receptor–mediated iron uptake and mitochondrial calcium uniporter (MCU)–dependent mitochondrial iron import. This dual iron overload elevates mitochondrial reactive oxygen species, activates STAT3 signaling, and enhances tumor cell proliferation. NCOA4 overexpression reverses these effects, reducing MCU expression and tumor growth. Pharmacological inhibition of MCU, STAT3, or mitochondrial iron transport mitigated tumorigenesis in NCOA4-deficient models. Our findings define an NCOA4–MCU–STAT3 metabolic signaling axis that couples iron metabolism to oncogenic progression and reveal mitochondrial iron handling as a therapeutic vulnerability in CRC.",https://doi.org/10.21203/rs.3.rs-7483419/v1,2025-09-23,2025,NA,0,,,preprint,TRUE,TRUE,gold,https://www.researchsquare.com/article/rs-7483419/latest.pdf,FALSE,NA,NA,NA,NA,NA,https://doi.org/10.21203/rs.3.rs-7483419/v1,https://www.researchsquare.com/article/rs-7483419/latest.pdf,cc-by,acceptedVersion,,56,,,,,FALSE,FALSE,en,,NA,NA,NA,NA,Xiang Xue,Eric R. Prossnitz
https://openalex.org/W3191214955,Non-autophagy Role of Atg5 and NBR1 in Unconventional Secretion of IL-12 Prevents Gut Dysbiosis and Inflammation,Non-autophagy Role of Atg5 and NBR1 in Unconventional Secretion of IL-12 Prevents Gut Dysbiosis and Inflammation,,"Abstract Intestinal myeloid cells play a critical role in balancing intestinal homeostasis and inflammation. Here, we report that expression of the autophagy-related 5 [Atg5] protein in myeloid cells prevents dysbiosis and excessive intestinal inflammation by limiting IL-12 production. Mice with a selective genetic deletion of Atg5 in myeloid cells [Atg5ΔMye] showed signs of dysbiosis preceding colitis, and exhibited severe intestinal inflammation upon colitis induction that was characterised by increased IFNγ production. The exacerbated colitis was linked to excess IL-12 secretion from Atg5-deficient myeloid cells and gut dysbiosis. Restoration of the intestinal microbiota or genetic deletion of IL-12 in Atg5ΔMye mice attenuated the intestinal inflammation in Atg5ΔMye mice. Additionally, Atg5 functions to limit IL-12 secretion through modulation of late endosome [LE] acidity. Last, the autophagy cargo receptor NBR1, which accumulates in Atg5-deficient cells, played a role by delivering IL-12 to LE. In summary, Atg5 expression in intestinal myeloid cells acts as an anti-inflammatory brake to regulate IL-12, thus preventing dysbiosis and uncontrolled IFNγ-driven intestinal inflammation.",https://doi.org/10.1093/ecco-jcc/jjab144,2021-08-06,2021,1.23865835,14,,,article,FALSE,TRUE,green,https://www.ncbi.nlm.nih.gov/pmc/articles/8864635,FALSE,Journal of Crohn s and Colitis,https://openalex.org/S2735960814,1873-9946,https://openalex.org/P4310311648,Oxford University Press,https://doi.org/10.1093/ecco-jcc/jjab144,NA,NA,publishedVersion,,157,,,,,FALSE,FALSE,en,,259,274,16,2,Eliseo Castillo,Vojo Deretić
https://openalex.org/W4414367097,"Metabolomic, Lipidomic, and Enterohormone Changes in the Progression from MASLD to MASH","Metabolomic, Lipidomic, and Enterohormone Changes in the Progression from MASLD to MASH",,"Abstract Background &amp; Aims Metabolic Dysfunction-Associated Steatotic Liver Disease (MASLD) and Metabolic Dysfunction-Associated Steatohepatitis (MASH) represent progressive stages of liver disease, with distinct metabolic and cellular alterations. This study investigates the progression from MASLD to MASH through metabolomics, lipidomics, and assessment of hormones. Methods Male C57BL/6NTac mice were fed a high-fat diet for 16 weeks to induce MASLD and for 29 weeks to develop MASH. Aged-matched controls on a normal diet were used for comparison. Histology confirmed the progression of MASLD to MASH. We performed metabolomic and lipidomic profiling of liver, colon, and stool samples to identify metabolic and lipid alterations. Plasma enteroendocrine hormones and cytokines were quantified. Immunofluorescence was performed to assess enteroendocrine cells changes in the colon and the association of serotonin (5-HT) with fibronectin in the liver. Results Metabolomic and lipidomic analysis revealed significant alterations at different stages of the disease. Specifically, cholic acid was increased across the liver, colon, and stool in both MASLD and MASH mice compared to controls. Compared to the control group, MASLD mice exhibited an increase in enteroendocrine hormones, GLP-1, GIP, and PYY, whereas no changes were observed in MASH mice. Comparing MASLD to MASH livers, we found hepatic 5-HT levels were increased in MASH mice compared to MASLD mice. The MASH liver also exhibited a colocalization between fibronectin and 5-HT, suggesting a potential role of 5-HT in liver fibrosis. Conclusions Our study provides novel insights into the progressive metabolic and hormonal changes from MASLD to MASH. The increase in cholic acid and differential enteroendocrine hormone responses highlight the complex interactions between the gut and liver in metabolic liver diseases. These findings suggest that enteroendocrine hormones may play a role in the progression of MASLD to MASH as well as liver fibrosis, offering potential therapeutic avenues for targeting the gut-liver axis in metabolic liver diseases.",https://doi.org/10.1101/2025.09.16.676598,2025-09-18,2025,NA,0,,,preprint,TRUE,TRUE,gold,https://www.biorxiv.org/content/biorxiv/early/2025/09/18/2025.09.16.676598.full.pdf,FALSE,NA,NA,NA,NA,NA,https://doi.org/10.1101/2025.09.16.676598,https://www.biorxiv.org/content/biorxiv/early/2025/09/18/2025.09.16.676598.full.pdf,cc-by-nc-nd,acceptedVersion,,60,,,,,FALSE,FALSE,en,,NA,NA,NA,NA,Eliseo Castillo,Jing Pu
https://openalex.org/W4417001427,Abstract A031: Multi-omics profiling reveals cancer-relevant gut–liver axis alterations during MASL to MASH transition,Abstract A031: Multi-omics profiling reveals cancer-relevant gut–liver axis alterations during MASL to MASH transition,,"Abstract Background: Metabolic dysfunction-associated steatotic liver disease (MASLD) and its advanced form, metabolic dysfunction-associated steatohepatitis (MASH), are global health concerns driven by the obesity epidemic. Beyond their roles in cirrhosis and hepatocellular carcinoma (HCC), emerging evidence links MASLD and MASH to increased colorectal neoplasia and colorectal cancer (CRC). However, the molecular and cellular mechanisms by which steatotic liver disease fosters a pro-tumorigenic gut-liver axis remain poorly defined. Methods: Male C57BL/6NTac mice were fed a high-fat diet for 16 weeks (MASLD) or 29 weeks (MASH). We performed untargeted metabolomics and lipidomics in liver, colon, and stool; quantified circulating enteroendocrine (EEC) hormones and cytokines; examined EEC lineage in colonic organoids; and assessed hepatic serotonin and fibrosis by immunofluorescence. Results: Histology confirmed progression from MASLD to MASH. Untargeted metabolomics revealed consistent elevation of cholic acid across tissues and disease stages; mapping analyses linked metabolite changes to CRC-associated pathways. Lipidomics showed stage-specific remodeling: MASLD favored lipotoxic species (free fatty acids, diacylglycerols, LPC/LPE) associated with insulin resistance and oxidative stress, whereas MASH accumulated acylcarnitines, markers of β-oxidation overload tied to hepatocarcinogenesis. In early disease (MASLD), circulating GLP-1, GIP, and PYY were elevated and correlated with colonic cholic acid, while MASH lost this incretin response but exhibited higher TNFα and IL-6. Colonic organoids showed increased CHGA staining, suggesting EEC expansion that was lost in MASH. In the liver, serotonin accumulated and partially colocalized with fibronectin, consistent with a fibrotic niche implicated in tumor initiation. Conclusions: These findings reveal progressive metabolic and hormonal reprogramming from MASLD to MASH that converges on cancer-relevant pathways. Rising cholic acid, early incretin activation followed by EEC dysfunction, and serotonergic fibrosis together establish a pro-tumorigenic gut-liver axis. This integrative framework highlights new mechanistic links between steatotic liver disease and both CRC and HCC, offering potential avenues for prevention and therapy. Citation Format: Jaclyn A. Rivas, Alexandria C. Murphy, Praveena Prasad, Siem S. Goitom, Aaron S. Romero, Crystal M . Enriquez, Brianna B. Maes, Prithvi R. Akepati, Marcus A. Garcia, Fredine T. Lauer, Rama R. Gullapalli, Kristen M. Gonzales, Jessica M . Gross, Jing Pu, Shuguang Leng, Julie G. In, Melanie R. McReynolds, Eliseo F. Castillo. Multi-omics profiling reveals cancer-relevant gut–liver axis alterations during MASL to MASH transition [abstract]. In: Proceedings of the AACR Special Conference in Cancer Research: Cancer Evolution: The Dynamics of Progression and Persistence; 2025 Dec 4-6; Albuquerque, NM. Philadelphia (PA): AACR; Cancer Res 2025;85(23_Suppl):Abstract nr A031.",https://doi.org/10.1158/1538-7445.canevol25-a031,2025-12-04,2025,NA,0,,,article,FALSE,FALSE,closed,NA,FALSE,Cancer Research,https://openalex.org/S168522863,0008-5472,https://openalex.org/P4310320273,American Association for Cancer Research,https://doi.org/10.1158/1538-7445.canevol25-a031,NA,NA,publishedVersion,,0,,,,,FALSE,FALSE,en,,A031,A031,85,23_Supplement,Eliseo Castillo,Jing Pu
https://openalex.org/W4214482399,Protocol for the IMPACT Trial: Improving Healthcare Outcomes in American Transplant Recipients Using Culturally-Tailored Novel Technology,Protocol for the IMPACT Trial: Improving Healthcare Outcomes in American Transplant Recipients Using Culturally-Tailored Novel Technology,,NA,https://doi.org/10.1053/j.jrn.2022.02.004,2022-02-25,2022,0.89748184,5,,,article,FALSE,TRUE,green,https://www.ncbi.nlm.nih.gov/pmc/articles/9058226,FALSE,Journal of Renal Nutrition,https://openalex.org/S112180171,1051-2276,https://openalex.org/P4310320990,Elsevier BV,https://doi.org/10.1053/j.jrn.2022.02.004,NA,NA,publishedVersion,,91,,,,,FALSE,FALSE,en,,e1,e12,32,3,Elizabeth Jimenez,Mark L. Unruh
https://openalex.org/W4394766805,Diets high in subsidized foods and chronic kidney disease in Hispanic communities in the United States: the Hispanic Community Health Study/Study of Latinos,Diets high in subsidized foods and chronic kidney disease in Hispanic communities in the United States: the Hispanic Community Health Study/Study of Latinos,,NA,https://doi.org/10.1057/s41271-024-00482-5,2024-04-12,2024,0,0,,,article,FALSE,FALSE,closed,NA,FALSE,Journal of Public Health Policy,https://openalex.org/S59089974,0197-5897,https://openalex.org/P4310319702,Palgrave Macmillan,http://dx.doi.org/10.1057/s41271-024-00482-5,NA,NA,publishedVersion,,48,,,,,FALSE,FALSE,en,,247,267,45,2,Elizabeth Jimenez,Mark L. Unruh
https://openalex.org/W4403831103,Determining the Feasibility and Acceptability of a Culturally Tailored Lifestyle Intervention to Improve the Health of Hispanic and Native American Kidney Transplant Recipients,Determining the Feasibility and Acceptability of a Culturally Tailored Lifestyle Intervention to Improve the Health of Hispanic and Native American Kidney Transplant Recipients,,NA,https://doi.org/10.1681/asn.202458q3wpt7,2024-10-01,2024,0,0,,,article,FALSE,FALSE,closed,NA,FALSE,Journal of the American Society of Nephrology,https://openalex.org/S115693375,1046-6673,https://openalex.org/P4310315620,American Society of Nephrology,https://doi.org/10.1681/asn.202458q3wpt7,NA,NA,publishedVersion,,0,,,,,FALSE,FALSE,en,,NA,NA,35,10S,Elizabeth Jimenez,Mark L. Unruh
https://openalex.org/W4385802206,Ceramide as an endothelial cell surface receptor and a lung-specific lipid vascular target for circulating ligands,Ceramide as an endothelial cell surface receptor and a lung-specific lipid vascular target for circulating ligands,,"The vascular endothelium from individual organs is functionally specialized, and it displays a unique set of accessible molecular targets. These serve as endothelial cell receptors to affinity ligands. To date, all identified vascular receptors have been proteins. Here, we show that an endothelial lung-homing peptide (CGSPGWVRC) interacts with C16-ceramide, a bioactive sphingolipid that mediates several biological functions. Upon binding to cell surfaces, CGSPGWVRC triggers ceramide-rich platform formation, activates acid sphingomyelinase and ceramide production, without the associated downstream apoptotic signaling. We also show that the lung selectivity of CGSPGWVRC homing peptide is dependent on ceramide production in vivo. Finally, we demonstrate two potential applications for this lipid vascular targeting system: i) as a bioinorganic hydrogel for pulmonary imaging and ii) as a ligand-directed lung immunization tool against COVID-19. Thus, C16-ceramide is a unique example of a lipid-based receptor system in the lung vascular endothelium targeted in vivo by circulating ligands such as CGSPGWVRC.",https://doi.org/10.1073/pnas.2220269120,2023-08-14,2023,1.85670408,10,,,article,FALSE,TRUE,green,http://hdl.handle.net/10150/674613,FALSE,Proceedings of the National Academy of Sciences,https://openalex.org/S125754415,0027-8424,https://openalex.org/P4310320052,National Academy of Sciences,https://doi.org/10.1073/pnas.2220269120,NA,NA,publishedVersion,,68,,,,,FALSE,FALSE,en,,e2220269120,e2220269120,120,34,Achraf Noureddine,Ashley J. Snider
https://openalex.org/W4389187901,Contribution of Mitochondrial Reactive Oxygen Species to Chronic Hypoxia-Induced Pulmonary Hypertension,Contribution of Mitochondrial Reactive Oxygen Species to Chronic Hypoxia-Induced Pulmonary Hypertension,,"Pulmonary hypertension (PH) resulting from chronic hypoxia (CH) occurs in patients with chronic obstructive pulmonary diseases, sleep apnea, and restrictive lung diseases, as well as in residents at high altitude. Previous studies from our group and others demonstrate a detrimental role of reactive oxygen species (ROS) in the pathogenesis of CH-induced PH, although the subcellular sources of ROS are not fully understood. We hypothesized that mitochondria-derived ROS (mtROS) contribute to enhanced vasoconstrictor reactivity and PH following CH. To test the hypothesis, we exposed rats to 4 weeks of hypobaric hypoxia (PB ≈ 380 mmHg), with control rats housed in ambient air (PB ≈ 630 mmHg). Chronic oral administration of the mitochondria-targeted antioxidant MitoQ attenuated CH-induced decreases in pulmonary artery (PA) acceleration time, increases in right ventricular systolic pressure, right ventricular hypertrophy, and pulmonary arterial remodeling. In addition, endothelium-intact PAs from CH rats exhibited a significantly greater basal tone compared to those from control animals, as was eliminated via MitoQ. CH also augmented the basal tone in endothelium-disrupted PAs, a response associated with increased mtROS production in primary PA smooth muscle cells (PASMCs) from CH rats. However, we further uncovered an effect of NO synthase inhibition with Nω–nitro-L-arginine (L-NNA) to unmask a potent endothelial vasoconstrictor influence that accentuates mtROS-dependent vasoconstriction following CH. This basal tone augmentation in the presence of L-NNA disappeared following combined endothelin A and B receptor blockade with BQ123 and BQ788. The effects of using CH to augment vasoconstriction and PASMC mtROS production in exogenous endothelin 1 (ET-1) were similarly prevented by MitoQ. We conclude that mtROS participate in the development of CH-induced PH. Furthermore, mtROS signaling in PASMCs is centrally involved in enhanced pulmonary arterial constriction following CH, a response potentiated by endogenous ET-1.",https://doi.org/10.3390/antiox12122060,2023-11-30,2023,6.41012473,19,,,article,TRUE,TRUE,gold,https://www.mdpi.com/2076-3921/12/12/2060/pdf?version=1701323445,FALSE,Antioxidants,https://openalex.org/S2737566431,2076-3921,https://openalex.org/P4310310987,Multidisciplinary Digital Publishing Institute,https://doi.org/10.3390/antiox12122060,https://www.mdpi.com/2076-3921/12/12/2060/pdf?version=1701323445,cc-by,publishedVersion,,85,,,,,FALSE,FALSE,en,,2060,2060,12,12,Thomas Resta,Nikki L. Jernigan
https://openalex.org/W4401369990,Enhanced glycolysis causes extracellular acidification and activates acid-sensing ion channel 1a in hypoxic pulmonary hypertension,Enhanced glycolysis causes extracellular acidification and activates acid-sensing ion channel 1a in hypoxic pulmonary hypertension,,"In pulmonary hypertension, a metabolic shift to aerobic glycolysis drives a hyperproliferative, apoptosis-resistant phenotype in pulmonary arterial smooth muscle cells. We demonstrate that this enhanced glycolysis induces extracellular acidosis and activates the proton-gated ion channel, acid-sensing ion channel 1a (ASIC1a). Although multiple H + transport/secretion mechanisms are upregulated in PHTN and likely contribute to extracellular acidosis, inhibiting glycolysis with 2-deoxy-d-glucose or syrosingopine effectively prevents extracellular acidification and ASIC1a activation, revealing a promising therapeutic avenue.",https://doi.org/10.1152/ajplung.00083.2024,2024-08-06,2024,8.62623141,10,,,article,FALSE,TRUE,green,https://pmc.ncbi.nlm.nih.gov/articles/PMC11482464/,FALSE,American Journal of Physiology-Lung Cellular and Molecular Physiology,https://openalex.org/S47245711,1040-0605,https://openalex.org/P4310320261,American Physical Society,https://doi.org/10.1152/ajplung.00083.2024,NA,NA,publishedVersion,,59,,,,,FALSE,FALSE,en,,L439,L451,327,4,Thomas Resta,Nikki L. Jernigan
https://openalex.org/W4312006105,Acid-sensing ion channel 1a activates IKCa/SKCa channels and contributes to endothelium-dependent dilation,Acid-sensing ion channel 1a activates IKCa/SKCa channels and contributes to endothelium-dependent dilation,,"Acid-sensing ion channel 1a (ASIC1a) belongs to a novel family of proton-gated cation channels that are permeable to both Na+ and Ca2+. ASIC1a is expressed in vascular smooth muscle and endothelial cells in a variety of vascular beds, yet little is known regarding the potential impact of ASIC1a to regulate local vascular reactivity. Our previous studies in rat mesenteric arteries suggest ASIC1a does not contribute to agonist-induced vasoconstriction but may mediate a vasodilatory response. The objective of the current study is to determine the role of ASIC1a in systemic vasodilatory responses by testing the hypothesis that the activation of endothelial ASIC1a mediates vasodilation of mesenteric resistance arteries through an endothelium-dependent hyperpolarization (EDH)-related pathway. The selective ASIC1a antagonist psalmotoxin 1 (PcTX1) largely attenuated the sustained vasodilatory response to acetylcholine (ACh) in isolated, pressurized mesenteric resistance arteries and ACh-mediated Ca2+ influx in freshly isolated mesenteric endothelial tubes. Similarly, basal tone was enhanced and ACh-induced vasodilation blunted in mesenteric arteries from Asic1a knockout mice. ASIC1a colocalizes with intermediate- and small-conductance Ca2+-activated K+ channels (IKCa and SKCa, respectively), and the IKCa/SKCa-sensitive component of the ACh-mediated vasodilation was blocked by ASIC1a inhibition. To determine the role of ASIC1a to activate IKCa/SKCa channels, we measured whole-cell K+ currents using the perforated-patch clamp technique in freshly isolated mesenteric endothelial cells. Inhibition of ASIC1a prevented ACh-induced activation of IKCa/SKCa channels. The ASIC1 agonist, α/β-MitTx, activated IKCa/SKCa channels and induced an IKCa/SKCa-dependent vasodilation. Together, the present study demonstrates that ASIC1a couples to IKCa/SKCa channels in mesenteric resistance arteries to mediate endothelium-dependent vasodilation.",https://doi.org/10.1085/jgp.202213173,2022-12-09,2022,1.4768299,12,,,article,TRUE,TRUE,bronze,https://rupress.org/jgp/article-pdf/155/2/e202213173/1444951/jgp_202213173.pdf,FALSE,The Journal of General Physiology,https://openalex.org/S168548653,0022-1295,https://openalex.org/P4310315676,Rockefeller University Press,https://doi.org/10.1085/jgp.202213173,https://rupress.org/jgp/article-pdf/155/2/e202213173/1444951/jgp_202213173.pdf,NA,publishedVersion,,76,,,,,FALSE,FALSE,en,,NA,NA,155,2,Thomas Resta,Nikki L. Jernigan
https://openalex.org/W3197422366,Acid‐sensing ion channel 1 contributes to pulmonary arterial smooth muscle cell depolarization following hypoxic pulmonary hypertension,Acid‐sensing ion channel 1 contributes to pulmonary arterial smooth muscle cell depolarization following hypoxic pulmonary hypertension,,"Abstract Pulmonary hypertension is characterized by sustained vasoconstriction and remodelling of the small pulmonary arteries, which is associated with persistent depolarization of the resting membrane potential ( E m ) of pulmonary arterial smooth muscle cells (PASMCs). It is well‐known that the underlying mechanism of this depolarization includes inhibition of K + channels; however, whether other ion channels contribute to this depolarization is unknown. We previously reported that acid‐sensing ion channel 1 (ASIC1), a non‐selective cation channel (NSCC) that conducts both Na + and Ca 2+ , is present in PASMCs and contributes to the development of chronic hypoxia (CH)‐induced pulmonary hypertension. Therefore, we tested the hypothesis that ASIC1‐mediated Na + influx contributes to PASMC E m regulation following CH‐induced pulmonary hypertension. Using sharp electrode intracellular recordings in isolated, pressurized small pulmonary arteries from rats and mice, we show that exposure to CH leads to PASMC membrane depolarization compared with control animals, and this is independent of intraluminal pressure‐induced depolarization. In addition to a decrease in PASMC whole‐cell K + currents following CH, we demonstrate that whole‐cell NSCC currents are increased and essential to the persistent CH‐induced E m depolarization in PASMCs. Both the specific inhibitor of ASIC1, psalmotoxin 1, and global knockout of ASIC1 ( Asic1 –/– ) prevents CH‐induced E m depolarization and largely inhibits whole‐cell NSCC currents, without affecting whole‐cell K + currents. Our results show a combination of factors, including inhibition of K + efflux and augmented Na + influx, mediate CH‐induced PASMC depolarization. Furthermore, this study demonstrates a novel role for ASIC1 in the regulation of E m in PASMCs during CH‐induced pulmonary hypertension. image Key points In pulmonary hypertensive patients and animal models of pulmonary hypertension, the resting membrane potential ( E m ) of pulmonary arterial smooth muscle cells (PASMCs) is persistently depolarized. In addition to the well‐established reduction of K + conductance, we show that non‐selective cation channel currents are increased and essential to the persistent E m depolarization in PASMCs following chronic hypoxia (CH)‐induced pulmonary hypertension. The current study provides novel evidence that acid‐sensing ion channel 1 (ASIC1)‐mediated Na + influx induces membrane depolarization and regulates E m in PASMCs following CH exposure. Although fairly quiescent under control conditions, our findings demonstrate a pathological function of ASIC1 in the development of chronic hypoxia‐induced pulmonary hypertension.",https://doi.org/10.1113/jp282231,2021-09-06,2021,1.0728567,11,,,article,TRUE,TRUE,bronze,https://onlinelibrary.wiley.com/doi/pdfdirect/10.1113/JP282231,FALSE,The Journal of Physiology,https://openalex.org/S2090548,0022-3751,https://openalex.org/P4310320595,Wiley,https://doi.org/10.1113/jp282231,https://onlinelibrary.wiley.com/doi/pdfdirect/10.1113/JP282231,NA,publishedVersion,,58,,,,,FALSE,FALSE,en,,4749,4762,599,21,Thomas Resta,Nikki L. Jernigan
https://openalex.org/W4302283876,Smooth muscle Acid-sensing ion channel 1a as a therapeutic target to reverse hypoxic pulmonary hypertension,Smooth muscle Acid-sensing ion channel 1a as a therapeutic target to reverse hypoxic pulmonary hypertension,,"Acid-sensing ion channel 1a (ASIC1a) is a voltage-independent, non-selective cation channel that conducts both Na + and Ca 2+ . Activation of ASIC1a elicits plasma membrane depolarization and stimulates intracellular Ca 2+ -dependent signaling pathways in multiple cell types, including vascular smooth muscle (SM) and endothelial cells (ECs). Previous studies have shown that increases in pulmonary vascular resistance accompanying chronic hypoxia (CH)-induced pulmonary hypertension requires ASIC1a to elicit enhanced pulmonary vasoconstriction and vascular remodeling. Both SM and EC dysfunction drive these processes; however, the involvement of ASIC1a within these different cell types is unknown. Using the Cre-LoxP system to generate cell-type-specific Asic1a knockout mice, we tested the hypothesis that SM- Asic1a contributes to CH-induced pulmonary hypertension and vascular remodeling, whereas EC- Asic1a opposes the development of CH-induced pulmonary hypertension. The severity of pulmonary hypertension was not altered in mice with specific deletion of EC- Asic1a (Tek Cre - Asic1a fl/fl ). However, similar to global Asic1a knockout ( Asic1a −/- ) mice, mice with specific deletion of SM- Asic1a (MHC CreER - Asic1a fl/fl ) were protected from the development of CH-induced pulmonary hypertension and right heart hypertrophy. Furthermore, pulmonary hypertension was reversed when deletion of SM- Asic1a was initiated in conditional MHC CreER - Asic1a fl/fl mice with established pulmonary hypertension. CH-induced vascular remodeling was also significantly attenuated in pulmonary arteries from MHC CreER - Asic1a fl/fl mice. These findings were additionally supported by decreased CH-induced proliferation and migration of pulmonary arterial smooth muscle cells (PASMCs) from Asic1a −/- mice. Together these data demonstrate that SM-, but not EC- Asic1a contributes to CH-induced pulmonary hypertension and vascular remodeling. Furthermore, these studies provide evidence for the therapeutic potential of ASIC1a inhibition to reverse pulmonary hypertension.",https://doi.org/10.3389/fmolb.2022.989809,2022-10-05,2022,1.35376074,11,,,article,TRUE,TRUE,gold,https://www.frontiersin.org/articles/10.3389/fmolb.2022.989809/pdf,FALSE,Frontiers in Molecular Biosciences,https://openalex.org/S2595797843,2296-889X,https://openalex.org/P4310320527,Frontiers Media,https://doi.org/10.3389/fmolb.2022.989809,https://www.frontiersin.org/articles/10.3389/fmolb.2022.989809/pdf,cc-by,publishedVersion,,79,,,,,FALSE,FALSE,en,,989809,989809,9,NA,Thomas Resta,Laura V. González Bosc; Nikki L. Jernigan
https://openalex.org/W4306410008,Hydrogen sulfide and miR21 are suitable biomarkers of hypoxic exposure,Hydrogen sulfide and miR21 are suitable biomarkers of hypoxic exposure,,"Hypoxia is the reduction of alveolar partial pressure of oxygen ([Formula: see text]). Military members and people who practice recreational activities from moderate to high altitudes are at risk for hypoxic exposure. Hypoxemia’s signs and symptoms vary from asymptomatic to severe responses, such as excessive hypoxic ventilatory responses and residual neurobehavioral impairment. Therefore, it is essential to identify hypoxia-induced biomarkers to indicate people with exposure to hypoxia. Advances have been made in understanding physiological responses to hypoxia, including elevations in circulating levels of endothelin 1 (ET-1) and microRNA 21 (miR-21) and reduction in circulating levels of hydrogen sulfide (H 2 S). Although the levels of these factors change upon exposure to hypoxia, it is unclear if these changes are sustained on return to normoxia. We hypothesize that hypoxia-induced ET-1 and miR-21 remain elevated, whereas hypoxia-reduction in H 2 S sustains after returning to normoxic conditions. To test this hypothesis, we exposed male rats to 6 h of 12% O 2 and measured circulating levels of ET-1 and miR-21, pre, during, and posthypoxia. We found that ET-1 plasma levels increased in response to hypoxia but returned to normal levels within 30 min after the restoration of normoxia. miR-21 plasma levels and transdermal H 2 S emissions decreased in response to hypoxia, remaining decreased on return to normoxia, thus following the biomarker criteria. Therefore, this study supports a unique role for plasma miR21 and transdermal H 2 S as hypoxia biomarkers that could be used to identify individuals after exposure to hypoxia.",https://doi.org/10.1152/ajpregu.00199.2022,2022-10-17,2022,0.5096804,2,,,article,FALSE,TRUE,green,https://www.ncbi.nlm.nih.gov/pmc/articles/9678419,FALSE,"American Journal of Physiology-Regulatory, Integrative and Comparative Physiology",https://openalex.org/S59702976,0363-6119,https://openalex.org/P4310320155,American Physiological Society,https://doi.org/10.1152/ajpregu.00199.2022,NA,NA,publishedVersion,,57,,,,,FALSE,FALSE,en,,R900,R909,323,6,Thomas Resta,Nikki L. Jernigan; Laura V. González Bosc
https://openalex.org/W4378648752,Cholesterol depletion following chronic hypoxia unmasks EGFR-signaling in pulmonary vascular smooth muscle through disinhibition of Rac1,Cholesterol depletion following chronic hypoxia unmasks EGFR-signaling in pulmonary vascular smooth muscle through disinhibition of Rac1,,"Introduction: Chronic hypoxia (CH) leads to increased pulmonary vascular resistance and resultant pulmonary hypertension (PH) in patients with chronic obstructive pulmonary disease and sleep apnea. We recently demonstrated that CH augments vasoconstrictor reactivity through a switch in pulmonary arterial smooth muscle cell (PASMC) signaling from Ca 2+ -dependent mechanisms towards a novel epidermal growth factor receptor (EGFR)-NADPH oxidase 2 (NOX2)-Rho kinase Ca 2+ sensitization pathway. The overall objective of this study is to understand the mechanism by which CH mediates this switch in signaling. We have recently demonstrated that CH decreases membrane cholesterol, a lipid membrane domain component that can regulate both EGFR and NOX2 activity in other cell types. Since Rac1 is an important regulator of NOX2, we hypothesized that cholesterol depletion following CH unmasks EGFR-signaling through disinhibition of Rac1. Methods: We validated our ability to manipulate membrane cholesterol levels by treating isolated pulmonary arteries from control and CH (4 wk @ P B = 380 mmHg) Sprague Dawley rats with either cholesterol (2 mM), epicholesterol (cholesterol epimer; 2 mM), MβCD (cholesterol chelator; 10 mM), or vehicle. PASMC membrane cholesterol content was quantified by filipin (50 μg/ml) fluorescence using confocal microscopy. NOX2 activity was assessed via epidermal growth factor (EGF)-induced superoxide production +/- gp91ds-tat (selective NOX2 inhibitor; 50 μM) in primary cultures of PASMCs from control and CH rats. Superoxide levels were measured by dihydroethidium fluorescence (5 μM). We additionally assessed Rac1 activity by G-LISA (Cytoskeleton) in these cells. Subsequently, we examined vasoconstrictor responses to increasing concentrations of EGF (10 -10 – 10 -6 M) in pressurized, endothelium-disrupted pulmonary arteries (~150 μm diameter) from control rats. A subset of arteries was treated with gp91ds-tat (50 μM), fasudil (Rho kinase inhibitor; 10 μM), or their respective vehicles. Results: Cholesterol supplementation significantly (P&lt;0.05) increased PASMC membrane cholesterol in both control and CH groups. Conversely, treatment with either MβCD or epicholesterol significantly decreased membrane cholesterol in arteries from control animals only. Additionally, epicholesterol increased NOX2-dependent superoxide production and Rac1 activity in PASMCs from control but not CH rats. In agreement with our hypothesis, the epicholesterol-dependent substitution of membrane cholesterol revealed concentration-dependent vasoconstriction to EGF in pulmonary arteries from control rats. Treatment with either fasudil or gp91ds-tat attenuated this effect. Conclusions: These results suggest decreased PASMC membrane cholesterol following CH augments EGFR-mediated vasoconstriction through disinhibition of NOX2 and Rac1. This work was supported by NIH R01 HL132883 to T. Resta, NIH T32 HL007736 to R. Ahmadian, and NIH F31 HL162502-01 to R. Ahmadian. This is the full abstract presented at the American Physiology Summit 2023 meeting and is only available in HTML format. There are no additional versions or additional content available for this abstract. Physiology was not involved in the peer review process.",https://doi.org/10.1152/physiol.2023.38.s1.5731779,2023-05-01,2023,0.29216,1,,,article,FALSE,FALSE,closed,NA,FALSE,Physiology,https://openalex.org/S88977973,1548-9213,https://openalex.org/P4310320155,American Physiological Society,https://doi.org/10.1152/physiol.2023.38.s1.5731779,NA,NA,publishedVersion,,0,,,,,FALSE,FALSE,en,,NA,NA,38,S1,Thomas Resta,Nikki L. Jernigan
https://openalex.org/W4225414531,Pulmonary Arterial Smooth Muscle Cell Monocarboxylate Transporter 1/4 Contributes to Extracellular Acidosis following Chronic Hypoxia‐induced Pulmonary Hypertension,Pulmonary Arterial Smooth Muscle Cell Monocarboxylate Transporter 1/4 Contributes to Extracellular Acidosis following Chronic Hypoxia‐induced Pulmonary Hypertension,,"Pulmonary hypertension (pHTN) is defined by mean pulmonary arterial pressure at rest exceeding 20 mmHg with mortality often resulting from right ventricular failure that is secondary to increased afterload. During pHTN, increased reliance on aerobic glycolysis and inhibition of mitochondrial oxidative respiration is observed in pulmonary arterial smooth muscle cells (PASMCs). This metabolic shift is associated with hyperproliferation and resistance to apoptosis contributing to the pathogenesis of pHTN. Along with these phenotypic changes, cells undergoing aerobic respiration exhibit increased glucose uptake and subsequent lactate and H + efflux, contributing to extracellular acidosis. Acid‐sensing ion channel 1 (ASIC1) is a voltage‐independent, proton‐gated cation channel that contributes to the development of chronic hypoxia (CH)‐induced pHTN. While the function of ASIC1 is well characterized in pHTN, it has not been determined whether the metabolic shift observed during pHTN contributes to the activation of ASIC1. Therefore, we hypothesized that enhanced glucose uptake and subsequent acidification of the extracellular microenvironment in PASMCs lead to the activation of ASIC1 in CH‐induced pHTN. As an initial step in testing this hypothesis, rats were housed in a hypobaric chamber (barometric pressure: ~380 mmHg) to induce pHTN and compared to age‐matched normoxic controls. After 4 weeks, PASMCs were collected and transiently cultured under normoxia for 3‐4 days. As expected, PASMCs from CH rats showed a reduced oxygen consumption rate (p&lt;0.0001) and greater extracellular acidification (p&lt;0.0001) compared to those from control animals, indicating increased glycolytic activity. Utilizing the fluorescent pH indicators SNARF‐5/AM, we found that PASMCs from CH rats exhibit intracellular alkalization (p&lt;0.0001 vs. control) and extracellular acidosis (p&lt;0.001 vs. control). We further examined the H + transporter(s) involved in mediating extracellular acidosis by inhibiting carbonic anhydrase IX (CA‐IX), the Na + /H + exchanger (NHE1), the vacuolar‐type H + ‐type ATPase (V‐ATPase), or monocarboxylate transporters 1 and ‐4 (MCT1 and MCT4). The dual MCT1/4 inhibitor, syrosingopine, prevented intracellular alkalization and extracellular acidosis following CH (Figure 1A), which corresponded with an increase in MCT4, but not MCT1, expression (Figure 1B). These data suggest MCT plays an important role in regulating PASMC pH homeostasis. Future studies will assess the role of MCT to activate ASIC1 and contribute to pHTN.",https://doi.org/10.1096/fasebj.2022.36.s1.r4010,2022-05-01,2022,0.20489849,1,,,article,FALSE,FALSE,closed,NA,FALSE,The FASEB Journal,https://openalex.org/S25293849,0892-6638,https://openalex.org/P4310320595,Wiley,https://doi.org/10.1096/fasebj.2022.36.s1.r4010,NA,NA,publishedVersion,,0,,,,,FALSE,FALSE,en,,NA,NA,36,S1,Thomas Resta,Nikki L. Jernigan
https://openalex.org/W4408987123,Acid-Sensing Ion Channel 1a Deficiency Drives Endocrine Hypertension in Male Mice,Acid-Sensing Ion Channel 1a Deficiency Drives Endocrine Hypertension in Male Mice,,"ABSTRACT Background Acid-sensing ion channel 1a (ASIC1a) is an H + -gated cation channel that responds to extracellular acidosis in both normal and pathological states, including ischemia, inflammation, and metabolic disturbances. While ASIC1a regulates vascular reactivity, its role in blood pressure regulation remains unclear, particularly concerning sex, aging, and disease. This study aims to investigate whether ASIC1a: 1) contributes to cardiovascular function in a sex-dependent manner; 2) plays a dynamic role in cardiovascular homeostasis with aging; and 3) modulates the development of angiotensin II-induced systemic hypertension. Methods Radiotelemeters were implanted in 6- and 18-month-old male and female wild-type ( Asic1a +/+ ) and ASIC1a knockout ( Asic1a -/- ) mice to monitor mean arterial blood pressure and heart rate under baseline conditions and in response to angiotensin II. Blood gases, electrolytes, hormones, and end-organ injury were also assessed. Results Aged male Asic1a -/- mice develop hypertension driven by aldosterone excess and sympathetic overactivity, which is accompanied by cardiac hypertrophy, aortic fibrosis, and glomerular hypertrophy. Female Asic1a -/- mice remain unaffected. In male Asic1a -/- mice, hyperaldosteronism occurs independent of the renin-angiotensin system and mitigates angiotensin II-induced hypertension. Furthermore, 6-month-old male Asic1a -/- mice exhibit elevated corticosterone, hypokalemia, reduced urine osmolality, increased pulse pressure, and cardiomyocyte hypertrophy that precedes hypertension. Conclusions These findings establish ASIC1a as a novel, sex-specific regulator of cardiovascular function, linking early corticosterone excess in male mice to hyperaldosteronism and implicating ASIC1a deficiency as a potential driver of endocrine-related hypertension. GRAPHICAL ABSTRACT",https://doi.org/10.1101/2025.03.25.645371,2025-03-28,2025,NA,1,,,preprint,TRUE,TRUE,gold,https://www.biorxiv.org/content/biorxiv/early/2025/03/28/2025.03.25.645371.full.pdf,FALSE,NA,NA,NA,NA,NA,https://doi.org/10.1101/2025.03.25.645371,https://www.biorxiv.org/content/biorxiv/early/2025/03/28/2025.03.25.645371.full.pdf,NA,acceptedVersion,,57,,,,,FALSE,FALSE,en,,NA,NA,NA,NA,Thomas Resta,Laura V. González Bosc; Nikki L. Jernigan
https://openalex.org/W3166499769,Endogenous Endothelin‐1 Contributes to Enhanced Basal Pulmonary Arterial Tone Following Chronic Hypoxia: Role of Mitochondria‐Derived Reactive Oxygen Species,Endogenous Endothelin‐1 Contributes to Enhanced Basal Pulmonary Arterial Tone Following Chronic Hypoxia: Role of Mitochondria‐Derived Reactive Oxygen Species,,"Previous studies from our laboratory demonstrate the importance of mitochondria‐derived reactive oxygen species (mitoROS) in the development of pulmonary hypertension after chronic hypoxia (CH) exposure. Furthermore, we have identified a major role for the endothelium to augment mitoROS‐dependent pulmonary vascular tone following CH. However, the mechanism of this response remains unclear. We hypothesized that the endogenous vasoconstrictor peptide, endothelin‐1 (ET‐1), facilitates mitoROS‐dependent increases in basal tone after CH exposure. To test our hypothesis, we measured basal tone by videomicroscopy in isolated, pressurized, small pulmonary arteries [~150 μm inner diameter (i.d.)] from normoxic and CH (4 wk, 0.5 atm) rats with and without the ET A receptor and ET B receptor inhibitors, BQ123 and BQ788 (10 μM each), respectively. Parallel protocols were conducted in the presence of the mitochondria‐targeted antioxidant, MitoQ (1 μM). All experiments were performed in the presence of the nitric oxide (NO) synthase inhibitor, N ω ‐nitro‐L‐arginine (300 μM), to limit the influence of endogenous NO. Pulmonary arterial tone was calculated as the percent difference in i.d. between Ca 2+ ‐free and Ca 2+ ‐containing conditions. To evaluate the contribution of mitoROS to ET‐1‐mediated vasoconstriction, we further assessed vasoconstrictor responses (percentage of baseline i.d.) to serial concentrations of exogenous ET‐1 (10 ‐11 to 10 ‐7 M) in the presence or absence of MitoQ in endothelium‐disrupted pulmonary arteries from each group. Additional experiments employed confocal microscopy to measure ET‐1 (1 nM)‐induced mitoROS production in primary cultures of pulmonary arterial smooth muscle cells (PASMCs) from control and CH rats using the fluorescent mitochondrial superoxide indicator MitoSOX (10 μM). Antimycin A (10 µM) treatment, which stimulates mitoROS production from complex III of electron transport chain, was used as a positive control. Both MitoQ and the combined administration of ET A and ET B receptor blockers abolished the effect of CH to increase basal tone (P&lt;0.05). Arteries from CH rats also exhibited greater constriction to exogenous ET‐1 (at 1 nM) compared to vessels from normoxic controls, which was prevented by MitoQ (P&lt;0.05). Consistent with these findings, application of ET‐1 significantly increased mitoROS production in PASMCs from CH rats (P&lt;0.05), but not control animals. Application of antimycin A led to mitoROS generation in both control and CH groups (P&lt;0.05). We conclude that endogenous ET‐1 promotes pulmonary arterial constriction through mitoROS signaling in PASMCs following CH. These findings advance our understanding of the mechanistic basis for the vasoconstrictor component of CH‐induced pulmonary hypertension.",https://doi.org/10.1096/fasebj.2021.35.s1.02943,2021-05-01,2021,0,0,,,article,FALSE,FALSE,closed,NA,FALSE,The FASEB Journal,https://openalex.org/S25293849,0892-6638,https://openalex.org/P4310320595,Wiley,https://doi.org/10.1096/fasebj.2021.35.s1.02943,NA,NA,publishedVersion,,0,,,,,FALSE,FALSE,en,,NA,NA,35,S1,Thomas Resta,Nikki L. Jernigan
https://openalex.org/W3167696515,Reactive Oxygen Species Mediate Decreased Pulmonary Arterial Smooth Muscle Cell Membrane Cholesterol Following Chronic Hypoxia,Reactive Oxygen Species Mediate Decreased Pulmonary Arterial Smooth Muscle Cell Membrane Cholesterol Following Chronic Hypoxia,,"Pulmonary arterial constriction and remodeling resulting from chronic hypoxia (CH) lead to increased pulmonary vascular resistance and resultant pulmonary hypertension (PH) in patients with chronic obstructive pulmonary diseases, sleep apnea, or in residents at high altitude. Recent studies from our laboratory have demonstrated a novel paradigm of CH‐induced vasoconstriction and PH mediated by an epidermal growth factor receptor‐NADPH oxidase 2‐RhoA Ca 2+ sensitization pathway in pulmonary arterial smooth muscle cells (PASMCs). We have further demonstrated a central role for decreased PASMC membrane cholesterol in this response. However, the mechanism by which CH lowers cholesterol is unknown. Since CH has an effect to both increase reactive oxygen species (ROS) in PASMC and decrease membrane cholesterol, we hypothesized that elevated ROS production during CH diminishes PASMC membrane cholesterol. To test this hypothesis, PASMC were collected from control and CH Sprague Dawley Rats (4 wk, P B = 0.5 atm, N=7‐9/group). After 3 days in cell culture, PASMC were treated with the ROS scavengers Tiron (10 mM), EUK‐134 (EUK) (10 mM), or their respective vehicles for 30 minutes. PASMC membrane cholesterol was quantified with the fluorescent cholesterol marker filipin (50 mg/ml) via confocal microscopy. A two‐way ANOVA was used to make comparisons and if differences were detected, individual groups were compared using the Tukey's multiple comparisons test. A probability of P &lt; 0.05 was considered significant for comparisons. In agreement with our hypothesis, the CH‐dependent reduction in PASMC membrane cholesterol was acutely reversed following treatment with the ROS scavengers Tiron ( Figure 1A ) and EUK ( Figure 1B ). We conclude that ROS mediate CH‐dependent decreases in PASMC membrane cholesterol following CH exposure. These findings may provide a mechanistic basis by which CH links vasoconstrictor stimuli to EGFR signaling and resultant pulmonary hypertension. Future directions will explore the mechanism by which ROS mediate this response, including cholesterol oxidation or dysregulation of membrane cholesterol trafficking.",https://doi.org/10.1096/fasebj.2021.35.s1.03661,2021-05-01,2021,0,0,,,article,FALSE,FALSE,closed,NA,FALSE,The FASEB Journal,https://openalex.org/S25293849,0892-6638,https://openalex.org/P4310320595,Wiley,https://doi.org/10.1096/fasebj.2021.35.s1.03661,NA,NA,publishedVersion,,0,,,,,FALSE,FALSE,en,,NA,NA,35,S1,Thomas Resta,Nikki L. Jernigan
https://openalex.org/W3170123230,Induction of Mucosal Tolerance to Collagen Type V Attenuates Hypoxic Pulmonary Hypertension,Induction of Mucosal Tolerance to Collagen Type V Attenuates Hypoxic Pulmonary Hypertension,,"Hypoxic pulmonary hypertension (PH) can be caused by lung disease, injury, and chronic hypoxia (CH) exposure. Hallmarks for PH include recruitment of immune cells to the perivascular region of the lungs, thickening of the pulmonary arterial walls, elevated pulmonary vascular resistance and pressure, and right ventricular remodeling. These signature signs of PH are what lead to right heart failure and ultimately death. We have previously reported that 21 days of CH leads to both an upregulation of collagen type V (Col V) as well as natural T helper 17 (nTh17) cell‐reactivity towards Col V in mouse pulmonary arteries without affecting the number of T regulatory cells (Tregs) in the lungs. However, it is unknown if Treg suppressive capacity and/or peripheral tolerance to autoantigens is affected by CH. Col V‐specific Tregs, e.g. peripheral tolerance, can be induced by nasal instillation of Col V without adjuvant. Using right ventricular systolic pressure (RVSP) and pulmonary arterial wall thickening as indicators of PH, we hypothesized that induction of mucosal tolerance to Col V attenuates hypoxic PH in mice. Our data support this hypothesis, as both RVSP and wall thickening are lower in CH‐exposed Col V‐inoculated vs. vehicle‐inoculated mice (Figure). Future studies will characterize the effect of CH on Treg suppressive activity, nTh17 perivascular infiltration, and nTh17‐mediated Col V reactivity. In conclusion, our study suggests that induction of mucosal tolerance to Col V attenuates chronic hypoxia‐induced PH.",https://doi.org/10.1096/fasebj.2021.35.s1.05112,2021-05-01,2021,0,0,,,article,FALSE,FALSE,closed,NA,FALSE,The FASEB Journal,https://openalex.org/S25293849,0892-6638,https://openalex.org/P4310320595,Wiley,https://doi.org/10.1096/fasebj.2021.35.s1.05112,NA,NA,publishedVersion,,0,,,,,FALSE,FALSE,en,,NA,NA,35,S1,Thomas Resta,Laura V. González Bosc
https://openalex.org/W4225394285,Inducible Smooth Muscle‐Specific Knockout of Acid Sensing Ion Channel 1 Protects Against Pulmonary Hypertension,Inducible Smooth Muscle‐Specific Knockout of Acid Sensing Ion Channel 1 Protects Against Pulmonary Hypertension,,"Acid‐sensing ion channel 1 (ASIC1) is a proton‐gated cation channel that conducts both Na + and Ca 2+ . ASIC1 is expressed in multiple cell types including vascular smooth muscle cells (SMCs) and endothelial cells (ECs). Our laboratory has previously shown that ASIC1 contributes to pulmonary arterial constriction and the development of chronic hypoxia (CH)‐induced pulmonary hypertension. However, the contribution of SMC versus EC ASIC1 to CH‐induced pulmonary hypertension is unknown. We tested the hypothesis that SMC expression of ASIC1 contributes to pulmonary hypertension and vascular remodeling by examining the development of CH‐induced pulmonary hypertension (barometric pressure of 380 mmHg for 6 weeks) in inducible SMC‐specific ASIC1 knockout (SMC‐ Asic1 ‐/‐ ) and EC‐specific ASIC1 knockout (EC‐ Asic1 ‐/‐ ) mice. The SMC‐ Asic1 ‐/‐ animals were used to examine the prevention and reversal of pulmonary hypertension by either inducing Asic1 knockout before CH exposure or following the establishment of pulmonary hypertension (3 weeks post‐CH). Pulmonary hypertension was assessed by direct cardiac puncture in anesthetized mice to measure right ventricular systolic pressure. Similar to global ASIC1 knockout ( Asic1 ‐/‐ ) mice, SMC‐ Asic1 ‐/‐ mice were protected from the development of CH‐induced pulmonary hypertension. In contrast, EC‐ Asic1 ‐/‐ mice developed pulmonary hypertension comparable to wildtype Asic1 +/+ mice (Figure 1). Furthermore, CH‐induced pulmonary hypertension was reversed by induction of SMC‐specific ASIC1 knockout following established pulmonary hypertension. CH‐induced vascular remodeling was assessed using smooth muscle α‐actin immunofluorescence to determine the medial thickness of small pulmonary arteries. The degree of arterial muscularization was significantly attenuated and/or reversed in SMC‐ Asic1 ‐/‐ arteries (P&lt;0.05). These findings were additionally supported by decreased CH‐induced proliferation (P&lt;0.05) and migration (P&lt;0.05) of pulmonary arterial SMC from Asic1 ‐/‐ mice, assessed by flow cytometry of BrdU positive cells and transwell migration assay, respectively. Together these data demonstrate that SMC, but not EC, ASIC1 contributes to CH‐induced pulmonary hypertension and vascular remodeling. Furthermore, these studies provide evidence for the therapeutic potential of ASIC1 inhibition to reverse pulmonary hypertension.",https://doi.org/10.1096/fasebj.2022.36.s1.r3935,2022-05-01,2022,0,0,,,article,FALSE,FALSE,closed,NA,FALSE,The FASEB Journal,https://openalex.org/S25293849,0892-6638,https://openalex.org/P4310320595,Wiley,https://doi.org/10.1096/fasebj.2022.36.s1.r3935,NA,NA,publishedVersion,,0,,,,,FALSE,FALSE,en,,NA,NA,36,S1,Thomas Resta,Laura V. González Bosc; Nikki L. Jernigan
https://openalex.org/W4225399927,Diminished Pulmonary Arterial Smooth Muscle Cell Membrane Cholesterol Unmasks EGFR‐dependent Vasoconstriction,Diminished Pulmonary Arterial Smooth Muscle Cell Membrane Cholesterol Unmasks EGFR‐dependent Vasoconstriction,,"Introduction Chronic hypoxia (CH) leads to increased pulmonary vascular resistance and resultant pulmonary hypertension (PH) in patients with chronic obstructive pulmonary disease, sleep apnea, or in residents at high altitude. Recent studies from our laboratory have demonstrated that CH augments vasoconstrictor reactivity to a variety of stimuli, including pulmonary arterial smooth muscle cell (PASMC) stretch, membrane depolarization, and stimulation of G protein‐coupled receptors. This effect of CH is mediated by a switch in PASMC signaling from Ca 2+ ‐dependent mechanisms towards a novel epidermal growth factor receptor (EGFR)‐NADPH oxidase 2 (NOX2)‐Rho kinase (ROK) Ca 2+ sensitization pathway. The overall objective of this study is to understand the mechanism by which CH mediates this switch in signaling. We have recently demonstrated that CH decreases membrane cholesterol, a component of lipid membrane domains that can regulate both EGFR and NOX2 activity in other cell types. Therefore, we hypothesized that this EGFR‐NOX2‐ROK signaling pathway is intact in PASMC from control animals but quiescent due to inhibition by membrane cholesterol. Methods We first validated our ability to manipulate membrane cholesterol levels by treating primary cultures of PASMCs from Sprague Dawley rats with either cholesterol (2 mM), epicholesterol (an epimeric form of cholesterol; 2 mM), or MβCD (cholesterol chelator; 10 mM). Membrane cholesterol content was quantified by filipin (50 mg/ml) fluorescence using confocal microscopy. Subsequently, we examined vasoconstrictor responses to increasing concentrations of epidermal growth factor (EGF) (10 ‐10 – 10 ‐6 M) in pressurized, endothelium‐disrupted rat pulmonary arteries (~150 mm diameter). The effect of diminished membrane cholesterol on vasomotor responses was tested by substituting native cholesterol with epicholesterol (2 mM), which lacks the ability participate in protein‐sterol interactions while maintaining normal membrane fluidity. Vessels were additionally treated with the selective NOX2 inhibitor gp91ds‐tat (50 mM), the selective Rho kinase inhibitor fasudil (10 mM), or their respective vehicles. Results Cholesterol supplementation significantly increased PASMC membrane cholesterol as indicated by filipin fluorescence. Conversely, treatment with either MβCD or epicholesterol significantly decreased membrane cholesterol compared to vehicle‐treated cells (Figure 1) . In agreement with our hypothesis, epicholesterol‐dependent substitution of cholesterol revealed concentration‐dependent vasoconstriction to EGF in pulmonary arteries ( Figure 2A ). Treatment with either fasudil (Figure 2A) or gp91ds‐tat (Figure 2B) attenuated this effect. Conclusions The EGFR‐NOX2‐RhoA signaling cascade is present in arteries from normoxic animals but is normally inhibited by membrane cholesterol. The results of this study will allow for improved mechanistic analysis of how cholesterol regulates this pathway that is central to enhanced vasoconstrictor reactivity in PH.",https://doi.org/10.1096/fasebj.2022.36.s1.r2480,2022-05-01,2022,0,0,,,article,FALSE,FALSE,closed,NA,FALSE,The FASEB Journal,https://openalex.org/S25293849,0892-6638,https://openalex.org/P4310320595,Wiley,https://doi.org/10.1096/fasebj.2022.36.s1.r2480,NA,NA,publishedVersion,,0,,,,,FALSE,FALSE,en,,NA,NA,36,S1,Thomas Resta,Nikki L. Jernigan
https://openalex.org/W4378649189,Acid-sensing ion channel 1a regulates mitochondrial membrane potential and pulmonary arterial smooth muscle cell apoptosis,Acid-sensing ion channel 1a regulates mitochondrial membrane potential and pulmonary arterial smooth muscle cell apoptosis,,"Acid-sensing ion channel 1a (ASIC1a) is a proton-gated cation channel that contributes to the development of chronic hypoxia (CH)-induced pulmonary hypertension (PH). Our prior studies demonstrate that ASIC1a is expressed in pulmonary arterial smooth muscle cells (PASMCs) and contributes to plasmalemmal membrane potential ( E m ) depolarization and augmented intracellular Ca 2+ signaling leading to enhanced vasoconstrictor reactivity and vascular remodeling. During PH, mitochondrial dysfunction associated with mitochondrial membrane potential (Δψm) hyperpolarization can inhibit opening of the mitochondrial permeability transition pore (mPTP), thereby repressing apoptosis and promoting the hyperproliferative and apoptosis-resistant PASMC phenotype. Recent evidence suggests that ASIC1a is localized to mitochondria and regulates the mPTP. However, it is unknown if mitochondrial-localized ASIC1a (mtASIC1a) contributes to the pathogenesis of PH. Therefore, the overall objective of this study is to determine the functional role of mtASIC1a in the apoptosis-resistant PASMC phenotype associated with PH. We hypothesized that CH causes Δψm hyperpolarization and apoptosis-resistance in PASMCs due to loss of mtASIC1a localization. To test this hypothesis, we housed Asic1a knockout ( Asic1a -/- ) and wild-type ( Asic1a +/+ ) mice in a hypobaric chamber (barometric pressure: ~380 mmHg) for 4 weeks to induce PH. Following CH, we found increased expression of ASIC1a at the plasma membrane and decreased expression in mitochondria, which were associated with PASMC E m depolarization and Δψm hyperpolarization. Using tetramethylrhodamine (TMRE) fluorescence to measure Δψm, we found that TMRE fluorescence was significantly increased (p=0.02) in PASMCs from normoxic Asic1a -/- mice compared to Asic1a +/+ mice, indicating that deletion of Asic1a leads to Δψm hyperpolarization. We utilized a lentiviral vector encoding mitochondrial-targeted human ASIC1a (mtASIC1a LV) to overexpress mtASIC1a in PASMCs (p=0.003) and found that transduction with mtASIC1a LV in PASMCs from Asic1a -/- mice significantly decreased TMRE fluorescence (p=0.004), further supporting the functional role of mtASIC1a to regulate Δψm. To assess apoptosis, we measured levels of active caspase-3 by western blot analysis in intrapulmonary arteries (PAs) from Asic1a +/+ and Asic1a -/- mice following CH. CH decreased levels of active caspase-3 in PAs from Asic1a +/+ (p=0.032), but not Asic1a -/- mice. Under normoxic conditions, active caspase-3 was lower in PAs from Asic1a -/- compared to Asic1a +/+ mice (p=0.044). These data suggest mtASIC1a plays an important role in the regulation of Δψm and that the loss of mtASIC1a contributes to Δψm hyperpolarization and apoptosis resistance in PASMCs following CH. Future studies will examine the contributions of mtASIC1a to the pathogenesis of PH through the regulation of mitochondrial reactive oxygen species, mitochondrial Ca 2+ levels, mPTP sensitivity, and mitochondrial dynamics. NIH R01 HL111084 to N.L. Jernigan and NIH T32 HL007736 to T.C. Resta This is the full abstract presented at the American Physiology Summit 2023 meeting and is only available in HTML format. There are no additional versions or additional content available for this abstract. Physiology was not involved in the peer review process.",https://doi.org/10.1152/physiol.2023.38.s1.5795308,2023-05-01,2023,0,0,,,article,FALSE,FALSE,closed,NA,FALSE,Physiology,https://openalex.org/S88977973,1548-9213,https://openalex.org/P4310320155,American Physiological Society,https://doi.org/10.1152/physiol.2023.38.s1.5795308,NA,NA,publishedVersion,,0,,,,,FALSE,FALSE,en,,NA,NA,38,S1,Thomas Resta,Nikki L. Jernigan
https://openalex.org/W4411875183,Acid-sensing ion channel 1a regulates mitochondrial function and pulmonary arterial smooth muscle cell apoptosis,Acid-sensing ion channel 1a regulates mitochondrial function and pulmonary arterial smooth muscle cell apoptosis,,"Pulmonary hypertension (PH) is a complex vascular disease that is characterized by prominent pulmonary arterial remodeling attributed to hyperproliferation, apoptosis resistance, and trans-differentiation of arterial cells. Our laboratory previously demonstrates that the proton-gated, cation channel acid-sensing ion channel 1a (ASIC1a) is required for the development of chronic hypoxia (CH)-induced pulmonary hypertension (PH) in rodents. Importantly, this prominent role involves hypoxia-dependent effects on the cellular localization of ASIC1a. Recent studies suggest that mitochondrial-localized ASIC1a (mtASIC1a) may be important for oxidative stress-induced mitochondrial membrane potential (ΔΨm) depolarization and subsequent apoptosis in cortical neurons. Interestingly, we show that mtASIC1a levels are decreased (p &lt; 0.0001) in transiently cultured PASMC from male Wistar rats following hypobaric CH (4 wks @ 380 mmHg) compared to age-matched, normobaric (630 mmHg; Albuquerque, NM) control rats. Taken together, our study objective is to assess the functional role of mtASIC1a in PASMC, which may be important for our understanding of mitochondrial impairment and apoptosis resistance in PH. We hypothesize that the loss of mtASIC1a results in ΔΨm hyperpolarization and mitochondrial dysfunction leading to apoptosis resistance in PASMC following CH. To test this hypothesis, we first assessed mitochondrial bioenergetic processes in PASMC from control and CH rats. Interestingly, PASMC from CH rats exhibit increased (p &lt; 0.0001) tetramethylrhodamine (TMRE) fluoresence indicating ΔΨm hyperpolarization. Consistent with these findings, the fluorescence of the mitochondrial Ca 2+ indicator, Rhod-2, AM, and the mitochondrial O 2 - indicator, MitoSOX, were also increased (p = 0.0059 and p = 0.0463, respectively) following CH. Using western blot analysis, we show that levels of LC3II/I and mitochondrial Parkin are decreased (p = 0.0004 and p = 0.0310, respectively) in PASMC from CH rats suggesting impaired mitophagy. Additionally, we found that immunofluoresence for cleaved caspase 3 is decreased (p = 0.0344) following CH indicating apoptosis resistance. Similarly, PASMC from global Asic1a knockout ( Asic1a -/- ) mice exhibit ∆Ψm hyperpolarization and apoptosis resistance. To determine the specific role of mtASIC1a in regulating mitochondrial function, we performed lentiviral transduction of mtASIC1a and found that ΔΨm hyperpolarization was prevented in PASMC from Asic1a -/- mice compared to the control vector group. Importantly, PASMC from control rats exhibit increased (p = 0.0060) TMRE fluoresence following in vitro hypoxia (5 d @ 2% O 2 , 5% CO 2 , balanced N 2 ) that tends to decrease following mtASIC1a transduction (p = 0.0640). Future studies will examine the pathophysiological effects of the loss of mtASIC1a in PH as well as the mechanisms regulating the cellular localization of ASIC1a in PASMC. This work was supported by NIH R01 HL111084 (N.L. Jernigan), NIH T32 HL007736 (T.C. Resta), AHA 24PRE1196925 (M.N. Tuineau), and NIH F31 HL170503 (M.N. Tuineau). This abstract was presented at the American Physiology Summit 2025 and is only available in HTML format. There is no downloadable file or PDF version. The Physiology editorial board was not involved in the peer review process.",https://doi.org/10.1152/physiol.2025.40.s1.1310,2025-05-01,2025,0,0,,,article,FALSE,FALSE,closed,NA,FALSE,Physiology,https://openalex.org/S88977973,1548-9213,https://openalex.org/P4310320155,American Physiological Society,https://doi.org/10.1152/physiol.2025.40.s1.1310,NA,NA,publishedVersion,,0,,,,,FALSE,FALSE,en,,NA,NA,40,S1,Thomas Resta,Nikki L. Jernigan
https://openalex.org/W4414453987,Mitochondrial acid-sensing ion channel 1a deficiency induces mitochondrial dysfunction in pulmonary arterial smooth muscle cells,Mitochondrial acid-sensing ion channel 1a deficiency induces mitochondrial dysfunction in pulmonary arterial smooth muscle cells,,"Pulmonary hypertension (PH) is a progressive vascular disease driven by pulmonary arterial remodeling, characterized by cellular hyperproliferation, resistance to apoptosis, and phenotypic plasticity. Our laboratory has shown that the proton-gated cation channel, acid-sensing ion channel 1a (ASIC1a), is essential for the development of chronic hypoxia (CH)-induced PH in rodents. Importantly, ASIC1a activation occurs without changes in total ASIC1a levels but reflects a hypoxia-dependent redistribution to the plasma membrane in pulmonary arterial smooth muscle cells (PASMCs). In neurons, mitochondrial-localized ASIC1a (mtASIC1a) contributes to oxidative stress-induced mitochondrial membrane potential (Δψm) depolarization and apoptosis. Although mtASIC1a has not been described in vascular cells, its role in PASMCs may be relevant to mitochondrial dysfunction and apoptosis resistance in PH. We hypothesize that mtASIC1a is a crucial regulator of PASMC mitochondrial homeostasis, and its loss following CH promotes mitochondrial dysfunction and apoptosis resistance. Consistent with this, mtASIC1a localization was decreased in PASMCs and intrapulmonary arteries from CH rats compared to controls. Functionally, PASMCs from CH rats or Asic1a knockout mice exhibited Δψm hyperpolarization, elevated mitochondrial Ca 2+ ; and superoxide, impaired mitophagy, and reduced cleaved caspase-3. Transmission electron microscopy revealed mitochondrial morphological changes, including increased size and circularity, decreased aspect ratio, and reduced mitochondrial number per cell, while fusion/fission proteins remained largely unchanged. Lentiviral restoration of mtASIC1a prevented Δψm hyperpolarization and restored caspase-3 cleavage. These findings identify mtASIC1a as a novel regulator of mitochondrial function in PASMCs, where its loss following CH promotes Δψm hyperpolarization, impaired mitophagy, and resistance to apoptosis.",https://doi.org/10.1101/2025.09.19.677483,2025-09-21,2025,NA,0,,,preprint,FALSE,TRUE,green,https://pmc.ncbi.nlm.nih.gov/articles/PMC12458356/,FALSE,NA,NA,NA,NA,NA,https://doi.org/10.1101/2025.09.19.677483,NA,NA,acceptedVersion,,0,,,,,FALSE,FALSE,en,,NA,NA,NA,NA,Thomas Resta,Nikki L. Jernigan
https://openalex.org/W4416247793,Acid‐sensing ion channel 1a deficiency drives endocrine hypertension in male mice,Acid‐sensing ion channel 1a deficiency drives endocrine hypertension in male mice,,"Abstract Acid‐sensing ion channel 1a (ASIC1a) is a proton‐gated cation channel activated by extracellular acidosis, a condition often associated with ischaemia, inflammation and metabolic stress. Our laboratory has previously demonstrated that ASIC1a contributes to systemic endothelium‐dependent vasodilatation; however, the role of ASIC1a in blood pressure regulation remains unclear. The objective of this study was to investigate the role of ASIC1a in blood pressure regulation using a model of angiotensin II‐induced hypertension. We further determined the effects of age and sex, as these are non‐modifiable risk factors for hypertension. Radiotelemeters were implanted in 6‐ and 18‐month‐old male and female wild‐type ( Asic1a +/+ ) and ASIC1a knockout ( Asic1a −/− ) mice to continuously measure blood pressure and heart rate under baseline conditions and following angiotensin II. Blood gases, electrolytes, hormones and indices of end‐organ injury were also assessed. Deletion of ASIC1 did not significantly alter blood pressure in 6‐month‐old male or female mice. However, aged male Asic1a −/− mice develop hypertension, whereas female Asic1a −/− mice remain unaffected. This hypertension was associated with aldosterone excess, increased sympathetic activity, and evidence of aortic fibrosis, left ventricular hypertrophy and renal injury. Importantly, hyperaldosteronism occurred independently of the renin–angiotensin system and was associated with blunting of angiotensin II‐induced hypertension. Prior to the onset of hypertension, 6‐month‐old male Asic1a −/− mice exhibit elevated corticosterone, hypokalaemia, reduced urine osmolality, increased pulse pressure and cardiomyocyte hypertrophy. Together, these findings identify ASIC1a as a novel, sex‐specific regulator of cardiovascular function, suggesting that ASIC1a deficiency may be a potential driver of endocrine‐related hypertension. image Key points Extracellular acidosis, which occurs during pathological conditions such as ischaemia, inflammation and metabolic stress, contributes to the pathogenesis of cardiometabolic disease. Acid‐sensing ion channels (ASICs) are key sensors of acidosis and important mediators of endothelium‐dependent vasodilatation; however, the role of ASIC1a in blood pressure regulation remains poorly understood. Here we report that ASIC1a deficiency causes hypertension in aged male mice that is driven by an excess of aldosterone and increased sympathetic activity, while female mice remain unaffected. Hyperaldosteronism occurs independently of angiotensin II but is associated with elevated corticosterone that precedes the development of hypertension. We further show that male, but not female, ASIC1a knockout mice have a reduced sensitivity to angiotensin II‐induced hypertension. These findings identify ASIC1a as a novel, sex‐specific regulator of cardiovascular function, suggesting that ASIC1a deficiency contributes to endocrine‐related hypertension.",https://doi.org/10.1113/jp289258,2025-11-15,2025,NA,0,,,article,TRUE,TRUE,hybrid,https://onlinelibrary.wiley.com/doi/pdfdirect/10.1113/JP289258,FALSE,The Journal of Physiology,https://openalex.org/S2090548,0022-3751,https://openalex.org/P4310320595,Wiley,https://doi.org/10.1113/jp289258,https://onlinelibrary.wiley.com/doi/pdfdirect/10.1113/JP289258,cc-by-nc-nd,publishedVersion,,66,,,,,FALSE,FALSE,en,,172,192,604,1,Thomas Resta,Laura V. González Bosc; Nikki L. Jernigan
https://openalex.org/W4398143298,"Impact of Maternal Exercise on Mice Offspring Development, Pulmonary Hypertension, and Vascular Remodeling in Chronic Hypoxia","Impact of Maternal Exercise on Mice Offspring Development, Pulmonary Hypertension, and Vascular Remodeling in Chronic Hypoxia",,"ABSTRACT Purpose Chronic, high-altitude hypoxic exposure increases the risk of high-altitude pulmonary hypertension (PH). Emerging evidence shows maternal exercise may improve offspring resistance to disease throughout life. The purpose of this study is to determine if maternal exercise mitigates chronic hypoxic-induced changes in the offspring indicative of high-altitude PH development. Methods Female adult C57BL/6J mice were randomly allocated to nonexercise or exercise conditions. Exercise consisted of voluntary running wheel exercise for 4 wk during the perinatal period. Three days after birth, the pups remained at low altitude (normoxia) or were exposed to hypobaric hypoxia of 450 mm Hg to simulate ~4500 m of altitude exposure until 8 wk of age. The study consisted of four groups: hypoxia + nonexercise pregnancy, hypoxia + exercise, or the respective normoxia conditions (normoxia + nonexercise or normoxia + exercise). Offspring body size, motor function, right ventricular systolic pressure (RVSP), and cardiopulmonary morphology were assessed after 8 wk in normoxia or hypoxia. Results Both hypoxic groups had smaller body sizes, reduced motor function, increased hematocrit, RVSP, muscularization in medium-sized pulmonary arteries, as well as right ventricular hypertrophy and contractility compared with the normoxic groups ( P &lt; 0.05). Conclusions Chronic hypoxia simulating 4500 m attenuated growth, lowered motor function, and elicited PH development. Voluntary maternal exercise did not significantly decrease RVSP in the offspring, which aligned with a lack of effect to attenuate abnormal body size and cardiopulmonary development due to chronic hypoxia. These findings are preliminary in nature, and more powered studies through larger group sizes are required to generalize the results to the population.",https://doi.org/10.1249/mss.0000000000003479,2024-05-15,2024,1.09420016,1,,,article,FALSE,FALSE,closed,NA,FALSE,Medicine & Science in Sports & Exercise,https://openalex.org/S14544163,0195-9131,https://openalex.org/P4310315671,Lippincott Williams & Wilkins,https://doi.org/10.1249/mss.0000000000003479,NA,NA,publishedVersion,,70,,,,,FALSE,FALSE,en,,1867,1881,56,10,Michael Deyhle,Laura V. González Bosc
https://openalex.org/W4317941600,Can Maternal Exercise Prevent High-Altitude Pulmonary Hypertension in Children?,Can Maternal Exercise Prevent High-Altitude Pulmonary Hypertension in Children?,,"Leslie, Eric, Ann L. Gibson, Laura V. Gonzalez Bosc, Christine Mermier, Sean M. Wilson, and Michael R. Deyhle. Review: can maternal exercise prevent high-altitude pulmonary hypertension in children? <i>High Alt Med Biol</i>. 24:1-6, 2023.-Chronic high-altitude exposure reduces oxygen delivery to the fetus during pregnancy and causes pathologic pulmonary artery remodeling, This increases the risk of high-altitude pulmonary hypertension (PH), which is a particularly fatal disease that is difficult to treat. Therefore, finding ways to prevent high-altitude PH, including during the neonatal period, is preferable. Cardiorespiratory exercise can improve functional capacity and quality of life in patients with high-altitude PH. However, similar to other treatments and surgical procedures, the benefits are not enough to cure the disease after a diagnosis. Cardiorespiratory exercise by mothers during pregnancy (i.e., maternal exercise) has not been previously evaluated to prevent the development of high-altitude PH in children born and living at high altitude. This focused review describes the pathophysiology of high-altitude PH and the potential benefit of maternal exercise for preventing the disease caused by high-altitude pregnancies.",https://doi.org/10.1089/ham.2022.0098,2023-01-25,2023,0,0,,,review,FALSE,FALSE,closed,NA,FALSE,High Altitude Medicine & Biology,https://openalex.org/S75581497,1527-0297,https://openalex.org/P4310320443,"Mary Ann Liebert, Inc.",https://doi.org/10.1089/ham.2022.0098,NA,NA,publishedVersion,,55,,,,,FALSE,FALSE,en,,1,6,24,1,Michael Deyhle,Laura V. González Bosc
https://openalex.org/W4404254198,Calcium signaling from damaged lysosomes induces cytoprotective stress granules,Calcium signaling from damaged lysosomes induces cytoprotective stress granules,,"Abstract Lysosomal damage induces stress granule (SG) formation. However, the importance of SGs in determining cell fate and the precise mechanisms that mediate SG formation in response to lysosomal damage remain unclear. Here, we describe a novel calcium-dependent pathway controlling SG formation, which promotes cell survival during lysosomal damage. Mechanistically, the calcium-activated protein ALIX transduces lysosomal damage signals to SG formation by controlling eIF2α phosphorylation after sensing calcium leakage. ALIX enhances eIF2α phosphorylation by promoting the association between PKR and its activator PACT, with galectin-3 inhibiting this interaction; these regulatory events occur on damaged lysosomes. We further find that SG formation plays a crucial role in promoting cell survival upon lysosomal damage caused by factors such as SARS-CoV-2 ORF3a , adenovirus, malarial pigment, proteopathic tau, or environmental hazards. Collectively, these data provide insights into the mechanism of SG formation upon lysosomal damage and implicate it in diseases associated with damaged lysosomes and SGs.",https://doi.org/10.1038/s44318-024-00292-1,2024-11-12,2024,12.36450093,19,,,article,TRUE,TRUE,diamond,https://doi.org/10.1038/s44318-024-00292-1,FALSE,The EMBO Journal,https://openalex.org/S127916151,0261-4189,https://openalex.org/P4310319965,Springer Nature,https://doi.org/10.1038/s44318-024-00292-1,NA,cc-by,publishedVersion,,143,,,,,FALSE,FALSE,en,,6410,6443,43,24,Jing Pu,Jingyue Jia
https://openalex.org/W4411447925,Editorial: Survival strategies: cellular responses to stress and damage,Editorial: Survival strategies: cellular responses to stress and damage,,NA,https://doi.org/10.3389/fcell.2025.1630652,2025-06-19,2025,3.33647796,1,,,editorial,TRUE,TRUE,gold,https://www.frontiersin.org/journals/cell-and-developmental-biology/articles/10.3389/fcell.2025.1630652/pdf,FALSE,Frontiers in Cell and Developmental Biology,https://openalex.org/S2596924766,2296-634X,https://openalex.org/P4310320527,Frontiers Media,https://doi.org/10.3389/fcell.2025.1630652,https://www.frontiersin.org/journals/cell-and-developmental-biology/articles/10.3389/fcell.2025.1630652/pdf,cc-by,publishedVersion,,15,,,,,FALSE,FALSE,en,,1630652,1630652,13,NA,Jing Pu,Jingyue Jia
https://openalex.org/W4403375123,Synergistic Role of Amino Acids in Enhancing mTOR Activation Through Lysosome Positioning,Synergistic Role of Amino Acids in Enhancing mTOR Activation Through Lysosome Positioning,,"Abstract Lysosome positioning, or lysosome cellular distribution, is critical for lysosomal functions in response to both extracellular and intracellular cues. Amino acids, as essential nutrients, have been shown to promote lysosome movement toward the cell periphery. Peripheral lysosomes are involved in processes such as lysosomal exocytosis, cell migration, and metabolic signaling—functions that are particularly important for cancer cell motility and growth. However, the specific types of amino acids that regulate lysosome positioning, their underlying mechanisms, and their connection to amino acid-regulated metabolic signaling remain poorly understood. In this study, we developed a high-content imaging system for unbiased, quantitative analysis of lysosome positioning. We examined the 15 amino acids present in cell culture media and found that 10 promoted lysosome redistribution toward the cell periphery to varying extents, with aromatic amino acids showing the strongest effect. This redistribution was mediated by promoting outward transport through SLC38A9-BORC-kinesin 1/3 axis and simultaneously reducing inward transport via inhibiting the recruitment of Rab7 and JIP4 onto lysosomes. When examining the effects of amino acids on mTOR activation—a central regulator of cell metabolism—we found that the amino acids most strongly promoting lysosome dispersal, such as phenylalanine, did not activate mTOR on their own. However, combining phenylalanine with arginine, which activates mTOR without affecting lysosome positioning, synergistically enhanced mTOR activity. This synergy was lost when lysosomes failed to localize to the cell periphery, as observed in kinesin 1/3 knockout (KO) cells. Furthermore, breast cancer cells exhibited heightened sensitivity to phenylalanine-induced lysosome dispersal compared to noncancerous breast cells. Inhibition of LAT1, the amino acid transporter responsible for phenylalanine uptake, reduced peripheral lysosomes and impaired cancer cell migration and proliferation, highlighting the importance of lysosome positioning in these coordinated cellular activities. In summary, amino acid-regulated lysosome positioning and mTOR signaling depend on distinct sets of amino acids. Combining lysosome-dispersing amino acids with mTOR-activating amino acids synergistically enhances mTOR activation, which may be particularly relevant in cancer cells.",https://doi.org/10.1101/2024.10.12.618047,2024-10-13,2024,NA,1,,,preprint,TRUE,TRUE,gold,https://www.biorxiv.org/content/biorxiv/early/2024/10/13/2024.10.12.618047.full.pdf,FALSE,NA,NA,NA,NA,NA,https://doi.org/10.1101/2024.10.12.618047,https://www.biorxiv.org/content/biorxiv/early/2024/10/13/2024.10.12.618047.full.pdf,cc-by,acceptedVersion,,55,,,,,FALSE,FALSE,en,,NA,NA,NA,NA,Jing Pu,Tae‐Hyung Kim
https://openalex.org/W4413851725,Processing bodies promote lysosomal quality control and cell survival during recovery from lysosomal damage,Processing bodies promote lysosomal quality control and cell survival during recovery from lysosomal damage,,"SUMMARY Lysosomes are essential for cell survival but are highly susceptible to diverse physical and pathological stressors. Thus, the ability to initiate an acute damage response and promote recovery after stressor resolution is critical for maintaining cellular homeostasis and viability. Although recent studies have advanced our understanding of acute responses to lysosomal injury, the molecular mechanisms governing the recovery stage and distinguishing it from the acute phase remain poorly defined. Here, we delineate a key difference between these two stages in translational regulation and uncover lysosomal recovery from acute damage as a novel trigger for processing body (PB) formation. PBs are membraneless biomolecular condensates involved in RNA metabolism and translational reprogramming. We provide the first evidence that PBs are critical for lysosomal quality control and cell survival during recovery. Mechanistically, PBs are induced selectively during the recovery phase, but not during the acute damage response, through interactions with stress granules (SGs), distinct membraneless biomolecular condensates formed upon acute injury to stabilize damaged lysosomal membranes for repair. Functional analyses reveal that PBs promote lysosomal quality control by collaborating with SG-mediated membrane stabilization, while independently recruiting released cathepsins, thereby collectively supporting cell survival. Together, these findings establish PBs as central effectors of the lysosomal recovery program and underscore the broader relevance of biomolecular condensates in cellular responses to lysosomal damage and related disease processes.",https://doi.org/10.1101/2025.08.27.672666,2025-08-30,2025,NA,0,,,preprint,TRUE,TRUE,gold,https://www.biorxiv.org/content/biorxiv/early/2025/08/30/2025.08.27.672666.full.pdf,FALSE,NA,NA,NA,NA,NA,https://doi.org/10.1101/2025.08.27.672666,https://www.biorxiv.org/content/biorxiv/early/2025/08/30/2025.08.27.672666.full.pdf,NA,acceptedVersion,,78,,,,,FALSE,FALSE,en,,NA,NA,NA,NA,Jing Pu,Jingyue Jia
https://openalex.org/W4414134833,Correction: Editorial: Survival strategies: cellular responses to stress and damage,Correction: Editorial: Survival strategies: cellular responses to stress and damage,,[This corrects the article DOI: 10.3389/fcell.2025.1630652.].,https://doi.org/10.3389/fcell.2025.1665855,2025-09-11,2025,0,0,,,erratum,TRUE,TRUE,gold,https://www.frontiersin.org/journals/cell-and-developmental-biology/articles/10.3389/fcell.2025.1665855/pdf,FALSE,Frontiers in Cell and Developmental Biology,https://openalex.org/S2596924766,2296-634X,https://openalex.org/P4310320527,Frontiers Media,https://doi.org/10.3389/fcell.2025.1665855,https://www.frontiersin.org/journals/cell-and-developmental-biology/articles/10.3389/fcell.2025.1665855/pdf,cc-by,publishedVersion,,0,,,,,FALSE,FALSE,en,,1665855,1665855,13,NA,Jing Pu,Jingyue Jia
https://openalex.org/W4414145078,Processing bodies promote lysosomal quality control and cell survival during recovery from lysosomal damage,Processing bodies promote lysosomal quality control and cell survival during recovery from lysosomal damage,,NA,https://doi.org/10.21203/rs.3.rs-7474186/v1,2025-09-09,2025,NA,0,,,preprint,TRUE,TRUE,gold,https://www.researchsquare.com/article/rs-7474186/latest.pdf,FALSE,NA,NA,NA,NA,NA,https://doi.org/10.21203/rs.3.rs-7474186/v1,https://www.researchsquare.com/article/rs-7474186/latest.pdf,cc-by,acceptedVersion,,0,,,,,FALSE,FALSE,en,,NA,NA,NA,NA,Jing Pu,Jingyue Jia
https://openalex.org/W4407264057,Emerging approaches to investigating functional protein dynamics in modular redox enzymes: Nitric oxide synthase as a model system,Emerging approaches to investigating functional protein dynamics in modular redox enzymes: Nitric oxide synthase as a model system,,NA,https://doi.org/10.1016/j.jbc.2025.108282,2025-02-08,2025,24.640055,6,,,review,TRUE,TRUE,gold,https://www.jbc.org/article/S0021-9258(25)00130-9/pdf,FALSE,Journal of Biological Chemistry,https://openalex.org/S140251998,0021-9258,https://openalex.org/P4310320990,Elsevier BV,https://doi.org/10.1016/j.jbc.2025.108282,https://www.jbc.org/article/S0021-9258(25)00130-9/pdf,cc-by,publishedVersion,,202,,,,,FALSE,FALSE,en,,108282,108282,301,3,Changjian Feng,Ting Jiang
https://openalex.org/W4384499158,Probing Protein Dynamics in Neuronal Nitric Oxide Synthase by Quantitative Cross-Linking Mass Spectrometry,Probing Protein Dynamics in Neuronal Nitric Oxide Synthase by Quantitative Cross-Linking Mass Spectrometry,,"Nitric oxide synthase (NOS) is responsible for the biosynthesis of nitric oxide (NO), an important signaling molecule controlling diverse physiological processes such as neurotransmission and vasodilation. Neuronal NOS (nNOS) is a calmodulin (CaM)-controlled enzyme. In the absence of CaM, several intrinsic control elements, along with NADP<sup>+</sup> binding, suppress electron transfer across the NOS domains. CaM binding relieves the inhibitory factors to promote the electron transport required for NO production. The regulatory dynamics of nNOS control elements are critical to governing NO signaling, yet mechanistic questions remain, because the intrinsic dynamics of NOS thwart traditional structural biology approaches. Here, we have employed cross-linking mass spectrometry (XL MS) to probe regulatory dynamics in nNOS, focusing on the CaM-responsive control elements. Quantitative XL MS revealed conformational changes differentiating the nNOS reductase (nNOSred) alone, nNOSred with NADP<sup>+</sup>, nNOS-CaM, and nNOS-CaM with NADP<sup>+</sup>. We observed distinct effects of CaM vs NADP<sup>+</sup> on cross-linking patterns in nNOSred. CaM induces striking global changes, while the impact of NADP<sup>+</sup> is primarily localized to the NADPH-binding subdomain. Moreover, CaM increases the abundance of intra-nNOS cross-links that are related to the formation of the inter-CaM-nNOS cross-links. Taken together, these XL MS results demonstrate that CaM and NADP<sup>+</sup> site-specifically alter the nNOS conformational landscape.",https://doi.org/10.1021/acs.biochem.3c00245,2023-07-17,2023,2.67747898,9,,,article,FALSE,TRUE,green,https://pmc.ncbi.nlm.nih.gov/articles/PMC10529231/pdf/nihms-1919123.pdf,FALSE,Biochemistry,https://openalex.org/S104038378,0006-2960,https://openalex.org/P4310320006,American Chemical Society,https://doi.org/10.1021/acs.biochem.3c00245,NA,NA,publishedVersion,,48,,,,,FALSE,FALSE,en,,2232,2237,62,15,Changjian Feng,Ting Jiang
https://openalex.org/W4294408522,Interdomain Interactions Modulate the Active Site Dynamics of Human Inducible Nitric Oxide Synthase,Interdomain Interactions Modulate the Active Site Dynamics of Human Inducible Nitric Oxide Synthase,,"Nitric oxide synthase (NOS) is a homodimeric flavohemoprotein responsible for catalyzing the oxidation of l-arginine (l-Arg) to citrulline and nitric oxide. Electrons are supplied for the reaction via interdomain electron transfer between an N-terminal heme-containing oxygenase domain and a FMN-containing (sub)domain of a C-terminal reductase domain. Extensive attention has focused on elucidating how conformational dynamics regulate electron transfer between the domains. Here we investigate the impact of the interdomain FMN-heme interaction on the heme active site dynamics of inducible NOS (iNOS). Steady state linear and time-resolved two-dimensional infrared (2D IR) spectroscopy was applied to probe a CO ligand at the heme within the oxygenase domain for full-length and truncated or mutated constructs of human iNOS. Whereas the linear IR spectra of the CO ligand were identical among the constructs, 2D IR spectroscopy revealed variation in the frequency dynamics. The wild-type constructs that can properly form the FMN/oxygenase docked state due to the presence of both the FMN and oxygenase domains showed slower dynamics than the oxygenase domain alone. Introduction of the mutation (E546N) predicted to perturb electrostatic interactions between the domains resulted in measured dynamics intermediate between those for the full-length and individual oxygenase domain, consistent with perturbation to the docked/undocked equilibrium. These results indicate that docking of the FMN domain to the oxygenase domain not only brings the FMN cofactor within electron transfer distance of the heme domain but also modulates the dynamics sensed by the CO ligand within the active site in a way expected to promote efficient electron transfer.",https://doi.org/10.1021/acs.jpcb.2c04091,2022-09-03,2022,0.71798548,4,,,article,FALSE,TRUE,green,https://pmc.ncbi.nlm.nih.gov/articles/PMC10110350/pdf/nihms-1888192.pdf,FALSE,The Journal of Physical Chemistry B,https://openalex.org/S185621672,1520-5207,https://openalex.org/P4310320006,American Chemical Society,https://doi.org/10.1021/acs.jpcb.2c04091,NA,NA,publishedVersion,,55,,,,,FALSE,FALSE,en,,6811,6819,126,36,Changjian Feng,Ting Jiang
https://openalex.org/W4396924833,Mapping the Intersubunit Interdomain FMN-Heme Interactions in Neuronal Nitric Oxide Synthase by Targeted Quantitative Cross-Linking Mass Spectrometry,Mapping the Intersubunit Interdomain FMN-Heme Interactions in Neuronal Nitric Oxide Synthase by Targeted Quantitative Cross-Linking Mass Spectrometry,,"Nitric oxide synthase (NOS) in mammals is a family of multidomain proteins in which interdomain electron transfer (IET) is controlled by domain-domain interactions. Calmodulin (CaM) binds to the canonical CaM-binding site in the linker region between the FMN and heme domains of NOS and allows tethered FMN domain motions, enabling an intersubunit FMN-heme IET in the output state for NO production. Our previous cross-linking mass spectrometric (XL MS) results demonstrated site-specific protein dynamics in the CaM-responsive regions of rat neuronal NOS (nNOS) reductase construct, a monomeric protein [Jiang et al., <i>Biochemistry</i>, 2023, 62, 2232-2237]. In this work, we have extended our combined approach of XL MS structural mapping and AlphaFold structural prediction to examine the homodimeric nNOS oxygenase/FMN (oxyFMN) construct, an established model of the NOS output state. We employed parallel reaction monitoring (PRM) based quantitative XL MS (qXL MS) to assess the CaM-induced changes in interdomain dynamics and interactions. Intersubunit cross-links were identified by mapping the cross-links onto top AlphaFold structural models, which was complemented by comparing their relative abundances in the cross-linked dimeric and monomeric bands. Furthermore, contrasting the CaM-free and CaM-bound nNOS samples shows that CaM enables the formation of the intersubunit FMN-heme docking complex and that CaM binding induces extensive, allosteric conformational changes across the NOS regions. Moreover, the observed cross-links sites specifically respond to changes in ionic strength. This indicates that interdomain salt bridges are responsible for stabilizing and orienting the output state for efficient FMN-heme IET. Taken together, our targeted qXL MS results have revealed that CaM and ionic strength modulate specific dynamic changes in the CaM/FMN/heme complexes, particularly in the context of intersubunit interdomain FMN-heme interactions.",https://doi.org/10.1021/acs.biochem.4c00157,2024-05-15,2024,1.9209889,4,,,article,FALSE,TRUE,green,https://pmc.ncbi.nlm.nih.gov/articles/PMC11893013/pdf/nihms-2059019.pdf,FALSE,Biochemistry,https://openalex.org/S104038378,0006-2960,https://openalex.org/P4310320006,American Chemical Society,https://doi.org/10.1021/acs.biochem.4c00157,NA,NA,publishedVersion,,61,,,,,FALSE,FALSE,en,,1395,1411,63,11,Changjian Feng,Ting Jiang
https://openalex.org/W4393971249,Probing calmodulin–NO synthase interactions via site-specific infrared spectroscopy: an introductory investigation,Probing calmodulin–NO synthase interactions via site-specific infrared spectroscopy: an introductory investigation,,NA,https://doi.org/10.1007/s00775-024-02046-0,2024-04-05,2024,2.2689459,3,,,article,FALSE,TRUE,green,https://pmc.ncbi.nlm.nih.gov/articles/PMC11181464/pdf/nihms-1997643.pdf,FALSE,JBIC Journal of Biological Inorganic Chemistry,https://openalex.org/S107859076,0949-8257,https://openalex.org/P4310319900,Springer Science+Business Media,https://doi.org/10.1007/s00775-024-02046-0,NA,NA,publishedVersion,,49,,,,,FALSE,FALSE,en,,243,250,29,2,Changjian Feng,Ting Jiang
https://openalex.org/W4401549866,Analyzing the FMN—heme interdomain docking interactions in neuronal and inducible NOS isoforms by pulsed EPR experiments and conformational distribution modeling,Analyzing the FMN—heme interdomain docking interactions in neuronal and inducible NOS isoforms by pulsed EPR experiments and conformational distribution modeling,,NA,https://doi.org/10.1007/s00775-024-02068-8,2024-08-13,2024,9.12544892,2,,,article,FALSE,TRUE,green,https://pmc.ncbi.nlm.nih.gov/articles/PMC11390318/pdf/nihms-2017759.pdf,FALSE,JBIC Journal of Biological Inorganic Chemistry,https://openalex.org/S107859076,0949-8257,https://openalex.org/P4310319900,Springer Science+Business Media,https://doi.org/10.1007/s00775-024-02068-8,NA,NA,publishedVersion,,40,,,,,FALSE,FALSE,en,,611,623,29,6,Changjian Feng,Ting Jiang
https://openalex.org/W4389537927,Differential superoxide production in phosphorylated neuronal nitric oxide synthase mu and alpha variants,Differential superoxide production in phosphorylated neuronal nitric oxide synthase mu and alpha variants,,NA,https://doi.org/10.1016/j.jinorgbio.2023.112454,2023-12-11,2023,0.59499533,2,,,article,FALSE,TRUE,green,https://pmc.ncbi.nlm.nih.gov/articles/PMC10843652/pdf/nihms-1952150.pdf,FALSE,Journal of Inorganic Biochemistry,https://openalex.org/S155362585,0162-0134,https://openalex.org/P4310320990,Elsevier BV,https://doi.org/10.1016/j.jinorgbio.2023.112454,NA,NA,publishedVersion,,46,,,,,FALSE,FALSE,en,,112454,112454,251,NA,Changjian Feng,Ting Jiang
https://openalex.org/W4413854212,Deciphering mutational effects on inducible NO synthase conformational dynamics via quantitative cross-linking mass spectrometry and AlphaFold2 subsampling,Deciphering mutational effects on inducible NO synthase conformational dynamics via quantitative cross-linking mass spectrometry and AlphaFold2 subsampling,,"Mammalian nitric oxide synthases (NOSs) are flavo-hemoproteins that rely on dynamic interdomain interactions for activity. Calmodulin (CaM) facilitates specific, interdomain FMN-heme interactions that enable inter-subunit FMN-heme electron transfer essential for nitric oxide biosynthesis. Our quantitative cross-linking mass spectrometry (qXL MS) results demonstrate that the abundance of intersubunit cross-links correlates with CaM-induced formation of the docked FMN/heme complex in rat neuronal NOS [Jiang et al., Biochemistry, 2024, 63, 1395-1411]. Here, we extend this methodology to the human inducible NOS (iNOS) isoform, comparing wild-type (wt) and E546N mutant oxygenase/FMN (oxyFMN) constructs under near-native conditions. Using parallel reaction monitoring-based qXL MS, we assessed mutation-induced changes in interdomain dynamics. The E546N mutation substantially reduced abundance of specific intersubunit cross-links between the FMN and heme domains. Cross-links between CaM and iNOS domains were also altered by the mutation, indicating that the changes at the FMN-heme docking interface propagate allosterically throughout the iNOS-CaM complex. Although standard AlphaFold2 structural modeling yielded similar docked architectures for wt and mutant, cross-link-guided AlphaLink2 modeling revealed distinct structural differences. AlphaFold2 subsampling further predicted alternative conformations; consistent with qXL MS data, E546N mutant exhibited a broader distribution of predicted conformations, with an apparent shift toward higher population of undocked states, compared to wt. Importantly, 90% of cross-links were consistent with an ensemble of representative conformations derived from AlphaFold2 subsampling and AlphaLink2 modeling, capturing both docked and undocked states alongside multiple orientations. This integrative qXL MS and AlphaFold2 subsampling strategy provides a quantitative framework for mapping mutation-induced alterations in functional dynamics of NOSs and multidomain proteins in general.",https://doi.org/10.1016/j.jbc.2025.110673,2025-08-30,2025,2.36779421,1,,,article,TRUE,TRUE,gold,https://www.jbc.org/article/S0021-9258(25)02525-6/pdf,FALSE,Journal of Biological Chemistry,https://openalex.org/S140251998,0021-9258,https://openalex.org/P4310320990,Elsevier BV,https://doi.org/10.1016/j.jbc.2025.110673,https://www.jbc.org/article/S0021-9258(25)02525-6/pdf,cc-by,publishedVersion,,55,,,,,FALSE,FALSE,en,,110673,110673,301,11,Changjian Feng,Ting Jiang
https://openalex.org/W4387624607,Differential Superoxide Production in Phosphorylated Neuronal No Synthase Mu and Alpha Variants,Differential Superoxide Production in Phosphorylated Neuronal No Synthase Mu and Alpha Variants,,NA,https://doi.org/10.2139/ssrn.4601204,2023-01-01,2023,NA,0,,,preprint,TRUE,TRUE,green,http://dx.doi.org/10.2139/ssrn.4601204,FALSE,SSRN Electronic Journal,https://openalex.org/S4210172589,1556-5068,https://openalex.org/I1318003438,RELX Group (Netherlands),http://dx.doi.org/10.2139/ssrn.4601204,NA,NA,acceptedVersion,,35,,,,,FALSE,FALSE,en,,NA,NA,NA,NA,Changjian Feng,Ting Jiang
https://openalex.org/W4390639451,Analyzing the Fmn – Heme Interdomain Docking Interactions in Neuronal and Inducible Nos Isoforms by Pulsed EPR Experiments and Conformational Distribution Modeling,Analyzing the Fmn – Heme Interdomain Docking Interactions in Neuronal and Inducible Nos Isoforms by Pulsed EPR Experiments and Conformational Distribution Modeling,,NA,https://doi.org/10.2139/ssrn.4686073,2024-01-01,2024,NA,0,,,preprint,TRUE,TRUE,green,http://dx.doi.org/10.2139/ssrn.4686073,FALSE,SSRN Electronic Journal,https://openalex.org/S4210172589,1556-5068,https://openalex.org/I1318003438,RELX Group (Netherlands),http://dx.doi.org/10.2139/ssrn.4686073,NA,NA,acceptedVersion,,0,,,,,FALSE,FALSE,en,,NA,NA,NA,NA,Changjian Feng,Ting Jiang
https://openalex.org/W4413419338,Compressive Force Activation of the Neuronal Nitric Oxide Synthase Enzyme,Compressive Force Activation of the Neuronal Nitric Oxide Synthase Enzyme,,"Calmodulin (CaM), a calcium-sensing protein, regulates the production of nitric oxide (NO) by the nitric oxide synthase (NOS) enzyme. It is interesting to decipher the control mechanism of CaM-dependent NO biosynthesis by the NOS isoforms, as NO is a ubiquitous intercellular signaling molecule in numerous physiological processes. It is generally accepted that 4Ca<sup>2+</sup>-bound CaM associates with the NOS enzyme and activates NO production, while lower-level calcium has also been reported to allow for NOS enzymatic function under certain circumstances (e.g., shear stress). However, NO production by apo-CaM-activated NOS under an external force has not been directly demonstrated. Herein, we have utilized an atomic force microscopy (AFM)-correlated confocal microscopy technique to probe NO production by neuronal NOS (nNOS) enzyme, where compressive force-manipulated apo-CaM acts as a mechanosensing protein. DAR-4M was used as an NO-sensing fluorescent probe. Our results indicate that compressive force may induce necessary conformation changes of apo-CaM in binding and activating the nNOS enzyme.",https://doi.org/10.1021/acsomega.5c03891,2025-08-22,2025,0,0,,,article,TRUE,TRUE,gold,https://doi.org/10.1021/acsomega.5c03891,FALSE,ACS Omega,https://openalex.org/S4210239500,2470-1343,https://openalex.org/P4310320006,American Chemical Society,https://doi.org/10.1021/acsomega.5c03891,NA,NA,publishedVersion,,81,,,,,FALSE,FALSE,en,,39823,39832,10,35,Changjian Feng,Ting Jiang
https://openalex.org/W4414195604,Detection of a clamp-shaped conformation of a neuronal nitric oxide synthase construct by pulsed EPR,Detection of a clamp-shaped conformation of a neuronal nitric oxide synthase construct by pulsed EPR,,NA,https://doi.org/10.1007/s00775-025-02126-9,2025-09-15,2025,0,0,,,article,FALSE,TRUE,green,https://pmc.ncbi.nlm.nih.gov/articles/PMC12746763/,FALSE,JBIC Journal of Biological Inorganic Chemistry,https://openalex.org/S107859076,0949-8257,https://openalex.org/P4310319900,Springer Science+Business Media,https://doi.org/10.1007/s00775-025-02126-9,NA,NA,publishedVersion,,31,,,,,FALSE,FALSE,en,,529,536,30,6-8,Changjian Feng,Ting Jiang
https://openalex.org/W4401423562,GPER deficiency impedes murine myocutaneous revascularization and wound healing,GPER deficiency impedes murine myocutaneous revascularization and wound healing,,"Estrogens regulate numerous physiological and pathological processes, including wide-ranging effects in wound healing. The effects of estrogens are mediated through multiple estrogen receptors (ERs), including the classical nuclear ERs (ERα and ER <mml:math xmlns:mml=""http://www.w3.org/1998/Math/MathML""><mml:mi>β</mml:mi></mml:math> ), that typically regulate gene expression, and the 7-transmembrane G protein-coupled estrogen receptor (GPER), that predominantly mediates rapid ""non-genomic"" signaling. Estrogen modulates the expression of various genes involved in epidermal function and regeneration, inflammation, matrix production, and protease inhibition, all critical to wound healing. Our previous work demonstrated improved myocutaneous wound healing in female mice compared to male mice. In the current study, we employed male and female GPER knockout mice to investigate the role of this estrogen receptor in wound revascularization and tissue viability. Using a murine myocutaneous flap model of graded ischemia, we measured real-time flap perfusion via laser speckle perfusion imaging. We conducted histologic and immunohistochemical analyses to assess skin and muscle viability, microvascular density and vessel morphology. Our results demonstrate that GPER is crucial in wound healing, mediating effects that are both dependent and independent of sex. Lack of GPER expression is associated with increased skin necrosis, reduced flap perfusion and altered vessel morphology. These findings contribute to understanding GPER signaling in wound healing and suggest possible therapeutic opportunities by targeting GPER.",https://doi.org/10.1038/s41598-024-68620-3,2024-08-08,2024,2.58885773,3,,,article,TRUE,TRUE,gold,https://www.nature.com/articles/s41598-024-68620-3.pdf,FALSE,Scientific Reports,https://openalex.org/S196734849,2045-2322,https://openalex.org/P4310319908,Nature Portfolio,https://doi.org/10.1038/s41598-024-68620-3,https://www.nature.com/articles/s41598-024-68620-3.pdf,cc-by-nc-nd,publishedVersion,,53,,,,,FALSE,FALSE,en,,18400,18400,14,1,Eric Prossnitz,Randy Ko
https://openalex.org/W4400825830,691 GPER expression promotes murine myocutaneous revascularizarion and wound healing,691 GPER expression promotes murine myocutaneous revascularizarion and wound healing,,NA,https://doi.org/10.1016/j.jid.2024.06.707,2024-07-19,2024,0,0,,,article,FALSE,FALSE,closed,NA,FALSE,Journal of Investigative Dermatology,https://openalex.org/S28607811,0022-202X,https://openalex.org/P4310320990,Elsevier BV,https://doi.org/10.1016/j.jid.2024.06.707,NA,NA,publishedVersion,,0,,,,,FALSE,FALSE,en,,S120,S120,144,8,Eric Prossnitz,Randy Ko
https://openalex.org/W4409626217,GPER Deficiency Impedes Murine Myocutaneous Revascularization and Wound Healing,GPER Deficiency Impedes Murine Myocutaneous Revascularization and Wound Healing,,"Abstract Text Estrogens regulate numerous physiological and pathological processes, including wide-ranging effects in wound healing. The effects of estrogens are mediated through multiple estrogen receptors (ERs), including the classical nuclear ERs (ERα and ERβ), that typically regulate gene expression, and the 7-transmembrane G protein-coupled estrogen receptor (GPER), that predominantly mediates rapid “non-genomic” signaling. Estrogen modulates the expression of various genes involved in epidermal function and regeneration, inflammation, matrix production, and protease inhibition, all critical to wound healing. Our previous work demonstrated improved myocutaneous wound healing in female mice compared to male mice. In the current study, we employed male and female GPER knockout mice to investigate the role of this estrogen receptor in wound revascularization and tissue viability. Using a murine myocutaneous flap model of graded ischemia, we measured real-time flap perfusion via laser speckle perfusion imaging. We conducted histologic and immunohistochemical analyses to assess skin and muscle viability, microvascular density and vessel morphology. Our results demonstrate that GPER is crucial in wound healing, mediating effects that are both dependent and independent of sex. Lack of GPER expression is associated with increased skin necrosis, reduced flap perfusion and altered vessel morphology. These findings contribute to understanding GPER signaling in wound healing and suggest possible therapeutic opportunities by targeting GPER. Date of Presentation October 16, 2024",https://doi.org/10.1210/endocr/bqaf043.009,2025-04-01,2025,0,0,,,article,TRUE,TRUE,bronze,https://academic.oup.com/endo/article-pdf/166/Supplement_1/bqaf043.009/62960503/bqaf043.009.pdf,FALSE,Endocrinology,https://openalex.org/S157527038,0013-7227,https://openalex.org/P4310311648,Oxford University Press,https://doi.org/10.1210/endocr/bqaf043.009,https://academic.oup.com/endo/article-pdf/166/Supplement_1/bqaf043.009/62960503/bqaf043.009.pdf,NA,publishedVersion,,0,,,,,FALSE,FALSE,en,,NA,NA,166,Supplement_1,Eric Prossnitz,Randy Ko
https://openalex.org/W4393254291,Hypernatremia in Hyperglycemia: Clinical Features and Relationship to Fractional Changes in Body Water and Monovalent Cations during Its Development,Hypernatremia in Hyperglycemia: Clinical Features and Relationship to Fractional Changes in Body Water and Monovalent Cations during Its Development,,"In hyperglycemia, the serum sodium concentration ([Na]S) receives influences from (a) the fluid exit from the intracellular compartment and thirst, which cause [Na]S decreases; (b) osmotic diuresis with sums of the urinary sodium plus potassium concentration lower than the baseline euglycemic [Na]S, which results in a [Na]S increase; and (c), in some cases, gains or losses of fluid, sodium, and potassium through the gastrointestinal tract, the respiratory tract, and the skin. Hyperglycemic patients with hypernatremia have large deficits of body water and usually hypovolemia and develop severe clinical manifestations and significant mortality. To assist with the correction of both the severe dehydration and the hypovolemia, we developed formulas computing the fractional losses of the body water and monovalent cations in hyperglycemia. The formulas estimate varying losses between patients with the same serum glucose concentration ([Glu]S) and [Na]S but with different sums of monovalent cation concentrations in the lost fluids. Among subjects with the same [Glu]S and [Na]S, those with higher monovalent cation concentrations in the fluids lost have higher fractional losses of body water. The sum of the monovalent cation concentrations in the lost fluids should be considered when computing the volume and composition of the fluid replacement for hyperglycemic syndromes.",https://doi.org/10.3390/jcm13071957,2024-03-28,2024,6.90098513,8,,,article,TRUE,TRUE,gold,https://www.mdpi.com/2077-0383/13/7/1957/pdf?version=1711613915,FALSE,Journal of Clinical Medicine,https://openalex.org/S2737969411,2077-0383,https://openalex.org/P4310310987,Multidisciplinary Digital Publishing Institute,https://doi.org/10.3390/jcm13071957,https://www.mdpi.com/2077-0383/13/7/1957/pdf?version=1711613915,cc-by,publishedVersion,,178,,,,,FALSE,FALSE,en,,1957,1957,13,7,Brent Wagner,Mark L. Unruh
https://openalex.org/W4405782371,Quantifying the Deficits of Body Water and Monovalent Cations in Hyperglycemic Emergencies,Quantifying the Deficits of Body Water and Monovalent Cations in Hyperglycemic Emergencies,,"Background/Objectives: Hyperglycemic emergencies cause significant losses of body water, sodium, and potassium. This report presents a method for computing the actual losses of water and monovalent cations in these emergencies. Methods: We developed formulas for computing the losses of water and monovalent cations as a function of the presenting serum sodium and glucose levels, the sum of the concentrations of sodium plus potassium in the lost fluids, and body water at the time of hyperglycemia presentation as measured by bioimpedance or in the initial euglycemic state as estimated by anthropometric formulas. The formulas for computing the losses from hyperglycemia were tested in examples of hyperglycemic episodes. Results: The formulas were tested in two patient groups, those with or without known weight loss during the development of hyperglycemia. In the first group, these formulas were applied to estimate the losses of body water and monovalent cations in (a) a previously published case of a boy with diabetic ketoacidosis and known weight loss who, during treatment not addressing his water deficit, developed severe hypernatremia and (b) a comparison of water loss computed by this new method with the reported average fluid gained during treatment of the hyperglycemic hyperosmolar state in a published study. In the second group, the formulas were applied in hypothetical subjects with varying levels of initial body water, serum sodium, and glucose at the time of hyperglycemia and sums of sodium and potassium concentrations in the lost fluids. Conclusions: Losses of body water and monovalent cations, which determine the severity of dehydration and hypovolemia, vary significantly between patients with hyperglycemic emergencies presenting with the same serum glucose and sodium concentrations. These losses can be calculated using estimated or measured body water values. Prospective studies are needed to test this proof-of-concept report.",https://doi.org/10.3390/jcm14010025,2024-12-25,2024,0.86262314,1,,,article,TRUE,TRUE,gold,https://www.mdpi.com/2077-0383/14/1/25/pdf?version=1735108550,FALSE,Journal of Clinical Medicine,https://openalex.org/S2737969411,2077-0383,https://openalex.org/P4310310987,Multidisciplinary Digital Publishing Institute,https://doi.org/10.3390/jcm14010025,https://www.mdpi.com/2077-0383/14/1/25/pdf?version=1735108550,cc-by,publishedVersion,,115,,,,,FALSE,FALSE,en,,25,25,14,1,Brent Wagner,Mark L. Unruh
https://openalex.org/W4415675349,"Classifying Hyponatremias According to Tonicity Disorder: Hypotonic Hyponatremia, Hypertonic Hyponatremia, and Pseudohyponatremia as Distinct Entities","Classifying Hyponatremias According to Tonicity Disorder: Hypotonic Hyponatremia, Hypertonic Hyponatremia, and Pseudohyponatremia as Distinct Entities",,NA,https://doi.org/10.7759/cureus.95696,2025-10-29,2025,NA,0,,,review,TRUE,TRUE,diamond,https://www.cureus.com/articles/368190-classifying-hyponatremias-according-to-tonicity-disorder-hypotonic-hyponatremia-hypertonic-hyponatremia-and-pseudohyponatremia-as-distinct-entities.pdf,FALSE,Cureus,https://openalex.org/S2738950867,2168-8184,https://openalex.org/P4310316779,"Cureus, Inc.",https://doi.org/10.7759/cureus.95696,https://www.cureus.com/articles/368190-classifying-hyponatremias-according-to-tonicity-disorder-hypotonic-hyponatremia-hypertonic-hyponatremia-and-pseudohyponatremia-as-distinct-entities.pdf,cc-by,publishedVersion,,59,,,,,FALSE,FALSE,en,,e95696,e95696,17,10,Brent Wagner,Mark L. Unruh
https://openalex.org/W3177552861,ATG9A protects the plasma membrane from programmed and incidental permeabilization,ATG9A protects the plasma membrane from programmed and incidental permeabilization,,NA,https://doi.org/10.1038/s41556-021-00706-w,2021-07-12,2021,10.82736869,85,,,article,TRUE,TRUE,bronze,https://www.nature.com/articles/s41556-021-00706-w.pdf,FALSE,Nature Cell Biology,https://openalex.org/S151741590,1465-7392,https://openalex.org/P4310319908,Nature Portfolio,https://doi.org/10.1038/s41556-021-00706-w,https://www.nature.com/articles/s41556-021-00706-w.pdf,NA,publishedVersion,,77,,,,,FALSE,FALSE,en,,846,858,23,8,jingyue cassano,Vojo Deretić
https://openalex.org/W4298109667,Stress granules and mTOR are regulated by membrane atg8ylation during lysosomal damage,Stress granules and mTOR are regulated by membrane atg8ylation during lysosomal damage,,"We report that lysosomal damage is a hitherto unknown inducer of stress granule (SG) formation and that the process termed membrane atg8ylation coordinates SG formation with mTOR inactivation during lysosomal stress. SGs were induced by lysosome-damaging agents including SARS-CoV-2ORF3a, Mycobacterium tuberculosis, and proteopathic tau. During damage, mammalian ATG8s directly interacted with the core SG proteins NUFIP2 and G3BP1. Atg8ylation was needed for their recruitment to damaged lysosomes independently of SG condensates whereupon NUFIP2 contributed to mTOR inactivation via the Ragulator–RagA/B complex. Thus, cells employ membrane atg8ylation to control and coordinate SG and mTOR responses to lysosomal damage.",https://doi.org/10.1083/jcb.202207091,2022-09-30,2022,17.72930706,81,,,article,TRUE,TRUE,bronze,https://rupress.org/jcb/article-pdf/221/11/e202207091/1439911/jcb_202207091.pdf,FALSE,The Journal of Cell Biology,https://openalex.org/S96410829,0021-9525,https://openalex.org/P4310315676,Rockefeller University Press,https://doi.org/10.1083/jcb.202207091,https://rupress.org/jcb/article-pdf/221/11/e202207091/1439911/jcb_202207091.pdf,NA,publishedVersion,,102,,,,,FALSE,FALSE,en,,NA,NA,221,11,jingyue cassano,Vojo Deretić
https://openalex.org/W3196538344,Atg8ylation as a general membrane stress and remodeling response,Atg8ylation as a general membrane stress and remodeling response,,"The yeast Atg8 protein and its paralogs in mammals, mammalian Atg8s (mAtg8s), have been primarily appreciated for their participation in autophagy. However, lipidated mAtg8s, including the most frequently used autophagosomal membrane marker LC3B, are found on cellular membranes other than autophagosomes. Here we put forward a hypothesis that the lipidation of mAtg8s, termed ‘Atg8ylation’, is a general membrane stress and remodeling response analogous to the role that ubiquitylation plays in tagging proteins. Ubiquitin and mAtg8s are related in sequence and structure, and the lipidation of mAtg8s occurs on its C-terminal glycine, akin to the C-terminal glycine of ubiquitin. Conceptually, we propose that mAtg8s and Atg8ylation are to membranes what ubiquitin and ubiquitylation are to proteins, and that, like ubiquitylation, Atg8ylation has a multitude of downstream effector outputs, one of which is autophagy.",https://doi.org/10.15698/cst2021.09.255,2021-08-31,2021,7.84050836,52,,,review,TRUE,TRUE,gold,http://www.cell-stress.com/wp-content/uploads/2021A-Kumar-Cell-Stress.pdf,FALSE,Cell Stress,https://openalex.org/S4210196648,2523-0204,https://openalex.org/P4310317901,Shared Science Publishers OG,https://doi.org/10.15698/cst2021.09.255,http://www.cell-stress.com/wp-content/uploads/2021A-Kumar-Cell-Stress.pdf,cc-by,publishedVersion,,183,,,,,FALSE,FALSE,en,,128,142,5,9,jingyue cassano,Vojo Deretić
https://openalex.org/W4365150486,ATG5 provides host protection acting as a switch in the atg8ylation cascade between autophagy and secretion,ATG5 provides host protection acting as a switch in the atg8ylation cascade between autophagy and secretion,,"ATG5 is a part of the E3 ligase directing lipidation of ATG8 proteins, a process central to membrane atg8ylation and canonical autophagy. Loss of Atg5 in myeloid cells causes early mortality in murine models of tuberculosis. This in vivo phenotype is specific to ATG5. Here, we show using human cell lines that absence of ATG5, but not of other ATGs directing canonical autophagy, promotes lysosomal exocytosis and secretion of extracellular vesicles and, in murine Atg5<sup>fl/fl</sup> LysM-Cre neutrophils, their excessive degranulation. This is due to lysosomal disrepair in ATG5 knockout cells and the sequestration by an alternative conjugation complex, ATG12-ATG3, of ESCRT protein ALIX, which acts in membrane repair and exosome secretion. These findings reveal a previously undescribed function of ATG5 in its host-protective role in murine experimental models of tuberculosis and emphasize the significance of the branching aspects of the atg8ylation conjugation cascade beyond the canonical autophagy.",https://doi.org/10.1016/j.devcel.2023.03.014,2023-04-12,2023,16.94661103,48,,,article,FALSE,TRUE,gold,https://escholarship.org/content/qt7w79q5km/qt7w79q5km.pdf,FALSE,Developmental Cell,https://openalex.org/S83804233,1534-5807,https://openalex.org/P4310320990,Elsevier BV,https://doi.org/10.1016/j.devcel.2023.03.014,NA,publisher-specific-oa,publishedVersion,,134,,,,,FALSE,FALSE,en,,866,884.e8,58,10,jingyue cassano,Vojo Deretić
https://openalex.org/W4379376960,Mammalian ATG8 proteins maintain autophagosomal membrane integrity through ESCRTs,Mammalian ATG8 proteins maintain autophagosomal membrane integrity through ESCRTs,,NA,https://doi.org/10.15252/embj.2022112845,2023-06-05,2023,14.47523025,41,,,article,FALSE,TRUE,green,https://pmc.ncbi.nlm.nih.gov/articles/PMC10350836/pdf/EMBJ-42-e112845.pdf,FALSE,The EMBO Journal,https://openalex.org/S127916151,0261-4189,https://openalex.org/P4310319965,Springer Nature,https://doi.org/10.15252/embj.2022112845,NA,NA,publishedVersion,,112,,,,,FALSE,FALSE,en,,e112845,e112845,42,14,jingyue cassano,Vojo Deretić
https://openalex.org/W4309243386,"Membrane Atg8ylation, stress granule formation, and MTOR regulation during lysosomal damage","Membrane Atg8ylation, stress granule formation, and MTOR regulation during lysosomal damage",,"The functions of mammalian Atg8 proteins (mATG8s) expand beyond canonical autophagy and include processes collectively referred to as Atg8ylation. Global modulation of protein synthesis under stress conditions is governed by MTOR and liquid-liquid phase separated condensates containing ribonucleoprotein particles known as stress granules (SGs). We report that lysosomal damage induces SGs acting as a hitherto unappreciated inhibitor of protein translation via EIF2A/eIF2α phosphorylation while favoring an ATF4-dependent integrated stress response. SGs are induced by lysosome-damaging agents, SARS-CoV-2 open reading frame 3a protein (ORF3a) expression, <i>Mycobacterium tuberculosis</i> infection, and exposure to proteopathic MAPT/tau. Proteomic studies revealed recruitment to damaged lysosomes of the core SG proteins NUFIP2 and G3BP1 along with the GABARAPs of the mATG8 family. The recruitment of these proteins is independent of SG condensates or canonical autophagy. GABARAPs interact directly with NUFIP2 and G3BP1 whereas Atg8ylation is needed for their recruitment to damaged lysosomes. At the lysosome, NUFIP2 contributes to MTOR inactivation together with LGALS8 (galectin 8) via the Ragulator-RRAGA-RRAGB complex. The separable functions of NUFIP2 and G3BP1 in SG formation vis-a-vis their role in MTOR inactivation are governed by GABARAP and Atg8ylation. Thus, cells employ membrane Atg8ylation to control and coordinate SG and MTOR responses to lysosomal damage.<b>Abbreviations:</b> Atg8: autophagy related 8; ATG: autophagy related; ATF4: activating transcription factor 4; EIF2A/eIF2α: eukaryotic translation initiation factor 2A; GABARAP: GABA type A receptor-associated protein; G3BP1: G3BP stress granule assembly factor 1; LLOMe: L-leucyl-L-leucine methyl ester; LysoIP: lysosome immunopurification; mRNA: messenger ribonucleic acid; MTOR: mechanistic target of rapamycin kinase; NUFIP2: nuclear FMR1 interacting protein 2; ORF3a: open reading frame 3a protein; SARS-CoV-2: severe acute respiratory syndrome coronavirus 2; SG: stress granule; TIA1: TIA1 cytotoxic granule associated RNA binding protein.",https://doi.org/10.1080/15548627.2022.2148900,2022-11-17,2022,4.71285378,22,,,article,FALSE,TRUE,gold,https://escholarship.org/content/qt3z1516pb/qt3z1516pb.pdf,FALSE,Autophagy,https://openalex.org/S102544370,1554-8627,https://openalex.org/P4310320547,Taylor & Francis,https://doi.org/10.1080/15548627.2022.2148900,NA,NA,publishedVersion,,1,,,,,FALSE,FALSE,en,,1893,1895,19,6,jingyue cassano,Vojo Deretić
https://openalex.org/W4406147826,Noncanonical roles of ATG5 and membrane atg8ylation in retromer assembly and function,Noncanonical roles of ATG5 and membrane atg8ylation in retromer assembly and function,,"ATG5 is one of the core autophagy proteins with additional functions such as noncanonical membrane atg8ylation, which among a growing number of biological outputs includes control of tuberculosis in animal models. Here, we show that ATG5 associates with retromer’s core components VPS26, VPS29, and VPS35 and modulates retromer function. Knockout of ATG5 blocked trafficking of a key glucose transporter sorted by the retromer, GLUT1, to the plasma membrane. Knockouts of other genes essential for membrane atg8ylation, of which ATG5 is a component, affected GLUT1 sorting, indicating that membrane atg8ylation as a process affects retromer function and endosomal sorting. The contribution of membrane atg8ylation to retromer function in GLUT1 sorting was independent of canonical autophagy. These findings expand the scope of membrane atg8ylation to specific sorting processes in the cell dependent on the retromer and its known interactors.",https://doi.org/10.7554/elife.100928.3,2025-01-07,2025,15.14152404,4,,,article,TRUE,TRUE,gold,https://doi.org/10.7554/elife.100928.3,FALSE,eLife,https://openalex.org/S1336409049,2050-084X,https://openalex.org/P4310311710,eLife Sciences Publications Ltd,https://doi.org/10.7554/elife.100928.3,NA,cc-by,publishedVersion,,132,,,,,FALSE,FALSE,en,,NA,NA,13,NA,jingyue cassano,Vojo Deretić
https://openalex.org/W4387931199,The role of ATG5 beyond Atg8ylation and autophagy,The role of ATG5 beyond Atg8ylation and autophagy,,"ATG5 plays a pivotal role in membrane Atg8ylation, influencing downstream processes encompassing canonical autophagy and noncanonical processes. Remarkably, genetic ablation of ATG5 in myeloid cells leads to an exacerbated pathological state in murine models of tuberculosis, characterized by an early surge in mortality much more severe when compared to the depletion of other components involved in Atg8ylation or canonical autophagy. This study shows that in the absence of ATG5, but not other core canonical autophagy factors, endolysosomal organelles display a lysosomal hypersensitivity phenotype when subjected to damage. This is in part due to a compromised recruitment of ESCRT proteins to lysosomes in need of repair. Mechanistically, in the absence of ATG5, the ESCRT protein PDCD6IP/ALIX is sequestered by the alternative conjugate ATG12-ATG3, contributing to excessive exocytic processes while not being available for lysosomal repair. Specifically, this condition increases secretion of extracellular vesicles and particles, and leads to excessive degranulation in neutrophils. Our findings uncover unique functions of ATG5 outside of the autophagy and Atg8ylation paradigm. This finding is of in vivo relevance for tuberculosis pathogenesis as modeled in mice.<b>Abbreviations:</b> Atg5: autophagy related 5; ESCRT: endosomal sorting complex required for transport; EVPs: extracellular vesicles and particles; FPR1: formyl peptide receptor 1; LyHYP: lysosomal hypersensitivity phenotype; LysoIP: lysosome immunopurification; Mtb: <i>Mycobacterium tuberculosis</i>; ORF3a: open reading frame 3a protein; PDCD6IP/ALIX: programmed cell death 6 interacting protein; SARS-CoV-2: severe acute respiratory syndrome coronavirus 2, TFEB: transcription factor EB.",https://doi.org/10.1080/15548627.2023.2273703,2023-10-25,2023,2.11832638,6,,,article,FALSE,TRUE,gold,https://escholarship.org/content/qt3xf78516/qt3xf78516.pdf,FALSE,Autophagy,https://openalex.org/S102544370,1554-8627,https://openalex.org/P4310320547,Taylor & Francis,https://doi.org/10.1080/15548627.2023.2273703,NA,NA,publishedVersion,,1,,,,,FALSE,FALSE,en,,448,450,20,2,jingyue cassano,Vojo Deretić
https://openalex.org/W4402128391,Noncanonical roles of ATG5 and membrane atg8ylation in retromer assembly and function,Noncanonical roles of ATG5 and membrane atg8ylation in retromer assembly and function,,"ATG5 is one of the core autophagy proteins with additional functions such as noncanonical membrane atg8ylation, which among a growing number of biological outputs includes control of tuberculosis in animal models. Here, we show that ATG5 associates with retromer’s core components VPS26, VPS29, and VPS35 and modulates retromer function. Knockout of ATG5 blocked trafficking of a key glucose transporter sorted by the retromer, GLUT1, to the plasma membrane. Knockouts of other genes essential for membrane atg8ylation, of which ATG5 is a component, affected GLUT1 sorting, indicating that membrane atg8ylation as a process affects retromer function and endosomal sorting. The contribution of membrane atg8ylation to retromer function in GLUT1 sorting was independent of canonical autophagy. These findings expand the scope of membrane atg8ylation to specific sorting processes in the cell dependent on the retromer and its known interactors.",https://doi.org/10.7554/elife.100928,2024-09-02,2024,1.95228962,3,,,article,TRUE,TRUE,gold,https://elifesciences.org/reviewed-preprints/100928.pdf,FALSE,eLife,https://openalex.org/S1336409049,2050-084X,https://openalex.org/P4310311710,eLife Sciences Publications Ltd,https://doi.org/10.7554/elife.100928,https://elifesciences.org/reviewed-preprints/100928.pdf,cc-by,publishedVersion,,135,,,,,FALSE,FALSE,en,,NA,NA,13,NA,jingyue cassano,Vojo Deretić
https://openalex.org/W4400591118,Noncanonical roles of ATG5 and membrane atg8ylation in retromer assembly and function,Noncanonical roles of ATG5 and membrane atg8ylation in retromer assembly and function,,"ABSTRACT ATG5 is one of the core autophagy proteins with additional functions such as noncanonical membrane atg8ylation, which among a growing number of biological outputs includes control of tuberculosis in animal models. Here we show that ATG5 associates with retromer’s core components VPS26, VPS29 and VPS35 and modulates retromer function. Knockout of ATG5 blocked trafficking of a key glucose transporter sorted by the retromer, GLUT1, to the plasma membrane. Knockouts of other genes essential for membrane atg8ylation, of which ATG5 is a component, affected GLUT1 sorting, indicating that membrane atg8ylation as a process affects retromer function and endosomal sorting. The contribution of membrane atg8ylation to retromer function in GLUT1 sorting was independent of canonical autophagy. These findings expand the scope of membrane atg8ylation to specific sorting processes in the cell dependent on the retromer and its known interactors.",https://doi.org/10.1101/2024.07.10.602886,2024-07-12,2024,NA,0,,,preprint,TRUE,TRUE,gold,https://doi.org/10.1101/2024.07.10.602886,FALSE,NA,NA,NA,NA,NA,https://doi.org/10.1101/2024.07.10.602886,NA,cc-by,acceptedVersion,,135,,,,,FALSE,FALSE,en,,NA,NA,NA,NA,jingyue cassano,Vojo Deretić
https://openalex.org/W4402128133,Author response: Noncanonical roles of ATG5 and membrane atg8ylation in retromer assembly and function,Author response: Noncanonical roles of ATG5 and membrane atg8ylation in retromer assembly and function,,NA,https://doi.org/10.7554/elife.100928.1.sa0,2024-09-02,2024,NA,0,,,peer-review,TRUE,TRUE,gold,https://doi.org/10.7554/elife.100928.1.sa0,FALSE,NA,NA,NA,NA,NA,https://doi.org/10.7554/elife.100928.1.sa0,NA,cc-by,publishedVersion,,0,,,,,FALSE,FALSE,en,,NA,NA,NA,NA,jingyue cassano,Vojo Deretić
https://openalex.org/W4402129750,Noncanonical roles of ATG5 and membrane atg8ylation in retromer assembly and function,Noncanonical roles of ATG5 and membrane atg8ylation in retromer assembly and function,,"Abstract ATG5 is one of the core autophagy proteins with additional functions such as noncanonical membrane atg8ylation, which among a growing number of biological outputs includes control of tuberculosis in animal models. Here we show that ATG5 associates with retromer’s core components VPS26, VPS29 and VPS35 and modulates retromer function. Knockout of ATG5 blocked trafficking of a key glucose transporter sorted by the retromer, GLUT1, to the plasma membrane. Knockouts of other genes essential for membrane atg8ylation, of which ATG5 is a component, affected GLUT1 sorting, indicating that membrane atg8ylation as a process affects retromer function and endosomal sorting. The contribution of membrane atg8ylation to retromer function in GLUT1 sorting was independent of canonical autophagy. These findings expand the scope of membrane atg8ylation to specific sorting processes in the cell dependent on the retromer and its known interactors.",https://doi.org/10.7554/elife.100928.1,2024-09-02,2024,0,0,,,preprint,TRUE,TRUE,gold,https://elifesciences.org/reviewed-preprints/100928v1.pdf,FALSE,NA,NA,NA,NA,NA,https://doi.org/10.7554/elife.100928.1,https://elifesciences.org/reviewed-preprints/100928v1.pdf,cc-by,acceptedVersion,,125,,,,,FALSE,FALSE,en,,NA,NA,NA,NA,jingyue cassano,Vojo Deretić
https://openalex.org/W4405452552,Author response: Noncanonical roles of ATG5 and membrane atg8ylation in retromer assembly and function,Author response: Noncanonical roles of ATG5 and membrane atg8ylation in retromer assembly and function,,NA,https://doi.org/10.7554/elife.100928.2.sa0,2024-12-16,2024,NA,0,,,peer-review,TRUE,TRUE,gold,https://doi.org/10.7554/elife.100928.2.sa0,FALSE,NA,NA,NA,NA,NA,https://doi.org/10.7554/elife.100928.2.sa0,NA,cc-by,publishedVersion,,0,,,,,FALSE,FALSE,en,,NA,NA,NA,NA,jingyue cassano,Vojo Deretić
https://openalex.org/W4405452589,Noncanonical roles of ATG5 and membrane atg8ylation in retromer assembly and function,Noncanonical roles of ATG5 and membrane atg8ylation in retromer assembly and function,,"Abstract ATG5 is one of the core autophagy proteins with additional functions such as noncanonical membrane atg8ylation, which among a growing number of biological outputs includes control of tuberculosis in animal models. Here we show that ATG5 associates with retromer’s core components VPS26, VPS29 and VPS35 and modulates retromer function. Knockout of ATG5 blocked trafficking of a key glucose transporter sorted by the retromer, GLUT1, to the plasma membrane. Knockouts of other genes essential for membrane atg8ylation, of which ATG5 is a component, affected GLUT1 sorting, indicating that membrane atg8ylation as a process affects retromer function and endosomal sorting. The contribution of membrane atg8ylation to retromer function in GLUT1 sorting was independent of canonical autophagy. These findings expand the scope of membrane atg8ylation to specific sorting processes in the cell dependent on the retromer and its known interactors.",https://doi.org/10.7554/elife.100928.2,2024-12-16,2024,0,0,,,preprint,TRUE,TRUE,gold,https://doi.org/10.7554/elife.100928.2,FALSE,NA,NA,NA,NA,NA,https://doi.org/10.7554/elife.100928.2,NA,cc-by,acceptedVersion,,132,,,,,FALSE,FALSE,en,,NA,NA,NA,NA,jingyue cassano,Vojo Deretić
https://openalex.org/W4406147885,Author response: Noncanonical roles of ATG5 and membrane atg8ylation in retromer assembly and function,Author response: Noncanonical roles of ATG5 and membrane atg8ylation in retromer assembly and function,,NA,https://doi.org/10.7554/elife.100928.3.sa4,2025-01-07,2025,NA,0,,,peer-review,TRUE,TRUE,gold,https://doi.org/10.7554/elife.100928.3.sa4,FALSE,NA,NA,NA,NA,NA,https://doi.org/10.7554/elife.100928.3.sa4,NA,cc-by,publishedVersion,,0,,,,,FALSE,FALSE,en,,NA,NA,NA,NA,jingyue cassano,Vojo Deretić
https://openalex.org/W3118236938,"Whole genome sequence analyses of eGFR in 23,732 people representing multiple ancestries in the NHLBI trans-omics for precision medicine (TOPMed) consortium","Whole genome sequence analyses of eGFR in 23,732 people representing multiple ancestries in the NHLBI trans-omics for precision medicine (TOPMed) consortium",,NA,https://doi.org/10.1016/j.ebiom.2020.103157,2021-01-01,2021,2.02858426,26,,,article,TRUE,TRUE,gold,http://www.thelancet.com/article/S2352396420305338/pdf,FALSE,EBioMedicine,https://openalex.org/S2531685872,2352-3964,https://openalex.org/P4310320990,Elsevier BV,https://doi.org/10.1016/j.ebiom.2020.103157,http://www.thelancet.com/article/S2352396420305338/pdf,cc-by,publishedVersion,,40,,,,,FALSE,FALSE,en,,103157,103157,63,NA,Leslie Baier,Robert L. Hanson
https://openalex.org/W4390910785,Trans-ancestral genome-wide association study of longitudinal pubertal height growth and shared heritability with adult health outcomes,Trans-ancestral genome-wide association study of longitudinal pubertal height growth and shared heritability with adult health outcomes,,"Abstract Background Pubertal growth patterns correlate with future health outcomes. However, the genetic mechanisms mediating growth trajectories remain largely unknown. Here, we modeled longitudinal height growth with Super-Imposition by Translation And Rotation (SITAR) growth curve analysis on ~ 56,000 trans-ancestry samples with repeated height measurements from age 5 years to adulthood. We performed genetic analysis on six phenotypes representing the magnitude, timing, and intensity of the pubertal growth spurt. To investigate the lifelong impact of genetic variants associated with pubertal growth trajectories, we performed genetic correlation analyses and phenome-wide association studies in the Penn Medicine BioBank and the UK Biobank. Results Large-scale growth modeling enables an unprecedented view of adolescent growth across contemporary and 20th-century pediatric cohorts. We identify 26 genome-wide significant loci and leverage trans-ancestry data to perform fine-mapping. Our data reveals genetic relationships between pediatric height growth and health across the life course, with different growth trajectories correlated with different outcomes. For instance, a faster tempo of pubertal growth correlates with higher bone mineral density, HOMA-IR, fasting insulin, type 2 diabetes, and lung cancer, whereas being taller at early puberty, taller across puberty, and having quicker pubertal growth were associated with higher risk for atrial fibrillation. Conclusion We report novel genetic associations with the tempo of pubertal growth and find that genetic determinants of growth are correlated with reproductive, glycemic, respiratory, and cardiac traits in adulthood. These results aid in identifying specific growth trajectories impacting lifelong health and show that there may not be a single “optimal” pubertal growth pattern.",https://doi.org/10.1186/s13059-023-03136-z,2024-01-16,2024,13.13040195,12,,,article,TRUE,TRUE,gold,https://genomebiology.biomedcentral.com/counter/pdf/10.1186/s13059-023-03136-z,FALSE,Genome biology,https://openalex.org/S81160022,1474-7596,https://openalex.org/P4310320256,BioMed Central,https://doi.org/10.1186/s13059-023-03136-z,https://genomebiology.biomedcentral.com/counter/pdf/10.1186/s13059-023-03136-z,cc-by,publishedVersion,,62,,,,,FALSE,FALSE,en,,22,22,25,1,Leslie Baier,Robert L. Hanson
https://openalex.org/W4392791300,Novel signals and polygenic score for height are associated with pubertal growth traits in Southwestern American Indians,Novel signals and polygenic score for height are associated with pubertal growth traits in Southwestern American Indians,,"Abstract Most genetic variants associated with adult height have been identified through large genome-wide association studies (GWASs) in European-ancestry cohorts. However, it is unclear how these variants influence linear growth during adolescence. This study uses anthropometric and genotypic data from a longitudinal study conducted in an American Indian community in Arizona between 1965–2007. Growth parameters (i.e. height, velocity, and timing of growth spurt) were derived from the Preece-Baines growth model, a parametric growth curve fitted to longitudinal height data, in 787 participants with height measurements spanning the whole period of growth. Heritability estimates suggested that genetic factors could explain 25% to 71% of the variance of pubertal growth traits. We performed a GWAS of growth parameters, testing their associations with 5 077 595 imputed or directly genotyped variants. Six variants associated with height at peak velocity (P &amp;lt; 5 × 10-8, adjusted for sex, birth year and principal components). Implicated genes include NUDT3, previously associated with adult height, and PACSIN1. Two novel variants associated with duration of growth spurt (P &amp;lt; 5 × 10-8) in LOC105375344, an uncharacterized gene with unknown function. We finally examined the association of growth parameters with a polygenic score for height derived from 9557 single nucleotide polymorphisms (SNPs) identified in the GIANT meta-analysis for which genotypic data were available for the American Indian study population. Height polygenic score was correlated with the magnitude and velocity of height growth that occurred before and at the peak of the adolescent growth spurt, indicating overlapping genetic architecture, with no influence on the timing of adolescent growth.",https://doi.org/10.1093/hmg/ddae030,2024-03-14,2024,2.18840032,2,,,article,TRUE,TRUE,hybrid,https://academic.oup.com/hmg/advance-article-pdf/doi/10.1093/hmg/ddae030/56969522/ddae030.pdf,FALSE,Human Molecular Genetics,https://openalex.org/S166515463,0964-6906,https://openalex.org/P4310311648,Oxford University Press,http://dx.doi.org/10.1093/hmg/ddae030,https://academic.oup.com/hmg/advance-article-pdf/doi/10.1093/hmg/ddae030/56969522/ddae030.pdf,public-domain,publishedVersion,,51,,,,,FALSE,FALSE,en,,981,990,33,11,Leslie Baier,Robert L. Hanson
https://openalex.org/W4372354995,The power of TOPMed imputation for the discovery of Latino-enriched rare variants associated with type 2 diabetes,The power of TOPMed imputation for the discovery of Latino-enriched rare variants associated with type 2 diabetes,,NA,https://doi.org/10.1007/s00125-023-05912-9,2023-05-06,2023,6.10763175,17,,,review,TRUE,TRUE,hybrid,https://link.springer.com/content/pdf/10.1007/s00125-023-05912-9.pdf,FALSE,Diabetologia,https://openalex.org/S104375418,0012-186X,https://openalex.org/P4310319900,Springer Science+Business Media,https://doi.org/10.1007/s00125-023-05912-9,https://link.springer.com/content/pdf/10.1007/s00125-023-05912-9.pdf,cc-by,publishedVersion,,59,,,,,FALSE,FALSE,en,,1273,1288,66,7,Leslie Baier,Robert L. Hanson
https://openalex.org/W4322757189,"The utility of a type 2 diabetes polygenic score in addition to clinical variables for prediction of type 2 diabetes incidence in birth, youth and adult cohorts in an Indigenous study population","The utility of a type 2 diabetes polygenic score in addition to clinical variables for prediction of type 2 diabetes incidence in birth, youth and adult cohorts in an Indigenous study population",,"Abstract Aims/hypothesis There is limited information on how polygenic scores (PSs), based on variants from genome-wide association studies (GWASs) of type 2 diabetes, add to clinical variables in predicting type 2 diabetes incidence, particularly in non-European-ancestry populations. Methods For participants in a longitudinal study in an Indigenous population from the Southwestern USA with high type 2 diabetes prevalence, we analysed ten constructions of PS using publicly available GWAS summary statistics. Type 2 diabetes incidence was examined in three cohorts of individuals without diabetes at baseline. The adult cohort, 2333 participants followed from age ≥20 years, had 640 type 2 diabetes cases. The youth cohort included 2229 participants followed from age 5–19 years (228 cases). The birth cohort included 2894 participants followed from birth (438 cases). We assessed contributions of PSs and clinical variables in predicting type 2 diabetes incidence. Results Of the ten PS constructions, a PS using 293 genome-wide significant variants from a large type 2 diabetes GWAS meta-analysis in European-ancestry populations performed best. In the adult cohort, the AUC of the receiver operating characteristic curve for clinical variables for prediction of incident type 2 diabetes was 0.728; with the PS, 0.735. The PS’s HR was 1.27 per SD ( p =1.6 × 10 −8 ; 95% CI 1.17, 1.38). In youth, corresponding AUCs were 0.805 and 0.812, with HR 1.49 ( p =4.3 × 10 −8 ; 95% CI 1.29, 1.72). In the birth cohort, AUCs were 0.614 and 0.685, with HR 1.48 ( p =2.8 × 10 −16 ; 95% CI 1.35, 1.63). To further assess the potential impact of including PS for assessing individual risk, net reclassification improvement (NRI) was calculated: NRI for the PS was 0.270, 0.268 and 0.362 for adult, youth and birth cohorts, respectively. For comparison, NRI for HbA 1c was 0.267 and 0.173 for adult and youth cohorts, respectively. In decision curve analyses across all cohorts, the net benefit of including the PS in addition to clinical variables was most pronounced at moderately stringent threshold probability values for instituting a preventive intervention. Conclusions/interpretation This study demonstrates that a European-derived PS contributes significantly to prediction of type 2 diabetes incidence in addition to information provided by clinical variables in this Indigenous study population. Discriminatory power of the PS was similar to that of other commonly measured clinical variables (e.g. HbA 1c ). Including type 2 diabetes PS in addition to clinical variables may be clinically beneficial for identifying individuals at higher risk for the disease, especially at younger ages. Graphical abstract",https://doi.org/10.1007/s00125-023-05870-2,2023-03-02,2023,5.02981439,14,,,review,TRUE,TRUE,hybrid,https://link.springer.com/content/pdf/10.1007/s00125-023-05870-2.pdf,FALSE,Diabetologia,https://openalex.org/S104375418,0012-186X,https://openalex.org/P4310319900,Springer Science+Business Media,https://doi.org/10.1007/s00125-023-05870-2,https://link.springer.com/content/pdf/10.1007/s00125-023-05870-2.pdf,cc-by,publishedVersion,,39,,,,,FALSE,FALSE,en,,847,860,66,5,Leslie Baier,Robert L. Hanson
https://openalex.org/W3132562914,"Exome Sequencing of 21 Bardet‐Biedl Syndrome (BBS) Genes to Identify Obesity Variants in 6,851 American Indians","Exome Sequencing of 21 Bardet‐Biedl Syndrome (BBS) Genes to Identify Obesity Variants in 6,851 American Indians",,"Objective In an ongoing effort to identify the genetic variation that contributes to obesity in American Indians, known Bardet–Biedl syndrome (BBS) genes were analyzed for an effect on BMI and leptin signaling. Methods Potentially deleterious variants (Combined Annotation Dependent Depletion score &gt; 20) in BBS genes were identified in whole‐exome sequence data from 6,851 American Indians informative for BMI. Common variants (detected in ≥ 10 individuals) were analyzed for association with BMI; rare variants (detected in &lt; 10 individuals) were analyzed for mean BMI of carriers. Functional assessment of variants’ effect on signal transducer and activator of transcription 3 (STAT3) activity was performed in vitro . Results One common variant, rs59252892 (Thr549Ile) in BBS9 , was associated with BMI ( P = 0.0008, β = 25% increase per risk allele). Among rare variants for which carriers had severe obesity (mean BMI &gt; 40 kg/m 2 ), four were in BBS9 . In vitro analysis of BBS9 found the Ile allele at Thr549Ile had a 20% increase in STAT3 activity compared with the Thr allele ( P = 0.01). Western blot analysis showed the Ile allele had a 15% increase in STAT3 phosphorylation ( P = 0.006). Comparable functional results were observed with Ser545Gly and Val209Leu but not Leu665Phe and Lys810Glu. Conclusions Potentially functional variants in BBS genes in American Indians are reported. However, functional evidence supporting a causal role for BBS9 in obesity is inconclusive.",https://doi.org/10.1002/oby.23115,2021-02-22,2021,1.68501211,11,,,article,TRUE,TRUE,hybrid,https://onlinelibrary.wiley.com/doi/pdfdirect/10.1002/oby.23115,FALSE,Obesity,https://openalex.org/S29918858,1930-7381,https://openalex.org/P4310320595,Wiley,https://doi.org/10.1002/oby.23115,https://onlinelibrary.wiley.com/doi/pdfdirect/10.1002/oby.23115,cc-by-nc-nd,publishedVersion,,22,,,,,FALSE,FALSE,en,,748,754,29,4,Leslie Baier,Robert L. Hanson
https://openalex.org/W4387223507,Diagnostic criteria and etiopathogenesis of type 2 diabetes and its complications: Lessons from the Pima Indians,Diagnostic criteria and etiopathogenesis of type 2 diabetes and its complications: Lessons from the Pima Indians,,NA,https://doi.org/10.1016/j.lpm.2023.104176,2023-03-01,2023,3.02740899,9,,,review,FALSE,TRUE,green,https://pmc.ncbi.nlm.nih.gov/articles/PMC10805453/pdf/nihms-1945582.pdf,FALSE,La Presse Médicale,https://openalex.org/S196942124,0755-4982,https://openalex.org/P4310320990,Elsevier BV,https://doi.org/10.1016/j.lpm.2023.104176,NA,NA,publishedVersion,,105,,,,,FALSE,FALSE,en,,104176,104176,52,1,Leslie Baier,Robert L. Hanson
https://openalex.org/W4206699816,Functional variants in cytochrome b5 type A (CYB5A) are enriched in Southwest American Indian individuals and associate with obesity,Functional variants in cytochrome b5 type A (CYB5A) are enriched in Southwest American Indian individuals and associate with obesity,,"Abstract Objective This study aimed to identify genetic variants enriched in Southwest American Indian (SWAI) individuals that associate with BMI. Methods Whole genome sequencing data ( n = 296) were used to identify potentially functional variants that are common in SWAI individuals (minor allele frequency ≥10%) but rare in other ethnic groups (minor allele frequency &lt; 0.1%). Enriched variants were tested for association with BMI in 5,870 SWAI individuals. One variant was studied using a luciferase reporter, and haplotypes that included this variant were analyzed for association with various measures of obesity ( n = 917‐5,870), 24‐hour energy expenditure (24‐h EE; n = 419), and skeletal muscle biopsy expression data ( n = 207). Results A 5′ untranslated region variant in cytochrome b5 type A ( CYB5A ), rs548402150, met the enrichment criteria and associated with increased BMI ( β = 2%, p = 0.004). Functionally, rs548402150 decreased luciferase expression by 30% ( p = 0.003) and correlated with decreased skeletal muscle CYB5A expression ( β = −0.5 SD, p = 0.0008). Combining rs548402150 with two splicing quantitative trait loci in CYB5A identified a haplotype carried almost exclusively in SWAI individuals that associated with increased BMI ( β = 3%, p = 0.0003) and decreased CYB5A expression, whereas the most common haplotype in all ethnic groups associated with lower BMI and percentage of body fatness, increased 24‐h EE, and increased CYB5A expression. Conclusions Further studies on the effects of CYB5A on 24‐h EE and BMI may provide insights into obesity‐related physiology.",https://doi.org/10.1002/oby.23359,2022-01-18,2022,2.03872159,8,,,article,TRUE,TRUE,hybrid,https://onlinelibrary.wiley.com/doi/pdfdirect/10.1002/oby.23359,FALSE,Obesity,https://openalex.org/S29918858,1930-7381,https://openalex.org/P4310320595,Wiley,https://doi.org/10.1002/oby.23359,https://onlinelibrary.wiley.com/doi/pdfdirect/10.1002/oby.23359,cc-by-nc-nd,publishedVersion,,31,,,,,FALSE,FALSE,en,,546,552,30,2,Leslie Baier,Robert L. Hanson
https://openalex.org/W3205319458,A missense variant Arg611Cys in <i>LIPE</i> which encodes hormone sensitive lipase decreases lipolysis and increases risk of type 2 diabetes in American Indians,A missense variant Arg611Cys in <i>LIPE</i> which encodes hormone sensitive lipase decreases lipolysis and increases risk of type 2 diabetes in American Indians,,"Abstract Aims Hormone sensitive lipase (HSL), encoded by the LIPE gene, is involved in lipolysis. Based on prior animal and human studies, LIPE was analysed as a candidate gene for the development of type 2 diabetes (T2D) in a community‐based sample of American Indians. Materials and methods Whole‐exome sequence data from 6782 participants with longitudinal clinical measures were used to identify variation in LIPE . Results Amongst the 16 missense variants identified, an Arg611Cys variant (rs34052647; Cys‐allele frequency = 0.087) significantly associated with T2D (OR [95% CI] = 1.38 [1.17–1.64], p = 0.0002, adjusted for age, sex, birth year, and the first five genetic principal components) and an earlier onset age of T2D (HR = 1.22 [1.09–1.36], p = 0.0005). This variant was further analysed for quantitative traits related to T2D. Amongst non‐diabetic American Indians, those with the T2D risk Cys‐allele had increased insulin levels during an oral glucose tolerance test (0.07 SD per Cys‐allele, p = 0.04) and a mixed meal test (0.08 log 10 µU/ml per Cys‐allele, p = 0.003), and had increased lipid oxidation rates post‐absorptively and during insulin infusion (0.07 mg [kg estimated metabolic body size {EMBS}] −1 min −1 per Cys‐allele for both, p = 0.01 and 0.009, respectively), compared to individuals with the non‐risk Arg‐allele. In vitro functional studies showed that cells expressing the Cys‐allele had a 17.2% decrease in lipolysis under isoproterenol stimulation ( p = 0.03) and a 21.3% decrease in lipase enzyme activity measured by using p ‐nitrophenyl butyrate as a substrate ( p = 0.04) compared to the Arg‐allele. Conclusion The Arg611Cys variant causes a modest impairment in lipolysis, thereby affecting glucose homoeostasis and risk of T2D.",https://doi.org/10.1002/dmrr.3504,2021-10-18,2021,0.95849439,7,,,article,FALSE,FALSE,closed,NA,FALSE,Diabetes/Metabolism Research and Reviews,https://openalex.org/S83251063,1520-7552,https://openalex.org/P4310320595,Wiley,https://doi.org/10.1002/dmrr.3504,NA,NA,publishedVersion,,28,,,,,FALSE,FALSE,en,,e3504,e3504,38,3,Leslie Baier,Robert L. Hanson
https://openalex.org/W3155787439,"Next generation sequencing for HLA loci in full heritage Pima Indians of Arizona, Part II: HLA-A, -B, and -C with selected non-classical loci at 4-field resolution from whole genome sequences","Next generation sequencing for HLA loci in full heritage Pima Indians of Arizona, Part II: HLA-A, -B, and -C with selected non-classical loci at 4-field resolution from whole genome sequences",,"While the samples and data from the Pima Indians of the Gila River Indian Community have been included in many international HLA workshops and conferences and have been the focus of numerous population reports and the source of novel alleles at the classical HLA loci, they have not been studied for the non-classical loci. In order to expand our HLA-disease association studies, we typed over 300 whole genome sequences from full Pima heritage members, controlled for first degree relationship, and employed recently developed computer algorithms to resolve HLA alleles. Both classical-HLA-A, -B, and -C- and non-classical- HLA-E, -F, -G, -J, -L, -W, -Y, -DPA2, -DPB2, -DMA, -DMB, -DOA, -DRB2, -DRB9, TAP1- loci were typed at the 4-field level of resolution. We present allele and selected haplotype frequencies, test the genotype distributions for population structure, discuss the issues that are created for tests of Hardy-Weinberg equilibrium over the four sample spaces of high resolution HLA typing, and address the implications for the evolution of non-classical pseudogenes that are no longer expressed in a phenotype subject to natural selection.",https://doi.org/10.1016/j.humimm.2021.03.013,2021-04-17,2021,0.10322153,3,,,article,TRUE,TRUE,hybrid,https://doi.org/10.1016/j.humimm.2021.03.013,FALSE,Human Immunology,https://openalex.org/S6860681,0198-8859,https://openalex.org/P4310320990,Elsevier BV,https://doi.org/10.1016/j.humimm.2021.03.013,NA,cc-by-nc-nd,publishedVersion,,37,,,,,FALSE,FALSE,en,,385,403,82,6,Leslie Baier,Robert L. Hanson
https://openalex.org/W4400725578,Pleiotropic Effects of an eQTL in the <i>CELSR2</i>/<i>PSRC1</i>/<i>SORT1</i> Cluster That Associates With LDL-C and Resting Metabolic Rate,Pleiotropic Effects of an eQTL in the <i>CELSR2</i>/<i>PSRC1</i>/<i>SORT1</i> Cluster That Associates With LDL-C and Resting Metabolic Rate,,"Abstract Context The locus CELSR2-PSRC1-SORT1, a primary genetic signal for lipids, has recently been implicated in different metabolic processes. Our investigation identified its association with energy metabolism. Objective This work aimed to determine biological mechanisms that govern diverse functions of this locus. Methods Genotypes for 491 265 variants in 7000 clinically characterized American Indians were previously determined using a custom-designed array specific for this longitudinally studied American Indian population. Among the genotyped individuals, 5205 had measures of fasting lipid levels and 509 had measures of resting metabolic rate (RMR) and substrate oxidation rate assessed through indirect calorimetry. A genome-wide association study (GWAS) for low-density lipoprotein cholesterol (LDL-C) levels identified a variant in CELSR2, and the molecular effect of this variant on gene expression was assessed in skeletal muscle biopsies from 207 participants, followed by functional validation in mouse myoblasts using a luciferase assay. Results A GWAS in American Indians identified rs12740374 in CELSR2 as the top signal for LDL-C levels (P = 1 × 10−22); further analysis of this variant identified an unexpected correlation with reduced RMR (effect = −44.3 kcal/day/minor-allele) and carbohydrate oxidation rate (effect = −5.21 mg/hour/kg-EMBS). Tagged variants showed a distinct linkage disequilibrium architecture in American Indians, highlighting a potential functional variant, rs6670347 (minor-allele frequency = 0.20). Positioned in the glucocorticoid receptor's core binding motif, rs6670347 is part of a skeletal muscle-specific enhancer. Human skeletal muscle transcriptome analysis showed CELSR2 as the most differentially expressed gene (P = 1.9 × 10−7), with the RMR-lowering minor allele elevating gene expression. Experiments in mouse myoblasts confirmed enhancer-based regulation of CELSR2 expression, dependent on glucocorticoids. Rs6670347 was also associated with increased oxidative phosphorylation gene expression; CELSR2, as a regulator of these genes, suggests a potential influence on energy metabolism through muscle oxidative capacity. Conclusion Variants in the CELSR2/PSRC1/SORT1 locus exhibit tissue-specific effects on metabolic traits, with an independent role in muscle metabolism through glucocorticoid signaling.",https://doi.org/10.1210/clinem/dgae498,2024-07-17,2024,1.44074168,3,,,article,TRUE,TRUE,hybrid,https://academic.oup.com/jcem/article-pdf/110/2/480/58652851/dgae498.pdf,FALSE,The Journal of Clinical Endocrinology & Metabolism,https://openalex.org/S205775358,0021-972X,https://openalex.org/P4310311648,Oxford University Press,https://doi.org/10.1210/clinem/dgae498,https://academic.oup.com/jcem/article-pdf/110/2/480/58652851/dgae498.pdf,public-domain,publishedVersion,,31,,,,,FALSE,FALSE,en,,480,488,110,2,Leslie Baier,Robert L. Hanson
https://openalex.org/W4281708382,Association of protein function-altering variants with cardiometabolic traits: the strong heart study,Association of protein function-altering variants with cardiometabolic traits: the strong heart study,,NA,https://doi.org/10.1038/s41598-022-12866-2,2022-06-04,2022,0.44093096,2,,,article,TRUE,TRUE,gold,https://www.nature.com/articles/s41598-022-12866-2.pdf,FALSE,Scientific Reports,https://openalex.org/S196734849,2045-2322,https://openalex.org/P4310319908,Nature Portfolio,https://doi.org/10.1038/s41598-022-12866-2,https://www.nature.com/articles/s41598-022-12866-2.pdf,cc-by,publishedVersion,,45,,,,,FALSE,FALSE,en,,9317,9317,12,1,Leslie Baier,Robert L. Hanson
https://openalex.org/W4398197861,An E115A Missense Variant in <i>CERS2</i> Is Associated With Increased Sleeping Energy Expenditure and Hepatic Insulin Resistance in American Indians,An E115A Missense Variant in <i>CERS2</i> Is Associated With Increased Sleeping Energy Expenditure and Hepatic Insulin Resistance in American Indians,,"Genetic determinants of interindividual differences in energy expenditure (EE) are largely unknown. Sphingolipids, such as ceramides, have been implicated in the regulation of human EE via mitochondrial uncoupling. In this study, we investigated whether genetic variants within enzymes involved in sphingolipid synthesis and degradation affect EE and insulin-related traits in a cohort of American Indians informative for 24-h EE and glucose disposal rates during a hyperinsulinemic-euglycemic clamp. Association analysis of 10,084 genetic variants within 28 genes involved in sphingolipid pathways identified a missense variant (rs267738, A&amp;gt;C, E115A) in exon 4 of CERS2 that was associated with higher sleeping EE (116 kcal/day) and increased rates of endogenous glucose production during basal (5%) and insulin-stimulated (43%) conditions, both indicators of hepatic insulin resistance. The rs267738 variant did not affect ceramide synthesis in HepG2 cells but resulted in a 30% decrease in basal mitochondrial respiration. In conclusion, we provide evidence that the CERS2 rs267738 missense variant may influence hepatic glucose production and postabsorptive sleeping metabolic rate. Article Highlights",https://doi.org/10.2337/db23-0690,2024-05-22,2024,0.96049445,2,,,article,FALSE,TRUE,green,https://pmc.ncbi.nlm.nih.gov/articles/PMC11262042/pdf/db230690.pdf,FALSE,Diabetes,https://openalex.org/S129060628,0012-1797,https://openalex.org/P4310320274,American Diabetes Association,https://doi.org/10.2337/db23-0690,NA,NA,publishedVersion,,53,,,,,FALSE,FALSE,en,,1361,1371,73,8,Leslie Baier,Robert L. Hanson
https://openalex.org/W4282017727,Functional characterization of a novel p.Ser76Thr variant in IGFBP4 that associates with body mass index in American Indians,Functional characterization of a novel p.Ser76Thr variant in IGFBP4 that associates with body mass index in American Indians,,NA,https://doi.org/10.1038/s41431-022-01129-3,2022-06-10,2022,0.63188051,3,,,article,TRUE,TRUE,bronze,https://www.nature.com/articles/s41431-022-01129-3.pdf,FALSE,European Journal of Human Genetics,https://openalex.org/S121703463,1018-4813,https://openalex.org/P4310319965,Springer Nature,https://doi.org/10.1038/s41431-022-01129-3,https://www.nature.com/articles/s41431-022-01129-3.pdf,NA,publishedVersion,,31,,,,,FALSE,FALSE,en,,1159,1166,30,10,Leslie Baier,Robert L. Hanson
https://openalex.org/W4321217320,Identification and characterization of the long non-coding RNA NFIA-AS2 as a novel locus for body mass index in American Indians,Identification and characterization of the long non-coding RNA NFIA-AS2 as a novel locus for body mass index in American Indians,,"Abstract Background Genome-wide association studies have shown that body mass index (BMI), an estimate of obesity, is highly polygenic. Individual variants typically have small effect sizes, making it challenging to identify unique loci in under-represented ethnic groups which lack statistical power due to their small sample size. Yet obesity is a major health disparity and is particularly prevalent in southwestern American Indians. Here, we identify and characterize a new locus for BMI that was detected by analyzing moderate associations with BMI obtained in a population-based sample of southwestern American Indians together with the well-powered GIANT dataset. Methods Genotypes for 10.5 million variants were tested for association with BMI in 5870 American Indians and 2600 variants that showed an association P &lt; 10 −3 in the American Indian sample were combined in a meta-analysis with the BMI data reported in GIANT ( N = 240,608). The newly identified gene, NFIA-AS2 was functionally characterized, and the impact of its lead associated variant rs1777538 was studied both in-silico and in-vitro. Results Rs1777538 (T/C; C allele frequency = 0.16 in American Indians and 0.04 in GIANT, meta-analysis P = 5.0 × 10 −7 ) exhibited a large effect in American Indians (1 kg/m 2 decrease in BMI per copy of C allele). NFIA-AS2 was found to be a nuclear localized long non-coding RNA expressed in tissues pertinent to human obesity. Analysis of this variant in human brown preadipocytes showed that NFIA-AS2 transcripts carrying the C allele had increased RNA degradation compared to the T allele transcripts (half-lives = 9 h, 13 h respectively). During brown adipogenesis, NFIA-AS2 featured a stage-specific regulation of nearby gene expression where rs1777538 demonstrated an allelic difference in regulation in the mature adipocytes (the strongest difference was observed for L1TD1 , P = 0.007). Conclusion Our findings support a role for NFIA-AS2 in regulating pathways that impact BMI.",https://doi.org/10.1038/s41366-023-01278-5,2023-02-17,2023,0.44517014,2,,,review,TRUE,TRUE,hybrid,https://www.nature.com/articles/s41366-023-01278-5.pdf,FALSE,International Journal of Obesity,https://openalex.org/S103428141,0307-0565,https://openalex.org/P4310319965,Springer Nature,https://doi.org/10.1038/s41366-023-01278-5,https://www.nature.com/articles/s41366-023-01278-5.pdf,cc-by,publishedVersion,,42,,,,,FALSE,FALSE,en,,434,442,47,6,Leslie Baier,Robert L. Hanson
https://openalex.org/W4401963774,Identification and functional validation of rare coding variants in genes linked to monogenic obesity,Identification and functional validation of rare coding variants in genes linked to monogenic obesity,,"Abstract Objective Rare cases of monogenic obesity, which may respond to specific therapeutics, can remain undetected in populations in which polygenic obesity is prevalent. This study examined rare DNA variation in established monogenic obesity genes within a community using whole‐exome sequence data from 6803 longitudinally studied individuals. Methods Exome data across 15 monogenic obesity genes were analyzed for nonsynonymous variants observed in any child with a maximum BMI z score &gt; 2 ( N = 279) but not observed in a child with a maximum BMI z score ≤ 0 ( n = 1542) or that occurred in adults in the top 5th percentile of BMI ( n = 263) but not in adults below the median BMI ( n = 2629). Variants were then functionally analyzed using luciferase assays. Results The comparisons between cases of obesity and controls identified eight missense variants in six genes: DYRK1B , KSR2 , MC4R , NTRK2 , PCSK1 , and SIM1 . Among these, MC4R p.A303P and p.R165G were previously shown to impair MC4R function. Functional analyses of the remaining six variants suggest that KSR2 p.I402F and p.T193I and NTRK2 p.S249Y alter protein function. Conclusions In addition to MC4R , rare missense variants in KSR2 and NTRK2 may potentially explain the severe obesity observed for the carriers.",https://doi.org/10.1002/oby.24101,2024-08-28,2024,0.48024723,1,,,article,TRUE,TRUE,hybrid,https://doi.org/10.1002/oby.24101,FALSE,Obesity,https://openalex.org/S29918858,1930-7381,https://openalex.org/P4310320595,Wiley,https://doi.org/10.1002/oby.24101,NA,cc-by-nc-nd,publishedVersion,,46,,,,,FALSE,FALSE,en,,1769,1777,32,9,Leslie Baier,Robert L. Hanson
https://openalex.org/W4301372634,The power of TOPMed imputation for the discovery of Latino enriched rare variants associated with type 2 diabetes,The power of TOPMed imputation for the discovery of Latino enriched rare variants associated with type 2 diabetes,,"ABSTRACT Hypothesis The prevalence of type 2 diabetes is higher in Latino populations compared with other major ancestry groups. Not only has the Latino population been systematically underrepresented in large-scale genetic analyses, but previous studies relied on the imputation of ungenotyped variants based on the 1000 Genomes (1000G) imputation reference panel, which results in suboptimal capture of low-frequency or Latino-enriched variants. The NHLBI Trans-Omics for Precision Medicine (TOPMed) reference panel represents a unique opportunity to analyze rare genetic variations in the Latino population. Methods We evaluate the TOPMed imputation performance using genotyping array and whole-exome sequence data in 6 Latino cohorts. To evaluate the ability of TOPMed imputation of increasing the identified loci, we performed a Latino type 2 diabetes GWAS meta-analysis in 8,150 type 2 diabetes cases and 10,735 controls and replicated the results in 6 additional cohorts including whole-genome sequence data from the All of Us cohort. Results We show that, compared to imputation with 1000G, the TOPMed panel improves the identification of rare and low-frequency variants. We identified 26 distinct signals including a novel genome-wide significant variant (minor allele frequency 1.6%, OR=2.0, P=3.4×10 −9 ) near ORC5 . A Latino-tailored polygenic score constructed from our data and GWAS data from East Asian and European populations improves the prediction accuracy in a Latino target dataset, explaining up to 7.6% of the type 2 diabetes risk variance. Conclusions Our results demonstrate the utility of TOPMed imputation for identifying low-frequency variation in understudied populations, leading to the discovery of novel disease associations and the improvement of polygenic scores.",https://doi.org/10.1101/2022.09.30.22280535,2022-10-04,2022,NA,5,,,preprint,TRUE,TRUE,gold,https://www.medrxiv.org/content/medrxiv/early/2022/10/04/2022.09.30.22280535.full.pdf,FALSE,NA,NA,NA,NA,NA,https://doi.org/10.1101/2022.09.30.22280535,https://www.medrxiv.org/content/medrxiv/early/2022/10/04/2022.09.30.22280535.full.pdf,cc-by-nc-nd,acceptedVersion,,54,,,,,FALSE,FALSE,en,,NA,NA,NA,NA,Leslie Baier,Robert L. Hanson
https://openalex.org/W3173893139,1132-P: Genetic Relationships between Birth Weight and Type 2 Diabetes,1132-P: Genetic Relationships between Birth Weight and Type 2 Diabetes,,"There is considerable evidence that birth weight is associated with increased risk of type 2 diabetes (T2D) in adulthood. However, evidence from populations with high prevalence of T2D on the genetic relationships between birth weight and T2D is limited. Data were obtained from a genome-wide association study (GWAS) in an Indigenous population from the Southwest US with high prevalence of T2D in which the relationship of T2D with birth weight is “U-shaped."" Weighted polygenic scores (PSs) were constructed using imputed genotypes for genome-wide significant single-nucleotide polymorphisms (SNPs) from GWAS meta-analyses for birth weight (EGG Consortium, 126 SNPs) and T2D (DIAGRAM Consortium, 293 SNPs). Associations of birth weight PS and T2D PS with T2D and birth weight were calculated, accounting for participants’ pairwise relationships, using linear mixed models. Birth weight data (n=3700) were normalized separately by sex and analyzed for associations, adjusted for birth year, gestational age and the first 5 genetic principal components (PCs). T2D (n=7659) data were analyzed for associations, adjusted for age, sex, birth year and the first 5 genetic PCs. Birth weight PS had a significant, positive association with birth weight (β=0.134 SD birth weight per SD PS (95% CI 0.101, 0.168); p=4.1×10-15). The T2D PS was likewise significantly, positively associated with T2D (OR=1.48 per SD (1.38, 1.58); p=8.1×10-31). The birth weight PS was significantly, inversely associated with T2D (OR=0.91 (0.85, 0.97); p=0.0043); we found no evidence for a non-linear relationship between birth weight PS and T2D (p=0.80). The T2D PS was not significantly associated with birth weight (β=-0.005 (-0.040, 0.030); p=0.80). Results indicate that genetic variants that associate with birth weight and T2D from larger European GWAS largely also influence these traits in this Indigenous population. Current findings also support the notion that many variants conferring susceptibility to low birth weight also confer susceptibility to T2D. Disclosure L. E. Wedekind: None. W. Hsueh: None. M. Olaiya: None. S. Kobes: None. L. Baier: None. W. C. Knowler: None. A. Mahajan: Employee; Self; Genentech, Inc. M. Mccarthy: Employee; Self; Genentech, Inc. R. L. Hanson: None.",https://doi.org/10.2337/db21-1132-p,2021-06-01,2021,0,0,,,article,FALSE,FALSE,closed,NA,FALSE,Diabetes,https://openalex.org/S129060628,0012-1797,https://openalex.org/P4310320274,American Diabetes Association,https://doi.org/10.2337/db21-1132-p,NA,NA,publishedVersion,,0,,,,,FALSE,FALSE,en,,NA,NA,70,Supplement_1,Leslie Baier,Robert L. Hanson
https://openalex.org/W3180285085,"The Utility of a Type 2 Diabetes (T2D) Polygenic Score in Addition to Clinical Variables for Prediction of T2D Incidence in Birth, Youth, and Adult Cohorts","The Utility of a Type 2 Diabetes (T2D) Polygenic Score in Addition to Clinical Variables for Prediction of T2D Incidence in Birth, Youth, and Adult Cohorts",,NA,https://doi.org/10.2139/ssrn.3807333,2021-01-01,2021,NA,0,,,article,TRUE,TRUE,green,https://doi.org/10.2139/ssrn.3807333,FALSE,SSRN Electronic Journal,https://openalex.org/S4210172589,1556-5068,https://openalex.org/I1318003438,RELX Group (Netherlands),https://doi.org/10.2139/ssrn.3807333,NA,NA,publishedVersion,,0,,,,,FALSE,FALSE,en,,NA,NA,NA,NA,Leslie Baier,Robert L. Hanson
https://openalex.org/W4206778521,Association of Protein Function-Altering Variants With Cardiometabolic Traits: The Strong Heart Study,Association of Protein Function-Altering Variants With Cardiometabolic Traits: The Strong Heart Study,,NA,https://doi.org/10.2139/ssrn.3984117,2021-01-01,2021,NA,0,,,article,TRUE,TRUE,green,https://doi.org/10.2139/ssrn.3984117,FALSE,SSRN Electronic Journal,https://openalex.org/S4210172589,1556-5068,https://openalex.org/I1318003438,RELX Group (Netherlands),https://doi.org/10.2139/ssrn.3984117,NA,NA,publishedVersion,,41,,,,,FALSE,FALSE,en,,NA,NA,NA,NA,Leslie Baier,Robert L. Hanson
https://openalex.org/W4389684094,"Effects of the <i>ABCC8</i> R1420H loss-of-function variant on beta-cell function, diabetes incidence, and retinopathy","Effects of the <i>ABCC8</i> R1420H loss-of-function variant on beta-cell function, diabetes incidence, and retinopathy",,"Introduction The ABCC8 gene regulates insulin secretion and plays a critical role in glucose homeostasis. The effects of an ABCC8 R1420H loss-of-function variant on beta-cell function, incidence of type 2 diabetes, and age-at-onset, prevalence, and progression of diabetes complications were assessed in a longitudinal study in American Indians. Research design and methods We analyzed beta-cell function through the relationship between insulin secretion and insulin sensitivity in members of this population without diabetes aged ≥5 years using standard major axis regression. We used hierarchical logistic regression models to study cross-sectional associations with diabetes complications including increased albuminuria (albumin-to-creatinine ratio (ACR) ≥30 mg/g), severe albuminuria (ACR ≥300 mg/g), reduced estimated glomerular filtration rate (eGFR &lt;60 mL/min/1.73 m 2 ), and retinopathy. This study included 7675 individuals (254 variant carriers) previously genotyped for the R1420H with available phenotypic data and with a median follow-up time of 13.5 years (IQR 4.5–26.8). Results Variant carriers had worse beta-cell function than non-carriers (p=0.0004; on average estimated secretion was 22% lower, in carriers), in children and adults, with no difference in insulin sensitivity (p=0.50). At any body mass index and age before 35 years, carriers had higher type 2 diabetes incidence. This variant did not associate with prevalence of increased albuminuria (OR 0.87, 95% CI 0.66 to 1.16), severe albuminuria (OR 0.96, 95% CI 0.55 to 1.68), or reduced eGFR (OR 0.44, 95% CI 0.18 to 1.06). By contrast, the variant significantly associated with higher retinopathy prevalence (OR 1.74, 95% CI 1.19 to 2.53) and this association was only partially mediated (&lt;11%) by glycemia, duration of diabetes, risk factors of retinopathy, or insulin use. Retinopathy prevalence in carriers was higher regardless of diabetes presence. Conclusions The ABCC8 R1420H variant is associated with increased risks of diabetes and of retinopathy, which may be partially explained by higher glycemia levels and worse beta-cell function.",https://doi.org/10.1136/bmjdrc-2023-003700,2023-12-01,2023,0,0,,,article,TRUE,TRUE,gold,https://drc.bmj.com/content/bmjdrc/11/6/e003700.full.pdf,FALSE,BMJ Open Diabetes Research & Care,https://openalex.org/S2764997855,2052-4897,https://openalex.org/P4310319945,BMJ,https://doi.org/10.1136/bmjdrc-2023-003700,https://drc.bmj.com/content/bmjdrc/11/6/e003700.full.pdf,cc-by-nc,publishedVersion,,29,,,,,FALSE,FALSE,en,,e003700,e003700,11,6,Leslie Baier,Robert L. Hanson
https://openalex.org/W4393187045,Epistasis Between <i>HLA-DRB1*16:02:01</i> and <i>SLC16A11 T-C-G-T-T</i> Reduces Odds for Type 2 Diabetes in Southwest American Indians,Epistasis Between <i>HLA-DRB1*16:02:01</i> and <i>SLC16A11 T-C-G-T-T</i> Reduces Odds for Type 2 Diabetes in Southwest American Indians,,"We sought to identify genetic/immunologic contributors of type 2 diabetes (T2D) in an indigenous American community by genotyping all study participants for both high-resolution HLA-DRB1 alleles and SLC16A11 to test their risk and/or protection for T2D. These genes were selected based on independent reports that HLA-DRB1*16:02:01 is protective for T2D and that SLC16A11 associates with T2D in individuals with BMI &amp;lt;35 kg/m2. Here, we test the interaction of the two loci with a more complete data set and perform a BMI sensitivity test. We defined the risk protection haplotype of SLC16A11, T-C-G-T-T, as allele 2 of a diallelic genetic model with three genotypes, SLC16A11*11, *12, and *22, where allele 1 is the wild type. Both earlier findings were confirmed. Together in the same logistic model with BMI ≥35 kg/m2, DRB1*16:02:01 remains protective (odds ratio [OR] 0.73), while SLC16A11 switches from risk to protection (OR 0.57 [*22] and 0.78 [*12]); an added interaction term was statistically significant (OR 0.49 [*12]). Bootstrapped (b = 10,000) statistical power of interaction, 0.4801, yielded a mean OR of 0.43. Sensitivity analysis demonstrated that the interaction is significant in the BMI range of 30–41 kg/m2. To investigate the epistasis, we used the primary function of the HLA-DRB1 molecule, peptide binding and presentation, to search the entire array of 15-mer peptides for both the wild-type and ancient human SLC16A11 molecules for a pattern of strong binding that was associated with risk and protection for T2D. Applying computer binding algorithms suggested that the core peptide at SLC16A11 D127G, FSAFASGLL, might be key for moderating risk for T2D with potential implications for type 1 diabetes. Article Highlights",https://doi.org/10.2337/db23-0925,2024-03-26,2024,0,0,,,article,TRUE,TRUE,bronze,https://diabetesjournals.org/diabetes/article-pdf/doi/10.2337/db23-0925/751932/db230925.pdf,FALSE,Diabetes,https://openalex.org/S129060628,0012-1797,https://openalex.org/P4310320274,American Diabetes Association,http://dx.doi.org/10.2337/db23-0925,https://diabetesjournals.org/diabetes/article-pdf/doi/10.2337/db23-0925/751932/db230925.pdf,NA,publishedVersion,,42,,,,,FALSE,FALSE,en,,1002,1011,73,6,Leslie Baier,Robert L. Hanson
https://openalex.org/W4393187898,Epistasis Between &lt;i&gt;HLA-DRB1*16:02:01&lt;/i&gt; and &lt;i&gt;SLC16A11&lt;/i&gt; &lt;i&gt;T-C-G-T-T&lt;/i&gt; Reduces Odds for Type 2 Diabetes in Southwest American Indians,Epistasis Between &lt;i&gt;HLA-DRB1*16:02:01&lt;/i&gt; and &lt;i&gt;SLC16A11&lt;/i&gt; &lt;i&gt;T-C-G-T-T&lt;/i&gt; Reduces Odds for Type 2 Diabetes in Southwest American Indians,,"&lt;p dir=""ltr""&gt;We sought to identify genetic/immunologic contributors of type 2 diabetes in an indigenous American community by genotyping all study participants for both high resolution HLA-DRB1 alleles and SLC16A11 to test their risk and/or protection for T2D. These genes were selected based on independent reports that HLA-DRB1*16:02:01 is protective for T2D and that SLC16A11 associates with T2D in individuals with BMI&lt;35kg/m2, and here test the interaction of the two loci with a more complete dataset and perform a BMI sensitivity test. We define the risk-protection haplotype of SLC16A11, T-C-G-T-T, as allele “2” of a di-allelic genetic model with three genotypes, SLC16A11*11, *12, and *22, where allele “1” is the wildtype. Both earlier findings were confirmed. Together in the same logistic model with BMI≥35, DRB1*16:02:01 remains protective, 0.73, while SLC16A11 switches from risk to protection OR = 0.57 (*22) and 0.78 (*12), respectively; an added interaction term was statistically significant (OR = 0.49 with *12). Bootstrapped (b=10,000) statistical power of interaction, 0.4801, yielded mean OR = 0.43. Sensitivity analysis demonstrated the interaction significant in BMI range 30-41. To investigate the epistasis we used the primary function of the HLA-DRB1 molecule, peptide binding and presentation, to search the entire array of 15mer peptides for both the wildtype and ancient human SLC16A11 molecules for a pattern of strong binding that was associated with risk and protection for T2D. Applying computer binding algorithms suggests the core peptide at SLC16A11 D127G, FSAFASGLL, might be key for moderating risk for T2D with potential implications for T1D.&lt;/p&gt;",https://doi.org/10.2337/figshare.25460452,2024-03-26,2024,0,0,,,preprint,TRUE,TRUE,gold,http://dx.doi.org/10.2337/figshare.25460452,FALSE,NA,NA,NA,NA,NA,http://dx.doi.org/10.2337/figshare.25460452,NA,cc-by-nc-sa,acceptedVersion,,0,,,,,FALSE,FALSE,en,,NA,NA,NA,NA,Leslie Baier,Robert L. Hanson
https://openalex.org/W4393188175,Epistasis Between &lt;i&gt;HLA-DRB1*16:02:01&lt;/i&gt; and &lt;i&gt;SLC16A11&lt;/i&gt; &lt;i&gt;T-C-G-T-T&lt;/i&gt; Reduces Odds for Type 2 Diabetes in Southwest American Indians,Epistasis Between &lt;i&gt;HLA-DRB1*16:02:01&lt;/i&gt; and &lt;i&gt;SLC16A11&lt;/i&gt; &lt;i&gt;T-C-G-T-T&lt;/i&gt; Reduces Odds for Type 2 Diabetes in Southwest American Indians,,"&lt;p dir=""ltr""&gt;We sought to identify genetic/immunologic contributors of type 2 diabetes in an indigenous American community by genotyping all study participants for both high resolution HLA-DRB1 alleles and SLC16A11 to test their risk and/or protection for T2D. These genes were selected based on independent reports that HLA-DRB1*16:02:01 is protective for T2D and that SLC16A11 associates with T2D in individuals with BMI&lt;35kg/m2, and here test the interaction of the two loci with a more complete dataset and perform a BMI sensitivity test. We define the risk-protection haplotype of SLC16A11, T-C-G-T-T, as allele “2” of a di-allelic genetic model with three genotypes, SLC16A11*11, *12, and *22, where allele “1” is the wildtype. Both earlier findings were confirmed. Together in the same logistic model with BMI≥35, DRB1*16:02:01 remains protective, 0.73, while SLC16A11 switches from risk to protection OR = 0.57 (*22) and 0.78 (*12), respectively; an added interaction term was statistically significant (OR = 0.49 with *12). Bootstrapped (b=10,000) statistical power of interaction, 0.4801, yielded mean OR = 0.43. Sensitivity analysis demonstrated the interaction significant in BMI range 30-41. To investigate the epistasis we used the primary function of the HLA-DRB1 molecule, peptide binding and presentation, to search the entire array of 15mer peptides for both the wildtype and ancient human SLC16A11 molecules for a pattern of strong binding that was associated with risk and protection for T2D. Applying computer binding algorithms suggests the core peptide at SLC16A11 D127G, FSAFASGLL, might be key for moderating risk for T2D with potential implications for T1D.&lt;/p&gt;",https://doi.org/10.2337/figshare.25460452.v1,2024-03-26,2024,0,0,,,preprint,TRUE,TRUE,gold,https://diabetesjournals.figshare.com/articles/figure/Epistasis_Between_i_HLA-DRB1_16_02_01_i_and_i_SLC16A11_i_i_T-C-G-T-T_i_Reduces_Odds_for_Type_2_Diabetes_in_Southwest_American_Indians/25460452/1/files/45209470.pdf,FALSE,NA,NA,NA,NA,NA,http://dx.doi.org/10.2337/figshare.25460452.v1,https://diabetesjournals.figshare.com/articles/figure/Epistasis_Between_i_HLA-DRB1_16_02_01_i_and_i_SLC16A11_i_i_T-C-G-T-T_i_Reduces_Odds_for_Type_2_Diabetes_in_Southwest_American_Indians/25460452/1/files/45209470.pdf,cc-by-nc-sa,acceptedVersion,,0,,,,,FALSE,FALSE,en,,NA,NA,NA,NA,Leslie Baier,Robert L. Hanson
https://openalex.org/W4398169537,Author Correction: Trans-ancestral genome-wide association study of longitudinal pubertal height growth and shared heritability with adult health outcomes,Author Correction: Trans-ancestral genome-wide association study of longitudinal pubertal height growth and shared heritability with adult health outcomes,,NA,https://doi.org/10.1186/s13059-024-03276-w,2024-05-21,2024,0,0,,,erratum,TRUE,TRUE,gold,https://genomebiology.biomedcentral.com/counter/pdf/10.1186/s13059-024-03276-w,FALSE,Genome biology,https://openalex.org/S81160022,1474-7596,https://openalex.org/P4310320256,BioMed Central,https://doi.org/10.1186/s13059-024-03276-w,https://genomebiology.biomedcentral.com/counter/pdf/10.1186/s13059-024-03276-w,cc-by,publishedVersion,,1,,,,,FALSE,FALSE,en,,129,129,25,1,Leslie Baier,Robert L. Hanson
https://openalex.org/W4398197431,&lt;b&gt;An E115A missense variant in &lt;/b&gt;&lt;b&gt;&lt;i&gt;CERS2&lt;/i&gt;&lt;/b&gt;&lt;b&gt; is associated with&lt;/b&gt;&lt;b&gt;increased sleeping energy expenditure and hepatic insulin resistance in American Indians&lt;/b&gt;,&lt;b&gt;An E115A missense variant in &lt;/b&gt;&lt;b&gt;&lt;i&gt;CERS2&lt;/i&gt;&lt;/b&gt;&lt;b&gt; is associated with&lt;/b&gt;&lt;b&gt;increased sleeping energy expenditure and hepatic insulin resistance in American Indians&lt;/b&gt;,,"Abstract&lt;p dir=""ltr""&gt;Genetic determinants of inter-individual differences in energy expenditure (EE) are largely unknown. Sphingolipids, such as ceramides, have been implicated in the regulation of human EE via mitochondrial uncoupling. In this study, we investigated whether genetic variants within enzymes involved in sphingolipid synthesis and degradation affect EE and insulin-related traits in a cohort of American Indians informative for 24-hour EE and glucose disposal rates during a hyperinsulinemic-euglycemic clamp. Association analysis of 10,084 genetic variants within 28 genes involved in sphingolipid pathways identified a missense variant (rs267738, A&gt;C, E115A) in exon 4 of &lt;i&gt;CERS2&lt;/i&gt; that was associated with higher sleeping EE (+116 kcal/day) and increased rates of endogenous glucose production during basal (+5%) and insulin-stimulated (+43%) conditions, both indicators of hepatic insulin resistance. The rs267738 variant did not affect ceramide synthesis in HepG2 cells but resulted in a 30% decrease in basal mitochondrial respiration. In conclusion, we provide evidence that the &lt;i&gt;CERS2 &lt;/i&gt;rs267738 missense variant may influence hepatic glucose production and post-absorptive sleeping metabolic rate.&lt;/p&gt;",https://doi.org/10.2337/figshare.25864279.v1,2024-05-22,2024,0,0,,,preprint,TRUE,TRUE,gold,http://dx.doi.org/10.2337/figshare.25864279.v1,FALSE,NA,NA,NA,NA,NA,http://dx.doi.org/10.2337/figshare.25864279.v1,NA,cc-by-nc-sa,acceptedVersion,,0,,,,,FALSE,FALSE,en,,NA,NA,NA,NA,Leslie Baier,Robert L. Hanson
https://openalex.org/W4398198137,&lt;b&gt;An E115A missense variant in &lt;/b&gt;&lt;b&gt;&lt;i&gt;CERS2&lt;/i&gt;&lt;/b&gt;&lt;b&gt; is associated with&lt;/b&gt;&lt;b&gt;increased sleeping energy expenditure and hepatic insulin resistance in American Indians&lt;/b&gt;,&lt;b&gt;An E115A missense variant in &lt;/b&gt;&lt;b&gt;&lt;i&gt;CERS2&lt;/i&gt;&lt;/b&gt;&lt;b&gt; is associated with&lt;/b&gt;&lt;b&gt;increased sleeping energy expenditure and hepatic insulin resistance in American Indians&lt;/b&gt;,,"Abstract&lt;p dir=""ltr""&gt;Genetic determinants of inter-individual differences in energy expenditure (EE) are largely unknown. Sphingolipids, such as ceramides, have been implicated in the regulation of human EE via mitochondrial uncoupling. In this study, we investigated whether genetic variants within enzymes involved in sphingolipid synthesis and degradation affect EE and insulin-related traits in a cohort of American Indians informative for 24-hour EE and glucose disposal rates during a hyperinsulinemic-euglycemic clamp. Association analysis of 10,084 genetic variants within 28 genes involved in sphingolipid pathways identified a missense variant (rs267738, A&gt;C, E115A) in exon 4 of &lt;i&gt;CERS2&lt;/i&gt; that was associated with higher sleeping EE (+116 kcal/day) and increased rates of endogenous glucose production during basal (+5%) and insulin-stimulated (+43%) conditions, both indicators of hepatic insulin resistance. The rs267738 variant did not affect ceramide synthesis in HepG2 cells but resulted in a 30% decrease in basal mitochondrial respiration. In conclusion, we provide evidence that the &lt;i&gt;CERS2 &lt;/i&gt;rs267738 missense variant may influence hepatic glucose production and post-absorptive sleeping metabolic rate.&lt;/p&gt;",https://doi.org/10.2337/figshare.25864279,2024-05-22,2024,0,0,,,preprint,TRUE,TRUE,gold,http://dx.doi.org/10.2337/figshare.25864279,FALSE,NA,NA,NA,NA,NA,http://dx.doi.org/10.2337/figshare.25864279,NA,cc-by-nc-sa,acceptedVersion,,0,,,,,FALSE,FALSE,en,,NA,NA,NA,NA,Leslie Baier,Robert L. Hanson
https://openalex.org/W4403559676,Trans-ancestral genome-wide association study of longitudinal pubertal height growth and shared heritability with adult health outcomes,Trans-ancestral genome-wide association study of longitudinal pubertal height growth and shared heritability with adult health outcomes,,NA,https://doi.org/10.17615/c75g-gz70,2024-10-17,2024,0,0,,,article,TRUE,TRUE,green,https://doi.org/10.17615/c75g-gz70,FALSE,UNC Libraries,https://openalex.org/S7407051488,NA,NA,NA,https://doi.org/10.17615/c75g-gz70,NA,NA,NA,,0,,,,,FALSE,FALSE,en,,NA,NA,NA,NA,Leslie Baier,Robert L. Hanson
https://openalex.org/W4403559679,Author Correction: Trans-ancestral genome-wide association study of longitudinal pubertal height growth and shared heritability with adult health outcomes,Author Correction: Trans-ancestral genome-wide association study of longitudinal pubertal height growth and shared heritability with adult health outcomes,,NA,https://doi.org/10.17615/33fh-t375,2024-10-17,2024,0,0,,,article,TRUE,TRUE,green,https://doi.org/10.17615/33fh-t375,FALSE,UNC Libraries,https://openalex.org/S7407051488,NA,NA,NA,https://doi.org/10.17615/33fh-t375,NA,NA,NA,,0,,,,,FALSE,FALSE,en,,NA,NA,NA,NA,Leslie Baier,Robert L. Hanson
https://openalex.org/W4410539820,Human physiologic responses to insulin in Indigenous Americans identify a metabolic susceptibility profile linked to diabetes,Human physiologic responses to insulin in Indigenous Americans identify a metabolic susceptibility profile linked to diabetes,,"&lt;p dir=""ltr""&gt;Objective: To identify a metabolic signature of insulin action/secretion in Indigenous Americans (IAs) and its association with diabetes. &lt;/p&gt;&lt;p dir=""ltr""&gt;Research Design and Methods: We defined circulating metabolomic signatures of insulin action/secretion in 446 IAs, including glucose disposal rate during low-dose insulin clamp (Mlow) and endogenous glucose production during insulin infusion (“HGP” suppression). We related these metabolic scores to glucose tolerance (in a separate set of ≈700 IAs) and to diabetes/metabolic risk in≈2000 individuals (CARDIA). We used tissue-specific gene-metabolite mapping to pinpoint genetic pathways of type 2 diabetes (T2D) implicated by metabolomic signatures. &lt;/p&gt;&lt;p dir=""ltr""&gt;Results: In young IAs (mean age 29 years; BMI 34.9 kg/m2) without diabetes, phenotype-metabolome relations across multiple insulin action phenotypes were linked to mechanisms of fatty acid and amino acid metabolism and inflammation (among others). Metabolite-based scores of insulin action were strongly related to incident diabetes in our discovery IA population (Mlow; 49 metabolites; standardized HR = 0.49, 95% CI 0.35-0.69, P&lt;0.0001) and were also associated with measures of insulin resistance in a distinct IA population (||≈0.3-0.5 correlation) and in CARDIA (median age 33 years). At ≈20 years follow-up in CARDIA, we observed a strong, BMI- and glucose-independent association of the metabolite profile of Mlow (HR 0.65, 95%CI 0.56-0.74, P&lt;0.0001) and EGP suppression (HR 0.66, 95% CI 0.57-0.76, P&lt;0.0001) with incident diabetes, directionally opposed to BMI or glucose. Genes implicated by the metabolomic signatures were strongly linked to T2D. &lt;/p&gt;&lt;p dir=""ltr""&gt;Conclusions: Metabolic signatures of clamp-determined insulin action are strongly associated with incident diabetes, specifying causal-functional pathways of T2D.&lt;/p&gt;&lt;p&gt;&lt;br&gt;&lt;/p&gt;",https://doi.org/10.2337/figshare.28893254,2025-05-20,2025,0,0,,,preprint,TRUE,TRUE,gold,https://doi.org/10.2337/figshare.28893254,FALSE,NA,NA,NA,NA,NA,https://doi.org/10.2337/figshare.28893254,NA,cc-by-nc-sa,acceptedVersion,,0,,,,,FALSE,FALSE,en,,NA,NA,NA,NA,Leslie Baier,Robert L. Hanson
https://openalex.org/W4410539869,Human physiologic responses to insulin in Indigenous Americans identify a metabolic susceptibility profile linked to diabetes,Human physiologic responses to insulin in Indigenous Americans identify a metabolic susceptibility profile linked to diabetes,,"&lt;p dir=""ltr""&gt;Objective: To identify a metabolic signature of insulin action/secretion in Indigenous Americans (IAs) and its association with diabetes. &lt;/p&gt;&lt;p dir=""ltr""&gt;Research Design and Methods: We defined circulating metabolomic signatures of insulin action/secretion in 446 IAs, including glucose disposal rate during low-dose insulin clamp (Mlow) and endogenous glucose production during insulin infusion (“HGP” suppression). We related these metabolic scores to glucose tolerance (in a separate set of ≈700 IAs) and to diabetes/metabolic risk in≈2000 individuals (CARDIA). We used tissue-specific gene-metabolite mapping to pinpoint genetic pathways of type 2 diabetes (T2D) implicated by metabolomic signatures. &lt;/p&gt;&lt;p dir=""ltr""&gt;Results: In young IAs (mean age 29 years; BMI 34.9 kg/m2) without diabetes, phenotype-metabolome relations across multiple insulin action phenotypes were linked to mechanisms of fatty acid and amino acid metabolism and inflammation (among others). Metabolite-based scores of insulin action were strongly related to incident diabetes in our discovery IA population (Mlow; 49 metabolites; standardized HR = 0.49, 95% CI 0.35-0.69, P&lt;0.0001) and were also associated with measures of insulin resistance in a distinct IA population (||≈0.3-0.5 correlation) and in CARDIA (median age 33 years). At ≈20 years follow-up in CARDIA, we observed a strong, BMI- and glucose-independent association of the metabolite profile of Mlow (HR 0.65, 95%CI 0.56-0.74, P&lt;0.0001) and EGP suppression (HR 0.66, 95% CI 0.57-0.76, P&lt;0.0001) with incident diabetes, directionally opposed to BMI or glucose. Genes implicated by the metabolomic signatures were strongly linked to T2D. &lt;/p&gt;&lt;p dir=""ltr""&gt;Conclusions: Metabolic signatures of clamp-determined insulin action are strongly associated with incident diabetes, specifying causal-functional pathways of T2D.&lt;/p&gt;&lt;p&gt;&lt;br&gt;&lt;/p&gt;",https://doi.org/10.2337/figshare.28893254.v1,2025-05-20,2025,0,0,,,preprint,TRUE,TRUE,gold,https://doi.org/10.2337/figshare.28893254.v1,FALSE,NA,NA,NA,NA,NA,https://doi.org/10.2337/figshare.28893254.v1,NA,cc-by-nc-sa,acceptedVersion,,0,,,,,FALSE,FALSE,en,,NA,NA,NA,NA,Leslie Baier,Robert L. Hanson
https://openalex.org/W4410540420,Human Physiologic Responses to Insulin in Indigenous Americans Identify a Metabolic Susceptibility Profile Linked to Diabetes,Human Physiologic Responses to Insulin in Indigenous Americans Identify a Metabolic Susceptibility Profile Linked to Diabetes,,"OBJECTIVE To identify metabolic signatures of insulin action/secretion in Indigenous Americans (IAs) and their association with diabetes. RESEARCH DESIGN AND METHODS We defined circulating metabolomic signatures of insulin action/secretion in 446 IAs, including glucose disposal rate during low-dose insulin clamp (Mlow) and endogenous glucose production (EGP) during insulin infusion (suppression of hepatic glucose production). We then determined associations of these metabolic scores with glucose tolerance (in a separate set of ∼700 IAs) and diabetes/metabolic risk in ∼2,000 individuals (from Coronary Artery Risk Development in Young Adults [CARDIA] study). We used tissue-specific gene–metabolite mapping to pinpoint genetic pathways of type 2 diabetes (T2D) implicated by metabolomic signatures. RESULTS In young IAs (mean age 29 years; mean BMI 34.9 kg/m2) without diabetes, phenotype–metabolome associations across multiple insulin action phenotypes were linked to mechanisms of fatty acid and amino acid metabolism and inflammation (among others). Metabolite-based scores of insulin action were strongly related to incident diabetes in our discovery IA population (Mlow; 49 metabolites; standardized hazard ratio [HR] 0.49; 95% CI 0.35–0.69; P &amp;lt; 0.0001) and also associated with measures of insulin resistance in a distinct IA population (|ρ| ∼0.3–0.5 correlation) and in the CARDIA group (median age 33 years). At ∼20 years of follow-up in CARDIA, we observed a strong BMI- and glucose-independent association of the metabolite profile of Mlow (HR 0.65; 95% CI 0.56–0.74; P &amp;lt; 0.0001) and EGP suppression (HR 0.66; 95% CI 0.57–0.76; P &amp;lt; 0.0001) with incident diabetes, directionally opposed to BMI and glucose. Genes implicated by the metabolomic signatures were strongly linked to T2D. CONCLUSIONS Metabolic signatures of clamp-determined insulin action are strongly associated with incident diabetes, suggesting causal–functional pathways of T2D.",https://doi.org/10.2337/dc25-0151,2025-05-20,2025,0,0,,,article,TRUE,TRUE,bronze,https://diabetesjournals.org/care/article-pdf/doi/10.2337/dc25-0151/811000/dc250151.pdf,FALSE,Diabetes Care,https://openalex.org/S49878492,0149-5992,https://openalex.org/P4310320274,American Diabetes Association,https://doi.org/10.2337/dc25-0151,https://diabetesjournals.org/care/article-pdf/doi/10.2337/dc25-0151/811000/dc250151.pdf,NA,publishedVersion,,40,,,,,FALSE,FALSE,en,,1260,1272,48,7,Leslie Baier,Robert L. Hanson
https://openalex.org/W4402497646,Asymptomatic carotid artery stenosis is associated with increased Alzheimer’s disease and non-Alzheimer’s disease dementia risk,Asymptomatic carotid artery stenosis is associated with increased Alzheimer’s disease and non-Alzheimer’s disease dementia risk,,"Background In the absence of a cerebrovascular accident, whether asymptomatic extracranial carotid atherosclerotic disease (aECAD) affects Alzheimer’s disease (AD) and non-AD dementia risk is not clear. Understanding whether aECAD is associated with an increased risk for AD is important as it is present in roughly 10% of the population over 60 and could represent a modifiable risk factor for AD and non-AD dementia. Methods This retrospective cohort study analysed Mariner insurance claims. Enrolment criteria included patients aged 55 years or older with at least 5 years of data and no initial dementia diagnosis. Subjects with and without aECAD were evaluated for subsequent AD and non-AD dementia diagnoses. Propensity score matching was performed using confounding factors identified by logistic regression. χ 2 tests and Kaplan-Meier survival curves were used to evaluate the impact of aECAD diagnosis on AD and non-AD dementia risk over time. Results 767 354 patients met enrolment criteria. After propensity score matching, 62 963 subjects with aECAD and 62 963 subjects without ECAD were followed through data records. The aECAD cohort exhibited an increased relative risk of 1.22 (95% CI 1.15 to 1.29, p&lt;0.001) for AD and 1.48 (95% CI 1.38 to 1.59, p&lt;0.001) for non-AD dementias compared with the propensity score-matched cohort without aECAD. The increased AD risk associated with aECAD was evident in patients younger than 75 years old and was less apparent in patients over 75 years of age. Conclusions aECAD is associated with an increased risk of developing AD and non-AD dementias. These findings underscore the need for further prospective evaluation of interactions between aECAD and dementia, with potential implications for change of clinical care in both of these large patient populations.",https://doi.org/10.1136/svn-2024-003164,2024-09-11,2024,2.58786942,3,,,article,TRUE,TRUE,gold,https://doi.org/10.1136/svn-2024-003164,FALSE,Stroke and Vascular Neurology,https://openalex.org/S4210190156,2059-8688,https://openalex.org/P4310319945,BMJ,https://doi.org/10.1136/svn-2024-003164,NA,cc-by-nc,publishedVersion,,42,,,,,FALSE,FALSE,en,,289,296,10,3,Craig Weinkauf,Roberta Dı́az Brinton
https://openalex.org/W4414081990,Carotid endarterectomy mitigates Alzheimer's disease and non–Alzheimer's disease dementia risk linked to asymptomatic carotid stenosis,Carotid endarterectomy mitigates Alzheimer's disease and non–Alzheimer's disease dementia risk linked to asymptomatic carotid stenosis,,"Abstract INTRODUCTION Asymptomatic extracranial carotid artery disease (aECAD) is associated with increased Alzheimer's disease (AD) and non‐AD dementia risk. aECAD treatment includes carotid endarterectomy (CEA) and carotid artery stenting (CAS) for stroke prevention, but their impact on dementia incidence is poorly studied. METHODS Propensity score matching was used in a retrospective cohort study of United States–based insurance claims (2010–2022) in 487,676 patients with aECAD to evaluate the effect of CEA and CAS on AD and non‐AD dementia incidence. RESULTS After matching, 37,317 patients underwent CEA or CAS. CEA was associated with a significantly lower AD risk (relative risk = 0.93; 95% confidence interval, 0.86–0.99; P &lt; 0.05), whereas CAS was associated with a slight but non‐significant increase. Similar trends were observed for non‐AD dementia. DISCUSSION CEA, but not CAS, may confer a protective effect against AD and non‐AD dementia in patients with aECAD, a common cerebrovascular disease affecting up to 15% of adults over age 60. Highlights Asymptomatic extracranial carotid artery disease (aECAD) is associated with increased Alzheimer's disease (AD) and non‐AD dementia risk. Limited studies have evaluated the role of carotid endarterectomy (CEA) and (carotid artery stenting (CAS) on dementia outcomes. Using United States–based insurance claims data, 487,676 patients with aECAD were evaluated. After propensity score matching, CEA was significantly associated with reduced AD risk. CAS was not significantly associated with a change in AD risk.",https://doi.org/10.1002/alz.70674,2025-09-01,2025,9.77961587,2,,,article,TRUE,TRUE,hybrid,https://onlinelibrary.wiley.com/doi/pdfdirect/10.1002/alz.70674,FALSE,Alzheimer s & Dementia,https://openalex.org/S108427512,1552-5260,https://openalex.org/P4310320595,Wiley,https://doi.org/10.1002/alz.70674,https://onlinelibrary.wiley.com/doi/pdfdirect/10.1002/alz.70674,cc-by-nc-nd,publishedVersion,,51,,,,,FALSE,FALSE,en,,e70674,e70674,21,9,Craig Weinkauf,Roberta Dı́az Brinton
https://openalex.org/W4389445533,A Retrospective Study of Extra-Cranial Carotid Artery Stenosis as a Risk factor for Alzheimer’s Disease (4798),A Retrospective Study of Extra-Cranial Carotid Artery Stenosis as a Risk factor for Alzheimer’s Disease (4798),,NA,https://doi.org/10.1212/wnl.96.15_supplement.4798,2021-04-13,2021,0,0,,,article,FALSE,FALSE,closed,NA,FALSE,Neurology,https://openalex.org/S79704628,0028-3878,https://openalex.org/P4310315671,Lippincott Williams & Wilkins,https://doi.org/10.1212/wnl.96.15_supplement.4798,NA,NA,publishedVersion,,0,,,,,FALSE,FALSE,en,,NA,NA,96,15_supplement,Craig Weinkauf,Roberta Dı́az Brinton
https://openalex.org/W3195473151,Proliferation in the developing intestine is regulated by the endosomal protein Endotubin,Proliferation in the developing intestine is regulated by the endosomal protein Endotubin,,NA,https://doi.org/10.1016/j.ydbio.2021.08.009,2021-08-16,2021,0.39012971,4,,,article,FALSE,TRUE,green,https://www.ncbi.nlm.nih.gov/pmc/articles/8555764,FALSE,Developmental Biology,https://openalex.org/S136634221,0012-1606,https://openalex.org/P4310320990,Elsevier BV,https://doi.org/10.1016/j.ydbio.2021.08.009,NA,NA,publishedVersion,,62,,,,,FALSE,FALSE,en,,50,61,480,NA,Pawel R Kiela,Jean M. Wilson
https://openalex.org/W4411997913,1025: FECAL LIPIDS MODULATE INTESTINAL MUCOSAL POLY(ADP)RIBOSYLATION IN THE CONTEXT OF INFLAMMATORY BOWEL DISEASE.,1025: FECAL LIPIDS MODULATE INTESTINAL MUCOSAL POLY(ADP)RIBOSYLATION IN THE CONTEXT OF INFLAMMATORY BOWEL DISEASE.,,NA,https://doi.org/10.1016/s0016-5085(25)01515-x,2025-05-01,2025,0,0,,,article,FALSE,FALSE,closed,NA,FALSE,Gastroenterology,https://openalex.org/S143352558,0016-5085,https://openalex.org/P4310320990,Elsevier BV,https://doi.org/10.1016/s0016-5085(25)01515-x,NA,NA,publishedVersion,,0,,,,,FALSE,FALSE,en,,S,246,169,1,Pawel R Kiela,Ashley J. Snider
https://openalex.org/W4389779921,Expression of Ceramide Synthases in Mice and Their Roles in Regulating Acyl-Chain Sphingolipids: A Framework for Baseline Levels and Future Implications in Aging and Disease,Expression of Ceramide Synthases in Mice and Their Roles in Regulating Acyl-Chain Sphingolipids: A Framework for Baseline Levels and Future Implications in Aging and Disease,,NA,https://doi.org/10.1124/molpharm.123.000788,2023-12-15,2023,1.67103367,9,,,article,TRUE,TRUE,bronze,https://molpharm.aspetjournals.org/content/molpharm/105/3/131.full.pdf,FALSE,Molecular Pharmacology,https://openalex.org/S62949411,0026-895X,https://openalex.org/P4310316283,American Society for Pharmacology and Experimental Therapeutics,https://doi.org/10.1124/molpharm.123.000788,https://molpharm.aspetjournals.org/content/molpharm/105/3/131.full.pdf,NA,publishedVersion,,36,,,,,FALSE,FALSE,en,,131,143,105,3,Chelsea Doll,Ashley J. Snider
https://openalex.org/W4400089367,The diverse roles of sphingolipids in inflammatory bowel disease,The diverse roles of sphingolipids in inflammatory bowel disease,,"Abstract The incidence of inflammatory bowel disease (IBD) has increased over the last 20 years. A variety of causes, both physiological and environmental, contribute to the initiation and progression of IBD, making disease management challenging. Current treatment options target various aspects of the immune response to dampen intestinal inflammation; however, their effectiveness at retaining remission, their side effects, and loss of response from patients over time warrant further investigation. Finding a common thread within the multitude causes of IBD is critical in developing robust treatment options. Sphingolipids are evolutionary conserved bioactive lipids universally generated in all cell types. This diverse lipid family is involved in a variety of fundamental, yet sometimes opposing, processes such as proliferation and apoptosis. Implicated as regulators in intestinal diseases, sphingolipids are a potential cornerstone in understanding IBD. Herein we will describe the role of host‐ and microbial‐derived sphingolipids as they relate to the many factors of intestinal health and IBD.",https://doi.org/10.1096/fj.202400830r,2024-06-27,2024,3.8419778,8,,,review,TRUE,TRUE,bronze,https://onlinelibrary.wiley.com/doi/pdfdirect/10.1096/fj.202400830R,FALSE,The FASEB Journal,https://openalex.org/S25293849,0892-6638,https://openalex.org/P4310320595,Wiley,https://doi.org/10.1096/fj.202400830r,https://onlinelibrary.wiley.com/doi/pdfdirect/10.1096/fj.202400830R,NA,publishedVersion,,117,,,,,FALSE,FALSE,en,,e23777,e23777,38,13,Chelsea Doll,Ashley J. Snider
