"partners","num_papers"
"University of Michigan",434
"University of Phoenix",267
"Arizona State University",262
"University of Washington",256
"University of Pennsylvania",237
"Oregon Health & Science University",221
"Johns Hopkins University",203
"Columbia University Irving Medical Center",202
"Stanford University",202
"Harvard University",200
"The University of Texas at Austin",194
"Columbia University",181
"Mayo Clinic in Arizona",175
"Wayne State University",167
"University of California, Los Angeles",156
"University of Chicago",155
"University of California, Santa Cruz",151
"University of Utah",151
"University of Wisconsin–Madison",146
"University of California San Diego",143
"Research Institute for Fragrance Materials",140
"Cornell University",137
"Environmental and Occupational Health Sciences Institute",129
"The Ohio State University",126
"University of California, Berkeley",126
"Yale University",125
"New York University",122
"Washington University in St. Louis",122
"University of Florida",120
"University of Pittsburgh",119
"Planetary Science Institute",115
"University of California, San Francisco",114
"Brigham and Women's Hospital",110
"Space Telescope Science Institute",109
"University of California, Irvine",109
"Banner - University Medical Center Phoenix",108
"Arizona Science Center",107
"University of California, Davis",107
"California Institute of Technology",105
"Center for Astrophysics Harvard & Smithsonian",105
"Banner - University Medical Center Tucson",102
"Mayo Clinic in Florida",102
"Northwestern University",101
"University of Colorado Boulder",101
"Duke University",100
"Goddard Space Flight Center",99
"Phoenix College",99
"Southern Methodist University",99
"University of Oklahoma",99
"University of Miami",97
"University of Minnesota",96
"Emory University",95
"Mayo Clinic",90
"University of Colorado Denver",90
"Brookhaven National Laboratory",89
"Cleveland Clinic",88
"Pennsylvania State University",87
"Phoenix Children's Hospital",86
"Icahn School of Medicine at Mount Sinai",85
"Jet Propulsion Laboratory",85
"Massachusetts General Hospital",82
"Northern Illinois University",82
"Mayo Clinic Hospital",81
"University of Southern California",81
"Johns Hopkins Medicine",80
"Massachusetts Institute of Technology",80
"Stony Brook University",79
"Rutgers, The State University of New Jersey",77
"University of Maryland, College Park",77
"WinnMed",75
"Boston University",74
"Lawrence Berkeley National Laboratory",74
"The University of Texas Southwestern Medical Center",74
"University of North Carolina at Chapel Hill",74
"Indiana University – Purdue University Indianapolis",73
"Texas Tech University",73
"Baylor College of Medicine",72
"Oklahoma State University Oklahoma City",70
"Princeton University",70
"California State University System",68
"SLAC National Accelerator Laboratory",67
"University of Virginia",67
"Michigan State University",66
"Fermi National Accelerator Laboratory",65
"Texas A&M University",63
"Texas Tech University Health Sciences Center",63
"Vanderbilt University Medical Center",63
"University of Colorado Anschutz Medical Campus",62
"University of Illinois Urbana-Champaign",62
"University of Rochester",60
"University of Iowa",58
"Purdue University West Lafayette",57
"Colorado State University",56
"Creighton University",56
"NSF NOIRLab",56
"University of Alabama at Birmingham",56
"Brown University",55
"University of Illinois Chicago",55
"Banner Health",54
"University of Kentucky",54
"University of California, Santa Barbara",53
"Northern Arizona University",51
"The University of Texas MD Anderson Cancer Center",50
"Wake Forest University",50
"Georgia Institute of Technology",49
"Barrow Neurological Institute",48
"Case Western Reserve University",48
"University of Georgia",48
"University of Missouri",48
"Cedars-Sinai Medical Center",44
"Oregon State University",43
"University of Maryland, Baltimore",43
"Virginia Tech",43
"American Museum of Natural History",42
"Flatiron Health (United States)",42
"The University of Texas at San Antonio Health Science Center",42
"University of California System",42
"University of California, Riverside",42
"Vanderbilt University",42
"Stanford Medicine",40
"University of Wyoming",40
"Oklahoma State University",39
"The University of Texas at Dallas",39
"University of Nebraska Medical Center",39
"United States Geological Survey",38
"Albert Einstein College of Medicine",37
"Alzheimer's Association",37
"Arizona Geological Survey",37
"Carnegie Institution for Science",37
"Medical College of Wisconsin",37
"Translational Genomics Research Institute",37
"University of Massachusetts Amherst",37
"Fred Hutch Cancer Center",36
"The University of Texas Health Science Center at Houston",35
"University at Buffalo, State University of New York",35
"University of Colorado System",35
"University of South Florida",35
"Memorial Sloan Kettering Cancer Center",34
"National Institutes of Health",34
"Syracuse University",34
"The University of Texas at San Antonio",34
"University of Cincinnati",34
"University of Tennessee at Knoxville",34
"Virginia Commonwealth University",34
"Boston Children's Hospital",33
"Brandeis University",33
"Kavli Institute for Particle Astrophysics and Cosmology",33
"Louisiana State University",33
"University of Hawaiʻi at Mānoa",33
"National Cancer Institute",32
"North Carolina State University",32
"Rice University",32
"Beth Israel Deaconess Medical Center",31
"George Washington University",31
"Las Cumbres Observatory Global Telescope Network",31
"Lawrence Livermore National Laboratory",31
"Palo Alto University",31
"University of Kansas",31
"Utah State University",31
"Ames Research Center",30
"Banner Sun Health Research Institute",30
"Florida State University",30
"Kansas State University",30
"Michigan Medicine",30
"Midwestern University",30
"National Radio Astronomy Observatory",30
"Neurological Surgery",30
"University of New Mexico",30
"Auburn University",29
"Clemson University",29
"Dartmouth College",29
"Langley Research Center",29
"Medical University of South Carolina",29
"San Diego State University",29
"Tulane University",29
"University Hospitals of Cleveland",29
"University of Kansas Medical Center",29
"Dana-Farber Cancer Institute",28
"Drexel University",28
"Los Alamos National Laboratory",28
"New Mexico State University",28
"Pacific Northwest National Laboratory",28
"Rogers (United States)",28
"Southwest Research Institute",28
"University of Connecticut",28
"Houston Methodist",27
"Oak Ridge National Laboratory",27
"Duke Medical Center",26
"Johns Hopkins University Applied Physics Laboratory",26
"University of Arkansas for Medical Sciences",26
"University of Delaware",26
"University of Louisville",26
"University of Montana",26
"University of Oregon",26
"Weill Cornell Medicine",26
"Cincinnati Children's Hospital Medical Center",25
"HonorHealth",25
"Infrared Processing and Analysis Center",25
"NSF National Center for Atmospheric Research",25
"Southwestern Medical Center",25
"University of Central Florida",25
"University of Houston",25
"Arizona Research Center",24
"Centers for Disease Control and Prevention",24
"University of Tennessee Health Science Center",24
"Arizona Oncology",23
"Indiana University Bloomington",23
"Tufts University",23
"University of Alabama",23
"University of Cincinnati Medical Center",23
"University of Mississippi",23
"University of Nevada, Las Vegas",23
"University of Vermont",23
"West Virginia University",23
"Brigham Young University",22
"Community Science and Data Center",22
"George Mason University",22
"Montefiore Medical Center",22
"NYU Langone Health",22
"Penn State Milton S. Hershey Medical Center",22
"Santa Fe Institute",22
"Thomas Jefferson University",22
"University of Toledo",22
"Applied Mathematics (United States)",21
"Children's Hospital Colorado",21
"Georgetown University",21
"Southern Arizona VA Health Care System",21
"University of Notre Dame",21
"University of South Carolina",21
"Washington State University",21
"Amherst College",20
"Boston Medical Center",20
"Florida Atlantic University",20
"Iowa State University",20
"Northeastern University",20
"Phoenix (United States)",20
"The University of Texas at Arlington",20
"University of Nebraska–Lincoln",20
"University of Oklahoma Health Sciences Center",20
"University of Rochester Medical Center",20
"VA Boston Healthcare System",20
"Children's Hospital of Philadelphia",19
"City University of New York",19
"City of Hope",19
"Henry Ford Health System",19
"Huntsman Cancer Institute",19
"Johnson Space Center",19
"Nationwide Children's Hospital",19
"Phoenix VA Health Care System",19
"Rush University Medical Center",19
"St. Joseph's Hospital and Medical Center",19
"The Ohio State University Wexner Medical Center",19
"University of Minnesota System",19
"University of Wisconsin–Milwaukee",19
"Analytical Mechanics Associates (United States)",18
"California State University, Long Beach",18
"Carnegie Mellon University",18
"Cleveland Clinic Lerner College of Medicine",18
"Florida International University",18
"Gemini North Observatory",18
"Indiana University",18
"Jacksonville College",18
"Joint Genome Institute",18
"Lamont-Doherty Earth Observatory",18
"Methodist Hospital",18
"SUNY Upstate Medical University",18
"The University of Texas Health Science Center",18
"University of Hawaii System",18
"Baylor Scott & White Health",17
"Cooperative Institute for Research in Environmental Sciences",17
"East Carolina University",17
"Lunar and Planetary Institute",17
"Moffitt Cancer Center",17
"Montana State University",17
"Tufts Medical Center",17
"University School",17
"University of Arkansas at Fayetteville",17
"University of Idaho",17
"University of Wisconsin System",17
"Agricultural Research Service",16
"Arizona Department of Health Services",16
"DAWN Center for Independent Living",16
"National Jewish Health",16
"Portland State University",16
"Seattle University",16
"Siena College",16
"Smithsonian Institution",16
"Temple University",16
"University of Missouri–Kansas City",16
"University of Nevada, Reno",16
"University of New Hampshire",16
"Argonne National Laboratory",15
"Carnegie Observatories",15
"Florida College",15
"Georgia State University",15
"Harvard University Press",15
"Indiana University Health",15
"Kaiser Permanente Center for Health Research",15
"Mitchell Institute",15
"National Center for Supercomputing Applications",15
"National Institute of Allergy and Infectious Diseases",15
"National Laboratory of the Rockies",15
"Northwell Health",15
"Rowan University",15
"Search for Extraterrestrial Intelligence",15
"The University of Texas Medical Branch at Galveston",15
"Thomas Jefferson University Hospital",15
"University of Alaska Fairbanks",15
"University of Massachusetts Boston",15
"Baylor University",14
"California University of Pennsylvania",14
"Carondelet Health",14
"Center for Innovation",14
"Dartmouth–Hitchcock Medical Center",14
"Desert Institute For Spine Care",14
"Illinois College",14
"Kaiser Permanente",14
"Laboratory for Atmospheric and Space Physics",14
"Lehigh University",14
"Michigan United",14
"Mississippi State University",14
"Nebraska Medical Center",14
"Sandia National Laboratories",14
"Seattle Children's Hospital",14
"Southwest Watershed Research Center",14
"The NSF AI Institute for Artificial Intelligence and Fundamental Interactions",14
"University of Massachusetts Chan Medical School",14
"University of North Texas",14
"Western University of Health Sciences",14
"Albany Medical Center Hospital",13
"Harbor–UCLA Medical Center",13
"Hospital of the University of Pennsylvania",13
"Idaho State University",13
"Jackson Memorial Hospital",13
"Johnson University",13
"Keck Hospital of USC",13
"Lurie Children's Hospital",13
"New York Medical College",13
"Pima County Health Department",13
"Roswell Park Comprehensive Cancer Center",13
"University of Alabama in Huntsville",13
"University of California, Merced",13
"University of Maryland, Baltimore County",13
"University of North Dakota",13
"University of San Diego",13
"Children's Healthcare of Atlanta",12
"Kitt Peak National Observatory",12
"NASA Exoplanet Science Institute",12
"National Aeronautics and Space Administration",12
"National Museum of Natural History",12
"Ohio University",12
"Philadelphia University",12
"Scripps Institution of Oceanography",12
"Space Science Institute",12
"St. Jude Children's Research Hospital",12
"The Graduate Center, CUNY",12
"Tucson Medical Center",12
"U.S. Arid Land Agricultural Research Center",12
"University of Florida Health",12
"University of Memphis",12
"University of Minnesota Medical Center",12
"Binghamton University",11
"Broad Institute",11
"Center for Cancer Research",11
"Colorado School of Mines",11
"Howard University",11
"Intermountain Medical Center",11
"Louisiana State University Health Sciences Center New Orleans",11
"Loyola University Chicago",11
"Marquette University",11
"Michael E. DeBakey VA Medical Center",11
"Northeast Ohio Medical University",11
"Optical Sciences (United States)",11
"Planetary Systems (United States)",11
"Sandia National Laboratories California",11
"Sylvester Comprehensive Cancer Center",11
"UCLA Medical Center",11
"University of Massachusetts Lowell",11
"University of Mississippi Medical Center",11
"University of Pittsburgh Medical Center",11
"University of South Florida St. Petersburg",11
"Western Michigan University",11
"Woodwell Climate Research Center",11
"Arizona Western College",10
"Boston College",10
"Children's National",10
"Clinical Research Institute",10
"Dignity Health",10
"Duke University Hospital",10
"Eureka Scientific",10
"Intermountain Healthcare",10
"Joint Institute for Laboratory Astrophysics",10
"Kent State University",10
"Merck & Co., Inc., Rahway, NJ, USA (United States)",10
"NewYork–Presbyterian Hospital",10
"Old Dominion University",10
"Presbyterian Hospital",10
"Rhode Island Hospital",10
"Scripps Research Institute",10
"University of Colorado Cancer Center",10
"Westchester Medical Center",10
"American Cancer Society",9
"California State University, Fresno",9
"Cambridge Health Alliance",9
"Caris Life Sciences (United States)",9
"Center for Discovery",9
"Center for Neurosciences",9
"Children's Hospital of Los Angeles",9
"Circadian (United States)",9
"Florida Museum of Natural History",9
"Healthwise",9
"Human Longevity (United States)",9
"Irvine University",9
"Jackson Laboratory",9
"Johns Hopkins Hospital",9
"Marshfield Clinic",9
"McLean Hospital",9
"Menlo School",9
"MetroHealth",9
"Milken Institute",9
"Mount Sinai Hospital",9
"National Center for Immunization and Respiratory Diseases",9
"National Institute of Standards and Technology",9
"National Oceanic and Atmospheric Administration",9
"New York Psychoanalytic Society and Institute",9
"Pima Community College",9
"Providence College",9
"Richard L. Roudebush VA Medical Center",9
"San Jose State University",9
"Texas Children's Hospital",9
"The Core Institute",9
"The Neurological Institute",9
"The University of Texas at El Paso",9
"Trinity Health",9
"Twin Cities Orthopedics",9
"U.S. National Science Foundation",9
"UPMC Hillman Cancer Center",9
"US Forest Service",9
"United States Fish and Wildlife Service",9
"University Hospitals Cleveland Medical Center",9
"University of Baltimore",9
"University of California Davis Medical Center",9
"University of Denver",9
"University of Nebraska at Omaha",9
"University of San Francisco",9
"University of Tulsa",9
"VA Greater Los Angeles Healthcare System",9
"VA San Diego Healthcare System",9
"Weatherford College",9
"A.T. Still University",8
"Arizona Department of Education",8
"Atrium Health Wake Forest Baptist",8
"Augusta University",8
"Bay Area Environmental Research Institute",8
"California State University, Fullerton",8
"Cardiovascular Institute of the South",8
"Chicago Department of Public Health",8
"Children's Center",8
"City Of Hope National Medical Center",8
"Colorado School of Public Health",8
"Denver Health Medical Center",8
"Desert Research Institute",8
"Film Independent",8
"Google (United States)",8
"Henry Ford Hospital",8
"Loma Linda University",8
"McCormick (United States)",8
"Memorial Hospital",8
"Mercy Medical Center",8
"Miami University",8
"Minneapolis VA Health Care System",8
"National Park Service",8
"National Solar Observatory",8
"Neurobehavioral Systems",8
"Neurosciences Institute",8
"New York City Fire Department",8
"New York Genome Center",8
"Northwestern Medicine",8
"Pfizer (United States)",8
"Plant (United States)",8
"Pulmonary and Critical Care Associates",8
"Quantitative BioSciences",8
"Rochester Institute of Technology",8
"Rocky Mountain Research (United States)",8
"Saint Louis University",8
"Sarah Cannon",8
"Society of Interventional Radiology",8
"South Dakota State University",8
"Swedish Medical Center",8
"Texas State University",8
"UC San Diego Health System",8
"Uniformed Services University of the Health Sciences",8
"University of North Carolina at Charlotte",8
"University of Rhode Island",8
"University of Tampa",8
"Utah Department of Health",8
"VA Palo Alto Health Care System",8
"Virginia Cooperative Extension",8
"Woods Hole Oceanographic Institution",8
"AdventHealth Orlando",7
"Allegheny Health Network",7
"Austin College",7
"Baylor Scott & White Medical Center - Temple",7
"Baystate Medical Center",7
"Boise State University",7
"California Southern University",7
"California State University, Sacramento",7
"Carleton College",7
"Catholic University of America",7
"Colby College",7
"Community Medical Center",7
"Dermatology Research Center",7
"East Asian Observatory",7
"East Tennessee State University",7
"Feinstein Institute for Medical Research",7
"Geriatric Research Education and Clinical Center",7
"Goddard Institute for Space Studies",7
"Hennepin County Medical Center",7
"ID Genomics (United States)",7
"Illinois Institute of Technology",7
"Indiana University Indianapolis",7
"International Neuromodulation Society",7
"Lou Ruvo Brain Institute",7
"MetroHealth Medical Center",7
"NOAA National Centers for Environmental Information",7
"National Bureau of Economic Research",7
"National Institute for Occupational Safety and Health",7
"New Mexico Cancer Center",7
"Ochsner Medical Center",7
"Pain Management Institute",7
"Regenstrief Institute",7
"Rensselaer Polytechnic Institute",7
"Sidney Kimmel Comprehensive Cancer Center",7
"Smith College",7
"Tallahassee Memorial HealthCare",7
"The Nature Conservancy",7
"The Ohio State University Comprehensive Cancer Center – Arthur G. James Cancer Hospital and Richard J. Solove Research Institute",7
"UCLA Health",7
"United States Naval Research Laboratory",7
"University Corporation for Atmospheric Research",7
"University of Illinois System",7
"University of Miami Health System",7
"University of Missouri–St. Louis",7
"University of Pennsylvania Health System",7
"VA Salt Lake City Healthcare System",7
"W.M. Keck Observatory",7
"Yale Cancer Center",7
"ARUP Laboratories (United States)",6
"Agricultural & Applied Economics Association",6
"American Institute of Aeronautics and Astronautics",6
"Appalachian State University",6
"Berkeley College",6
"Boston Children's Museum",6
"California State University, San Marcos",6
"Cleveland State University",6
"Cognitive Engineering Research Institute",6
"Curry College",6
"Dermatology Specialists",6
"Earth System Science Interdisciplinary Center",6
"Earth and Space Research",6
"Embry–Riddle Aeronautical University",6
"Environmental Education Exchange",6
"Evolutionary Genomics (United States)",6
"Field Museum of Natural History",6
"Fox Chase Cancer Center",6
"Georgetown University Medical Center",6
"Hartford Hospital",6
"Health Net",6
"Heart Hospital Baylor Plano",6
"Houston Museum of Natural Science",6
"HudsonAlpha Institute for Biotechnology",6
"Hunter College",6
"Imaging Center",6
"Institute of Arctic and Alpine Research",6
"Jacobs (United States)",6
"Jean Mayer Human Nutrition Research Center on Aging",6
"John Brown University",6
"Johnson & Johnson (United States)",6
"Joint Institute for Nuclear Astrophysics",6
"LIGO Scientific Collaboration",6
"La Jolla Institute for Immunology",6
"Loma Linda University Medical Center",6
"Louisiana State University Health Sciences Center Shreveport",6
"Lowell Observatory",6
"Maricopa Community Colleges - Glendale Community College",6
"Marshall B. Ketchum University",6
"Marshall Space Flight Center",6
"McKnight Brain Research Foundation",6
"MedStar Georgetown University Hospital",6
"Miami Children's Hospital",6
"Minneapolis Heart Institute Foundation",6
"Minnesota Department of Natural Resources",6
"Mount Sinai Health System",6
"National Heart Lung and Blood Institute",6
"Northeast Health",6
"Oak Ridge Associated Universities",6
"Patient Advocate Foundation",6
"Pomona College",6
"Reckitt Benckiser (United States)",6
"Rocky Mountain Research Station",6
"SUNY College of Environmental Science and Forestry",6
"Seton Hall University",6
"State University of New York",6
"Stony Brook School",6
"The University of Kansas Cancer Center",6
"The University of Texas Rio Grande Valley",6
"U.S. Army Engineer Research and Development Center",6
"UC Irvine Health",6
"USC Norris Comprehensive Cancer Center",6
"Universities Space Research Association",6
"University of America",6
"University of Maine",6
"University of Massachusetts Dartmouth",6
"University of Washington Applied Physics Laboratory",6
"University of Washington Medical Center",6
"VA New England Healthcare System",6
"Washington State University Spokane",6
"Wyoming Department of Education",6
"AbbVie (United States)",5
"American Heart Association",5
"American Society of Clinical Oncology",5
"Archaeology Southwest",5
"Arizona State Museum",5
"Arkansas Children's Hospital",5
"Atlantic Health System",5
"Augustana University",5
"Baylor University Medical Center",5
"Baystate Health",5
"Birmingham VA Medical Center",5
"Bridgeport Hospital",5
"Bryan College",5
"Buck Institute for Research on Aging",5
"California Polytechnic State University",5
"California State University Los Angeles",5
"Carle Foundation Hospital",5
"Center for Cancer and Blood Disorders",5
"Center for Occupational Research and Development",5
"Chandler–Gilbert Community College",5
"Children's Hospital of Wisconsin",5
"Children's Mercy Hospital",5
"Christiana Care Health System",5
"City University of Seattle",5
"Cleveland Foundation",5
"Conservation International",5
"Cooper Medical School of Rowan University",5
"Dakota State University",5
"Durham VA Medical Center",5
"Earth Island Institute",5
"Eli Lilly (United States)",5
"Exponent (United States)",5
"Florida Institute of Technology",5
"Geneva College",5
"Grassland, Soil and Water Research Laboratory",5
"Harm Reduction Services",5
"Health Outcomes Solutions (United States)",5
"Heliophysics",5
"Hoag Memorial Hospital Presbyterian",5
"Hospital for Special Surgery",5
"Howard Hughes Medical Institute",5
"Indiana Cancer Consortium",5
"Inova Fairfax Hospital",5
"Institute for Advanced Study",5
"Institute for Health Metrics and Evaluation",5
"Lafayette College",5
"Lone Star College Kingwood",5
"Los Angeles Medical Center",5
"Louisiana State University in Shreveport",5
"Loyola University Medical Center",5
"Lucile Packard Children's Hospital",5
"MUSC Hollings Cancer Center",5
"Marshall University",5
"Michigan Department of Natural Resources",5
"Michigan Technological University",5
"Missouri University of Science and Technology",5
"Mitre (United States)",5
"NOAA Chemical Sciences Laboratory",5
"National Institute on Aging",5
"Natural History Museum of Utah",5
"Neurocrine Biosciences (United States)",5
"New York Hospital Queens",5
"New York State Department of Health",5
"Norton Community Hospital",5
"Pacific Northwest Research Station",5
"RAND Corporation",5
"RTX (United States)",5
"Regeneron (United States)",5
"Regional Health",5
"Research Corporation Technologies (United States)",5
"Research Network (United States)",5
"Riley Hospital for Children",5
"Saint Luke's Hospital",5
"San Francisco State University",5
"San Francisco VA Health Care System",5
"Santa Clara University",5
"Simons Foundation",5
"Smithsonian Conservation Biology Institute",5
"South Dakota School of Mines and Technology",5
"South Texas Veterans Health Care System",5
"St. Joseph Medical Center",5
"Statistical Research (United States)",5
"Stevens Institute of Technology",5
"Texas A&M Health Science Center",5
"Texas Center for Infectious Disease",5
"Texas Christian University",5
"Texas Oncology",5
"Texas Southern University",5
"The Chicago School",5
"Trinity Health Oakland Hospital",5
"UCSF Helen Diller Family Comprehensive Cancer Center",5
"United States Air Force Research Laboratory",5
"United Therapeutics (United States)",5
"University Health System",5
"University Medical Center",5
"University of Colorado Colorado Springs",5
"University of Indianapolis",5
"University of New Hampshire at Manchester",5
"University of North Florida",5
"University of Utah Health Care",5
"University of Utah Hospital",5
"Urbana University",5
"VA Puget Sound Health Care System",5
"Valley Medical Center",5
"Virginia Cancer Specialists",5
"Wellesley College",5
"Wesleyan University",5
"William & Mary",5
"Wisconsin Division of Public Health",5
"Yale New Haven Health System",5
"York University",5
"4D Technology (United States)",4
"Action Network",4
"Advisory Board Company (United States)",4
"Agricultural Research Service - Plains Area",4
"Allegheny General Hospital",4
"Allen Institute for Brain Science",4
"American Association of Colleges of Pharmacy",4
"Amgen (United States)",4
"Arizona Game and Fish Department",4
"Ashland (United States)",4
"Athinoula A. Martinos Center for Biomedical Imaging",4
"Baylor Medical Center at Garland",4
"Biomedical Research Institute",4
"Blue Marble Space",4
"Blue Marble Space Institute of Science",4
"Brooklyn College",4
"Butler University",4
"C. S. Mott Children's Hospital",4
"California Academy of Sciences",4
"California State Polytechnic University",4
"California State University, Northridge",4
"Cancer Research And Biostatistics",4
"Carilion Clinic",4
"Carl Hayden Bee Research Center",4
"Carolinas Medical Center",4
"Center for Assessment",4
"Center for the Study of Healthcare Provider Behavior",4
"Central Michigan University",4
"Chapman University",4
"Children's Hospital of Pittsburgh",4
"Children's Hospital of Richmond at VCU",4
"Cleveland Shoulder Institute",4
"Coherent (United States)",4
"Collaborations Pharmaceuticals (United States)",4
"Courant Institute of Mathematical Sciences",4
"DEVCOM Army Research Laboratory",4
"Donald & Barbara Zucker School of Medicine at Hofstra/Northwell",4
"Duke University Health System",4
"Education Northwest",4
"Environmental Molecular Sciences Laboratory",4
"Eunice Kennedy Shriver National Institute of Child Health and Human Development",4
"Fielding Graduate University",4
"Florida A&M University - Florida State University College of Engineering",4
"Fordham University",4
"Frederick National Laboratory for Cancer Research",4
"Griffin Hospital",4
"Hackensack Meridian Health",4
"Harvard Global Health Institute",4
"Harvey Mudd College",4
"Hawaii Pacific University",4
"HealthONE",4
"HealthPartners",4
"Heidelberg University",4
"Henry M. Jackson Foundation",4
"Hormel (United States)",4
"Hurley Medical Center",4
"Illinois State University",4
"Infrared Laboratories (United States)",4
"Institute for Neurodegenerative Disorders",4
"Institute for Systems Biology",4
"Institute on Aging",4
"Jaeb Center for Health Research",4
"James Madison University",4
"Katonah Museum of Art",4
"King University",4
"Lahey Medical Center",4
"Lancaster General Hospital",4
"Large Synoptic Survey Telescope Corporation",4
"Laureate Institute for Brain Research",4
"Levine Children's Hospital",4
"Lincoln Memorial University",4
"Living Systems (United States)",4
"MaineHealth",4
"Maricopa County Department of Public Health",4
"Mass General Brigham",4
"Mayo Clinic Health System",4
"Microsoft (United States)",4
"Monroe Carell Jr. Children's Hospital",4
"Morristown Medical Center",4
"Museum of Vertebrate Zoology",4
"NOAA National Centers for Environmental Prediction",4
"NSF NCAR Climate and Global Dynamics Laboratory",4
"Naples Anesthesia & Physician Associates",4
"National Eye Institute",4
"NationsUniversity",4
"New Mexico Department of Health",4
"New Mexico Institute of Mining and Technology",4
"North Carolina Agricultural and Technical State University",4
"North Dakota State University",4
"NorthShore University HealthSystem",4
"Northeast Radio Observatory Corporation",4
"Novant Health",4
"ORCID",4
"Ochsner Health System",4
"Office of Diversity and Inclusion",4
"Oracle (United States)",4
"Oregon Department of Fish and Wildlife",4
"Orlando Health",4
"Pacific Southwest Research Station",4
"Palo Alto Institute",4
"Pancreatic Cancer Action Network",4
"Pediatrics and Genetics",4
"Philadelphia VA Medical Center",4
"Princeton Plasma Physics Laboratory",4
"Pulmonary Associates",4
"Rainbow Babies & Children's Hospital",4
"Ronald Reagan UCLA Medical Center",4
"Rutgers New Jersey Medical School",4
"Saint Louis University Hospital",4
"San Francisco General Hospital",4
"San Francisco VA Medical Center",4
"Scottsdale Research Institute (United States)",4
"SleepMed",4
"Southern Illinois University Carbondale",4
"Spaulding Rehabilitation Hospital",4
"Spinal Diagnostics and Treatment Center",4
"St. Joseph's Hospital",4
"Stanford Health Care",4
"State Library of Ohio",4
"State Street (United States)",4
"Texas A&M University – Kingsville",4
"Texas A&M University – San Antonio",4
"The Barbara Ann Karmanos Cancer Institute",4
"The Spine & Nerve Centers of the Virginias",4
"Tucson Orthopaedic Institute",4
"United States Army",4
"United States Army Combat Capabilities Development Command",4
"United States Department of Agriculture",4
"United States Naval Observatory",4
"University Memory and Aging Center",4
"University at Albany, State University of New York",4
"University of Iowa Health Care",4
"University of Maryland Center for Environmental Science",4
"University of North Carolina Health Care",4
"University of North Texas Health Science Center",4
"University of South Alabama",4
"University of Southern Mississippi",4
"University of Tennessee at Chattanooga",4
"University of Wisconsin–Green Bay",4
"Urology San Antonio",4
"VA Ann Arbor Healthcare System",4
"WellSpan Health",4
"Wildlife Conservation Society",4
"Willis-Knighton Cancer Center",4
"Wright State University",4
"Abbott (United States)",3
"Adler Planetarium",3
"Alabama Agricultural and Mechanical University",3
"Allegheny College",3
"AltaMed",3
"Alzheimer’s Disease Neuroimaging Initiative",3
"American Association of Neurological Surgeons",3
"American Board of Emergency Medicine",3
"Arizona Sonora Desert Museum",3
"Ascension",3
"Association of Universities for Research in Astronomy",3
"AstraZeneca (United States)",3
"Atrium Medical Cente",3
"Baker Engineering (United States)",3
"Barnard College",3
"Baylor School",3
"Behavioral Pharma (United States)",3
"Behavioral Tech Research, Inc.",3
"Bellevue Hospital Center",3
"Boston Scientific (United States)",3
"Bowling Green State University",3
"Buffalo State University",3
"Bureau of Land Management",3
"C4 Imaging (United States)",3
"CUNY School of Law",3
"Cal Poly Humboldt",3
"California Pacific Medical Center",3
"California State University, Chico",3
"California State University, East Bay",3
"California State University, Monterey Bay",3
"Cancer Prevention Pharmaceuticals (United States)",3
"Canine Companions for Independence",3
"Carnegie Department of Plant Biology",3
"Center for Food Safety and Applied Nutrition",3
"Center for Integrated Nanotechnologies",3
"Center for Theoretical Biological Physics",3
"Chan Zuckerberg Initiative (United States)",3
"Claremont Graduate University",3
"Cleveland Clinic Florida",3
"Colorado College",3
"Colorado State University Pueblo",3
"Community Health Center",3
"Concordia University",3
"Connecticut Children's Medical Center",3
"Cook County Health and Hospitals System",3
"Cooperative Institute for Climate and Satellites",3
"Cornell Cooperative Extension Association of Jefferson County",3
"Cornerstone University",3
"Cystic Fibrosis Foundation",3
"Cytokinetics (United States)",3
"Dana-Farber/Boston Children's Cancer and Blood Disorders Center",3
"Defense Health Agency",3
"Dell Children's Medical Center of Central Texas",3
"Denver Public Health",3
"Department of Public Health",3
"Des Moines University",3
"Detroit Medical Center",3
"Diablo Valley College",3
"Discovery Institute",3
"Donald Danforth Plant Science Center",3
"Duke Institute for Health Innovation",3
"Edward T. Schafer Agricultural Research Center",3
"Emory Healthcare",3
"Empowerment Program",3
"Epidemic Intelligence Service",3
"Fairfield University",3
"Flagstaff Medical Center",3
"Florida Fish and Wildlife Conservation Commission",3
"Geisinger Health System",3
"Georgia Southern University",3
"Global Brain Health Institute",3
"Good Samaritan Hospital",3
"Grand Canyon University",3
"Hackensack University Medical Center",3
"Hampton University",3
"Harvard Pilgrim Health Care",3
"Helen DeVos Children's Hospital",3
"Hobart and William Smith Colleges",3
"Hofstra University",3
"IQVIA (United States)",3
"Illinois Archaeological Survey",3
"Indo-American Center",3
"Inland Northwest Health Services",3
"Integrative Medicine Institute",3
"International Spine, Pain & Performance",3
"Io Therapeutics (United States)",3
"Jefferson Hospital",3
"Jefferson University Hospitals",3
"John H. Stroger, Jr. Hospital of Cook County",3
"Joint Space Science Institute",3
"Joslin Diabetes Center",3
"Juniata College",3
"Kaiser Permanente Redwood City Medical Center",3
"Kaiser Permanente Washington Health Research Institute",3
"Kern Medical Center",3
"Kettering University",3
"La Jolla Bioengineering Institute",3
"Lahey Hospital and Medical Center",3
"Lawrence Technological University",3
"Los Angeles County Department of Public Health",3
"Louisiana Department of Natural Resources",3
"Loyola Marymount University",3
"Macalester College",3
"Maharishi International University",3
"Maricopa Medical Center",3
"Massachusetts Eye and Ear Infirmary",3
"Mattel Children's Hospital",3
"Maxar Technologies (United States)",3
"McGovern Institute for Brain Research",3
"Mental Illness Research, Education and Clinical Centers",3
"Mercy Health",3
"Middle Tennessee State University",3
"Midwestern State University",3
"Minnesota Department of Health",3
"Minnesota Oncology",3
"Missouri Botanical Garden",3
"Monterey Bay Aquarium Research Institute",3
"Mount Wilson Observatory",3
"NOAA Geophysical Fluid Dynamics Laboratory",3
"NOAA Physical Sciences Laboratory",3
"Naples Community Hospital Healthcare System",3
"National Center for Advancing Translational Sciences",3
"National Center for Emerging and Zoonotic Infectious Diseases",3
"National Center for PTSD",3
"National Human Genome Research Institute",3
"National Institute of Diabetes and Digestive and Kidney Diseases",3
"National Institute of Mental Health",3
"National Institute of Neurological Disorders and Stroke",3
"National Institute on Drug Abuse",3
"National Wildlife Federation",3
"NeuroGenetic Pharmaceuticals (United States)",3
"Nevro (United States)",3
"New York Botanical Garden",3
"New York City Health and Hospitals Corporation",3
"Newark Beth Israel Medical Center",3
"North Idaho College",3
"Northern Research Station",3
"Northwestern College - Iowa",3
"Occidental College",3
"Oklahoma Medical Research Foundation",3
"Olive View-UCLA Medical Center",3
"Orange County School",3
"Our Lady of the Lake Regional Medical Center",3
"Pace University",3
"Partners In Care",3
"Pepperdine University",3
"Philips (United States)",3
"Piedmont Cancer Institute",3
"Porter Adventist Hospital",3
"Precision Spine (United States)",3
"Primary Children's Hospital",3
"Pulmonary and Allergy Associates",3
"Ragon Institute of MGH, MIT and Harvard",3
"Randolph–Macon College",3
"Regions Hospital",3
"Richard M. Fairbanks Foundation",3
"Robert W. Holley Center for Agriculture & Health",3
"Rocky Vista University",3
"Rosalind Franklin University of Medicine and Science",3
"Rush University",3
"Rutgers Cancer Institute",3
"SUNY Downstate Health Sciences University",3
"Saint John's Health Center",3
"Saint Luke's Health System",3
"Salisbury University",3
"Sam Houston State University",3
"Samueli Institute",3
"Sanford Health",3
"Scripps Health",3
"Sentara Norfolk General Hospital",3
"Skin Cancer Foundation",3
"Sonoran Spine Research and Education Foundation",3
"Southern Illinois University Edwardsville",3
"Southwest Florida Research",3
"Spectral Sciences (United States)",3
"St. John's University",3
"St. Olaf College",3
"St. Vincent's HealthCare",3
"Stephen F. Austin State University",3
"Stony Brook Medicine",3
"Stryker (United States)",3
"Summit School",3
"Swarthmore College",3
"Tampa General Hospital",3
"Temple College",3
"Temple University Health System",3
"Tennessee Department of Health",3
"Texas A&M University System",3
"Texas Cardiac Arrhythmia",3
"The University of Kansas Health System",3
"Towson University",3
"U.S. Army Aviation and Missile Command",3
"UC Davis Health",3
"UCSF Benioff Children's Hospital",3
"UConn Health",3
"UMass Memorial Medical Center",3
"United States Army Medical Research and Development Command",3
"United States Department of Health and Human Services",3
"United States Department of Veterans Affairs",3
"United States Department of the Interior",3
"United States Food and Drug Administration",3
"University Hospital and Clinics",3
"University of Arkansas at Little Rock",3
"University of California San Diego Medical Center",3
"University of California, Irvine Medical Center",3
"University of Central Missouri",3
"University of Hawaii at Hilo",3
"University of Iowa Hospitals and Clinics",3
"University of Maryland Medical Center",3
"University of Maryland Medical System",3
"University of Michigan–Dearborn",3
"University of New Orleans",3
"University of North Carolina Wilmington",3
"University of North Carolina at Greensboro",3
"University of Northern Colorado",3
"University of South Carolina Lancaster",3
"University of South Dakota",3
"University of Virginia Health System",3
"University of Wisconsin Health",3
"VA Northeast Ohio Healthcare System",3
"Vassar College",3
"Versiti Blood Center of Wisconsin",3
"Virginia Cancer Institute",3
"Virginia Military Institute",3
"Virginia–Maryland College of Veterinary Medicine",3
"Walter Reed National Military Medical Center",3
"Washington State Department of Health",3
"Western Orthopedics Foundation",3
"Western Washington University",3
"Wilford Hall Ambulatory Surgical Center",3
"Williams College",3
"Worcester Polytechnic Institute",3
"nView Medical (United States)",3
"AARP",2
"Abbott Fund",2
"Abilene Christian University",2
"Abiomed (United States)",2
"Abt Global (United States)",2
"Adelphi Laboratory Center",2
"Adnet Systems (United States)",2
"Advanced Imaging Research (United States)",2
"Adventist University of Health Sciences",2
"Advocate Children's Hospital",2
"Advocate Health Care",2
"Advocate Lutheran General Hospital",2
"Advocates for Youth",2
"Akron Children's Hospital",2
"Alabama College of Osteopathic Medicine",2
"Alabama Department of Public Health",2
"Alameda Health System",2
"Alchem Laboratories (United States)",2
"Aleda E. Lutz VA Medical Center",2
"Allen Institute",2
"Amazon (United States)",2
"American Academy of Ophthalmology",2
"American Academy of Sleep Medicine",2
"American Association of Variable Star Observers",2
"American College of Medical Toxicology",2
"American College of Surgeons",2
"American Institutes for Research",2
"American Society of Anesthesiologists",2
"American Thoracic Society",2
"American University",2
"Analysis Group (United States)",2
"Animal and Plant Health Inspection Service",2
"Anna Needs Neuroblastoma Answers",2
"Ansys (United States)",2
"Applied Research Associates (United States)",2
"Arcadia University",2
"Arizona Christian University",2
"Arizona College of Emergency Physicians",2
"Arizona Heart Institute",2
"Arizona Liver Health",2
"Arizona Pain Specialists",2
"Arkansas Biosciences Institute",2
"AskBio (United States)",2
"Association of American Medical Colleges",2
"Astellas Pharma (United States)",2
"Astrogeology Science Center",2
"Atlanta VA Medical Center",2
"Augusta University Health",2
"Aurora St. Luke's Medical Center",2
"Austin Peay State University",2
"BAE Systems (United States)",2
"BJC HealthCare",2
"Baptist Health System",2
"Barber-Nichols (United States)",2
"Barnes-Jewish Hospital",2
"Bat Conservation International",2
"Baylor Genetics",2
"Beam Engineering for Advanced Measurements (United States)",2
"Beaumont Hospital, Royal Oak",2
"Beaumont Hospital, Troy",2
"Beckman Laser Institute and Medical Clinic",2
"Behavioral Health Services",2
"Beltsville Agricultural Research Center",2
"Ben Taub Hospital",2
"Berea College",2
"Berkeley Public Health Division",2
"Beth Israel Deaconess Hospital",2
"Biocom",2
"Bioscience Research",2
"Borgess Health",2
"Boys Town National Research Hospital",2
"Bradley Hospital",2
"Bridge Pharma (United States)",2
"BridgeBio (United States)",2
"Bridgewater State University",2
"Bronson Methodist Hospital",2
"Brooklyn Hospital Center",2
"Brotman Baty Institute",2
"Brown Foundation",2
"Burke Museum of Natural History and Culture",2
"Burlington College",2
"CDC Foundation",2
"CUNY Advanced Science Research Center",2
"California Department of Parks and Recreation",2
"California Department of Public Health",2
"California Institute for Biomedical Research",2
"California NanoSystems Institute",2
"California Retina Consultants",2
"California Wellness Foundation",2
"Campbell University",2
"Cancer Center of Hawaii",2
"Cancer Clinic",2
"Cancer Genetics (United States)",2
"Cancer Research Center",2
"Carl R. Darnall Army Medical Center",2
"Carl T. Hayden Veterans Affairs Medical Center",2
"Carolinas Pain Institute",2
"Cascades Volcano Observatory",2
"Cedars-Sinai Smidt Heart Institute",2
"Cellular Research (United States)",2
"Center For Policy Research",2
"Center for Children",2
"Center for Economic and Policy Research",2
"Center for Environmental Health",2
"Center for Global Development",2
"Center for Global Health",2
"Center for Systems Biology",2
"Central Arizona College",2
"Central Connecticut State University",2
"Child Health and Development Institute",2
"Children's Hospital of Michigan",2
"Children's Hospital of Orange County",2
"Children's Nutrition Research Center at Baylor College of Medicine",2
"Christ Hospital",2
"Citadel",2
"City College of New York",2
"City College of San Francisco",2
"Clark University",2
"Clinical Research Consortium",2
"Clinical Solutions",2
"Coastal Carolina University",2
"Cohen Children's Medical Center",2
"Collaborative Group (United States)",2
"College of Marin",2
"College of New Jersey",2
"College of Saint Elizabeth",2
"College of Staten Island",2
"Colorado Christian University",2
"Columbus State Community College",2
"Comer Children's Hospital",2
"Community Connections",2
"Community Health Systems - Dupont Hospital",2
"Computer Aids for Chemical Engineering",2
"Cook Children's Medical Center",2
"Cooper University Health Care",2
"Cooper University Hospital",2
"Corteva (United States)",2
"Critical Path Institute",2
"Cyan Systems (United States)",2
"DMA Health Strategies",2
"Dana-Farber Brigham Cancer Center",2
"Dana-Farber/Harvard Cancer Center",2
"Danbury Hospital",2
"Daniel K. Inouye U.S. Pacific Basin Agricultural Research Center",2
"Dartmouth Psychiatric Research Center",2
"DePaul University",2
"Dean College",2
"Decision Sciences (United States)",2
"Delaware Valley College",2
"Denison University",2
"Department of Planning & Building",2
"Desert Botanical Garden",2
"EP Analytics (United States)",2
"EarthTech International (United States)",2
"Eastern New Mexico University",2
"Eastern Virginia Medical School",2
"Economic Research Service",2
"Edward Hines, Jr. VA Hospital",2
"Eglin Air Force Base",2
"Elon University",2
"Emmes (United States)",2
"Emory and Henry College",2
"Epsilon Systems (United States)",2
"Eskenazi Health Foundation",2
"Evanston Hospital",2
"Evolve Restorative Center",2
"Fairview Health Services",2
"Florida Agricultural and Mechanical University",2
"Florida Cancer Specialists & Research Institute",2
"Florida Department of Citrus",2
"Forest Stewards Guild",2
"Franciscan Health",2
"Franklin Institute",2
"Fresenius Medical Care (United States)",2
"Geisinger Medical Center",2
"General Mills (United States)",2
"Geological Survey of Alabama",2
"George Washington University Hospital",2
"Georgia Highlands College",2
"Global Engineering Research and Technologies (United States)",2
"Golisano Children's Hospital",2
"Good Samaritan Medical Center",2
"Good Samaritan University Hospital",2
"Greater Baltimore Medical Center",2
"Hasbro Children's Hospital",2
"Health Awareness (United States)",2
"Heart Rhythm Society",2
"Hoag Orthopedic Institute",2
"Holy Cross Hospital",2
"Hoopes Vision",2
"Hope Foundation",2
"IBM (United States)",2
"IBM Research - Thomas J. Watson Research Center",2
"ICF International (United States)",2
"Illinois Department of Public Health",2
"Imperial Valley College",2
"Independent Sector",2
"Indian Health Board",2
"Inova Health System",2
"Institute for Asthma and Allergy",2
"Institute for Molecular Medicine",2
"InterScience (United States)",2
"Interface (United States)",2
"International Food Policy Research Institute",2
"Jackson Health System",2
"Jacobs Institute",2
"James A. Haley Veterans' Hospital",2
"Jefferson Hospital for Neuroscience",2
"Jewett Orthopaedic Clinic",2
"Jordan-Young Institute",2
"Kaiser Permanente Baldwin Park Medical Center",2
"Kaiser Permanente Oakland Medical Center",2
"Kavli Energy NanoScience Institute",2
"Kennedy Space Center",2
"Kennesaw State University",2
"Kentucky Science Center",2
"Kirtland Air Force Base",2
"Knoxville College",2
"Kosair Children's Hospital",2
"LI-COR Biosciences (United States)",2
"Lamar University",2
"Legacy Health",2
"Lehigh Valley Health Network",2
"Lehigh Valley Hospital-Pocono",2
"Lewis University",2
"Lieber Institute for Brain Development",2
"Life Services (United States)",2
"Lifespan",2
"Lincoln Medical Center",2
"Los Angeles County Department of Health Services",2
"Lung Institute",2
"Lycoming College",2
"Lynn University",2
"MGH Institute of Health Professions",2
"MIND Research Institute",2
"MNGI Digestive Health",2
"Madigan Army Medical Center",2
"Maimonides Medical Center",2
"Maine Medical Center",2
"Mallinckrodt (United States)",2
"Mammoth Hospital",2
"Marina Del Rey Hospital",2
"Masonic Medical Research Laboratory",2
"Matrix Research (United States)",2
"Mays Cancer Center at UT Health San Antonio",2
"McGowan Institute for Regenerative Medicine",2
"MedStar Heart & Vascular Institute",2
"Medical Decision Modeling (United States)",2
"Meharry Medical College",2
"Memorial Healthcare System",2
"Memorial Hermann",2
"Mercedes-Benz Research and Development North America (United States)",2
"Mercy Hospital",2
"Miami Transplant Institute",2
"Miami Valley Hospital",2
"Michigan Cancer Research Consortium",2
"Middlebury College",2
"Millennium Engineering and Integration (United States)",2
"Milliman (United States)",2
"Minneapolis VA Medical Center",2
"Minnesota Lions Eye Bank",2
"Minnesota State University, Mankato",2
"Mission Health",2
"Missouri State University",2
"Molecular Oncology (United States)",2
"Montclair State University",2
"Morehouse School of Medicine",2
"Morgan Stanley Children's Hospital",2
"Mount Auburn Hospital",2
"Mount Sinai Medical Center",2
"Mount Washington Observatory",2
"Mountain Park Health Center",2
"Musculoskeletal Orthopedic Research and Education Foundation",2
"NASA Astrobiology Institute",2
"NIU Observatory",2
"NOAA Atlantic Oceanographic and Meteorological Laboratories",2
"NOAA Earth System Research Laboratory",2
"NOAA National Environmental Satellite Data and Information Service",2
"NOAA National Marine Fisheries Service Northwest Fisheries Science Center",2
"NOAA National Weather Service",2
"Nashville Oncology Associates",2
"Nashville VA Medical Center",2
"Nathan Kline Institute for Psychiatric Research",2
"National Air and Space Museum",2
"National Center for Chronic Disease Prevention and Health Promotion",2
"National Center on Birth Defects and Developmental Disabilities",2
"National Development and Research Institutes",2
"National Ecological Observatory Network",2
"National Energy Research Scientific Computing Center",2
"National Institute of Aerospace",2
"National Institute of Environmental Health Sciences",2
"National Institute on Deafness and Other Communication Disorders",2
"National Institutes of Health Clinical Center",2
"National Museum of American History",2
"National Zoological Park",2
"Natural History Museum of Los Angeles County",2
"Navajo Nation Division of Health",2
"Naval Medical Center Portsmouth",2
"Naval Surface Warfare Center",2
"Nemours Children's Clinic",2
"Nia Association",2
"Norcliffe Foundation",2
"North Carolina Museum of Natural Sciences",2
"North Central College",2
"North Central State College",2
"North Shore Medical Center",2
"Northrop Grumman (United States)",2
"Northside Hospital",2
"Northwest Watershed Research Center",2
"Norton Healthcare",2
"Norton Hospital",2
"Novartis (United States)",2
"Novo Nordisk (United States)",2
"OSF Saint Francis Medical Center",2
"Office of Naval Research",2
"Onyx Optics (United States)",2
"Optics Technology (United States)",2
"Orange County Research Center",2
"Orthopaedic Associates of Michigan",2
"Orthopaedic Center",2
"Ottawa University",2
"Outcomes Research Consortium",2
"Pacific Heart Institute",2
"Pain and Headache Center",2
"Parker Institute for Cancer Immunotherapy",2
"Paul Smith's College",2
"Penn Presbyterian Medical Center",2
"Pennington Biomedical Research Center",2
"Physicians for Human Rights",2
"Piedmont Atlanta Hospital",2
"Ping (United States)",2
"Pittsburg State University",2
"Precision Research (United States)",2
"Precision for Medicine (United States)",2
"Prisma Health",2
"Professional Services Group (United States)",2
"Purchase College",2
"Purdue University Northwest",2
"Quantum Devices (United States)",2
"Queens College, CUNY",2
"Quinnipiac University",2
"RTI International",2
"Radiology Associates",2
"Rady Children's Hospital-San Diego",2
"Ralph H. Johnson VA Medical Center",2
"Research Applications (United States)",2
"Research Triangle Park Foundation",2
"Research for Action",2
"Retina Foundation of the Southwest",2
"Retina Macula Institute",2
"Rhodes College",2
"Rider University",2
"Robert S. Peabody Museum of Archaeology",2
"Roche (United States)",2
"Rockwood Clinic",2
"Rocky Mountain Cancer Centers",2
"Rocky Mountain MS Center",2
"Rocky Mountain University of Health Professions",2
"Rome Foundation",2
"Rothman Orthopaedics",2
"SSM Health Rehabilitation Hospital",2
"SUNY Polytechnic Institute",2
"Saint Francis Health System",2
"Saint Martin's University",2
"Salk Institute for Biological Studies",2
"Samford University",2
"San Diego Zoo Institute for Conservation Research",2
"San Francisco Foundation",2
"Sanofi (United States)",2
"Save the Children",2
"Sbarro Health Research Organization",2
"Science Systems and Applications (United States)",2
"Scottsdale Community College",2
"Semmes Murphey Foundation",2
"Sentara Heart Hospital",2
"Sidney Kimmel Cancer Center",2
"Siemens Healthcare (United States)",2
"Sinai Hospital",2
"Skidmore College",2
"Sonoran Biosciences (United States)",2
"South Carolina Department of Health and Environmental Control",2
"South Carolina State Department of Mental Health",2
"South Texas College",2
"Southeast Clinical Oncology Research Consortium",2
"Southern California Earthquake Center",2
"Southern California Eye Institute",2
"Southern Illinois University School of Medicine",2
"Southern Research Station",2
"Southern Utah University",2
"Sphere Institute",2
"Sports Concussion Institute",2
"St David's Medical Center",2
"St. Luke's Hospital",2
"St. Mary's College of Maryland",2
"St. Vincent's Medical Center",2
"Stockton University",2
"Strategic Insight (United States)",2
"Sullivan University",2
"Summa Health System",2
"Sunny BioDiscovery (United States)",2
"Synageva BioPharma (United States)",2
"Synta Pharmaceuticals (United States)",2
"Synthego (United States)",2
"TMT Observatory",2
"Temple University Hospital",2
"Texas College",2
"Texas Health Dallas",2
"Texas Medical Center",2
"Texas Neurology",2
"The Jones Center at Ichauway",2
"The Orthopaedic Institute",2
"The University of Texas Health Science Center at Tyler",2
"The University of Texas of the Permian Basin",2
"Thermo Fisher Scientific (United States)",2
"Touro University Nevada",2
"Trinitas Regional Medical Center",2
"Trinity University",2
"Troy University",2
"Tucson Unified School District",2
"Tuskegee University",2
"Twitter (United States)",2
"U.S. Salinity Laboratory",2
"UC Davis Children's Hospital",2
"UF Health Shands Hospital",2
"UMass Memorial Health Care",2
"UPMC Central Pa",2
"UPMC Health System",2
"UPMC Presbyterian",2
"United States Air Force",2
"United States Army Corps of Engineers",2
"University High School",2
"University Hospitals Seidman Cancer Center",2
"University of Alaska Anchorage",2
"University of Arkansas Medical Center",2
"University of Arkansas System",2
"University of California Division of Agriculture and Natural Resources",2
"University of California San Francisco Medical Center",2
"University of Colorado Health",2
"University of Colorado Hospital",2
"University of Dayton",2
"University of Florida Health Science Center",2
"University of Fort Lauderdale",2
"University of Health Sciences and Pharmacy",2
"University of Louisiana at Lafayette",2
"University of Miami Hospital",2
"University of New England",2
"University of North Carolina Hospitals",2
"University of Puget Sound",2
"University of Sioux Falls",2
"University of Valley Forge",2
"University of Virginia Children's Hospital",2
"University of Virginia Medical Center",2
"University of Washington Bothell",2
"University of West Florida",2
"University of Wisconsin–Eau Claire",2
"University of Wisconsin–Oshkosh",2
"University of the Incarnate Word",2
"University of the Sciences",2
"Utah Cancer Specialists",2
"Utah Geological Survey",2
"VA Connecticut Healthcare System",2
"VA North Texas Health Care System",2
"VA Northwest Network",2
"VA West Los Angeles Medical Center",2
"Valley Health System",2
"Valparaiso University",2
"Vaughn College of Aeronautics and Technology",2
"Villanova University",2
"Wallops Flight Facility",2
"Walter Reed Army Institute of Research",2
"Washington Poison Center",2
"Washington School of Psychiatry",2
"Washington State University Vancouver",2
"Weiss Memorial Hospital",2
"West Chester University",2
"West Los Angeles College",2
"West Texas A&M University",2
"Western Connecticut Health Network",2
"Western EcoSystems Technology (United States)",2
"Western Kentucky University",2
"Wichita State University",2
"William S. Middleton Memorial Veterans Hospital",2
"Winston-Salem State University",2
"Wofford College",2
"World Bank Group",2
"Yuba City Unified School District",2
"1Cellbio (United States)",1
"3C Institute",1
"ABB (United States)",1
"APLA Health",1
"Aaniiih Nakoda College",1
"Abterra Biosciences (United States)",1
"Access Community Health Network",1
"Acton Institute",1
"Adaptive Biotechnologies (United States)",1
"Adaptive Dynamics (United States)",1
"Adelphi University",1
"Adobe Systems (United States)",1
"Adult Congenital Heart Association",1
"Adult and Pediatric Dermatology",1
"Advanced Barber College & Hair Design",1
"Advanced Center for Orthopedics",1
"AdventHealth East Orlando",1
"AdventHealth Kissimmee",1
"AdventHealth Tampa",1
"Adventist Heart Institute",1
"AeroDynamic Solutions (United States)",1
"African Wildlife Foundation",1
"Agency for Healthcare Research and Quality",1
"Air University",1
"Akebia Therapeutics (United States)",1
"Alameda County Public Health Department",1
"Alameda Hospital",1
"Alaska Department of Fish and Game",1
"Alaska Heart and Vascular Institute",1
"Alaska Native Tribal Health Consortium",1
"Alaska Volcano Observatory",1
"Albany College of Pharmacy and Health Sciences",1
"Albany State University",1
"Albert B. Chandler Hospital",1
"Albuquerque Area Indian Health Board",1
"Alexander T. Augusta Military Medical Center",1
"Alexandria Archive Institute",1
"Allergy, Asthma and Clinical Research Center",1
"Alliance Data (United States)",1
"Alliance for Clinical Trials in Oncology",1
"Alverno College",1
"American Academy of Family Physicians",1
"American Academy of Orthopaedic Surgeons",1
"American Astronomical Society",1
"American College of Allergy, Asthma and Immunology",1
"American College of Radiology",1
"American Geophysical Union",1
"American Geriatrics Society",1
"American Indian Center",1
"American Indian College",1
"American Indian Higher Education Consortium",1
"American Institute of Biological Sciences",1
"American Lung Association",1
"American Medical Group Association",1
"American Medical Informatics Association",1
"American Orthopaedic Foot and Ankle Society",1
"American Public University System",1
"American Red Cross",1
"American Sentinel University",1
"American University for Humanities",1
"Ames National Laboratory",1
"Analog Photonics (United States)",1
"Anchorage School District",1
"Anderson University - South Carolina",1
"Andrews University",1
"Ann Arbor Center for Independent Living",1
"Ann Arbor VA Medical Center",1
"Anne Arundel Medical Center",1
"Antioch University",1
"Apexigen (United States)",1
"Applied Energetics (United States)",1
"Applied Materials (United States)",1
"Applied Physical Electronics (United States)",1
"Arcadia",1
"Arena Pharmaceuticals (United States)",1
"Areté Associates (United States)",1
"Ariadne Diagnostics (United States)",1
"Arizona Heart Hospital",1
"Arizona School for the Arts",1
"Arizona Summit Law School",1
"Ark Medical Center",1
"Arkansas Children's Nutrition Center",1
"Arkansas Department of Agriculture",1
"Arkansas State University",1
"Arnold Palmer Hospital for Children",1
"Arqule (United States)",1
"Arthritis and Rheumatism Associates",1
"Ascension Via Christi",1
"Aspen Global Change Institute",1
"Astro-Med (United States)",1
"Astrophysics Science Division",1
"Athira Pharma (United States)",1
"Atlantic University",1
"Atmospheric and Environmental Research",1
"Atmospheric and Space Technology Research Associates (United States)",1
"Audiology (United States)",1
"Augsburg University",1
"Aurora Health Care",1
"Aurora University",1
"Aurora West Allis Medical Center",1
"Autism Speaks",1
"Autonomous Healthcare",1
"Avirtek (United States)",1
"Azusa Pacific University",1
"Baim Institute for Clinical Research",1
"Bakersfield Heart Hospital",1
"Baltimore VA Medical Center",1
"Banner Desert Medical Center",1
"Banner Life Sciences (United States)",1
"Banner North Colorado Medical Center",1
"Banner Thunderbird Medical Center",1
"Banner Wyoming Medical Center",1
"Banyan Biomarkers (United States)",1
"Baptist Health South Florida",1
"Baptist Hospital",1
"Baptist Hospital of Miami",1
"Baptist Medical Center Jacksonville",1
"Baptist Memorial Hospital",1
"Bard College",1
"Barrow Brain and Spine",1
"Barry University",1
"Baruch College",1
"Battelle",1
"Battery Park",1
"Bay Area Air Quality Management District",1
"Bayer (United States)",1
"Baylor Jack and Jane Hamilton Heart and Vascular Hospital",1
"Baylor Scott & White All Saints Medical Center",1
"Bear Valley",1
"Beaumont Hospital",1
"Bedford VA Research Corporation",1
"Belmont University",1
"Beltsville Human Nutrition Research Center",1
"Berkeley City College",1
"Bernice P. Bishop Museum",1
"Bernstein Clinical Research Center",1
"Berry & Associates (United States)",1
"Bethel University",1
"Bethesda North Hospital",1
"Beverly Hills Cancer Center",1
"Bio-Technical Resources (United States)",1
"BioRealm (United States)",1
"Biographics (United States)",1
"Biospherical Instruments (United States)",1
"Biotechnology Institute",1
"Black Swamp Bird Observatory",1
"Blood Systems Research Institute",1
"Bloodworks Northwest",1
"Bloomberg (United States)",1
"Boehringer Ingelheim (United States)",1
"Bon Secours Heart & Vascular Institute",1
"Borland Groover Clinic",1
"Boston Biomedical (United States)",1
"Boston Biomedical Research Institute",1
"Boston Engineering (United States)",1
"Boston Latin Academy",1
"Boston Public Schools",1
"Botanical Research Institute of Texas",1
"Bradley University",1
"Breakthrough",1
"Breast Cancer Research Foundation",1
"Bridgepoint (United States)",1
"Brooke Army Medical Center",1
"Brooklyn Botanic Garden",1
"Brownsville Public Library",1
"Bruker (United States)",1
"Bryn Mawr Hospital",1
"Buckingham Browne & Nichols",1
"Bucknell University",1
"Buffalo BioLabs",1
"Buffalo Psychiatric Center",1
"Buffalo Society of Natural Sciences",1
"Burlington School District",1
"Burn Institute",1
"C2N Diagnostics (United States)",1
"CARE USA",1
"CASA",1
"CDM Smith (United States)",1
"CHI Health Creighton University Medical Center - Bergan Mercy",1
"CHI Health Nebraska Heart",1
"CHI Memorial Medical Group",1
"CHI St. Vincent",1
"CORE Foundation",1
"Cabot (United States)",1
"California Baptist University",1
"California Coast University",1
"California Consortium of Addiction Programs and Professionals",1
"California Department of Food and Agriculture",1
"California Department of Toxic Substances Control",1
"California Environmental Protection Agency",1
"California Latinas for Reproductive Justice",1
"California Library Association",1
"California Northstate University",1
"California State University, Bakersfield",1
"California State University, Dominguez Hills",1
"California State University, San Bernardino",1
"Callaway Golf (United States)",1
"Cambridge Systematics (United States)",1
"Canada–France–Hawaii Telescope",1
"Cancer Prevention Institute of California",1
"CancerCare",1
"Canon (United States)",1
"Capital Cardiology Associates",1
"Capital Health",1
"Capital Meeting Planning",1
"Carbon Solutions (United States)",1
"Cardiovascular Research Foundation",1
"Carlow University",1
"Carmel Research Center",1
"Carnegie Museum of Natural History",1
"Carolina Neurosurgery and Spine Associates",1
"Carter Center",1
"Cascadia Research Collective",1
"Cassava Sciences (United States)",1
"Catalytic Materials (United States)",1
"Catholic Medical Center",1
"Cazenovia College",1
"Cedarville University",1
"Celldex Therapeutics (United States)",1
"Centennial Medical Center",1
"Center for Advancing Health",1
"Center for Agricultural Resources Research",1
"Center for Asthma, Allergy and Respiratory Disease",1
"Center for Clinical and Cosmetic Research",1
"Center for Creative Leadership",1
"Center for Effective Philanthropy",1
"Center for Health Justice",1
"Center for Human Genetics",1
"Center for Information Technology Research in the Interest of Society",1
"Center for Medical, Agricultural and Veterinary Entomology",1
"Center for Neuro-Oncology",1
"Center for Neuroscience and Regenerative Medicine",1
"Center for Pain and the Brain",1
"Center for Plant Conservation",1
"Center for Practical Bioethics",1
"Center for Prevention Services",1
"Center for Remote Sensing and Integrated Systems",1
"Center for Urban Waters",1
"Center for Veterinary Medicine",1
"Center for the Neural Basis of Cognition",1
"Centerpoint Medical Center",1
"Centers for Medicare and Medicaid Services",1
"Central Baptist Hospital",1
"Central DuPage Hospital",1
"Central Maine Medical Center",1
"Central New Mexico Community College",1
"Central State University",1
"Central Washington University",1
"Centralia College",1
"Centre College",1
"Ceres Nanosciences",1
"Cerner (United States)",1
"Cerritos College",1
"Chamberlain University",1
"Chan Heart Rhythm Institute",1
"Chapel Hill Carrboro City Schools",1
"Chapel Hill Training Outreach Project",1
"Charles R. Drew University of Medicine and Science",1
"Chattanooga State Community College",1
"Chelsea District Library",1
"Chelsea Hospital",1
"Chestnut Health Systems",1
"Chestnut Hill College",1
"Chicago Public Schools",1
"Child & Family Service",1
"Children's Cancer Therapy Development Institute",1
"Children's Hospital Central California",1
"Children's Hospital at Montefiore",1
"Children's Hospital of Illinois",1
"Children's Medical Center",1
"Children's Minnesota",1
"Children’s Hospital at TriStar Centennial",1
"Children’s Institute",1
"Children’s Minnesota - St. Paul Hospital",1
"Children’s Village",1
"Cholangiocarcinoma Foundation",1
"Christiana Hospital",1
"Christopher Newport University",1
"Cimarron Software (United States)",1
"Circle (United States)",1
"Citigroup",1
"Civitan International",1
"Claremont McKenna College",1
"Clarkson University",1
"Clean Air Task Force",1
"Cleveland Eye Clinic",1
"Cleveland Sleep Research Center",1
"Clinica Sierra Vista",1
"Clinical Alliance for Research and Education-Infectious Diseases",1
"Clinical Insights",1
"Clinical Pharmacology of Miami",1
"Clinical Trials of South Carolina",1
"Coeur d Alene Arthritis Clinic",1
"Cognitive Research (United States)",1
"Cold Regions Research and Engineering Laboratory",1
"Cold Spring Harbor Laboratory",1
"Colgate University",1
"College of Saint Rose",1
"College of St. Scholastica",1
"College of the Holy Cross",1
"College of the Redwoods",1
"Color (United States)",1
"Colorado Blood Cancer Institute",1
"Colorado Department of Public Health and Environment",1
"Colorado Health Foundation",1
"Colorado Mesa University",1
"Colorado Neurological Institute",1
"Colorado Parks and Wildlife",1
"Columbia College - Missouri",1
"Columbia College - South Carolina",1
"Columbus Center",1
"CombiMatrix",1
"Community Care",1
"Community Foundation",1
"Community Health Alliance",1
"Community Health Development",1
"Community Hospital",1
"Community Living",1
"Compact Imaging (United States)",1
"Comprehensive Cardiovascular",1
"Comprehensive Eye Care",1
"Computational Physics (United States)",1
"Computercraft (United States)",1
"Computing Research Association",1
"Confluence Life Sciences (United States)",1
"Connecticut Agricultural Experiment Station",1
"Conservation Science Partners",1
"Cook County Sheriff's Office",1
"Copper Mountain College",1
"Copper Queen Community Hospital",1
"Corium (United States)",1
"Cornerstone Research Group (United States)",1
"Corvallis Environmental Center",1
"Cosumnes River College",1
"Crohn's and Colitis Foundation",1
"CurePSP",1
"DCN (United States)",1
"Dallas Nephrology Associates",1
"Dallas Surgical Group",1
"Dartmouth Institute for Health Policy and Clinical Practice",1
"Davidson College",1
"Dayton Children's Hospital",1
"Daytona State College",1
"Deaconess Clinic",1
"Deaconess Hospital",1
"Decatur Memorial Hospital",1
"Deerfield (United States)",1
"Defense & Veterans Center for Integrative Pain Management",1
"Defense Advanced Research Projects Agency",1
"Delaware Technical Community College",1
"Delray Medical Center",1
"Delta State University",1
"Denver Botanic Gardens",1
"Denver Federal Center",1
"Denver School of Nursing",1
"Department of Health Services",1
"Department of Health and Human Services",1
"Detection Limit (United States)",1
"Diabetes Care Center",1
"Dickinson College",1
"Digestive Health Associates of Texas",1
"Division of Human Resource Management",1
"Division of Molecular & Cellular Biosciences",1
"Doctors Hospital",1
"Doctors Medical Center",1
"Doheny Eye Institute",1
"Dominican University of California",1
"Donaldson (United States)",1
"Douglas County Health Department",1
"Doylestown Hospital",1
"Dr. John T. Macdonald Foundation",1
"Draper Laboratory",1
"Drexel University Elkins Park Campus",1
"Droplet Measurement Technologies (United States)",1
"Dryad Digital Repository",1
"DuPont (United States)",1
"Duquesne University",1
"Dynamic Research (United States)",1
"ECOG-ACRIN Cancer Research Group",1
"EM Photonics (United States)",1
"ENT and Allergy",1
"Ear Consultants of Georgia",1
"East Foundation",1
"East Texas A&M University",1
"Eastern Idaho Technical College",1
"Eastern Michigan University",1
"Eastern Oregon University",1
"Eastern Washington University",1
"East–West Center",1
"Economic Policy Institute",1
"Edith Nourse Rogers Memorial Veterans Hospital",1
"Edward Via College of Osteopathic Medicine",1
"Einstein Healthcare Network",1
"Eisai (United States)",1
"El Camino Hospital",1
"Electric Power Research Institute",1
"Electronics for Imaging (United States)",1
"Electrophysiology Research Foundation",1
"Elmira College",1
"Emergency Nurses Association",1
"Emory University Hospital",1
"Emporia State University",1
"Encompass Health Rehabilitation Hospital of Tinton Falls",1
"Endeavor Health",1
"Energetics (United States)",1
"Engineering Arts (United States)",1
"Engineering Science Analysis (United States)",1
"Enterprise Science and Computing (United States)",1
"Environmental Consultants and Contractors",1
"Environmental Energy & Engineering",1
"Environmental Protection Agency",1
"Environmental Research Institute of Michigan",1
"Enzo Life Sciences (United States)",1
"Epirus Biopharmaceuticals (United States)",1
"Episensors (United States)",1
"Essentia Health",1
"Eugene Research Institute",1
"Evanston Public Library",1
"Everett Community College",1
"Evergreen Health Medical Center",1
"EvergreenHealth Foundation",1
"Ewing Marion Kauffman Foundation",1
"Exact Sciences (United States)",1
"Experimental Station",1
"Eye Institute of Utah",1
"FMC (United States)",1
"FWRadiology",1
"Fairfield Hospital",1
"Family and Social Services Administration",1
"FamilySearch",1
"Farm Foundation",1
"Fatigue Technology (United States)",1
"Federal Reserve Bank of Richmond",1
"First Nations Development Institute",1
"Five Colleges",1
"Flathead High School",1
"Florida Cancer Care",1
"Florida Center for Gastroenterology",1
"Florida Department of Health in Orange County",1
"Florida Department of State",1
"Florida Hospital Medical Group",1
"Florida Medical Entomology Laboratory",1
"Fluent (United States)",1
"Focused Ultrasound Foundation",1
"Forbes Hospital",1
"Ford Motor Company (United States)",1
"Fort Lewis College",1
"Foster-Miller (United States)",1
"Foundation for the National Institutes of Health",1
"Framingham Heart Study",1
"Franciscan Missionaries of Our Lady University",1
"Franciscan University of Steubenville",1
"Franklin & Marshall College",1
"Franklin University",1
"Freedom House",1
"Freedom Photonics (United States)",1
"Freedom to Live",1
"Froedtert Hospital",1
"Frontier Nursing University",1
"Fujifilm (United States)",1
"Fulcrum Corporation (United States)",1
"Fulcrum Therapeutics (United States)",1
"G.V. (Sonny) Montgomery VA Medical Center",1
"GC Systems (United States)",1
"GE Global Research (United States)",1
"GEI Consultants",1
"GTx (United States)",1
"GW Medical Faculty Associates",1
"Gad Consulting Services (United States)",1
"Gallagher (United States)",1
"Gardner–Webb University",1
"Geisinger Neuroscience Institute",1
"Geisinger Wyoming Valley Medical Center",1
"GenVec",1
"General Dynamics (United States)",1
"General Electric (United States)",1
"George E. Wahlen Department of VA Medical Center",1
"Georgetown College",1
"Georgia Department of Juvenile Justice",1
"Georgia Department of Public Health",1
"Gillette Children's Specialty Healthcare",1
"Gladstone Institutes",1
"GlaxoSmithKline (United States)",1
"Glendale Community College",1
"Glendale Heart Institute",1
"Glenn Research Center",1
"Global Health Corps",1
"Global Solutions for Infectious Diseases",1
"Globe University",1
"Globus Medical (United States)",1
"Go2 for Lung Cancer",1
"Golder Associates (United States)",1
"Government of the United States of America",1
"Gradient (United States)",1
"Grand Rapids Community College",1
"Grandview Medical Center",1
"Grant Medical Center",1
"Grantmakers for Effective Organizations",1
"Grazinglands Research Laboratory",1
"Grosse Pointe Public Library",1
"Gundersen Health System",1
"Guthrie Foundation",1
"Guthrie Robert Packer Hospital",1
"Gynecologic Oncology Associates",1
"Gynecologic Oncology Group",1
"Hamilton College",1
"Hampden–Sydney College",1
"Hanby Environmental (United States)",1
"Harborview Medical Center",1
"Harrisburg University of Science and Technology",1
"Hastings Center",1
"Haverford College",1
"Hawaii Biotech (United States)",1
"Hawaiian Volcano Observatory",1
"Health Affairs",1
"Health Decision Technologies (United States)",1
"Health Resources and Services Administration",1
"Health and Hospital Corporation",1
"Heart Foundation",1
"Heartland Alliance",1
"Heffter Research Institute",1
"Hematology Oncology Consultants",1
"Hennepin Healthcare Research Institute",1
"Herman Miller (United States)",1
"Hermitage Museum",1
"Hesperos (United States)",1
"Hexagon (United States)",1
"High Point University",1
"Highline College",1
"Hill Manufacturing (United States)",1
"Hinge Health",1
"Hitachi Global Storage Technologies (United States)",1
"Hodges University",1
"Holistic Management International",1
"Hollister (United States)",1
"Holloman Air Force Base",1
"Honeywell (United States)",1
"Hope Research Institute",1
"Houston Medical Center",1
"Houston Methodist Sugar Land Hospital",1
"Hudson Institute",1
"Hull Lifesaving Museum",1
"Human Growth Foundation",1
"Hunter Holmes McGuire VA Medical Center",1
"Huntsman (United States)",1
"Huntsworth Health (United States)",1
"Hydrologic Research Center",1
"Hypertension Institute",1
"IERUS Technologies (United States)",1
"IIT Research Institute",1
"ILC Dover (United States)",1
"IPM Institute of North America",1
"Ibis Reproductive Health",1
"Idaho National Laboratory",1
"Iliff School of Theology",1
"Illinois Arts Council Agency",1
"Illinois Department of Natural Resources",1
"Illinois State Museum",1
"Illinois Tool Works (United States)",1
"Imation (United States)",1
"Immunai (United States)",1
"ImmunoGen (United States)",1
"Incyte (United States)",1
"Indian Health Service",1
"Indiana Department of Natural Resources",1
"Indiana Hand to Shoulder Center",1
"Indiana Institute of Technology",1
"Indiana State Museum",1
"Indiana University South Bend",1
"Indiana University of Pennsylvania",1
"Inflammation Research Foundation",1
"Innovative Clinical Research",1
"Innovative Research (United States)",1
"Inova Children's Hospital",1
"Inspira Medical Center Vineland",1
"Institute for Community Health",1
"Institute for Culture and Ecology",1
"Institute for Learning Innovation",1
"Institute for Orthopaedic Surgery & Sports Medicine",1
"Institute for Physics",1
"Institute for Rehabilitation and Research Foundation",1
"Institute for Reproductive Health",1
"Institute for the Future",1
"Institute of American Indian Arts",1
"Institute of Cognitive and Brain Sciences",1
"Institute of Mathematical Statistics",1
"Integrated Sensors (United States)",1
"Integrative Health Technologies (United States)",1
"Intel (United States)",1
"International Centre for Diffraction Data",1
"International Council of Ophthalmology",1
"International Crane Foundation",1
"International Paper (United States)",1
"International Society for Computational Biology",1
"Intuitive Surgical (United States)",1
"Invasive Plant Research Laboratory",1
"Iowa City Public Library",1
"Iowa City VA Health Care System",1
"Iowa Orthopaedic Center",1
"Island Peer Review Organization",1
"Ithaca College",1
"Jackson State University",1
"Jacksonville University",1
"James H. Quillen VA Medical Center",1
"James J. Peters VA Medical Center",1
"Jefferson College",1
"Jersey City Medical Center",1
"Jersey Shore University Medical Center",1
"Jesse Brown VA Medical Center",1
"Jewish Hospital",1
"Joe DiMaggio Children's Hospital",1
"John A. Hartford Foundation",1
"John Sealy Hospital",1
"John Snow (United States)",1
"Johns Hopkins All Children's Hospital",1
"Johns Hopkins Bayview Medical Center",1
"Johns Hopkins Center for Communication Programs",1
"Johnson City Medical Center",1
"Joint Base San Antonio",1
"Joint BioEnergy Institute",1
"Joint Center for Quantum Information and Computer Science",1
"Joint Replacement Institute",1
"Jones College",1
"Jupiter (United States)",1
"Jupiter Medical Center",1
"K Lab (United States)",1
"Kaiser Permanente Fontana Medical Center",1
"Kaiser Permanente Sacramento Medical Center",1
"KalVista Pharmaceuticals (United States)",1
"Kalamazoo College",1
"Kalamazoo Psychiatric Hospital",1
"Kalamazoo Public Library",1
"Kansas City University",1
"Kaweah Delta Health Care District",1
"Kennedy Krieger Institute",1
"Kent Hospital",1
"Kenyon College",1
"Kettering College",1
"Kettering Medical Center",1
"King Center",1
"Kirklin Clinic",1
"Kitware (United States)",1
"Klein Buendel (United States)",1
"Kōkua Kalihi Valley",1
"L3Harris (United States)",1
"LC Resources (United States)",1
"LSVT Global (United States)",1
"La Jolla Alcohol Research",1
"LaGrange College",1
"LaGuardia Community College",1
"Lake County Forest Preserves",1
"Lake Erie College of Osteopathic Medicine",1
"Lambda Science (United States)",1
"Land Stewardship Project",1
"Lander University",1
"Lankenau Heart Institute",1
"Lankenau Medical Center",1
"Lasen (United States)",1
"Laser Operations (United States)",1
"Le Bonheur Children's Hospital",1
"Le Moyne College",1
"Learning Through an Expanded Arts Program",1
"Lee College",1
"Lee Memorial Health System",1
"Left Hand Design (United States)",1
"Lehigh Valley Hospital",1
"Leidos (United States)",1
"Lenoir–Rhyne University",1
"Lenox Hill Hospital",1
"Leonardo (United States)",1
"Lewis & Clark College",1
"Lexington Clinic",1
"Lexington Institute",1
"Library of Michigan",1
"Lickenbrock",1
"Life Cycle Engineering (United States)",1
"Linac Coherent Light Source",1
"Liver Institute Northwest",1
"Local Initiatives Support Corporation",1
"Lockheed Martin (United States)",1
"Loma Linda University Children's Hospital",1
"Loma Linda University Health Care",1
"Long Island Jewish Medical Center",1
"Long Island University",1
"Los Alamos National Security (United States)",1
"Los Angeles City College",1
"Los Angeles County Museum of Art",1
"Los Angeles Mission College",1
"Los Rios Community College District",1
"Louis Stokes Cleveland VA Medical Center",1
"Louisiana State University Agricultural Center",1
"Louisiana Tech University",1
"Louisville VA Medical Center",1
"Lovelace Respiratory Research Institute",1
"Loxo Oncology at Lilly (United States)",1
"Loyola Medicine",1
"Loyola University Maryland",1
"Loyola University New Orleans",1
"Ludwig Cancer Research",1
"Luna Innovations (United States)",1
"M.C. Townsend Associates (United States)",1
"MEP Equine Solutions (United States)",1
"MIT Lincoln Laboratory",1
"MP Technologies (United States)",1
"MacNeal Hospital",1
"Macula and Retina Institute",1
"Magnolia Solar (United States)",1
"Main Line Health",1
"Maine Farmland Trust",1
"Malcom Randall VA Medical Center",1
"Malin Space Science Systems (United States)",1
"Manchester University",1
"Mansfield University",1
"Maria Fareri Children's Hospital",1
"Maria Mitchell Association",1
"Markey Cancer Center",1
"Martin University",1
"Maryland Department of Natural Resources",1
"Marywood University",1
"Massachusetts College of Pharmacy and Health Sciences",1
"Massachusetts Department of Public Health",1
"Mast Cell Disease Society",1
"Materials Processing (United States)",1
"Materials Systems (United States)",1
"May Institute",1
"McDermott International (United States)",1
"McLaren Health Care",1
"McPherson College",1
"Mecklenburg County Government",1
"MedStar Union Memorial Hospital",1
"MedStar Washington Hospital Center",1
"Medical Advanced Pain Specialists",1
"Medical Center Hospital",1
"Medical City Children's Hospital",1
"Medical Diagnostic Laboratories (United States)",1
"Medical Protective",1
"Medical Research Network",1
"Medidata (United States)",1
"Medtronic (United States)",1
"Memorial Hermann Memorial City Medical Center",1
"Memorial Hermann–Texas Medical Center",1
"Memorial Regional Hospital",1
"Mental Health America",1
"Mercer University",1
"Mercy Catholic Medical Center",1
"Mercy General Hospital",1
"Mercy Hospital Springfield",1
"Meredith College",1
"Meridian Community College",1
"Meridien Research",1
"Meriter Hospital",1
"Mescalero Apache Tribe",1
"Meta (United States)",1
"Metabolon (United States)",1
"Methodist Children’s Hospital",1
"Methodist Dallas Medical Center",1
"Metro-Minnesota Community Oncology Research Consortium",1
"Metropolitan Hospital Center",1
"Metropolitan State University",1
"Miami-Dade Public Library System",1
"Michael Baker International (United States)",1
"Michigan Center for Translational Pathology",1
"Michigan Department of Health and Human Services",1
"Michigan Healthcare Professionals",1
"Michigan Institute of Urology",1
"Michigan Psychoanalytic Institute",1
"Micro Systems Engineering (United States)",1
"Middle East Studies Association of North America",1
"Midland College",1
"Midwest Orthopaedic Research Foundation",1
"Midwest University",1
"Midwestern Regional Medical Center",1
"Mike O'Callaghan Federal Medical Center",1
"Miller College",1
"Milligan College",1
"Mills College",1
"Mills Peninsula Health Services",1
"Minnesota State University Moorhead",1
"Minnesota West Community & Technical College",1
"Miriam Hospital",1
"Missile Defense Agency",1
"Mississippi Department of Marine Resources",1
"Missouri College",1
"Missouri Heart Center",1
"Missouri Western State University",1
"Mitchell Community College",1
"Molecular Sciences Institute",1
"Molecular Sciences Software Institute",1
"Molecular Theranostics (United States)",1
"Monell Chemical Senses Center",1
"Montana Department of Environmental Quality",1
"Montana Department of Transportation",1
"Montana Fish, Wildlife & Parks",1
"Montefiore Health System",1
"Monterey Bay Aquarium Foundation",1
"Moog (United States)",1
"Morgan State University",1
"Morgridge Institute for Research",1
"Morton Arboretum",1
"Motlow State Community College",1
"Mount Carmel Health",1
"Mount Holyoke College",1
"MultiCare Health System",1
"Multidisciplinary Association for Psychedelic Studies",1
"Murphy Oil Corporation (United States)",1
"Murray State College",1
"Murray State University",1
"Myriad Genetics",1
"NASA Research Park",1
"NIST Center for Neutron Research",1
"NKT Therapeutics (United States)",1
"NOAA Air Resources Laboratory",1
"NOAA Center for Satellite Applications and Research",1
"NOAA Great Lakes Environmental Research Laboratory",1
"NOAA National Centers for Coastal Ocean Science",1
"NOAA National Geodetic Survey",1
"NOAA National Ice Center",1
"NOAA National Marine Fisheries Service Alaska Fisheries Science Center",1
"NOAA National Marine Fisheries Service Pacific Islands Fisheries Science Center",1
"NOAA Pacific Marine Environmental Laboratory",1
"NSF NCAR High Altitude Observatory",1
"NanoBio (United States)",1
"Nantucket Cottage Hospital",1
"Nassau University Medical Center",1
"Natera (United States)",1
"National Academy of Sciences",1
"National Cancer Center",1
"National Center for Environmental Health",1
"National Center for Health Research",1
"National Center for Infectious Diseases",1
"National Council for Air and Stream Improvement",1
"National Fire Protection Association",1
"National Foundation for Cancer Research",1
"National Geographic Society",1
"National Health Council",1
"National Health Law Program",1
"National High Magnetic Field Laboratory",1
"National Institute of Dental and Craniofacial Research",1
"National Institute of Food and Agriculture",1
"National Institute on Alcohol Abuse and Alcoholism",1
"National Institute on Minority Health and Health Disparities",1
"National Marrow Donor Program",1
"National Medical Association",1
"National Patient Safety Foundation",1
"National Postdoctoral Association",1
"Native American Health Center",1
"Native Health",1
"Natural Resources Conservation Service",1
"Navajo Language Academy",1
"Navajo Technical University",1
"Naval Hospital Jacksonville",1
"Naval Information Warfare Center Pacific",1
"Naval Postgraduate School",1
"Navicent Health",1
"Nebraska Academy of Sciences",1
"Nebraska Department of Health and Human Services",1
"Nemours Children's Health System",1
"NeoGenomics (United States)",1
"Neural Stem Cell Institute",1
"NeuroDevelopment Center",1
"Neurology, Inc",1
"Neurosurgeons of New Jersey",1
"Neurotech (United States)",1
"New England Baptist Hospital",1
"New Jersey Department of Health",1
"New Mexico Highlands University",1
"New School",1
"New York Academy of Medicine",1
"New York Academy of Sciences",1
"New York City College of Technology",1
"New York College of Health Professions",1
"New York Consortium in Evolutionary Primatology",1
"New York Institute of Technology",1
"New York Life Insurance Company (United States)",1
"New York State College of Veterinary Medicine",1
"New York State Department of Agriculture and Markets",1
"New York State Office for People With Developmental Disabilities",1
"New York Structural Biology Center",1
"Nicholls State University",1
"Noble Research Institute",1
"North American Spine Society",1
"North Carolina Department of Agriculture and Consumer Services",1
"North Carolina Department of Environmental Quality",1
"North Mississippi Medical Center",1
"North Shore Diabetes and Endocrine Associates",1
"Northeast Climate Science Center",1
"Northeast Georgia Medical Center",1
"Northeastern State University",1
"Northern California Institute for Research and Education",1
"Northern Plains Agricultural Research Laboratory",1
"Northland Pioneer College",1
"Northport VA Medical Center",1
"Northwell Health Orthopaedic Institute",1
"Northwest Community Hospital",1
"Northwest Irrigation and Soils Research Laboratory",1
"Northwest Medical Specialties",1
"Northwest Research Associates",1
"Northwestern Medical Faculty Foundation",1
"Northwestern Memorial Hospital",1
"Norwalk Hospital",1
"Norwich University",1
"Notre Dame of Maryland University",1
"Nova Medical (United States)",1
"Nova Southeastern University",1
"NuVasive (United States)",1
"Nutrition 21 (United States)",1
"NutritionQuest (United States)",1
"NuvOx Pharma (United States)",1
"O.N. Diagnostics (United States)",1
"Oakland University",1
"Oakwood Laboratories (United States)",1
"Ocean Conservancy",1
"Oceaneering International (United States)",1
"Odyssey Space Research (United States)",1
"Office of Education",1
"Office of Minority Health",1
"Office of Multidisciplinary Activities",1
"Office of Polar Programs",1
"Office of Research Services",1
"Office of the Assistant Secretary for Planning and Evaluation",1
"Ohio Dominican University",1
"Ohio Heart & Vascular Center",1
"Ohio Northern University",1
"Ohio State University Hospital",1
"Oklahoma Biological Survey",1
"Oklahoma Heart Institute",1
"Oklahoma Library Association",1
"Oklahoma State Department of Health",1
"Oncology Specialists",1
"One Cell Systems (United States)",1
"Online Computer Library Center",1
"Online Technologies (United States)",1
"OpenAI (United States)",1
"Ophthalmology Consultants",1
"OptiPro Systems (United States)",1
"Optica",1
"Optical Coating Solutions (United States)",1
"Optimax (United States)",1
"Oregon Department of Education",1
"Oregon Department of Geology and Mineral Industries",1
"Oregon Department of Human Services",1
"Oregon Dermatology & Research Center",1
"Oregon Health Authority",1
"Oregon Health and Science University Hospital",1
"Oregon Institute of Technology",1
"Oregon National Primate Research Center",1
"Organogenesis (United States)",1
"Orthopaedic Hospital",1
"Overlake Hospital Medical Center",1
"Overlook Medical Center",1
"Oxnard College",1
"Pacific Northwest Diabetes Research Institute",1
"Pacific Northwest University of Health Sciences",1
"Pacific Research Laboratories (United States)",1
"Pacific Science Center",1
"Pacific Tower",1
"Pacifica Graduate Institute",1
"Palm Beach Atlantic University",1
"Palomar Medical Center",1
"Panthera Corporation",1
"Paradise Valley Community College",1
"Park Avenue Dermatology",1
"Parker Hannifin (United States)",1
"Parkinson's Research and Education Foundation",1
"Parkland Health & Hospital System",1
"Parkland Memorial Hospital",1
"Partnership for Health Analytic Research",1
"Patient-Centered Outcomes Research Institute",1
"Patients First",1
"Paul Revere Memorial Association",1
"Penn Center for AIDS Research",1
"Pennsylvania Department of Conservation and Natural Resources",1
"Pennsylvania Hospital",1
"Peoria campus of the University of Illinois System",1
"Personalis (United States)",1
"Pew Charitable Trusts",1
"PharmatrophiX (United States)",1
"Philadelphia Water Department",1
"Phoenix Contact (United States)",1
"Phoenix Indian Medical Center",1
"Phoenix Institute of Herbal Medicine and Acupuncture",1
"Phoenix Neurological Associates",1
"Photonics (United States)",1
"Physics, Materials and Applied Mathematics Research (United States)",1
"Piedmont Athens Regional",1
"Pinnacle Oncology Hematology",1
"Pioneer (United States)",1
"Pittsburgh Public Schools",1
"Planet Biotechnology (United States)",1
"Plano Cancer Institute",1
"Plymouth State University",1
"Point Blue Conservation Science",1
"Point University",1
"Poplar Forest",1
"Port Gamble S'Klallam Tribal Council",1
"Portland VA Medical Center",1
"Posit Science (United States)",1
"Poudre Valley Hospital",1
"Prairie View A&M University",1
"Presbyterian St. Luke's Medical Center",1
"Prevention Group",1
"Project HOPE",1
"Providence Center",1
"Providence Holy Cross Medical Center",1
"Providence Portland Medical Center",1
"Providence Regional Medical Center Everett",1
"Providence Sacred Heart Medical Center",1
"Providence St. Vincent Medical Center",1
"Providence VA Medical Center",1
"Public Policy Institute of California",1
"Qi2",1
"Qualcomm (United States)",1
"Quality Enhancement Research Initiative",1
"Quantum Science Center",1
"Queen's Medical Center",1
"Quest Diagnostics (United States)",1
"Quest Research Institute",1
"RAND School of Public Policy",1
"RF Laboratories (United States)",1
"Radiation Detection Technologies (United States)",1
"Radius Health (United States)",1
"Rainwater Charitable Foundation",1
"Rare Disease Therapeutics (United States)",1
"Rayonix (United States)",1
"Reading Hospital",1
"Reed College",1
"Rehabilitation Institute of Kansas City",1
"Relief International",1
"Renaissance Sciences Corporation (United States)",1
"Renova Life (United States)",1
"Renown Regional Medical Center",1
"Reproductive Medicine Institute",1
"Resonance Research (United States)",1
"Resurrection University",1
"Retina Associates",1
"Revolution Medicines (United States)",1
"Rho (United States)",1
"Rhode Island College",1
"Rhode Island School of Design",1
"Ridgecrest Regional Hospital",1
"Rio Tinto (United States)",1
"Riverside Community Hospital",1
"Riverside Methodist Hospital",1
"Riverside Regional Medical Center",1
"Riverside Unified School District",1
"Robert Wood Johnson Foundation",1
"Robert Wood Johnson University Hospital",1
"Rochester Precision Optics (United States)",1
"Rockefeller University",1
"Rockhurst University",1
"Rocky Mountain Biological Laboratory",1
"Rocky Mountain College of Art and Design",1
"Rocky Mountain Institute",1
"Rogers State University",1
"Rolls-Royce (United States)",1
"Ronald McDonald House of Houston",1
"Ronin Institute",1
"Roper St. Francis Healthcare",1
"Roseman University of Health Sciences",1
"Rose–Hulman Institute of Technology",1
"Rothman Institute",1
"SAS Institute (United States)",1
"SC Johnson (United States)",1
"SRI International",1
"SSM Health Care",1
"SUNY Brockport",1
"SUNY Broome Community College",1
"SUNY College of Optometry",1
"SUNY Fredonia",1
"SUNY New Paltz",1
"SUNY Oneonta",1
"SWOG Cancer Research Network",1
"Sacred Heart Medical Center at RiverBend",1
"Saginaw Valley State University",1
"Saint Anthony College of Nursing",1
"Saint Francis Medical Center",1
"Saint Joseph Hospital",1
"Saint Joseph's College",1
"Saint Peter's University Hospital",1
"Saint Regis Mohawk Tribe",1
"Saint Thomas - Rutherford Hospital",1
"Saint Thomas Health",1
"Saint Vincent College",1
"Salem VA Medical Center",1
"Salt Lake City Public Library",1
"Salt Lake Regional Medical Center",1
"San Diego Cardiac Center",1
"San Francisco Center for Psychoanalysis",1
"San Mateo County Health System",1
"Sanford Consortium for Regenerative Medicine",1
"Sansum Medical Clinic",1
"Santa Clara Valley Medical Center",1
"Santa Cruz County Office of Education",1
"Santa Rosa Memorial Hospital",1
"Sarasota Memorial Hospital",1
"School of the Art Institute of Chicago",1
"Science Museum of Minnesota",1
"Science Research Laboratory",1
"Science Wares (United States)",1
"Scott & White Memorial Hospital",1
"Scripps (United States)",1
"Scripps Clinic",1
"Scripps Green Hospital",1
"Scripps Memorial Hospital",1
"Seattle Cancer Care Alliance",1
"Seattle Reproductive Medicine",1
"Second Genome (United States)",1
"Sensor Electronics (United States)",1
"Seva Foundation",1
"Sewanee: The University of the South",1
"Sharp Grossmont Hospital",1
"Shawnee Mission Medical Center",1
"Shawnee Mission Northwest High School",1
"Shirley Ryan AbilityLab",1
"Shore Memorial Hospital",1
"Short and Associates (United States)",1
"Shriners Hospitals for Children - Boston",1
"Shriners Hospitals for Children - Philadelphia",1
"Shriners for Children Medical Center - Pasadena",1
"Siemens (United States)",1
"Sierra College",1
"Sierra Engineering (United States)",1
"Signature Healthcare Brockton Hospital",1
"SilaGene (United States)",1
"Simmons University",1
"Simulation Technologies (United States)",1
"Simulations Plus (United States)",1
"Sinclair Community College",1
"Sisseton Wahpeton College",1
"Skagit Valley College",1
"Skagit Valley Hospital",1
"Sky Island Alliance (United States)",1
"Skyline High School",1
"Sleep Therapy and Research Center",1
"Small Business Administration",1
"Smith-Kettlewell Eye Research Institute",1
"Smithsonian Astrophysical Observatory",1
"Smithsonian Environmental Research Center",1
"Smithsonian Libraries",1
"Social Science Research Council",1
"Society For Range Management",1
"Society for Cardiovascular Angiography and Interventions",1
"Society for Maternal-Fetal Medicine",1
"Society for Neuroscience",1
"Society of American Foresters",1
"Society of Anesthesia and Sleep Medicine",1
"Society of Critical Care Medicine",1
"Society of Economic Geologists",1
"Society of Environmental Toxicology and Chemistry",1
"Society of Gastroenterology Nurses and Associates",1
"Society of Health and Physical Educators",1
"Society of Thoracic Surgeons",1
"Sofia University",1
"Soka University of America",1
"Solar System Exploration Research Virtual Institute",1
"Solve ME/CFS Initiative",1
"SomaLogic (United States)",1
"Somerville Hospital",1
"Sonoma State University",1
"Sonoma Technology (United States)",1
"Sony Corporation (United States)",1
"South Asian Americans Leading Together",1
"South College",1
"South Texas Accelerated Research Therapeutics",1
"South University",1
"Southeast Georgia Health System",1
"Southeast Watershed Research Laboratory",1
"Southeastern Health",1
"Southeastern Universities Research Association",1
"Southern California Clinical and Translational Science Institute",1
"Southern Nursing Research Society",1
"Southern Oregon University",1
"Southern Research Institute",1
"Southern States University",1
"Southern University System",1
"Southerners on New Ground",1
"Southwest Center for Educational Excellence",1
"Southwestern University",1
"Southwestern Vermont Health Care",1
"Sparrow Health System",1
"Spartanburg Community College",1
"Spartanburg Regional Healthcare System",1
"Special Olympics",1
"Spectrum Health",1
"Spencer Foundation",1
"Spinal Elements (United States)",1
"Springer Publishing Company (United States)",1
"St. Barnabas Hospital",1
"St. Catherine University",1
"St. Christopher's Hospital for Children",1
"St. Elizabeth Hospital in Enumclaw",1
"St. Francis Hospital",1
"St. Francis Medical Center",1
"St. Joseph Health System",1
"St. Louis Children's Hospital",1
"St. Luke's University Health Network",1
"St. Luke’s Boise Medical Center",1
"St. Mark's Hospital",1
"St. Mary Mercy Livonia",1
"St. Norbert College",1
"St. Vincent Hospital",1
"Stanford Blood Center",1
"Stanford Synchrotron Radiation Lightsource",1
"State Board of Education",1
"Staten Island University Hospital",1
"Stella Therapeutics (United States)",1
"Stellar Science (United States)",1
"Stockholm Environment Institute",1
"Stonehill College",1
"Stony Brook University Hospital",1
"Stormont Vail Health",1
"Suffolk University",1
"Sunnyvale Public Library",1
"Sunset Laboratory (United States)",1
"Supernus Pharmaceuticals (United States)",1
"Sussex County Community College",1
"Sustainable Development Institute",1
"Sutter Health",1
"Swallow Solutions (United States)",1
"Synopsys (United States)",1
"Synthomics (United States)",1
"TB Alliance",1
"TOCA at Banner Health",1
"Tahoe Forest Hospital",1
"Tampa Bay Research Institute",1
"Tanabe Research Laboratories",1
"Tempe Union High School District",1
"Tennessee Department of Education",1
"Tennessee Oncology",1
"Tennessee State University",1
"Tetra Tech (United States)",1
"Texas A&M University at Galveston",1
"Texas A&M University – Corpus Christi",1
"Texas Biomedical Research Institute",1
"Texas Education Agency",1
"Texas Liver Institute",1
"Texas Orthopedic Hospital",1
"Texas Parks and Wildlife Department",1
"The Aerospace Corporation",1
"The Arrhythmia Institute",1
"The Centers",1
"The Coordinating Center",1
"The Dialogue",1
"The Garden Church",1
"The Medical Center of Aurora",1
"The Ocean Foundation",1
"The Ohio State University at Marion",1
"The Recovery Center",1
"The Spine Institute",1
"The University of Texas at Tyler",1
"The White House",1
"The Wright Center for Graduate Medical Education",1
"Therapeutics Clinical Research",1
"Thrombolysis in Myocardial Infarction Study Group",1
"Tisch Hospital",1
"Tissue Regeneration Systems (United States)",1
"Tomah VA Medical Center",1
"Touro College",1
"Touro University California",1
"TransMed7 (United States)",1
"Transgenomic (United States)",1
"Transitional Learning Center",1
"Translational Therapeutics (United States)",1
"Trellis Growing Systems",1
"Triangle",1
"Tribologix (United States)",1
"Trident Technical College",1
"Trinity College",1
"Trinity Mother Frances Hospitals and Clinics",1
"Tris Pharma (United States)",1
"Truckee Meadows Community College",1
"Truman Medical Center",1
"Turner Consulting Group (United States)",1
"U.S. Air Force Institute of Technology",1
"U.S. Army Research Institute of Environmental Medicine",1
"U.S. Army Space and Missile Defense Command",1
"UPMC Altoona",1
"UPMC Center for High Value Health Care",1
"UPMC Hamot",1
"USA Mitchell Cancer Institute",1
"UW Health University Hospital",1
"Udall Foundation",1
"Union College",1
"Union Hospital",1
"United Cerebral Palsy",1
"United Environment and Energy (United States)",1
"United Heart and Vascular Clinic",1
"United Hospital Center",1
"United Nations Development Programme",1
"United Nations Population Fund",1
"United States Army Institute of Surgical Research",1
"United States Army Research Office",1
"United States Bureau of Reclamation",1
"United States Census Bureau",1
"United States Department of Agriculture Climate Hubs",1
"United States Department of Energy",1
"United States Department of State",1
"United States Department of the Army",1
"United States Nuclear Regulatory Commission",1
"United Way",1
"Unity Health System",1
"UnityPoint Health Meriter",1
"University Gastroenterology",1
"University Hospital, Newark",1
"University Medical Center Brackenridge",1
"University Medical Center of Southern Nevada",1
"University Pathologists",1
"University Press of Kentucky",1
"University of Alabama at Birmingham Hospital",1
"University of Alaska Southeast",1
"University of California, San Diego",1
"University of Chicago Medical Center",1
"University of Dallas",1
"University of Evansville",1
"University of Hawaii–West Oahu",1
"University of Houston - Downtown",1
"University of Iowa Stead Family Children’s Hospital",1
"University of Kentucky HealthCare",1
"University of Louisiana at Monroe",1
"University of Louisville Hospital",1
"University of Louisville Physicians",1
"University of Lynchburg",1
"University of Maine at Augusta",1
"University of Maryland Eastern Shore",1
"University of Maryland Global Campus",1
"University of Maryland Medical Center Midtown Campus",1
"University of Maryland Rehabilitation & Orthopaedic Institute",1
"University of Massachusetts System",1
"University of Michigan–Ann Arbor",1
"University of Minnesota Children's Hospital",1
"University of Minnesota Health Maple Grove Clinics",1
"University of Minnesota Morris",1
"University of Minnesota Rochester",1
"University of Minnesota, Duluth",1
"University of Missouri Health System",1
"University of Nebraska System",1
"University of New Haven",1
"University of North Carolina System",1
"University of North Georgia",1
"University of North Texas at Dallas",1
"University of Northwestern",1
"University of Portland",1
"University of Redlands",1
"University of Richmond",1
"University of Science and Arts of Oklahoma",1
"University of South Alabama Medical Center",1
"University of South Carolina Sumter",1
"University of South Carolina Upstate",1
"University of Southern Indiana",1
"University of Washington Tacoma",1
"University of West Georgia",1
"University of Wisconsin Carbone Cancer Center",1
"University of Wisconsin–La Crosse",1
"University of Wisconsin–Stevens Point",1
"University of Wisconsin–Stout",1
"University of the Arts",1
"University of the Pacific",1
"University of the Potomac",1
"Upstate University Hospital",1
"Urology of Indiana",1
"User Systems (United States)",1
"Utah Department of Human Services",1
"Utah Valley University",1
"Utility Development (United States)",1
"VA Desert Pacific Healthcare Network",1
"VA Loma Linda Healthcare System",1
"VA Long Beach Healthcare System",1
"VA Maryland Health Care System",1
"VA Midwest Health Care Network",1
"VA Office of Research and Development",1
"VA Tennessee Valley Healthcare System",1
"VIR Biotechnology (United States)",1
"Vaccine & Gene Therapy Institute of Florida",1
"Valley Hospital Medical Center",1
"Valleywise Health",1
"Van Andel Institute",1
"Vanderbilt Health",1
"Vashon Partners (United States)",1
"Vassar Brothers Medical Center",1
"Vatican Observatory Foundation",1
"Vaxiion Therapeutics (United States)",1
"Vera Institute of Justice",1
"Verisk Analytics (United States)",1
"Veroscience (United States)",1
"Vertex Pharmaceuticals (United States)",1
"Veterans Health Administration",1
"Via Christi Hospital St. Francis",1
"Vidant Medical Center",1
"Vince Lombardi Cancer Clinic",1
"Virginia Commonwealth University Medical Center",1
"Virginia Department of Health",1
"Virginia Department of Veterans Services",1
"Virginia Hospital Center",1
"Virginia Mason Medical Center",1
"Virginia Transportation Research Council",1
"Volkswagen Group (United States)",1
"Vollum Institute",1
"W.K. Kellogg Foundation",1
"Wadsworth Center",1
"Wake County Human Services",1
"Walker (United States)",1
"Wartburg College",1
"Washington Adventist University",1
"Washington Department of Natural Resources",1
"Washington Regional Medical Center",1
"Water & Earth Technologie (United States)",1
"Webb Institute",1
"WellStar Kennestone Hospital",1
"Wellesley Centers for Women",1
"Wells Fargo (United States)",1
"West Cancer Center",1
"West Virginia School of Osteopathic Medicine",1
"West Virginia State University",1
"West Virginia University Institute of Technology",1
"Western Carolina University",1
"Western New England University",1
"Western New Mexico University",1
"Western Oregon University",1
"Western Regional Research Center",1
"Western Research Company, Inc.",1
"Western Reserve Hospital",1
"Westminster College - Missouri",1
"Whale Center of New England",1
"Wheelock College",1
"Whitehead Institute for Biomedical Research",1
"Whitman College",1
"Wilberforce University",1
"William Beaumont Army Medical Center",1
"William Jewell College",1
"William Paterson University",1
"Wills Eye Hospital",1
"Wilmington University",1
"Winchester Medical Center",1
"Windber Research Institute",1
"Wingate University",1
"Winthrop Rockefeller Foundation",1
"Winthrop-University Hospital",1
"Wisconsin Department of Natural Resources",1
"Wisconsin Institutes for Discovery",1
"Wisdom Health (United States)",1
"Woman's Hospital",1
"Women & Children's Hospital of Buffalo",1
"Women & Infants Hospital of Rhode Island",1
"Women's Cancer Center of Nevada",1
"Woodhull Medical and Mental Health Center",1
"Woodruff Health Sciences Center",1
"Woodward (United States)",1
"World Bank",1
"World Water Watch",1
"World Wide Web Consortium",1
"Wyoming Game and Fish Department",1
"XPRIZE Foundation",1
"Yahoo (United States)",1
"Yale New Haven Hospital",1
"Yavapai College",1
"Yeshiva University",1
"Young Women's Christian Association",1
"Your Community Foundation",1
"Yuma Oncology Center",1
"Zero to Three",1
"Zoetis (United States)",1
"Zoo Miami",1
"Zucker Hillside Hospital",1
"eHealth Initiative",1
"intuVision (United States)",1
"nLIGHT (United States)",1
