"ua_author_names","n"
"I G Sipes",110
"Karn Wijarnpreecha",46
"Michael A. Grandner",43
"Mohammad Reza Movahed",37
"Hoang Nhat Pham",35
"Julie G. Pilitsis",35
"Armin Sorooshian",30
"I.G. Sipes",30
"Nicholas J. Ashton",30
"Daewook Kim",29
"William D. S. Killgore",28
"Bellal Joseph",27
"Mehrtash Hashemzadeh",27
"Alisa Huskey",26
"Christopher N. A. Willmer",26
"Dari Duval",26
"Lifeng Lin",26
"George B. Frisvold",25
"Daniel J. Taylor",24
"Ronald G. Driggers",24
"Rongguang Liang",24
"Jean‐Luc Brédas",23
"Pierluigi Rinaldi",23
"Brian L. Erstad",22
"Franz Rischard",22
"Gloria D. Coronado",22
"Kuok Ho Daniel Tang",22
"Louis J. Magnotti",22
"Saurav Mallik",22
"Tribikram Kundu",22
"Juyoung Park",21
"Leslie V. Farland",20
"Brian J. Enquist",19
"C. Kent Kwoh",19
"Kevin Hainline",19
"Zhiyuan Ji",19
"David Negelspach",18
"Florian Willomitzer",18
"Hyochol Ahn",18
"Muhammad Haris Khurshid",18
"Veaceslav Coropceanu",18
"Xiaohui Fan",18
"Achisa C. Mecha",17
"Albrecht Classen",17
"Ashley Bickel",17
"David R. Axon",17
"Jefferey L. Burgess",17
"Omar Hejazi",17
"Yongda Zhu",17
"Kathryn Kennedy",16
"Lei Cao",16
"Rachna T. Shroff",16
"Brenda Frye",15
"Eiichi Egami",15
"Ewan S. Douglas",15
"Gene E. Alexander",15
"Ilaria Pascucci",15
"Matt Eichenfield",15
"Mohammad Al Ma’ani",15
"Rick G. Schnellmann",15
"Saikat Guha",15
"Salma Patel",15
"T. J. Zega",15
"Wei Wang",15
"Yao‐Jan Wu",15
"Ahmad Iftikhar",14
"Ali Behrangi",14
"Alicia M. Allen",14
"D. S. Lauretta",14
"Fariba Donovan",14
"Greg A. Barron‐Gafford",14
"Keith Runge",14
"Michael F. Brown",14
"Stephanie G. Worrell",14
"Tomas Cerny",14
"Bekir Tanrıöver",13
"Chi‐Young Lee",13
"Clara Curiel‐Lewandrowski",13
"Denise J. Roe",13
"Elise S. Gornish",13
"Erika Hamden",13
"Ivan B. Djordjević",13
"Jianwei Lyu",13
"K. Azalee Bostroem",13
"K. G. Klein",13
"Kevin J. Anchukaitis",13
"Matthias R. Mehl",13
"Michael D. Seckeler",13
"Nguyen Dinh‐Hung",13
"Ramya M. Anche",13
"S. R. Saleska",13
"Jakob M. Helton",12
"John M. Streicher",12
"Jordan F. Karp",12
"Liang Zhang",12
"Lisa M. Rimsza",12
"Malak Tfaily",12
"Matthew D Grilli",12
"Melissa Furlong",12
"Michael C. Kruer",12
"Richard W. Ziolkowski",12
"Sairam Parthasarathy",12
"Stefan Schumacher",12
"William K. Smith",12
"A. Elizabeth Arnold",11
"Aaron Lien",11
"Alyssa Ryan",11
"Andrea K. Gerlak",11
"Anna M. Morenz",11
"Bane Vasić",11
"Bofan Song",11
"Chiu‐Hsieh Hsu",11
"Chi‐kwan Chan",11
"Claudia V. Montanía",11
"Cynthia A. Thomson",11
"David J. Sand",11
"Francesca Vitali",11
"Henk Granzier",11
"Ivo Abraham",11
"Jennifer Andrews",11
"Karen Lutrick",11
"Karim El‐Kersh",11
"Katherine Ellingson",11
"Lianyang Zhang",11
"Linnea B. Linde-Krieger",11
"Mingyu Liang",11
"Muhammad Husnain",11
"Nipavan Chiamvimonvat",11
"Oliver Schilke",11
"Patrick Leslie",11
"Pierre A. Deymier",11
"Shawn C. Beitel",11
"Soheil Salehi",11
"Thomas Varkey",11
"Xubin Zeng",11
"Alejandro Salado",10
"Amanda M. Wilson",10
"Andrey V. Struts",10
"Arun K. Dhar",10
"Ashley A. Huggins",10
"Banafsheh Saber Latibari",10
"Boulat A. Bash",10
"ChangHoon Hahn",10
"E. Paillas",10
"Edward J. Bedrick",10
"Emmanuel Katsanis",10
"Francisco Castillo Diaz",10
"H. C. Connolly",10
"Heejoo Choi",10
"Hermann F. Fasel",10
"Isabelle Schrauwen",10
"James J. Galligan",10
"Jarrod Mosier",10
"Jarron Leisenring",10
"Jennifer W. Bea",10
"John J. B. Allen",10
"John N. Galgiani",10
"Judith K. Brown",10
"Julie G. Ledford",10
"Jungwon Cha",10
"Kacey C. Ernst",10
"Kaustubh Thirumalai",10
"Kelly Kim",10
"María I. Altbach",10
"Michael B. Fallon",10
"Paul R. Langlais",10
"Roberto Furfaro",10
"Samantha P. Harris",10
"Shengjie Xu",10
"Stacey Alberts",10
"Theodore P. Trouard",10
"Xiao Hu",10
"Zhihan Hong",10
"Abhijit Mahalanobis",9
"Ali Akoglu",9
"Avelino F. Arellano",9
"Charles P. Gerba",9
"Dingshan Deng",9
"Eric M. Reiman",9
"Evan Lederman",9
"Frank Porreca",9
"Hesham A. Sadek",9
"Hexiong Yang",9
"Jayson Talag",9
"Jessica Barnes",9
"Jessica E. Tierney",9
"Jessica R. Andrews‐Hanna",9
"Jil C. Tardiff",9
"John J. Wiens",9
"John Ruiz",9
"Jon Chorover",9
"Jonny Wu",9
"Kai‐Uwe Lewandrowski",9
"Kevin Derby",9
"Lee Ryan",9
"Lindsey Park",9
"Mateo Peñaherrera‐Aguirre",9
"Mathieu Renzo",9
"Mindy J. Fain",9
"Nathan Smith",9
"Paloma I. Beamer",9
"Pradyumna K. Bharadwaj",9
"Pratik Satam",9
"Qi Sun",9
"Roberta Dı́az Brinton",9
"S. Dante LAURETTA",9
"Salim Hariri",9
"Samuel M. Keim",9
"Sean T. Linden",9
"Tally M. Largent‐Milnes",9
"Tanya Anand",9
"Thomas J. Sitzman",9
"Tian‐Chyi Jim Yeh",9
"Travis W. Sawyer",9
"Xinxin Ding",9
"Yuzuru Takashima",9
"Aaron J. Scott",8
"Alejandro Recio‐Boiles",8
"Amitoj Singh",8
"Andrew Monson",8
"Arne D. Ekstrom",8
"Bernadette Cornelison",8
"Beth E. Meyerson",8
"Bonnie LaFleur",8
"Carol A. Barnes",8
"Chad F. Bender",8
"Charles Noussair",8
"Chase Irwin",8
"Christoph Hader",8
"Christopher J. Edwards",8
"Collin Stewart",8
"Craig Heise",8
"Daniel Butler",8
"David A. Sbarra",8
"Dennis Zaritsky",8
"E. Krause",8
"Edita Navratilova",8
"Eric A. Butcher",8
"Fabian‐Xosé Fernandez",8
"G. H. Rieke",8
"Guo‐Yue Niu",8
"Haeun Chung",8
"Hee-Jeong Kim",8
"Janet L. Funk",8
"Janko Nikolich‐Žugich",8
"Jaroslav Janda",8
"Jekan Thangavelautham",8
"Jennifer B. Frye",8
"Jennifer K. Barton",8
"Jiabin Chen",8
"Jian Liu",8
"John Ehiri",8
"Kanu Sinha",8
"Kyle M. Hanquist",8
"Kátia Cunha",8
"Liya Yin",8
"Ludwik Adamowicz",8
"Madeline Ally",8
"Majid Beidaghi",8
"Mark L. Brusseau",8
"Melissa M. Herbst‐Kralovetz",8
"Pengyuan Liu",8
"Roberta Diaz Brinton",8
"Ryan N. Gutenkunst",8
"Saied Md Pratik",8
"Sanlyn Buxner",8
"Scott E. Klewer",8
"Scott French",8
"Sorabh Sharma",8
"Terry A. Badger",8
"Tyler D. Robinson",8
"Weizhe Liu",8
"Xiaoxiao Sun",8
"Yann C. Klimentidis",8
"Zhao Chen",8
"Adriana A. Zúñiga-Terán",7
"Alma Jukic",7
"Amy C. Kelly",7
"Andrea Achilli",7
"Aniket Gupta",7
"Anthony Bosco",7
"Ashley A. Lowe",7
"Audrey L. Spencer",7
"Beeletsega Yeneneh",7
"Bettina F. Cuneo",7
"Bo Yang",7
"Brandon D. Chalifoux",7
"Charles W. Putnam",7
"Chris Impey",7
"Chris Segrin",7
"Christina Colosimo",7
"Christopher H. Le",7
"Courtney J. Duchardt",7
"Dalziel J. Wilson",7
"Dario Copetti",7
"David A. Baltrus",7
"David Ball",7
"Donald A. Falk",7
"Duke Pauli",7
"Erdogan Madenci",7
"Eung‐Joo Lee",7
"Evan L. MacLean",7
"Felicia Goodrum",7
"H. Alyson Ford",7
"Heidi E. Brown",7
"Hoshin V. Gupta",7
"Huayu Li",7
"James A. Threadgill",7
"James Kelbert",7
"Jennifer C. McIntosh",7
"Ji Hong",7
"Jill Castek",7
"Juan Chipollini",7
"Karen L. Weihs",7
"Kenry Kenry",7
"Klearchos K. Papas",7
"Ladd Keith",7
"Lars R. Furenlid",7
"M. Vestergaard",7
"Marcia Rieke",7
"Mark Nichter",7
"Martin Schlecker",7
"Melissa Flores",7
"Meredith Kupinski",7
"Michael T. Marty",7
"Michael W. Topping",7
"Mihailo M. Martinović",7
"Mohab Ibrahim",7
"Mohammad Amin Mirrezaei",7
"Monica Kraft",7
"Nancy A. Álvarez",7
"Pierre Haenecour",7
"Qiongzi Qiu",7
"Rain Wuyu Liu",7
"Richard J. Simpson",7
"Rod A. Wing",7
"Sarah Yeo",7
"Scott Silvestry",7
"Serhan Gener",7
"Shang Gao",7
"Shanna Hamilton",7
"Summan Zahra",7
"Vasiliki Karanikola",7
"Vipender Singh Negi",7
"Yang Sun",7
"Yihan Wang",7
"Yong Ge",7
"Yong Liu",7
"Yu-Zheng Lin",7
"Yves Carrière",7
"Zack Guido",7
"Zhiming Zhong",7
"ANDERSON PAULO DE PAIVA",6
"Adam Nelson",6
"Adina Greene",6
"Akshay Amaraneni",6
"Ali Bilgin",6
"Andrea D’Ambrosio",6
"Anthony Rossi",6
"Arthur C. Nelson",6
"Benjamen M. Meyer",6
"Bernardo Lemos",6
"Bo Guo",6
"Boris Benedikter",6
"Boris Georgiev",6
"Byeongjoon Jeong",6
"Caitlyn Hall",6
"Caroline Machado Kopruszinski",6
"Chen X. Chen",6
"Coen A. C. Ottenheijm",6
"Craig Weinkauf",6
"Daijiang Li",6
"Daniel Soh",6
"Dave Kim",6
"David M. Meko",6
"Dániel Apai",6
"Ebenezer N. Yamoah",6
"Elsayed Ahmed Elsadek",6
"Enkhtsogt Sainbayar",6
"Farouk Mookadam",6
"Feige Wang",6
"Fengwu Sun",6
"Frank A. von Hippel",6
"Frank C. Brosius",6
"Gabriel M. Moulatlet",6
"Georg A. Hishaw",6
"Giovanna Muscogiuri",6
"H. Umut Suluhan",6
"Hong Li",6
"Ilknur Telkes",6
"J. C. Andrews‐Hanna",6
"J. W. Holt",6
"Jacqueline Leete",6
"Jason Kirk",6
"Jeffrey Pyun",6
"Jeniveve Pearson",6
"Jing Wu",6
"Jochen Gohlke",6
"John L. Koprowski",6
"John P. Konhilas",6
"José Arnaldo Barra Montevechi",6
"Judith A. Berg",6
"Junaid Arshad",6
"Justin M. Snider",6
"Kai Lepley",6
"Kaitlin M. Kratter",6
"Kaneez Zahra Rubab Khakwani",6
"Kenneth R. Wilund",6
"Kerri L. Hickenbottom",6
"Kevin C.J. Yuen",6
"Kimberly M. Wood",6
"Kristen Pogreba-Brown",6
"Kymberly Henderson-Arredondo",6
"L. M. Ziurys",6
"Laura E. Condon",6
"Ludovica Verde",6
"Marcus N. Gomes",6
"Margaret E. K. Evans",6
"Mark C. Phillips",6
"Marwan Krunz",6
"Matheus Brendon Francisco",6
"Matthew A. Kupinski",6
"Michael D. Dake",6
"Michael D. McKee",6
"Midhat Patel",6
"Miguel Ricardo A. Hilario",6
"Ming Li",6
"Mónica D. Ramírez‐Andreotta",6
"Nan‐kuei Chen",6
"Niloofar Dehghan",6
"Peter G. DeCelles",6
"Qizhi Chen",6
"Rafael de Carvalho Miranda",6
"Robert Hibberd",6
"Roderick Tung",6
"Romir Parmar",6
"Ruilin You",6
"Sahand Motameni",6
"Sammy Tin",6
"Samy Missoum",6
"Sandra Miranda Neves",6
"Schuyler Wolff",6
"Scott C. Carvajal",6
"Shea M. Lambert",6
"Srikar Adhikari",6
"Stephanie A. Boone",6
"Stephen A. Rains",6
"Steven D. Schwartz",6
"Sujan Ghimire",6
"Suzanne Gorovoy",6
"Todd W. Vanderah",6
"Tyler Swanson",6
"V. Faramaz-Gorka",6
"Valeria Pfeifer",6
"Vance T. Holliday",6
"Vasileios Paschalidis",6
"Vignesh Subbian",6
"Xiaojing Lin",6
"Xiquan Dong",6
"Yushi Kaneda",6
"Zachary D. Cohen",6
"Zaynab Hourani",6
"Zhijie Zhang",6
"Zicheng Cheng",6
"Aafaque R. Khan",5
"Adriana Maldonado",5
"Adrienne R. Brown",5
"Ahmed Abdalla Ahmed Elkamel",5
"Ahmet Günkan",5
"Akash Gupta",5
"Allison J. Huff",5
"Amber D Rice",5
"Amr S. Abdelfattah",5
"Ananya Mallik",5
"Anastasia Kunac",5
"Andrei V. Alexandrov",5
"Andrew Bennett",5
"Antranik A. Sefilian",5
"Ao Li",5
"Arvinder Sandhu",5
"Austin Thompson",5
"Baike Xi",5
"Betsy C. Wertheim",5
"Bruce E. Tabashnik",5
"Bárbara Carrapa",5
"Caleb Warren",5
"Chengcheng Hu",5
"Chi Nguyen",5
"Chiyoung Lee",5
"Christian Bime",5
"Christopher W. Hamilton",5
"Craig Rasmussen",5
"Cristian Román‐Palacios",5
"D. N. DellaGiustina",5
"Daniel Brignac",5
"Daniel E. Martínez",5
"Daniel M. Krolikowski",5
"David Castellano",5
"David E. Nix",5
"David J. Brady",5
"David O. Garcia",5
"Deepak Acharya",5
"Dirk Heumann",5
"Dominique O Farrera",5
"Donata Vercelli",5
"Dongkyun Kang",5
"Douglas A. Loy",5
"Eduardo Blanco",5
"Elizabeth Rasmussen",5
"Erik Asphaug",5
"Ernest R. Vina",5
"Ethan Olson",5
"Eugene H. Chang",5
"Fiona McCarthy",5
"Flurin Babst",5
"Fox Bravo",5
"Geoffrey C. Gurtner",5
"Geovana Martín-Alemañy",5
"God'sgift N Chukwuonye",5
"Gondy Leroy",5
"Grace Betito",5
"Gregory R. J. Thatcher",5
"Gregory Woodhead",5
"Halimatou Alaofè",5
"Hasan Ozgur",5
"Heidi Hamann",5
"Helena Batatinha",5
"Hossein Yousefi Sohi",5
"Ian J. Arnold",5
"Ignacio A. Rojas",5
"Igor Kozak",5
"JULIANA HELENA DAROZ GAUDENCIO",5
"James K. Liao",5
"Janet Cooley",5
"Jasmine R. Linabary",5
"Jason Corliss",5
"Jennifer Erdrich",5
"Jennifer P. Kitzmann",5
"Jennifer S. De La Rosa",5
"Jessica G. Rainbow",5
"Jianqiang Cheng",5
"Jiazhang Wang",5
"Jing Liu",5
"Jinyoung Serena Kim",5
"Jonas Marschall",5
"Jonathan S. Lee-Confer",5
"Joseph S. Alpert",5
"Joshua B. Gaither",5
"Joshua D Garren",5
"Josie Acuña",5
"Joyce Lee‐Iannotti",5
"Juan C. Arias",5
"Judith Su",5
"Julie Armin",5
"Jun Isoe",5
"Justin Hom",5
"Karolina Perez",5
"Kathryne J. Daniel",5
"Kellen Chen",5
"Kenneth N. Barker",5
"Kenneth W. Liechty",5
"Kerry K. Cooper",5
"Kevin Wagner",5
"Kyle Van Gorkom",5
"LEONARDO LOURENÇO DE SOUZA",5
"Lael Vetter",5
"Laurent Martin",5
"Luciano M. Matzkin",5
"Luke A. McGuire",5
"Maha Nassar",5
"Mahsa Asadi Anar",5
"Maia Ingram",5
"Manisha Shrestha",5
"Marat I. Latypov",5
"Marisa DiMarzio",5
"Marissa N. Trujillo",5
"Marvin J. Slepian",5
"Mary‐Frances O'Connor",5
"Matheus Costa Pereira",5
"Matthew J. Huentelman",5
"Meghan B. Skiba",5
"Mei Methawasin",5
"Melanie Culver",5
"Michael A. Riehle",5
"Michael Ditillo",5
"Michael S. Bullock",5
"Michelle Anthony",5
"Mihai Surdeanu",5
"Mohammad Ali Farmani",5
"Mohammad Khreiss",5
"Muhammad Waqas",5
"Muralidhar M. Balaji",5
"Natalie E. Scholpa",5
"Nathan J. Cherrington",5
"Neha Gupta",5
"Nell Maltman",5
"Nicholas Bishop",5
"Ning Hao",5
"Oliver L. A. Monti",5
"Olivier Guyon",5
"Oluwaseun Fapohunda",5
"P. Thomé",5
"Pamela Garcia‐Filion",5
"Patricia L. Haynes",5
"Patrick Ingraham",5
"Paweł Łaniewski",5
"Peter Behroozi",5
"Pierre N. Tariot",5
"Praveen Sridhar",5
"Qingyu Zhang",5
"Raina M. Maier",5
"Rajan Pandey",5
"Rebecca Campbell",5
"Renato da Silva Lima",5
"Renu Malhotra",5
"Rifat Latifi",5
"Riley M. O’Neill",5
"Rina S. Fox",5
"Robbert van der Pijl",5
"Robert A. Norwood",5
"Robert B. Fleischman",5
"Robert T. Downs",5
"Ronald B. Gibbs",5
"Sakthivel Sadayappan",5
"Samantha Nagy",5
"Saquib M. Haroon",5
"Satish Rao",5
"Scott S. Berman",5
"Sehliselo Ndlovu",5
"Sen He",5
"Shamar Young",5
"Shamil Saiev",5
"Sima Ehsani",5
"Srinivasan Vedantham",5
"Srujitha Marupuru",5
"Stefan Meinel",5
"Stephen H. Wright",5
"Steve Ertel",5
"Stuart F. Quan",5
"Stuart N. Thomson",5
"Sumedha Uppnor",5
"Sylvia Sullivan",5
"T. F. Eifler",5
"TABATA NAKAGOMI FERNANDES PEREIRA",5
"Talha Riaz",5
"Tejo V. Bheemasetti",5
"Thomas L. Gianetti",5
"Thomas Loudovaris",5
"Tirdad T. Zangeneh",5
"Tommi Koskinen",5
"Trent Anderson",5
"Trisha Fabijanic",5
"Valérie Trouet",5
"Vicky T Lai",5
"Vitaliy Yurkiv",5
"Wander Pinto Ribeiro",5
"Wayne J. Morgan",5
"Weiguo Han",5
"Xianchun Li",5
"Xiaojuan Ni",5
"Yang Song",5
"Yiyang Huang",5
"Yoonhee Jung",5
"Yuanyuan Sun",5
"Zhanette Coffee",5
"A. Brian Mochon",4
"A. Eduardo Sáez",4
"Aaron Bertolo",4
"Abd Assalam Qannus",4
"Abhijit A. Date",4
"Ada M. Wilkinson‐Lee",4
"Adam C. Raikes",4
"Adrián Munguía‐Vega",4
"Aldana Grichener",4
"Aleksander P. J. Ellis",4
"Alicja Babst‐Kostecka",4
"Aman R. Agrawal",4
"Amber Dalke",4
"Aminata Kilungo",4
"Andrew D. Rocha",4
"Andrew T. Fullhart",4
"Angela Greenman",4
"Angelina Anani",4
"Anita A. Koshy",4
"Annie Pico",4
"Asahi Murata",4
"Ashlesha Patil",4
"Ashley Langer",4
"Aurelio José Figueredo",4
"A’mour Canty",4
"B. D. Ganapol",4
"Becka Eckert",4
"Benjamin R. Brady",4
"Benjamin R. Lee",4
"Bernard Parent",4
"Brad H. Story",4
"Bret Pasch",4
"Brian W. Miller",4
"Bryan A. Black",4
"C.Y. Lee",4
"Caden Howlett",4
"Caitlyn Dagenet",4
"Caleb Seekins",4
"Carlos Eduardo Sanches da Silva",4
"Carola G Davila",4
"Catherine E. Fielder",4
"Catherine Seader",4
"Chaohan Cui",4
"Chiu-Hsieh Hsu",4
"Chris Bime",4
"Christian M. Pluchar",4
"Clayton Hui",4
"Colleen Ramsower",4
"Cris Escareno",4
"D. H. Hill",4
"D. M. Thompson",4
"Dan Davini",4
"Daniel Maschmann",4
"Daniel P. Stark",4
"David B. Jordan",4
"David Killick",4
"David L. Dettman",4
"David LeBauer",4
"Dean Billheimer",4
"Deborah A. Meyers",4
"Derek Lemoine",4
"Diaa Eldin M. Elshikha",4
"Diaa Soliman",4
"Dwight Atkinson",4
"E Alexander",4
"Ebo A. Quansah",4
"Eduardo Rozo",4
"Eli Lefkowitz",4
"Elizabeth Hutchinson",4
"Elizabeth S. Borden",4
"Ellis S. Robinson",4
"Emily E. Bray",4
"Emma Heitkamp",4
"Eric W. Mitchell",4
"Erin L. Ratcliff",4
"Eugene R. Bleecker",4
"Faryal Razzaq",4
"Federico Fraschetti",4
"Felina M. Cordova-Marks",4
"Felipe Martín Rodríguez Fuentes",4
"Feng Long",4
"Forrest L. Baker",4
"Frédéric Zenhausern",4
"Gabriele Bozzola",4
"Galen J. Bergsten",4
"Gavin Culwell",4
"Georg T. Wondrak",4
"Giorgio Cipolloni",4
"Giselle Vitcov",4
"Gopal Murali",4
"Gregory L. Heileman",4
"Gregory Nero",4
"Haiquan Li",4
"Hannah C. Tolson",4
"Hannah Korah",4
"Hao Helen Zhang",4
"Hatty Lara",4
"Hayriye Kayı-Aydar",4
"Hongmin Li",4
"Hongxu Ding",4
"Hoshin Gupta",4
"Hossein Rastgoftar",4
"Hrishikesh Joshi",4
"I. J. Ong",4
"I. Matsuyama",4
"ISL NEWS",4
"Iman Ghaderi",4
"Isaac Dennis Amoah",4
"I‐Ting Ho",4
"J. Giacalone",4
"J. L. Russell",4
"Jaclyn B. Champagne",4
"Jacob D. Negrey",4
"Jacob Dahill-Fuchel",4
"James Hollister",4
"Jared M. Churko",4
"Jaren N. Ashcraft",4
"Jason A. Wertheim",4
"Jason Perry",4
"Jason Sandvik",4
"Jeannie K. Lee",4
"Jeffrey D. Michler",4
"Jennifer G. Duan",4
"Jennifer Segar",4
"Jeong Han Lee",4
"Jessie A. Pelosi",4
"Jia Hu",4
"Jianqin Lu",4
"Jinyi Yang",4
"Joanna Rosenbluth",4
"Joe Gregory",4
"Johann Rafelski",4
"John A. Bouranis",4
"John Bass",4
"John E. Smith",4
"Jonathan M. Holmes",4
"Jonathan Rice",4
"Jordan Rubis",4
"Joseph Gunderson",4
"Josh T. L. Anderson",4
"Josheili Y. Llavona-Ortiz",4
"Joshua Malo",4
"Joshua Strom",4
"Joshua Teague",4
"José Guillen-Rodriguez",4
"José Melchor Medina Quintero",4
"José R. Soto",4
"Julie Edwards",4
"Justin Starren",4
"K. Kwoh",4
"Kai W. Mcalister",4
"Kai-Uwe Lewandrowski",4
"Katherine Turner",4
"Kathleen E. Rodgers",4
"Kathleen Walker",4
"Katrina M. Dlugosch",4
"Keith R. Dienes",4
"Kennedy Sparling",4
"Kenneth Bottrill",4
"Kevin M. Johnson",4
"Kiran Basava",4
"Koenraad Van Doorslaer",4
"Kory Floyd",4
"Kristian P. Doyle",4
"Laird M. Close",4
"Leah L. Kapa",4
"Leandro Beraldo e Silva",4
"Leong Wai Siu",4
"Lynn M. Carter",4
"M. C. Benner",4
"Mahmoud Abdelnabi",4
"Maliheh Shaban Tameh",4
"Manlin Shao",4
"Margaret J. Pitts",4
"Markus Tuller",4
"Martha S. Hunter",4
"Martin Weinand",4
"Martin Welker",4
"Mary A. Peterson",4
"María Touceda‐Suárez",4
"Matthew A. Lapierre",4
"Matthew M. Mars",4
"Mauricio Ibáñez-Mejía",4
"Megha Padi",4
"Melissa L. Lynn",4
"Melody Glenn",4
"Michael Chertkov",4
"Michael G. Jones",4
"Michael Insel",4
"Michael Malek‐Ahmadi",4
"Michael Mazarei",4
"Michael R. Foley",4
"Michael Stickels",4
"Michael T. Bogan",4
"Michael Worobey",4
"Mihai N. Ducea",4
"Mina Yoo",4
"Mohamed ElKabbash",4
"Mohammed Shafae",4
"Mrinalini Kala",4
"N. Hung",4
"Natalia Restrepo‐Coupé",4
"Natasha Warner",4
"Neda Arad",4
"Neng Fan",4
"Nicole P. Yuan",4
"Nikolay V. Golubev",4
"Nithin Raveendran",4
"Oana Cazacu",4
"Obada Abdulrazzak",4
"Onur Ural Burns",4
"Osaretin Olurotimi",4
"P. A. Troch",4
"P. D. Broxton",4
"Patricia Persaud",4
"Paul Blowers",4
"Paul F. Hill",4
"Paul J. Schofield",4
"Paul Larson",4
"Paul Victor Santiago Raj",4
"Paulo W. Pires",4
"Peter J. Ehlers",4
"Philip Harber",4
"Philipp Gutruf",4
"Pooja Dhupati",4
"Pooja Rangan",4
"Prajit Dhara",4
"Price Fishback",4
"Priyanka Gurdev Singh",4
"Qin M. Chen",4
"R. Jason Jones",4
"Rachel Sadler",4
"Ralph F. Fregosi",4
"Rebecca M. Crocker",4
"Renae D. Mayes",4
"Renee Hebbeler-Clark",4
"Richard D. Lane",4
"Ricklie Julian",4
"Rini Desai",4
"Rishab Srivastava",4
"Robert A. Root",4
"Robert B. Pape",4
"Rosa I. Luna Ramirez",4
"Rose Castle",4
"Ruchika Bhat",4
"Ryan Luu",4
"Régis Ferrière",4
"S. L. Beck",4
"Sabina Srokova",4
"Sahil Hassan",4
"Sally E. Dickinson",4
"Samuel N Rogers",4
"Sean W. Limesand",4
"Sebastiaan Y. Haffert",4
"Sefiu O. Adewuyi",4
"Shelby G. Ziller",4
"Shu‐Fen Wung",4
"Simona Merlini",4
"Siyang Cao",4
"Somayeh Bakhtiari",4
"Song Peng Ang",4
"Stefano Guerra",4
"Stephanie Russo Carroll",4
"Stephen Dahmer",4
"Steven Goldman",4
"Sukrit Ranjan",4
"Taben M. Hale",4
"Tahsin Özpolat",4
"Tara F. Carr",4
"Theresa M. Crimmins",4
"Thomas A. R. Purcell",4
"Thomas Tawiah Baah",4
"Tianyao Zhang",4
"Tiju Cherian John",4
"Timothy M. Kistner",4
"Tom Marco",4
"Tomas Nuño",4
"Travis Barman",4
"Travis J. Wheeler",4
"Trenton House",4
"Tuo Liu",4
"Tushar Acharya",4
"Ursula K. Schuch",4
"V. Reddy",4
"Vicente Talanquer",4
"Vivienne Ng",4
"Walter M. Harris",4
"Weimin Zhou",4
"Wooyoung Jung",4
"Xiangmeng Wu",4
"Xiaobo Ma",4
"Xiaojian Zheng",4
"Xinglong Wang",4
"Xueying Tang",4
"Ying‐Wei Lan",4
"Young Sik Kim",4
"Zixu Zhang",4
"Zong‐Ming Li",4
"A. J. Ryan",3
"Adnan Saithna",3
"Ahamed Ashraf",3
"Aikseng Ooi",3
"Akinsanmi S. Ige",3
"Alana Gonzales",3
"Albert Barberán",3
"Alec Bartlett",3
"Alejandro Ramirez",3
"Alexander Bucksch",3
"Alexander V. Badyaev",3
"Allen Buchanan",3
"Allie Jepson",3
"Alyssa Salazar",3
"Amable Custodio Ribeiro",3
"Amanda L Babcock",3
"Andre J. Riveros",3
"Andrea K. Thomer",3
"Andrew S. Cohen",3
"Andrew S. McAvan",3
"Andrew Tubbs",3
"Andrew Wessman",3
"Andrés N. Salcedo",3
"Aneta Kielar",3
"Anika M. Arias",3
"Anish Bhandari",3
"Anjani T. Polit",3
"Ann I. Zabludoff",3
"Anna Josephson",3
"Annadurai Anandhan",3
"Anne E. Boustead",3
"Anne E. Cress",3
"Anne W. Alexandrov",3
"Anne‐Lise Boyer",3
"Anne‐Michelle Ruha",3
"Annyun Das",3
"Anthony Conforti",3
"Anutr Sivakoses",3
"Atkin D. Hyatt",3
"Atsushi Ishii",3
"B Meyer",3
"B. M. Meyer",3
"B. S. Prince",3
"Barbara B. Brewer",3
"Ben N. Stansfield",3
"Ben W. Van Landuyt",3
"Benjamin J. Weiner",3
"Benoît Revil-Baudard",3
"Bernhard M. Meyer",3
"Beth Tellman",3
"Bhavika Therani",3
"Bianca M. Souza-Chaves",3
"Bindu Poudel",3
"Bingxu Luo",3
"Brad Boyle",3
"Brenton Stewart",3
"Brett Blum",3
"Brian Dodge",3
"Brian Hallmark",3
"Brian Maitner",3
"Brian R. Blais",3
"Britt DK Gratreak",3
"Brittany Miles",3
"Bryce R. Michael",3
"Buell T. Jannuzi",3
"C.K. Kwoh",3
"Cameron Jeffers",3
"Carissa DiCindio",3
"Carlos Zgheib",3
"Carol C. Gregorio",3
"Carolyn Barnett",3
"Carolyn C. Hokin",3
"Carrie Luu",3
"Cassidy Soloff",3
"Chance Lawrence",3
"Chandler Noyes",3
"Channah Rock",3
"Charles A. Condos",3
"Charlotte Pearson",3
"Chaur‐Dong Hsu",3
"Chelsey Young",3
"Cherry Barragan",3
"Chi Zhou",3
"Chidi Ugonna",3
"Chris C. Lim",3
"Christina Hoyer‐Kimura",3
"Christopher F. Kane",3
"Christopher J. Arellano",3
"Christopher Penton",3
"Christos N. Gagatsos",3
"Clarissa M. DeLeon",3
"Cleophas Achisa Mecha",3
"Clément Goubert",3
"Connor Stahl",3
"Curtis A. Thorne",3
"Cynthia L. Norton",3
"Cynthia Porter",3
"Célia Sahli",3
"D. J. Moore",3
"D. J. Sand",3
"Dalia Koujah",3
"Daniel Combs",3
"Daniel Nguyen",3
"Daniel Sullivan",3
"Daniel Truong",3
"David Borgmann",3
"David Encinas-Basurto",3
"David Glickenstein",3
"David M. Quanrud",3
"David Sbarra",3
"Davinder Singh",3
"Dawn K. Coletta",3
"Debankur Sanyal",3
"Deepta Bhattacharya",3
"Delaney Stratton",3
"Deniz Karakay",3
"Desiree Andersen",3
"Diana Liverman",3
"Diane Habib",3
"Diego Guevara Beltrán",3
"Dilara Avcı",3
"Dimitrios Filioglou",3
"Dimitris Chytas",3
"Divya Jeyasingh",3
"Dominika Itrich",3
"Dora Valencia",3
"Douglass M. Diak",3
"Dylan L. McCreary",3
"Dylan Tooley",3
"Edgar A. Villavicencio",3
"Edward P. Gelmann",3
"Edwin Baldwin",3
"Elaine M. Norton",3
"Elena Plante",3
"Elias Bloch",3
"Emely A. Hoffman",3
"Emily C. Edmonds",3
"Emory L. Jenkins",3
"Eniko T. Enikov",3
"Enrique Alan Olivares‐Pelayo",3
"Erfan Yazdandoost Hamedani",3
"Eric vanSonnenberg",3
"Erica Akemi Goto",3
"Erika Austhof",3
"Erin E. Turner",3
"Erin L. Ashbeck",3
"Erin M. Harvey",3
"Esther Sternberg",3
"Eung-Joo Lee",3
"Evan J. D. Anderson",3
"Eve A. Isham",3
"Evelyn V. Alexander",3
"Eyal Shahar",3
"Fabio Curti",3
"Farah Husain",3
"Farzad Mashayek",3
"Fathima T. Doole",3
"Fayez K. Ghishan",3
"Felipe Guzmán",3
"Firas Kaddouh",3
"Francisco Castillo-Diaz",3
"Franklin Liu",3
"G. Woodhead",3
"Garreth Martin",3
"Garrett D. Cole",3
"Gayatri Arani",3
"Genevieve Rose Lorenzo",3
"Georgina Torrandell‐Haro",3
"Ghiwa Makke",3
"Gilberto Perez Rodriguez Garcia",3
"Gilby Jepson",3
"Gimantha Perera",3
"Gohar T. Khokhar",3
"Grace M. Niemiro",3
"Gregory C. Rogers",3
"Guangdong Zhang",3
"Haining Zhu",3
"Haley Kenner",3
"Haley Wiskoski",3
"Hang Zeng",3
"Hannah Budinoff",3
"Haowen Zhang",3
"Harshad Kalyankar",3
"Hector D. Garcia‐Verdugo",3
"Heidi M. Mansour",3
"Helena T. Yip",3
"Hilary Houlette",3
"Hill Tailor",3
"Hiroki Ando",3
"Hongki Jo",3
"Hongyi Wu",3
"Hua Jiang",3
"Huanrui Yang",3
"Hyukmo Kang",3
"Hyun Song",3
"I. Wygnanski",3
"Isack Padilla",3
"J. A. Eisner",3
"J. Andrew RYAN",3
"J. Heusinkveld",3
"J. L. Kelley",3
"J. R. P. Angel",3
"J. Scott Denton",3
"J.A. Restrepo",3
"J.C. McNabb",3
"JOSÉ ANTONIO DE QUEIROZ",3
"Jacob D. Hennig",3
"Jacob Ref",3
"Jake Harwood",3
"Jared R. Males",3
"Javier Osorio",3
"Jay K. Kueny",3
"Jay Quade",3
"Jazmin Dagnino",3
"Jeff Chen",3
"Jennifer L. Uhrlaub",3
"Jennifer McIntosh",3
"Jeremy M. Shefner",3
"Jesse M. Alston",3
"Jessica Boklan",3
"Jessica Guo",3
"Jessica R. Andrews-Hanna",3
"Jingwei Zhao",3
"Joanna Masel",3
"Joanne Dehnbostel",3
"Joel R. Levin",3
"John C. Elfar",3
"John Hortareas",3
"John J. McCauley",3
"Jon D. Pelletier",3
"Jonas Klus",3
"Jonathan Bean",3
"Jonathan Sayegh",3
"Jonathan Serafim Lúcio",3
"Joon Park",3
"Jordan J. Lancaster",3
"Jordan T. Abell",3
"Jordann Brendecke",3
"Jose Sanjuán",3
"Joseph Finkelstein",3
"Joseph Hoover",3
"Joseph L. Sanguinetti",3
"Joseph S. Valacich",3
"Joshua M. Liao",3
"Joshua N. Farr",3
"Joshua W. Hustedt",3
"Juan Carlos Arias",3
"Juanita L. Merchant",3
"Judith L. Bronstein",3
"Jules Moutet",3
"Julia H. Indik",3
"Julia K. Green",3
"Julia W. Neilson",3
"Julienne N. Rutherford",3
"Julio Loya",3
"Justin E. Wilson",3
"Justin Kolb",3
"Justin M. Palmer",3
"K. D. Alexander",3
"Kalyani Ananthamohan",3
"Kamila Murawska-Wlodarczyk",3
"Kara R. Barber",3
"Karan Patel",3
"Kareem W. Shehab",3
"Karen Taraszka Hastings",3
"Karthik Kannan",3
"Katalin M. Gothard",3
"Kate Bunton",3
"Kate Kenski",3
"Katharina S. Berryman",3
"Katharine H. Zeiders",3
"Katherine E. Herder",3
"Kathleen Pryor",3
"Katie Twitchell",3
"Kavan Hazeli",3
"Keith Gunnar Bentele",3
"Kelly M Pasowisty",3
"Kelly M. Heslin",3
"Kelly Palmer",3
"Kelly R. Bright",3
"Ken B. Johnson",3
"Kenneth Fox",3
"Kenneth J. White",3
"Kenneth S. Knox",3
"Kentaro Yumigeta",3
"Kevin Albert Kasper",3
"Kevin Johnson",3
"Kevin Wang",3
"Ki Woong Moon",3
"Krishna Muralidharan",3
"Krishna Parsawar",3
"Kristina Manasil",3
"Kunal Palawat",3
"Kushani S.K. Hewage",3
"Kyung‐Jo Kim",3
"L. Amede Obiora",3
"L. C. Chaves",3
"Lakshmi Priya Keerthi Gurunathan",3
"Laura López‐Hoffman",3
"Lauren E. Hartstein",3
"Lauren Petrullo",3
"Leah Stauber",3
"Lei Cheng",3
"Leigh Combrink",3
"Leonard Vance",3
"Leslie K. Dennis",3
"Li Zheng",3
"Liangming Pan",3
"Lila T. Wayman",3
"Liliana C. M. Salvador",3
"Lindsay R. Halladay",3
"Lindsey Hildebrand",3
"Linran Fan",3
"Lisa F. Shubitz",3
"Lizetta Zozobrado",3
"Lucy Martinez-Guerrero",3
"Luis R. León",3
"Luke D. Mayer",3
"Luke Somerville",3
"Lusine Mesropyan",3
"Lutz Taubert",3
"M Henderson",3
"M. Akbulut",3
"M. P. Béccar Varela",3
"Maha Ibrahim Sulaiman",3
"Mahek Shahid",3
"Manoj K. Mishra",3
"Marco Padilla‐Rodriguez",3
"Maria Gracia Mora Pinos",3
"Mark Barakat",3
"Mark F. Spencer",3
"Mark Morales",3
"Mark S. Marley",3
"Mark Sundman",3
"Marta Civil",3
"Martha Ackerman-Berrier",3
"Martin Reimann",3
"Mary P. Koss",3
"Masud Mansuripur",3
"Matthew A. Halanski",3
"Matthew Wenger",3
"Mazin Abdalgadir",3
"Md Nafis Ul Alam",3
"Melanie M. Kaelberer",3
"Melika Akbarsharifi",3
"Melissa A. Barnett",3
"Melissa A. Curran",3
"Melissa Dennis",3
"Melissa R. Warden",3
"Melissa Y. Delgado",3
"Mengwen Li",3
"Meredith A. Stone",3
"Micaela K Gomez",3
"Michael A. Crimmins",3
"Michael D. L. Johnson",3
"Michael E Daniel",3
"Michael F. Hammer",3
"Michael Frazure",3
"Michael J. Hegetschweiler",3
"Michel Corban",3
"Michel De Keersmaecker",3
"Michele Pacenti",3
"Minghao Yue",3
"Mirelli de Castro Cesário",3
"Misty Shah",3
"Moe Momayez",3
"Mohamed Ahmed",3
"Mohammad Maadani",3
"Mohammad Wali Ur Rahman",3
"Muhtasim Alam Chowdhury",3
"N. Mottern",3
"N.B. Barba",3
"NAFIS SHAMSID-DEEN",3
"Nancy Huynh",3
"Naomi Yescas",3
"Narayanan Rengaswamy",3
"Natalie H. Raia",3
"Natalie Mak",3
"Natalie Payne",3
"Nataliya Apanovich",3
"Nathan Cunicelli",3
"Nazende I. Kerkeser",3
"Neal R. Armstrong",3
"Nehaw Sarmey",3
"Neil M. Ampel",3
"Nesrine Rouini",3
"Nichlas M. Engels",3
"Nicholas Galouzis",3
"Nicole B. Kersting",3
"Nicole Lopez",3
"Nicole R. Jimenez",3
"Nikhil Dholaria",3
"Ning-ning Zhao",3
"Nipasiri Voraphani",3
"Nishant Satapathy",3
"Noah Encinas",3
"Noel A. Warfel",3
"Nolan McClain",3
"O. Guyon",3
"Olivia Y. Hung",3
"Onício Leal Neto",3
"Oren Tamir",3
"Orges Furxhi",3
"Pablo Moreno‐García",3
"Patrick Cornwall",3
"Patrick Murphy",3
"Paul A. Schutz",3
"Paul Kapp",3
"Paul M. Gignac",3
"Paul R. Sheppard",3
"Paul Schuler",3
"Pavel Polynkin",3
"Pavlo Krokhmal",3
"Pawel R. Kiela",3
"Pedro Paulo Balestrassi",3
"Photini F. Rice",3
"Pierre Lucas",3
"Pierre Nicolas",3
"Pintu Kumar Mahla",3
"Pouya Jalali Khalilabadi",3
"Pramesh Pudasaini",3
"Prem Kumar Govindappa",3
"Priyanka Ravi",3
"Purnima Madhivanan",3
"Quoc Vo",3
"R. John Hurlbert",3
"Rachel Schuurs",3
"Radha Gopalan",3
"Rama Mouhaffel",3
"Ramzi Ibrahim",3
"Raphael O. Adegbola",3
"Ravi Tandon",3
"Rebecca McGraw",3
"Refugio Sepulveda",3
"Richard A. Crosby",3
"Richard Orozco",3
"Rietta Wagoner",3
"Riley D. Hellinger",3
"Robert C. Wilson",3
"Robert G. Arnold",3
"Robert Honomichl",3
"Robert Lepore",3
"Robin B. Harris",3
"Roger Angel",3
"Rongchang Liu",3
"Rosanne M. Kho",3
"Rosemond S. Amamoo",3
"Roxana Akbarsharifi",3
"Rozhin Yasaei",3
"Ryan Mayer",3
"S. Silvestry",3
"S. Young",3
"Saad Kubba",3
"Sabine Obagi",3
"Sabrina Soin",3
"Sachin Chaudhary",3
"Sahar Davoudi",3
"Sally Radovick",3
"Saman Nematollahi",3
"Sandra Buttram",3
"Sandra Kurtin",3
"Sangkyu Noh",3
"Sanja Dmitrovic",3
"Santana S. Solomon",3
"Sara Shuman",3
"Sarah Britton",3
"Sarah Doyle",3
"Sarah Green",3
"Sarah Hennessy",3
"Sarah Noelle",3
"Sarah Sutton",3
"Sarthak Soin",3
"Sasha Taleban",3
"Sathyan Padmanabhan",3
"Sazzadur Rahaman",3
"Sebastian Ehmann",3
"Senseney, Megan",3
"Sergey Shkarayev",3
"Shagun Singh",3
"Shakuntala Devi Gopal",3
"Shalev Gad Roisman",3
"Shamele Battan-Wraith",3
"Shaobai Li",3
"Sharad Khurana",3
"Sharon B. Megdal",3
"Shelley Staples",3
"Shenfeng Qiu",3
"Shenghao Xia",3
"Shirin Doroudgar",3
"Shravan Aras",3
"Shufang Su",3
"Shujuan Li",3
"Simran Agarwal",3
"Siyuan Huang",3
"Sofia Hillman",3
"Sommer Aldulaimi",3
"Soumiya Ravi",3
"Spencer Bradshaw",3
"Stacey R. Tecot",3
"Stacy Ruther",3
"Stanley E Okosun",3
"Stanley Pau",3
"Stefanie Martinez‐Fuentes",3
"Stefano Bloch",3
"Stephen L. Buchmann",3
"Steven Bethard",3
"Steven L. Kuhn",3
"Suchithranga M.D.C. Perera",3
"Sudha Ram",3
"Sukumar Murali",3
"Sunday Oluwadamilola Usman",3
"Sung Eun Jung",3
"Susan A. Whitman",3
"Susan L. Beck",3
"Suzanne E. Kelly",3
"Sydney E. Friedman",3
"T. A. Stuber",3
"THÁYNA ALCÂNTARA VIERA LÚCIO",3
"Talal Moukabary",3
"Tamara K. Lawson",3
"Tanya V. Kalin",3
"Taylor Roloff",3
"Taylor S. Riall",3
"Tessa Provins",3
"Thaiane Foster",3
"Theresa Currier Thomas",3
"Tian Wang",3
"Tiffany Thanhtruc Pham",3
"Timothy Marlowe",3
"Timothy W. Secomb",3
"Tingrui Wang",3
"Tony Gaidici",3
"Trevor Huff",3
"Troy Tenney",3
"Tyler Jimenez",3
"Uddav Ghimire",3
"Unni Udayasankar",3
"V. J. Bray",3
"Vadim Pivniouk",3
"Varinia Felix",3
"Venkatesh K. Ariyamuthu",3
"Venkateswara Rao Manga",3
"Vijay Nafria",3
"Vikram Manikantan",3
"Vito A. Marino",3
"Vladimir V. Kalinichenko",3
"Walter Q. Betancourt",3
"Warren Lazar",3
"Wei Leong Tee",3
"Wenhua He",3
"Wenjun Kang",3
"Wenpan Li",3
"Willem van Leeuwen",3
"William O. Carson",3
"Xi Zhang",3
"Xiang Zhong",3
"Xiangyu Jin",3
"Xianyue Deng",3
"Xiaolong Ma",3
"Xueyan Zhang",3
"Yang Li",3
"Yang Zheng",3
"Yexin Pei",3
"Yike Xu",3
"Ying‐hui Chou",3
"Yinwei Zhang",3
"Yogesh Sutar",3
"Yongzhou Xue",3
"Yoonyoung Choi",3
"Yoshinobu Fudamoto",3
"Yuan Qiu",3
"Yuan Shang",3
"Yuxi Shen",3
"Zachary Bachler",3
"Zachary Elwell",3
"Zachary T. Compton",3
"Zafer Mutlu",3
"Zain Alabdain Alqattan",3
"Zak Webber",3
"Zelin Wang",3
"Zheng Zhang",3
"Zhengxiao He",3
"Zhiyu Dai",3
"Zhongying Ji",3
"Zicheng Deng",3
"A. E. Lowitz",2
"A. G. Lebed",2
"A. J. T. Jull",2
"A. Mathis",2
"A. R. Moore",2
"ALEXANDRE FERREIRA DE PINHO",2
"AMANDA CAROLINE SOARES",2
"ARTHUR LEANDRO GUERRA PIRES",2
"Aaron C. Llanes",2
"Abdelrahman M. Alsharif",2
"Abel Cherian",2
"Abhijeet Kumar",2
"Abhirup Basu",2
"Abidemi Okechukwu",2
"Abigail M. Schwarz",2
"Adam D. Printz",2
"Adam J. Nelson",2
"Adam M. Daly",2
"Adam Schilperoort",2
"Adrian Grijalva",2
"Adrien Bouskela",2
"Adrien Broquet",2
"Agata Buchwał",2
"Agha Wali",2
"Aidan A. Levine",2
"Ajibola David Adelakun",2
"Aki Ohdera",2
"Alaa Hamdoh",2
"Alan C. Newell",2
"Alan Kost",2
"Alane Blythe C. Dy",2
"Alba Filella",2
"Albert Kline",2
"Aleeca F. Bell",2
"Alesia M. Jung",2
"Alex Berian",2
"Alex Braithwaite",2
"Alex Fernandes de Souza",2
"Alexander B. Prescott",2
"Alexander J. Summers",2
"Alexandra D. Burnett",2
"Alexandre Ferreira de Pinho",2
"Alfred Fournier",2
"Ali A. Baaj",2
"Ali Azadi",2
"Ali McMichael",2
"Ali Mostafavi",2
"Alisia C. Tumac",2
"Alissa Davis",2
"Allan Jepson",2
"Alon Efrat",2
"Alysha Ramirez Hall",2
"Alyssa R. Padilla",2
"Amal Anilkumar",2
"Amanda Hughes",2
"Amber Spangenberg",2
"Amit Ashok",2
"Amna Hussein",2
"Amol Patwardhan",2
"Amrita Mukherjee",2
"Ana Isabel González Méndez",2
"Anantha Harijith",2
"Ananya Chakraborti",2
"Anderson Paulo de Paiva",2
"Andras Gáspár",2
"Andrea Nguyen",2
"Andrea Scorsoglio",2
"Andrea Thomer",2
"Andrei Sanov",2
"Andrei V. Astashkin",2
"Andrew Antaya",2
"Andrew C. Hostler",2
"Andrew Curley",2
"Andrew E. Dolphin",2
"Andrew E. Skodol",2
"Andrew J. Fuglevand",2
"Andrew J. Pizzimenti",2
"Andrew Jarymowycz",2
"Andrew P. Capaldi",2
"Andrew W. Hoyer",2
"Andrew West",2
"André Pettman",2
"Andréa Aparecida da Costa Mineiro",2
"Angela G. Marusiak",2
"Angelina Price",2
"Angie Torres‐Beltran",2
"Angus Hendrick",2
"Anh Evy Nguyen",2
"Anik Das",2
"Ann L. Baldwin",2
"Ann Shivers-McNair",2
"Anna Alkozei",2
"Anna Roche",2
"Anngela C. Adams",2
"Anoushka Chowdhary",2
"Anshu Kumar",2
"Anton Izosimov",2
"Antonin Affholder",2
"Anubhab Chakraborty",2
"Anup Shah",2
"Aqil Sajjad",2
"Arash Nikvar-Hassani",2
"Aref Smiley",2
"Ariel Rieffer",2
"Arielle Kanzler",2
"Arif Ahmed",2
"Arkadeep Roy",2
"Arlene N. Mahoney",2
"Armeen Mehrabani",2
"Arnaud D. Kazé",2
"Arthur C. Gibson",2
"Arushi M Chalke",2
"Ashish Singh",2
"Ashley J. Snider",2
"Ashton Huppert Steed",2
"Ashton N. Jorgensen",2
"Ashwani Gupta",2
"Ashwin Siby",2
"Asit Kumar Pradhan",2
"Aslam C. Shaikh",2
"Austin A. Lipinski",2
"Austin Cronen",2
"Austin L. Chien",2
"Austin Lever",2
"Ava G Naffah",2
"Avery DeVries",2
"Avnish Bhattrai",2
"Avtar Singh",2
"Ayman H. Fanous",2
"Ayna Tracy",2
"Azaria Suero-Davis",2
"B. G. Mayer",2
"B. J. Clarke",2
"BIANCA LAPA RIBEIRO",2
"BRUNO CALUZ PECHTEL GALBIATI",2
"Bai Hei",2
"Baker, Forrest L.",2
"Banan W. Otaibi",2
"Barry M. Pryor",2
"Basil Alshebel",2
"Batatinha, Helena",2
"Beamer, Paloma",2
"Beitel, Shawn",2
"Belinda Sun",2
"Ben Degain",2
"Ben Pascoe",2
"Ben Yang",2
"Benjamin E. Padilla",2
"Benjamin Thompson",2
"Benjamín Fraser",2
"Bhagya Subrayan",2
"Bijin Thajudeen",2
"Bikash Bhattarai",2
"Bin Liu",2
"Bonnie G. Colby",2
"Bonnie L. Hurwitz",2
"Bradley J. Monk",2
"Brandon Eich",2
"Breanna L. Sheldon",2
"Brendan Fenerty",2
"Brent J. Barber",2
"Brett A. Colson",2
"Brian Bell",2
"Brian Hsu",2
"Brian J. LeRoy",2
"Brian Lord",2
"Brian Miller",2
"Brian Toner",2
"Brody D. McElwain",2
"Bryan Carter",2
"Bryan Yavari",2
"Buffy Tso",2
"Bujji Ainapurapu",2
"Burgess, Jefferey L.",2
"C. Hahn",2
"C. J. Corbally",2
"C. June Maker",2
"C. Ken Smith",2
"C. Swathi K. Menon",2
"C. Uhland",2
"C. Veillet",2
"C. W. V. Wolner",2
"Caitlin Ruhland",2
"Caitlyn E. Flores",2
"Cameron Mailhot",2
"Cameron S. Malloy",2
"Camilo Salcedo",2
"Carlos Henrique Pereira Mello",2
"Carlos J. Vargas",2
"Carlos Lizarraga",2
"Carolanne Wartman",2
"Carolina I. Galaz-Montoya",2
"Caroline D. Cappello",2
"Caronae Howell",2
"Carrie Seay-Fleming",2
"Carrie Seay‐Fleming",2
"Carter Blouin",2
"Casey E. Romanoski",2
"Catherine Vasquez",2
"Cecilia Rosales",2
"Cecilia Sada Garibay",2
"Celina I. Valencia",2
"Chamikara Karunasena",2
"Chance Ronemus",2
"Chancellor Woolsey",2
"Chang Hoon Hahn",2
"Chang Jin Oh",2
"Chang‐Chun Chen",2
"Charles C. Hsu",2
"Chayan Roychoudhury",2
"Chen Chen",2
"Chenyue Fan",2
"Chen‐Wei Liu",2
"Chia-Lung Lin",2
"Chirag Kapadia",2
"Chris Lukinbeal",2
"Christa DeCoursey",2
"Christian Aguilar-Murrieta",2
"Christian Ayala-Ortiz",2
"Christian Cox",2
"Christina Greene",2
"Christine D. Butkiewicz",2
"Christoforus Bayu Risanto",2
"Christopher C. Glembotski",2
"Christopher D. Noble",2
"Christopher H. Baisan",2
"Christopher J. Frost",2
"Christopher K. Walker",2
"Christopher Lau",2
"Chuan Luo",2
"Chuanzhou Zhu",2
"Ciara Atkinson",2
"Ciara Garcia",2
"Cindy S. Bauer",2
"Claire Nielson",2
"Colby Thomas",2
"Colin E. Benites",2
"Collin T. Christy",2
"Cong Wang",2
"Connie A. Woodhouse",2
"Connor Wojtak",2
"Cori Daines",2
"Cortney J. Jessup",2
"Courtney Comrie",2
"Courtney Crosson",2
"Courtney J. P. Friesen",2
"Craig C. Weinkauf",2
"Craig Weber",2
"Cristina M. Padilla",2
"Cristina Valeriano",2
"Crystal Morales",2
"CÉSAR MENDES",2
"D. Hamara",2
"D. Lawrence Venable",2
"D.L. Mccreary",2
"DENISE RANSOLIN SORANSO",2
"Dakota M. Reinartz",2
"Dalal Alharthi",2
"Dallin Tavoian",2
"Damir Vukomanovic",2
"Dan Russomanno",2
"Dan S. Dhaliwal",2
"Dan Theodorescu",2
"Dan Yi",2
"Dana Floyd",2
"Dana Williams",2
"Dani Dellagiustina",2
"Daniel A. Velez",2
"Daniel Angel Bellido-Aguilar",2
"Daniel D. Taylor",2
"Daniel Derksen",2
"Daniel E. Cohen",2
"Daniel J. Williamson",2
"Daniel Jackson",2
"Daniel Laubitz",2
"Daniel Montez",2
"Daniel P. Marrone",2
"Daniel Shevelev",2
"Daniel W. Goldberg",2
"Daniel W. Spaite",2
"Daniela Triadan",2
"Danielle A. Becktel",2
"Darcey Lynn",2
"Darren A. Cusanovich",2
"Dathan Hamann",2
"David A. Bennett",2
"David A. Gonzales",2
"David Ahmadian",2
"David Bradford",2
"David Brady",2
"David Clausen",2
"David Frank",2
"David G. Besselsen",2
"David Herring",2
"David Robert Bradford",2
"David S. Margolis",2
"David T. Tzou",2
"David Wasiak",2
"Dawn H. Gouge",2
"Deandra Kuruppu",2
"Debaditya Raychaudhury",2
"Deborah A. Schaefer",2
"Deborah R. Morris",2
"Debra A. Stern",2
"Deepti Pagare Bhat",2
"Delaney A Drew",2
"Denis Ruzdija",2
"Dennis L. Lichtenberger",2
"Derek J. Burrell",2
"Devanshi Shukla",2
"Diak, Douglass M.",2
"Diana Daly",2
"Diana Khaziakhmetova",2
"Diego García",2
"Dilara J. Long",2
"Dillan Synan",2
"Dinusha C. Maheepala",2
"Divya Shah",2
"Dohoon Kim",2
"Dominique Galvez",2
"Donghyeon J. Khim",2
"Doorae Lee",2
"Douglas J. Hunsaker",2
"E. Begay",2
"E. Fiona Bailey",2
"E. Rayyan",2
"EDUARDA GANDINI CALHEIROS",2
"Eamonn McKenna",2
"Edgardo Sepúlveda",2
"Eduardo Zambrano",2
"Ehsan Azimi",2
"Ehsan Khajouei",2
"Eka Oktavia Kurniati",2
"Ekta Minocha",2
"Elana G. Alevy",2
"Eldridge Wisely",2
"Eleanor Patricia McBride",2
"Elena Cameron",2
"Elias O Higbie",2
"Elise Bouchal",2
"Elise N. Erickson",2
"Elizabeth Baldwin",2
"Elizabeth Connick",2
"Elizabeth Le",2
"Ellen K. Bledsoe",2
"Ellen R. Tierney",2
"Ellie Broadman",2
"Elzo Alves Aranha",2
"Emanuel M. Fonseca",2
"Emily A. Van Milligen",2
"Emily Gayle Flanigan",2
"Emily J. Van Etten",2
"Emma Kar",2
"Emma Marie Louis",2
"Emmanuel Brito",2
"Erica Cook",2
"Erica M. Weidler",2
"Erika Liktor‐Busa",2
"Erin K. George",2
"Ernest L. Vallorz",2
"Esteban Astiazarán-Symonds",2
"Estefania Ochoa Mora",2
"Ethan Lin",2
"Euan McLeod",2
"Eunkyung Cho",2
"Eva L. Peters",2
"Everett Schlawin",2
"Fahmida Alam",2
"Fangyue Zhang",2
"Farhan Babur",2
"Farshad Fani Marvasti",2
"Farshad M. Shirazi",2
"Farshad Yazdani",2
"Fawaz Stipho",2
"Federico Pederson",2
"Federico Yanquez",2
"Fenglian Pan",2
"Fernando D. Martínez",2
"Ferris A. Ramadan",2
"Fidel Saenz",2
"Flores, WariNkwi",2
"Franchell Vazquez",2
"Francisco Espinoza",2
"Frank G. Walter",2
"Frank W. Reichenbacher",2
"Frank von Hippel",2
"Frans E. Tax",2
"Fredric E. Wondisford",2
"Frédéric Marazzato",2
"Fulvio Melia",2
"Furlong, Melissa A.",2
"FÁBIO FAVARETTO",2
"G. Hosseinzadeh",2
"G.C. Gurtner",2
"Gabriel Geffen",2
"Gabriel Goulis",2
"Gabriela Valdez",2
"Ganesh Murthy",2
"Ganga Reddy Velma",2
"Gary L. Christopherson",2
"Gaurangi Raul",2
"Gayatri Vedantam",2
"Gene Alexander",2
"Genesis D. Arizmendi",2
"George B. Ruyle",2
"George E. Gehrels",2
"George L. Sutphin",2
"Gerardo Figueroa",2
"Gerrie P. Farman",2
"Ghartey, Elizabeth",2
"Ghassan Mouneimne",2
"Giovanni Barbagli",2
"Giovanni Sisti",2
"Girish Pathangey",2
"Glenn Schneider",2
"God’sgift N. Chukwuonye",2
"Goggy Davidowitz",2
"Gordon Hageman",2
"Govindaraj Ellur",2
"Grace C. Hathaway",2
"Grant Ferguson",2
"Grant West",2
"Gregory A. Carter",2
"Guangming Zhu",2
"Guillermo E. Ponce-Campos",2
"Guozhi Zhang",2
"Gurtina Besla",2
"Guy L. Reed",2
"H Le-Niculescu",2
"H. M. Abdul Fattah",2
"H.-Y. Zeng",2
"Haijiang Cai",2
"Haiyan Cui",2
"Haiyan Wei",2
"Haley Q. Marcarian",2
"Hallie R. Wachsmuth",2
"Hamed Tayyebi",2
"Hamidreza Behjoo",2
"Hamza Ghannam",2
"Hannah H Kim",2
"Hannah K. Friedrich",2
"Hannah L. Miller",2
"Hanqiu Zhao",2
"Haotang Li",2
"Harish Gudi",2
"Harish Vernekar",2
"Harrison Bradley",2
"Harrison J. Stratton",2
"Harry Mayrhofer",2
"Harvis Bamidele Saka",2
"Heather Gahler",2
"Heather Haeger",2
"Hee Jeong Kim",2
"Heidi M. Mettler",2
"Helen Magee",2
"Hercílio E. Zimila",2
"Hidehiko Ichimura",2
"Holli Horak",2
"Hong Ngoc Thuy Pham",2
"Hongyue Jin",2
"Hope Conrad",2
"Hope Dannar",2
"Hope Liou",2
"Horst Hahn",2
"Hoskin, Giovannah A.",2
"Hsin Wu Tseng",2
"Hsinchun Chen",2
"Hudson C. Kussie",2
"Huifang Li",2
"Hung N. Mai",2
"Hyeonah Kang",2
"I. Hubený",2
"I. Martini",2
"ISABEL CRISTINA DA SILVA ARANTES",2
"Ian L. Pepper",2
"Ibrahim Alyami",2
"Ilaria Fontana",2
"Ilaria Martini",2
"Iliana Reyes",2
"Iman Feiz‐Erfan",2
"Imran Patel",2
"Ina Sarčević",2
"Irasema Concepción Paster",2
"Irina P. Panyushkina",2
"Irshad Ali Sheikh",2
"Isabel Barton",2
"Isaiah Barnett-Moreno",2
"Ishika Girdhar",2
"Ivan E. Gaxiola",2
"J Sayegh",2
"J. A. Sellwood",2
"J. Chu",2
"J. Daniel Twelker",2
"J. E. Andrews",2
"J. Hader",2
"J. Ray Runyon",2
"J. Ross Buchan",2
"J. S. Adams",2
"J. W. Isbell",2
"JOAO LUIZ JUNHO PEREIRA",2
"Jack Joseph Brossart",2
"Jack Manley",2
"Jackson Dahn",2
"Jaclyn A. John",2
"Jacqueline Kunesh",2
"Jacqueline Melvold",2
"Jaden Todd-Nelson",2
"Jadwiga E. Pieper Mooney",2
"Jaelyn J. Eberle",2
"James B. Greenberg",2
"James Cardinal",2
"James F. Read",2
"James J. Potter",2
"James Kelley",2
"James Lee Hu",2
"James T. Watson",2
"Jamie L. Schafroth",2
"Jamie Pardini",2
"Jane Morrison",2
"Janet Nicol",2
"Janet Rothers",2
"Janet Roveda",2
"Janice Lee",2
"Janine E. Hinton",2
"Jared R. Robbins",2
"Jasmine Pramila Devadhasan",2
"Jason Agundez",2
"Jason D. Katz",2
"Jason D. Windingstad",2
"Jason DuPont",2
"Jason H. Karnes",2
"Jason Hoang",2
"Jason Katz",2
"Jason N. Katz",2
"Jason Pacheco",2
"Jason Turner",2
"Javan M. Bauder",2
"Jayati Chakrabarti",2
"Jayen Sum",2
"Jean-Paul Wiegand",2
"Jeanne E. Pemberton",2
"Jeannine E. Relly",2
"Jean‐Philippe Galons",2
"Jeff Ching-wen Chan",2
"Jeffrey C. Oliver",2
"Jeffrey Chen",2
"Jeffrey J. Sallaz",2
"Jeniffer de Nadae",2
"Jenna S. Green",2
"Jennifer Hyunkyung Lee",2
"Jennifer Roth‐Gordon",2
"Jennifer S. Carew",2
"Jennifer W. Koevary",2
"Jeong‐Yeol Yoon",2
"Jeremy C. Parkinson",2
"Jeremy Douthit",2
"Jerzy W. Rozenblit",2
"Jesse D. Woodson",2
"Jessica N. Schachtner",2
"Jialin Li",2
"Jian Gu",2
"Jill Guernsey de Zapien",2
"Jim A. Field",2
"Jing Huang",2
"Jing Zhao",2
"Jingjing Liang",2
"Jing‐Tzyh Alan Chiang",2
"Jinli Chen",2
"Ji‐Hyun Kim",2
"Joanna Joseph",2
"Jocelyn Navarro",2
"Joe K. Gerald",2
"Joel A. Biederman",2
"Joel Funk",2
"John C. Palumbo",2
"John L. Bass",2
"John M. Hill",2
"John M. Ruiz",2
"John M. Ryniawec",2
"John Picton",2
"John R. Schaibley",2
"John W. McLean",2
"John W. Olsen",2
"Johnny Sayegh",2
"Jolie, Ruth Burgett",2
"Jonathan A. Sullivan",2
"Jonathan Giezendanner",2
"Jonathan J. Derbridge",2
"Jonathan Jae-an Crisman",2
"Jonathan King",2
"Jonathan Lifshitz",2
"Jonathan M. Weinberg",2
"Jonathan P. Yasmeh",2
"Jong‐Hyun Jeong",2
"Joonkil Ahn",2
"Jordan Gotwalt",2
"Jose Daniel Castro-Cisneros",2
"Jose Oviedo",2
"Joseph A. Bonito",2
"Joseph Braasch",2
"Joseph C. Giacalone",2
"Joseph Marshall",2
"Joseph Sabat",2
"Joshua A. Levine",2
"Joshua Balderman",2
"Joshua Liberman",2
"Joshua Mack",2
"Joshua Magnus",2
"Joshua McBeth",2
"Josiane Palma Lima",2
"Josie L. Mazzone",2
"Joslyn K Beard",2
"Joyce A. Schroeder",2
"Ju Gao",2
"Judith S. Gordon",2
"Judy Marquez Kiyama",2
"Julia Jernberg",2
"Julia M. Fisher",2
"Julia Muldoon",2
"Juliana D. Panhorst",2
"Julie E. Miller",2
"Julieta Fernández",2
"Jun Zhao",2
"Justin Keogh",2
"Jón T. Njardarson",2
"K. A. Bostroem",2
"K. A. Misselt",2
"K. Hersom",2
"K. Sen",2
"Kabir M. Hossain",2
"Kai Rou Tey",2
"Kai Smith",2
"Kalyan Chaliki",2
"Kanwal Bains",2
"Kareem El Naamani",2
"Karla Granados",2
"Karla L. Vargas",2
"Karthik Ainapurapu",2
"Kate Shea",2
"Katherine A. Hovanes",2
"Kathleen M. Kahle",2
"Kathryn E. Stoner",2
"Katlyn Victoria Nickels",2
"Katsanis, Emmanuel",2
"Keith Primeau",2
"Kelly A. Reynolds",2
"Kelly Krohn",2
"Kelsey Bernard",2
"Kelsey McDermott",2
"Kelvin W. Pond",2
"Kenneth J. Kokroko",2
"Kenneth Marcelino",2
"Kenneth V. Iserson",2
"Kevin A. Laverty",2
"Kevin Hurtado",2
"Kevin K. Hardegree-Ullman",2
"Khaled A. Ismail",2
"Khanh Kieu",2
"Kiley Pauck",2
"Kimberly J. Doty",2
"Kimberly Peace-Tuskey",2
"Kira Zeider",2
"Kiyan Saissan",2
"Kobus Barnard",2
"Konan Hara",2
"Kory A. Johnson",2
"Kray Luxbacher",2
"Krishna Prasad Ghanta",2
"Krishnaswami Vijayaraghavan",2
"Kristen M. Martinet",2
"Kristen Zarrella",2
"Kristin E. Morrill",2
"Kristina Kupanoff",2
"Kristina Terrani",2
"Krystal Kern",2
"Kseniia Korchagina",2
"Kun Qi",2
"Kunal Sharma",2
"Kwaku Sarpong Danso",2
"Kylar Nietzel",2
"Kyle A. Smith",2
"Kyle Ettinger",2
"Kyle M. Koss",2
"Kyra N. Hermanson",2
"LAURA RIBEIRO BERNARDINO",2
"LEDYMAR FONCAULT MORENO",2
"LEONARDO ELIAS PEREIRA",2
"Lalitha Madhavan",2
"Lana S Elali",2
"Laura E. McCann",2
"Laura Mercer",2
"Laura Meredith",2
"Laura Miller",2
"Laurel Bellante",2
"Laurence H. Hurley",2
"Laurent Pagnier",2
"Lawrence J. Mandarino",2
"Layla C. Lucas",2
"Laçin İdil Öztığ",2
"Lea McDaniel",2
"Leah V. Steyn",2
"Lei Wang",2
"Leigh Anne Goodman",2
"Leila Ali-Akbarian",2
"Lela Rankin Williams",2
"Leonid Kunyansky",2
"Lesley A. Guareña",2
"Liam McCreary",2
"Liane Ruddy",2
"Liang Jiang",2
"Lihao Guo",2
"Lila Boz",2
"Liliana Tong",2
"Lily Whitler",2
"Ling He",2
"Ling-Yu Chou",2
"Lingling An",2
"Linh N. Tran",2
"Lisa Hamilton",2
"Lisa M. Grisham",2
"Lisa M. Kopp",2
"Lisa Tran",2
"Lisa White",2
"Liu, Tuo",2
"Liu, Yiwen",2
"Logan Pearce",2
"Louise Marie Roth",2
"Loukas Lazos",2
"Lowell R. Smith",2
"Lucas Smith",2
"Lucia A. Cherep",2
"Luis A. Robles",2
"Luis C. Moll",2
"Lumi Hissataka",2
"Lydia L. Jennings",2
"Lyndon Rakusen",2
"Lynn Nadel",2
"M. Bonner Denton",2
"M. Brio",2
"M. D. Meko",2
"M. Jimena Rodríguez",2
"M. Lacy",2
"M. Lundquist",2
"M. Narter",2
"M. Taghipour",2
"MANUELA CARVALHO LEONEL",2
"MATHEUS JUNIOR MARTINS DA SILVA",2
"MIRELLI DE CASTRO CESÁRIO",2
"Ma Ai Thanda Han",2
"Madhan Shanmugasundaram",2
"Madison Hillis",2
"Maeve Wallace",2
"Maisam Jafri",2
"Maiya Matthews",2
"Majd B. Aboona",2
"Manan Rana",2
"Mandi J. Corenblum",2
"Manny Montoya",2
"Manushag N. Powell",2
"Manzeal Khanal",2
"Mao Ding",2
"Marcel G. Schaap",2
"Marco A. Contreras",2
"Marcos Delgadillo",2
"Maria K. Fotinos",2
"Maria Manriquez",2
"Maria Porter",2
"Maria Pudoka",2
"Mariana Manriquez",2
"Mariana McCune",2
"Marianne S. Matthias",2
"Mariel Ma",2
"Mark Kear",2
"Mark Peterson",2
"Martha R. C. Bhattacharya",2
"Martin Demant",2
"Marwan Sheckley",2
"Mary Alt",2
"Mary C. Stiner",2
"Mary Jo Tippeconnic Fox",2
"Maryam Emami",2
"Maryam Vaezi",2
"María Luz Fernández",2
"María Torres",2
"María del Carmen Márquez Carrasco",2
"Masafumi Seigo",2
"Matthew A. Jenks",2
"Matthew J. Danley",2
"Matthew M. Murphy",2
"Matthew R. Lujan",2
"Matthew W. Redondo",2
"Maureen Kelly Galindo",2
"Md Mubarak Hossain",2
"Md. Iqbal Hossain",2
"Megan A. Carney",2
"Megan Carver",2
"Megan J. Cracchiolo",2
"Megan Mueller",2
"Megan S. Laham",2
"Meghan B. Spyres",2
"Mehedi Hasan",2
"Meiyu Zhong",2
"Melanie Gin",2
"Mengtao Tang",2
"Mengyang Chang",2
"Meredith Hay",2
"Meredith Hovis",2
"Meredith K. Kupinski",2
"Micah Etter",2
"Michael A. Brunke",2
"Michael D. Katz",2
"Michael Fallon",2
"Michael Katz",2
"Michael Mustri",2
"Michael Phillips",2
"Michael Prim",2
"Michael R Ruta",2
"Michael T. Hartley",2
"Michael W. Belin",2
"Michael W. Riggs",2
"Michelle E. Chang",2
"Michelle Valenti",2
"Miguel A. Alarcón",2
"Milad Hasankhani",2
"Miles Fule",2
"Milin Patel",2
"Mindy Burnett",2
"Mingrui Yuan",2
"Mingwu Wang",2
"Mintallah Mousa A. Allouzi",2
"Minwoo Ahn",2
"Minying Cai",2
"Miquel Simonet",2
"Miranda J. Anderson",2
"Mitchell Davis",2
"Mitchell Hernandez",2
"Mitchell J. Bartlett",2
"Mohamed Abdelhabib",2
"Mohamed Sennary",2
"Mohammad Pessarakli",2
"Mohammed Th. Hassan",2
"Mohan Tanniru",2
"Mohan V. Belthur",2
"Mohanad Al‐Obaidi",2
"Moira Smith",2
"Molli Bryson",2
"Molly G. Sekar",2
"Momen Alsayed",2
"Momoka Sugimura",2
"Morgan Choi",2
"Mriganka Singh",2
"Muhammad Jawad",2
"Muhammad Umar Jawad",2
"Mylabathula, Preteesh L.",2
"Mónica C. Acevedo-Molina",2
"Mónica Chadha",2
"N Anugu (21884495)",2
"N. Kerrison",2
"NIVALDO GONÇALVES DE FARIA",2
"Nahla Zaghloul",2
"Nana Adwoa A Amoh-Asante",2
"Natalia A. Ignatenko",2
"Natalie Brassill",2
"Natalie Iannuzo",2
"Natalya Foreman",2
"Nathalie C. Zeitouni",2
"Nathalie Risso",2
"Nathan A Fielder",2
"Nathan Lothrop",2
"Nathan O. Allen",2
"Nathan Price",2
"Nathaniel Kim",2
"Natnael Daba",2
"Natzem Lima",2
"Neelima Marupudi",2
"Neill Prohaska",2
"Nekabari Yakpogoro",2
"Nguyen Dinh-Hung",2
"Nguyễn Thanh Lâm",2
"Nicholas A. Delamere",2
"Nicholas Ashton",2
"Nicholas J. Strausfeld",2
"Nicholas Jonas",2
"Nichole D. Mahnert",2
"Nick Walton",2
"Nicola Baker",2
"Nicolas Deshler",2
"Nicole M. De La Peña",2
"Nicole Melso",2
"Nicolás Garavito-Camargo",2
"Nicolás I López-Gálvez",2
"Niemiro, Grace M.",2
"Nikita G. Alexiades",2
"Nina Ma",2
"Nina Santa-Cruz",2
"Nina Vadiei",2
"Nirav Merchant",2
"Nkwi Flores",2
"Noah W. Tuchow",2
"Nolan Dunn",2
"Norma J. Perez‐Brena",2
"Norma Patricia Silva Beltrán",2
"Norma Patricia Silva-Beltrán",2
"O. Kuhn",2
"Oksana Pivniouk",2
"Oliver L. Kortenkamp",2
"Olivia Healy",2
"Olivia Mitchel",2
"Olusola Olabisi Ogunseye",2
"Oluwayemisi O Ayoade",2
"Omar Meziab",2
"Orazio Amabile",2
"Owais Salahudeen",2
"Owyn Stokes",2
"P. A. Deymier",2
"P. Li",2
"Pamela G. Reed",2
"Paola Tonino",2
"Paraskevi Flouda",2
"Parker Liu",2
"Parthasaradhireddy Tanguturi",2
"Patricia Moreira",2
"Patricia Prelock",2
"Patricia Thompson",2
"Patrick Jedlowski",2
"Patrick Rivers",2
"Patrick T. Ronaldson",2
"Paul Dybskiy",2
"Paul J. Wagner",2
"Paul Wagner",2
"Paulo Castañeda",2
"Pengyu Liu",2
"Perry Gilmore",2
"Peter C. Ellsworth",2
"Peter W. Jurutka",2
"Peter Waller",2
"Peña, Nicole A.",2
"Phillip H. Kuo",2
"Piaoran Ye",2
"Pierce Longmire",2
"Pintu Mahla",2
"Piper Sledge",2
"Pouria Mostafizi",2
"Pouya AliPanahi",2
"Pranabendu Moitra",2
"Pravarakhya Puppalla",2
"Preetesh L. Mylabathula",2
"Priscilla Magrath",2
"Prosanta Barai",2
"Prosper Babon-Ayeng",2
"Qiong Pan",2
"Qurat Ul An Sabir",2
"R A Bhalerao",2
"R. John Koshel",2
"R. P. J. Tilanus",2
"R.P. Erickson",2
"Rachel Battershell",2
"Rachel Cramton",2
"Rachel Munn",2
"Rafael A. Buerba",2
"Rafael Romero",2
"Ramandeep Kaur",2
"Randal O. Dull",2
"Rashi Bhushan",2
"Ravindra Dwivedi",2
"Ravishankar Palanivelu",2
"Ravitharan Krishnadasan",2
"Raymond J. Hawkins",2
"Raymond Q. Migrino",2
"Reagan Conner",2
"Rebecca Burton",2
"Rebecca C. Levy",2
"Rebecca Su",2
"Rees L. Lee",2
"Rein Anton",2
"Remo Nitschke",2
"Renée A. Duckworth",2
"Reyes Sierra‐Álvarez",2
"Ricardo Valerdi",2
"Richard E. Michod",2
"Richard L. Auran",2
"Richard L. Donnerstein",2
"Richard S. Glass",2
"Richard Towbin",2
"Richard V. Chua",2
"Richard W. Stoffle",2
"Rita Palanjian",2
"Robert Henderson",2
"Robert M. Blew",2
"Robert Melikyan",2
"Robert P. Stephan",2
"Robert Pollack",2
"Robert W. Bina",2
"Robson Cristiano Lillo Vizin",2
"Rodrigo Valenzuela Cordova",2
"Rogelio Robles‐Morales",2
"Rohan Bali",2
"Roland Himmelhuber",2
"Romi Castillo",2
"Ron B. Schifman",2
"Ron Driggers",2
"Ronald L. Breiger",2
"Ronald L. Heimark",2
"Rong Bai",2
"Ronnakrit Rattanasriampaipong",2
"Rorie Kleinsasser",2
"Rosa I. Luna-Ramirez",2
"Roselyn S. Amamoo",2
"Ruhul Ali Khan",2
"Rui Chang",2
"Rukayat Aromokeye",2
"Ruoshan Lan",2
"Russell B. Toomey",2
"Russell K. Monson",2
"Ruth E. Taylor‐Piliae",2
"Ruth M. López",2
"Ryan A. Bunyard",2
"Ryan Shin",2
"Ryan Walton Mitstifer",2
"S. Hyman",2
"S. Wyatt",2
"SAILENDRA CHUNDU",2
"Saad Sammani",2
"Sabrina M. McNew",2
"Sadaf Raoufi",2
"Sadhana Ravishankar",2
"Sage Quiggle",2
"Said Attalah",2
"Saif Mashaqi",2
"Salvatore C. Lettieri",2
"Samantha J. Werts",2
"Samara Klar",2
"Sambamurthy Chandrasekaran",2
"Samuel Byrne",2
"Samuel D. Crossley",2
"Samuel Unzek",2
"Sandip Ashok Sonar",2
"Sandiway Fong",2
"Sandra Ortega Ramirez",2
"Sandy Klasa",2
"Sanjay Polisetty",2
"Santana Solomon",2
"Sara C. Kisiel",2
"Sarah A. Mathena",2
"Sarah Barrales",2
"Sarah Bratt",2
"Sarah George",2
"Sarah L. Cohen Rassier",2
"Sarah M. Prasek",2
"Sarah M. Tyler",2
"Sarah Turner",2
"Sarrah Hannon",2
"Saurabh Kaushik",2
"Savdeep Singh",2
"Scott C. Silvestry",2
"Scott J. Sherman",2
"Sean Bong Lee",2
"Sean J.X. Chen",2
"Sean Lee",2
"Sean M. Mahoney",2
"Sean P. Elliott",2
"Sebastian Zeltzer",2
"Seckeler, Michael D.",2
"Senthil Kumar Thulasingam",2
"Seokjun Youn",2
"Seong-won Han",2
"Seph M. Palomino",2
"Sergio Yanez-Pagans",2
"Serkan Aglasan",2
"Seth Asare Okyere",2
"Shahriar Golchin",2
"Shailender S. Chauhan",2
"Shane Byrne",2
"Shannon Alsobrooks",2
"Shannon McCabe",2
"Shantom Kumar Borah",2
"Shaowen Bao",2
"Shashank Yadav",2
"Sheila E. Whitman",2
"Sheila M. Gephart",2
"Sheila Soto",2
"Shelby Herrick",2
"Shengyi Shen",2
"Sheyda Mesgarzadeh",2
"Shima Sadri",2
"Shirzad Hosseinverdi",2
"Shivanand Bomman",2
"Shreya P. Ramkumar",2
"Shuang Wu",2
"Shuyuan Guan",2
"Siamac Yazdchi",2
"Simar Singh",2
"Simpson, Richard J.",2
"Smith, Kyle A.",2
"Snider, Justin M.",2
"Solvay Blomquist",2
"Sona Wolf",2
"Song Yi Kim",2
"Songcui Hu",2
"Sonia Colina",2
"Soodabeh Namdari",2
"Sophia Buttny",2
"Soumya Reddy Musku",2
"Sowjanya Yenigalla",2
"Srikar R. Adhikari",2
"Srinivasa Sunil Chippada",2
"Stefan Forschner",2
"Stefanie M. Novak",2
"Steffan T. Nawrocki",2
"Stephanie Doner",2
"Stephanie Mallahan",2
"Stephanie Matijevic",2
"Stephanie Nulty",2
"Stephanie Slinski",2
"Stephen A. Klotz",2
"Stephen G. Kukolich",2
"Stephen J. Scholand",2
"Stephen L. Cowen",2
"Steven Dudick",2
"Steven W. Leavitt",2
"Stuart A. Craig",2
"Subodh Kumar Samrat",2
"Suchol Savagatrup",2
"Sukhwan Jung",2
"Sultana Mojadidi",2
"Sun Yong Kim",2
"Sunder Sethuraman",2
"Sunwoo Lee",2
"Supranta S. Boruah",2
"Susan Brewer-Osorio",2
"Susan Hamman",2
"Sushmita Bhandari",2
"Sydney Cordova",2
"T. Burton",2
"Taejeong Song",2
"Tahsin Afroz Hoque Nishat",2
"Tai Kong",2
"Taiwo Ajayi",2
"Takeshi Inomata",2
"Tala Curry",2
"Talia G. Anderson",2
"Talitha H. Neesham-McTiernan",2
"Tamar Kugler",2
"Tara Ghalambor",2
"Tarek Masannat",2
"Tatiana Rastoskueva",2
"Taucia González",2
"Tauhidur Rahman",2
"Ted Liang-Tai Lee",2
"Teng Ma",2
"Teodora Georgieva",2
"Terry L. Hunt",2
"Thabo Makgoale",2
"Thais Rodrigues Cons",2
"Theresa A. Grebe",2
"Tho H Pham",2
"Thomas C. Moore",2
"Thomas Christiano",2
"Thomas G. Knapp",2
"Thomas Koch",2
"Thomas Q. Zheng",2
"Tiago Martins de Azevedo",2
"Tian-Chyi Jim Yeh",2
"Tiantian Zhou",2
"Tianyang Xie",2
"Tianyi Wang",2
"Tiffany M. Zúñiga",2
"Tiffany N. Luu",2
"Timothy M. Kuzel",2
"Timothy R Harris",2
"Tobias Jakobi",2
"Tom Kennedy",2
"Tonatiuh Sánchez-Vizuet",2
"Torsten Falk",2
"Trish Elliott",2
"Ty P. A. Ferré",2
"Tyler A. On",2
"Tyler Brady",2
"Tyler Gallo",2
"Unai Urreiztieta",2
"Valerie R. Milici",2
"Vance G. Nielsen",2
"Vanessa M. Huxter",2
"Varner, Alana",2
"Vasilis Tsakagiannis",2
"Velma Ganga Reddy",2
"Victor Okpanachi",2
"Victoria Curfman",2
"Victoria J. Luizzi",2
"Victoria Obergh",2
"Vigyasa Singh",2
"Vikas Yadav",2
"Vlad K. Kumirov",2
"Vladimir I. Vladimirov",2
"Vrinda Arora",2
"W. B. Hubbard",2
"W.R. Montfort",2
"Waleed M. Elhelaly",2
"Wanda Moore",2
"Wei Xu",2
"Wei Zhou",2
"Weizhu Yang",2
"Wen Zhang",2
"Wenting Luo",2
"Wilber Su",2
"William J. Degnan",2
"William Lainhart",2
"Winona C. Esher",2
"Wujing Dai",2
"Xiaodong Yan",2
"Xiaolong Lu",2
"Xiaoqin Fu",2
"Xu Han",2
"Xuan Li",2
"Xuan Lü",2
"Y. G. Li",2
"Yan Liang",2
"Yang Wang",2
"Yang Zhan",2
"Yang Zhang",2
"Yanhao Jiang",2
"Yasaman Fazeli",2
"Yash Rohilla",2
"Yasmine Tabdili",2
"Yeonjin Baek",2
"Yevheniia Varyvoda",2
"Yichen Liu",2
"Yicheng Leng",2
"Yilin Liu",2
"Yiwen Liu",2
"Yotam Shmargad",2
"Youkun Huang",2
"Youngsik Kim",2
"Yousra Abourehab",2
"Yu Shi",2
"Yuhua Yu",2
"Yunjia Yang",2
"Z Nicolazzo",2
"Z. Zeszut",2
"Zaraq Khan",2
"Zdeněk Slanina",2
"Zhaowei Chen",2
"Zhaoxin Zhang",2
"Zhennan Wang",2
"Zhenyu Qi",2
"Zhi Li",2
"Zhiren Wang",2
"Zhuangzhuang Chen",2
"Zichan Wang",2
"Ziqi Wang",2
"Ziyang Liu",2
"Ziyuan Wang",2
"Zuyi Chen",2
"Zuzana Adams",2
"Zúñiga, Tiffany M.",2
"von Hippel, Frank A.",2
"A A Sefilian",1
"A Albright",1
"A Marcelo Martínez",1
"A Nejad",1
"A Reichsfeld",1
"A. Akoglu",1
"A. Barros",1
"A. Bejarano",1
"A. C. Becker",1
"A. Chandrasekar",1
"A. Derma",1
"A. Dixon-Kleiber",1
"A. Ederer",1
"A. G. Safarova",1
"A. Harrison",1
"A. K. Bhatia",1
"A. M. Parks",1
"A. Nelson",1
"A. P. M. Towner",1
"A. R. Doery",1
"A. R. Gibbs",1
"A. Ramachandra Rao",1
"A. Robert ROOT",1
"A. Rosenbaum",1
"A. S. G. Robotham",1
"A. S. McEwen",1
"A. Saravana",1
"A. Schilling",1
"A. Suttichodkul",1
"A. Taborovets",1
"A. Tatsch",1
"A. Vicenti",1
"A. Vijaykumar",1
"A.G.J. Holt",1
"A.P. Zhukov",1
"AB Niculescu",1
"AMANDA DE CASSIA TOLEDO ALMEIDA BRAGA",1
"ANA BEATRIZ DA SILVA",1
"ANA BEATRIZ GONÇALVES DUARTE",1
"ANA CAROLINA GONÇALVES DA SILVA",1
"ANA CLARA CUNHA MONTEIRO",1
"ANA FLÁVIA DE OLIVEIRA CARVALHO",1
"ANDREZA DE AGUIAR HUGO",1
"ANDRÉ SILVEIRA TURRIONI",1
"ARTUR XAVIER REIS",1
"ATILIO FERNANDO PILATI NETO",1
"Aamir Raj Lamichhane",1
"Aaron Bugaj",1
"Aaron Byrd",1
"Aaron L Heston",1
"Aaron Larsen",1
"Aaron Middleton",1
"Aaron W. McGee",1
"Aaron Young",1
"Aazam Virani",1
"Abarajithan Chandrasekaran",1
"Abbas Soroush",1
"Abdul Ahad Khan",1
"Abdul Masri",1
"Abdullah Mohammad Tanvirul Hoque",1
"Abe Macy",1
"Abeeha Naqvi",1
"Abhilasha Vishwanath",1
"Abhiram Nandimandalam",1
"Abhishek C. Sawant",1
"Abhishek Nanoti",1
"Abigail Camenisch",1
"Abigail Little",1
"Abigail Page",1
"Abishek Adhikari",1
"Abolhassan Mohammadi Fathabad",1
"Abra McAndrew",1
"Abram Young",1
"Abu S.M.G. Kibria",1
"Adam Block",1
"Adam C. Carl",1
"Adam Clark",1
"Adam Dean",1
"Adam Douglas Henry",1
"Adam Gelman",1
"Adam Grabowski",1
"Adam Habib",1
"Adam Skora",1
"Adam Ziegler",1
"Adan Baca",1
"Addison Plummer",1
"Addison Seckar-Martinez",1
"Addison William Alley",1
"Adel Al-Ghazwi",1
"Adeline Gan",1
"Adeyemi A. Adebiyi",1
"Aditi Birwadkar",1
"Aditya Dutt",1
"Aditya P. Adiredja",1
"Adrian Delgadillo",1
"Adrian Drake De la Peña",1
"Adrian J. Wurr",1
"Adrian T. Onyx",1
"Adrienne C. Scheck",1
"Adrienne Hollen",1
"Adèle Plat",1
"Afridi Hasan",1
"Agrim Sachdeva",1
"Ahmad Shamail",1
"Ahmed Albadi",1
"Ahmed Eid",1
"Ahmed Elkamel",1
"Ahmed Hussain J Alhamadah",1
"Ahmed Khalil Attia",1
"Ahmed Saleh",1
"Ahmet B. Gungor",1
"Aida Calderón‐Rivera",1
"Aidan Fritzler",1
"Aidan McMahon",1
"Aidan Rhodes",1
"Aiden Abidov",1
"Aiden M. Phoebe",1
"Aileen Gabriel",1
"Ainslie E. Schultz",1
"Aiza Kabeer",1
"Ajay Doniparthi",1
"Akhil Baby",1
"Aki Hara",1
"Akira Folk",1
"Akshita Sharma",1
"Al Conrad",1
"Aladdin H. Shadyab",1
"Alan E. Bernstein",1
"Alan J. Welch",1
"Alan Johnston",1
"Alan Juarez",1
"Alan Salciccioli",1
"Alana M. Hendrickson",1
"Alannah Bell",1
"Albert Alan",1
"Albertina Antognini",1
"Alec Frisvold",1
"Alec Maloney",1
"Alejandro Nava",1
"Alejandro Recio Boiles",1
"Aleksey Prok",1
"Aleksi J. Hendricks",1
"Alena Wigodner",1
"Alessandra Fistrovich",1
"Alessandro Guimarães",1
"Alex Burton",1
"Alex Gardner",1
"Alex H. Brown",1
"Alex Higuera Piere Noel",1
"Alex Higuera Pierre Noel",1
"Alex Karnish",1
"Alex Lanthiez",1
"Alex Ponce",1
"Alex Ruuska",1
"Alex Ryan",1
"Alex Saunders",1
"Alexa Aucoin",1
"Alexa Cook",1
"Alexa Martinez",1
"Alexa R. Marcovecchio",1
"Alexander A. Stewart",1
"Alexander B. Neely",1
"Alexander B. Niculescu",1
"Alexander Berian",1
"Alexander Danehy",1
"Alexander G. Hilser",1
"Alexander M. Simon",1
"Alexander M. Stewart",1
"Alexander N. Rose",1
"Alexander W. Martin",1
"Alexandra M. Garvin",1
"Alexandra McNally",1
"Alexandra Nguyen",1
"Alexandra Shilen",1
"Alexandra Trahan",1
"Alexandre Emsenhuber",1
"Alexandre Florent Nolin",1
"Alexandria Renault",1
"Alexandros Moniakis",1
"Alexe G. Delval",1
"Alexey V. Dvornikov",1
"Alexis Aguilar",1
"Alexis B. Cruickshank‐Taylor",1
"Alexis C. Bailey",1
"Alexis Elliott",1
"Alexis N. Garcia",1
"Alexis N. Goad",1
"Alexsia Martinez",1
"Alfred L.M. Bothwell",1
"Ali Arjmandi",1
"Ali Baaj",1
"Ali Qasemi",1
"Ali Rıza Köksal",1
"Ali Talib Mohammed",1
"Alice E Solomon",1
"Alice Kwak",1
"Alicia Kaneb",1
"Alicia Monzalvo Curiel",1
"Aline Cristina Maciel",1
"Alisia C. Gunderson",1
"Alison Elder",1
"Alison Ercole",1
"Alison Luongo",1
"Alison Mirin",1
"Alison Stopeck",1
"Allan J. Hamilton",1
"Allan T. Mense",1
"Allen T. Yu",1
"Allie Blackham",1
"Allie Denham",1
"Allison Rubenok",1
"Allison Staib",1
"Allison Stuewe",1
"Allison Yu-Chin Chen",1
"Allistair Nathan",1
"Allysha Yasuda",1
"Allyson Molzahn",1
"Allyson Placko",1
"Alma Anderson",1
"Alma Reasoner",1
"Alma Tejeda Padron",1
"Alondra Cardona",1
"Alyssa Little",1
"Alyssa N. Garcia",1
"Alyssa Robillard",1
"Alyssa Sachs",1
"Amadou Tall",1
"Amal Yousseef",1
"Aman Chandra",1
"Amanda Carvalho",1
"Amanda H. Gong",1
"Amanda Howe",1
"Amanda Hurtig",1
"Amanda Parkman",1
"Amanda Sokan",1
"Amanda Triplett",1
"Amanda da Silva Salomão",1
"Amani Albadawi",1
"Ambar Andrade",1
"Amber Gordon",1
"Amber M. Dalke",1
"Amber N. Clements",1
"Amber Parker",1
"Ameer Nessaee",1
"Amelia B. Knochel",1
"Amelia Luadtke",1
"Amir Mohammad Esmaieeli Sikaroudi",1
"Amir Ouyed",1
"Amir Parsa Abhari",1
"Amir-Mohammad Esmaieeli-Sikaroudi",1
"Amit Amra",1
"Amit Arora",1
"Ammoose K. Jayan",1
"Amnon Rapoport",1
"Amritpal Kooner",1
"Amy C. Kimme Hea",1
"Amy Davis",1
"Amy Fountain",1
"Amy Hermann",1
"Amy Mainzer",1
"Amy Skarsfeldt",1
"Ana Acuña Morales",1
"Ana Carvalho",1
"Ana Izabella Freire",1
"Anastasia Amoiroglou",1
"Anastasiia Vasileva",1
"Anastasija Martinovic",1
"Anastasiya Pocheptsova Ghosh",1
"Anca Barla",1
"Andee Lister",1
"Andi Medrano",1
"Andre F. Wong",1
"Andrea Aguirre",1
"Andrea Alatorre",1
"Andrea Carolina Vazquez-Loreto",1
"Andrea F. Corral",1
"Andrea Ferrari",1
"Andrea Gonzolez",1
"Andrea L. Casillas",1
"Andrea M Coppola",1
"Andrea Moreno",1
"Andreas Damianos",1
"Andrei Alexandrov",1
"Andres D. Vizzerra",1
"Andres Galves",1
"Andrew E. Page",1
"Andrew G. Kunihiro",1
"Andrew G. Lee",1
"Andrew Ishikawa",1
"Andrew J. Dull",1
"Andrew Kim",1
"Andrew L. Paek",1
"Andrew M. Welch",1
"Andrew N. Patton",1
"Andrew N. Youdin",1
"Andrew P. Maurer",1
"Andrew Rivera",1
"Andrew Sheen",1
"Andrew Steinmetz",1
"Andrew T. Powell",1
"Andrew Talon",1
"Andrew Tang",1
"Andrew W. Legan",1
"Andrew Wang",1
"Andrew Wedel",1
"Andrew Zaffos",1
"Andréia Z. Chignalia",1
"Andy Monson",1
"Anesu S. Masango",1
"Ang Li",1
"Angela Mariah Locke",1
"Angela Monetathchi",1
"Angela Puthenveetil",1
"Angela White",1
"Angelica Galdamez-Avila",1
"Angelina Serratos",1
"Angus Kennedy",1
"Angus Leydic",1
"Ani Chitransh",1
"Anil Minocha",1
"Anirban Kundu",1
"Anisha Apte",1
"Anita Bharath",1
"Anja C. Mortensen",1
"Anjali Ashtaputre",1
"Anjali S. Kumar",1
"Ankit Tripathi",1
"Ann H. Harris",1
"Ann M. Lynch",1
"Ann Youberg",1
"Anna Catherine Lemon",1
"Anna Dornhaus",1
"Anna Hyndych",1
"Anna L. Waterbrook",1
"Anna M. Murveit",1
"Anna Marcucci",1
"Anna Medvedovsky",1
"Anna Nguyen",1
"Anna Rebaza Morillo",1
"Anna Ruth Taylor",1
"Anna Sanova",1
"Anna Williams",1
"Anna‐Karin Hurtig",1
"Anne L. Wright",1
"Anne M. Anderson",1
"Anne M. Macy",1
"Anne M. Wertheimer",1
"Anne Margaret Chenchar",1
"Anne Pippin Burnett",1
"Anne R. Titelbaum",1
"Anne Shearin",1
"AnneLeigh Twer",1
"Annemarie Anderson",1
"Anngela Christina Adams",1
"Annie Abraham",1
"Annie I. Chen",1
"Anshul Arora",1
"Anthony E. Somers",1
"Anthony J. Dant",1
"Anthony J. Pawlicki",1
"Anthony M. Avellino",1
"Anthony Maltagliati",1
"Antonio Coronado",1
"António Guimarães",1
"Antônio Carlos Ancelotti",1
"Antônio Fernando Branco Costa",1
"Anubhuti Sharma",1
"Anupam Singh",1
"Anusha Sunkara",1
"Anushree Acharya",1
"Anya Deleeuw",1
"Anya R de Leeuw",1
"Aoife M. Ryan",1
"Aparna Nallagangula",1
"April M Wagner",1
"April Olson",1
"April Wayne",1
"Araceli Hernandez Granados",1
"Araceli Hernández-Granados",1
"Aram S. Mardian",1
"Arash Sabati",1
"Argelia Benavides",1
"Arianna Q. Tariqi",1
"Ariel L Negrón",1
"Arielle K Nilsson",1
"Arin C. Haverland",1
"Arjun Ganesh",1
"Arjun Vohra",1
"Arlie Adkins",1
"Arman Dabiri",1
"Armin Talle",1
"Arpita Gulati",1
"Arshin Ghaedi",1
"Artem A. Trotsyuk",1
"Arthur C. Riegel",1
"Arthur Zhang",1
"Arturo Lujan",1
"Arum Park",1
"Arunbalaji Pugazhendhi",1
"Aryan Eksambe",1
"Aryan Pathare",1
"Asem Hassan",1
"Ash Black",1
"Ashleigh Horton",1
"Ashley B. Vincent",1
"Ashley Campbell",1
"Ashley Green",1
"Ashley Kern",1
"Ashley Kuelz",1
"Ashley Larsen",1
"Ashley Limbaugh",1
"Ashley Michael",1
"Ashley N. Tittelbaugh",1
"Ashley Stava",1
"Ashlyn Zilch",1
"Ashwani Kumar Gupta",1
"Athena Allred",1
"Athip Thirupathi Raj",1
"Atifa Rawan",1
"Atkin J. Hyatt",1
"Atticus Jaramillo",1
"Aubin Moutal",1
"Audra Vincent",1
"Auhona Shil",1
"Austin A. Frisbey",1
"Austin Cruz",1
"Austin M Pickrell",1
"Austin M. Deffner",1
"Austin Mears",1
"Austin Medina",1
"Austin Mineer",1
"Austin R. Cruz",1
"Austin T. Chang",1
"Ava A. Delu",1
"Ava A. Pal",1
"Ava Azadi",1
"Ava Doty",1
"Avantika Mitbander",1
"Avelino F. Arellano Jr.",1
"Avery M. Miller",1
"Avery White",1
"Avin Aggarwal",1
"Aws Alameri",1
"Ayan N. Batyrkhanov",1
"Ayeisha Rosa Hernandez",1
"Azalee Bostroem",1
"Azmat Sidhu",1
"B Barness",1
"B. B. Carr",1
"B. Collura",1
"B. G. Pope",1
"B. Jason Brotherton",1
"B. Murphy",1
"B. Roy Frieden",1
"B. S. Tober",1
"B.B. Feng",1
"BRUNO VINICIUS GOMES GARLETTI",1
"BWP Lew (21924530)",1
"Babak Sarani",1
"Bailey Lockwood",1
"Balaji Tamarappoo",1
"Baldassarre Stea",1
"Ban T. Saber",1
"Bang Quan Zheng",1
"Barbara A Else",1
"Barbara Hutchinson",1
"Barbara J. Meyer",1
"Barbara J. Mills",1
"Barbara Norrander",1
"Barbara Sands",1
"Barbora Vagnerova",1
"Bardia Lajevardi",1
"Bardia Nabavi",1
"Barry D. Weiss",1
"Basil Alshebe",1
"Bayu Dharmala",1
"Becca Slepian",1
"Beichuan Zhang",1
"Bekir Şanal",1
"Ben Lee",1
"Ben McMahan",1
"Ben Rembetski",1
"Ben Xu",1
"Benito Sánchez Rodríguez",1
"Benjamin Bakall",1
"Benjamin Cvarch",1
"Benjamin D. West",1
"Benjamin F Watzig",1
"Benjamin Fraser",1
"Benjamin G. Perkins",1
"Benjamin N. Lawrance",1
"Benjamin Richmond",1
"Benjamin Watzig",1
"Benoit Revil-Baudard",1
"Benson Lagusis",1
"Bethany Bruzzi",1
"Bethany R. Lutovsky",1
"Bethany T. Obernesser",1
"Bethany Y. Norton",1
"Betsy K. Smith",1
"Betty Truong",1
"Bharat Kumar Pathivada",1
"Bharath Velamala",1
"Bhaskar Banerjee",1
"Bhavik Rajaboina",1
"Bhavya Makkar",1
"Bhupinder Natt",1
"Bhupinder Singh",1
"Bhuvi Mamtani",1
"Bijan J. Borah",1
"Bijoy Dripta Barua Chowdhury",1
"Bijun S. Kannadath",1
"Bill Gray",1
"Bill Hoffmann",1
"Bill Verts",1
"Billal Mohmand",1
"Bingqiang Wen",1
"Birte Aggeler",1
"Bital Savir-Baruch",1
"Blair Jensen",1
"Blaire E. Bas",1
"Blake Civello",1
"Blake Mertz",1
"Blake Williams",1
"Blaze Smith",1
"Blessing Adejo",1
"Bo Hu",1
"Bo Liu",1
"Bo Sun",1
"Bob Griffin",1
"Bonnie Buntain",1
"Boyu Zhou",1
"Bo‐Han Wu",1
"Brad Askam",1
"Bradley Khanthaphixay",1
"Bradley Steiner",1
"Bradley W. Schmitz",1
"Branden Lau",1
"Brandon Friedman",1
"Brandon Joseph Martínez",1
"Brandon K Dahl",1
"Brandon M. Strange",1
"Brandon Mayer",1
"Brandon T. Bishop",1
"Brandon Toshio Miura-Akagi",1
"Brandon Zhang",1
"Brandy Havens",1
"Bree Rodriguez",1
"Brenda Granillo",1
"Brenda L. Frye",1
"Brenda M. Alexander",1
"Brendan Andres",1
"Brendan Bertone",1
"Brendan F. Riske",1
"Brenna N. McIntyre",1
"Brent Cernyar",1
"Brett Duane",1
"Brett Torrel",1
"Brian Appavu",1
"Brian F. Gootee",1
"Brian Gaudet",1
"Brian Hilligoss",1
"Brian Kim",1
"Brian Lightwine",1
"Brian M. Fung",1
"Brian Richard",1
"Brian S. Kinsey",1
"Brian S. Y. Kim",1
"Brian Scaramella",1
"Briana A. Guzman",1
"Briana Choi",1
"Briana L. Silvestri",1
"Brianna R. Billingsley",1
"Brianna Valencia",1
"Bridget Taylor",1
"Bridgett I. Holman",1
"Brielle Edwards",1
"Brina B. Martinez",1
"Brinton Roberta",1
"Brock Hay",1
"Brock Parker",1
"Brodi Stevens",1
"Brooke Liang",1
"Brooke Moreno",1
"Brooke Rabe",1
"Bruce Barnhart",1
"Bruce D. Johnson",1
"Bryan A. Cotton",1
"Bryan Abbott",1
"Bryan Angelo P. Roxas",1
"Bryan Meadows",1
"Bryan P. Schwartz",1
"Bryce Pasko",1
"Bryden Cais",1
"Bsn Price",1
"Bumjoon Kim",1
"Byunghoo Song",1
"BÁRBARA DE OLIVEIRA RIBEIRO",1
"Bülent Yılmaz",1
"C Burns",1
"C Dennis",1
"C Kent Kwoh",1
"C LIN",1
"C Watchman",1
"C. Adeene Denton",1
"C. Anwar A. Chahal",1
"C. Beard",1
"C. D. Cochran",1
"C. Goettl",1
"C. Guerrero",1
"C. Hofmann",1
"C. Irwin",1
"C. James Kirkpatrick",1
"C. L. Ransome",1
"C. Lewicki",1
"C. Liu",1
"C. M. Hill",1
"C. M. Martus",1
"C. Mónica Capra",1
"C. Ottenheijm",1
"C. R. Lawrence",1
"C. T. Tsai",1
"C. W. Cook",1
"C. W. Coon",1
"C. W. Hergenrother",1
"C.F. Palma",1
"C.J. Perkins",1
"C.K. Reynolds",1
"C.P. Gerba",1
"C.P. Puri",1
"C. A. Condos",1
"CARLOS EDUARDO SOUZA MOTTA DIAS",1
"CARLOS HENRIQUE PEREIRA MELLO",1
"CECÍLIA APARECIDA PEREIRA",1
"CHRISTOPHER DOSSETT",1
"Caglar Erteber",1
"Caitlin E. Bromberg",1
"Caitlyn McFadden",1
"Caleb Mueller",1
"Caleb Simmons",1
"Caleb W. Yuan",1
"Caleigh Curley",1
"Calista Luhur",1
"Callum Farrell",1
"Calvin A. Mako",1
"Cameron Ard",1
"Cameron Brown",1
"Cameron Holberg",1
"Camille Tinerella",1
"Cammy Bellis",1
"Carl Fields",1
"Carl Sabottke",1
"Carlee A. Trindl",1
"Carlo C. Maley",1
"Carlos Alsua",1
"Carlos Alvarado",1
"Carlos Caulı́n",1
"Carlos E. Vargas",1
"Carlos Eduardo de Melo",1
"Carlos J. Alsua",1
"Carlos Morales",1
"Carlos Scheidegger",1
"Carlos Vargas",1
"Carly Cabel",1
"Carly Deal",1
"Carly R. Cabel",1
"Carly Wingness",1
"Carly Winnebald",1
"Carmella Ocaya",1
"Carmen Licciardi",1
"Carmen Sánchez Moreno",1
"Carol Chen",1
"Carola Davila",1
"Carola G. Davila",1
"Carolina Panis",1
"Carolina Quijada",1
"Carolina Valenzuela",1
"Caroline E. Phelps",1
"Caroline Keller",1
"Caroline Scranton",1
"Carolyn C. Compton",1
"Carolyn J. Stopera",1
"Carolyn Larsen",1
"Carson A. Richardson",1
"Carson Beyers",1
"Carson W. Allan",1
"Carsten R. Hamann",1
"Carter Anderson",1
"Carter J. Simington",1
"Carter R. Bishop",1
"Casandra Gamez Gonzales",1
"Casey Scoggins",1
"Cassandra Hirdes",1
"Cassandra N. Trier",1
"Cassia Elane Berbel da Silva",1
"Catherine Brooks",1
"Catherine E. Hensley",1
"Catherine Jezerc",1
"Catherine Madruga Vásquez",1
"Catherine Merrill",1
"Cecilia Monteilh",1
"Celina Zerbinatti",1
"Cesim Erten",1
"Chad Westerland",1
"Chadi Ayoub",1
"Chaelin Kwon",1
"Chaemin Lee",1
"Chahat Puri",1
"Chair Jordan Karp",1
"Chalachew Seyoum",1
"Chandler Sobel-Sorenson",1
"Chandrasekhar Saripalli",1
"Chang Ge",1
"Chang-Chun Chen",1
"Chantal Skon",1
"Chao‐Chin Hsu",1
"Charis Eng",1
"Charlene M. Kampfe",1
"Charles J. Cunningham",1
"Charles J. Gallego",1
"Charles John Devine",1
"Charles M. Higgins",1
"Charles Stafford",1
"Charlie Cunningham",1
"Charlie M. Tribble",1
"Charlotte Brown",1
"Charlotte Iurino",1
"Chelsea L. Takamatsu",1
"Chelsea Wozniak",1
"Chen Zhao",1
"Chen-Yu Chuang",1
"Cheng Tang",1
"Cheng Tao Yang",1
"Cheng‐Yu Chen",1
"Chenyi Wang",1
"Cheol-Hong Min",1
"Cheryl O’Malley",1
"Cheryl Vanderford",1
"Chi-Pin Hsu",1
"Chicheng Zhang",1
"Chien-Yao Huang",1
"Chih‐Hsiang Yang",1
"Chikodi Ohaya",1
"Ching‐Yi Wu",1
"Chinmai Basavaraj",1
"Chirag Miglani",1
"Chisom Olikagu",1
"Chloe DeGiorgio",1
"Chloe Eckert",1
"Chloe Scott",1
"Chloé Chabaud",1
"Chong Ma",1
"Chongzhan Tan",1
"Chonlarat Wichaidit",1
"Chosen E. Obih",1
"Chris Clinkscales",1
"Chris Eastoe",1
"Chris Fan",1
"Chris Hall",1
"Chris L. Fryer",1
"Chrisa Whitmore",1
"Christa Sonderer",1
"Christian Barra",1
"Christian Collberg",1
"Christian Itson",1
"Christian Leber",1
"Christian Nasr",1
"Christian O. Twiss",1
"Christian Ortmann",1
"Christie J. Nguyen",1
"Christina C. Williams",1
"Christina Chrisman",1
"Christina L. Harview",1
"Christina R. Bergin",1
"Christine Beach",1
"Christine M. Tardy",1
"Christine Outridge",1
"Christoph A. Keller",1
"Christopher A. Scott",1
"Christopher Bilinski",1
"Christopher Brown",1
"Christopher Cartmell",1
"Christopher E. Bailey",1
"Christopher E. Mason",1
"Christopher Harig",1
"Christopher Henderson",1
"Christopher Hulme",1
"Christopher Kanaan",1
"Christopher Kevin Huls",1
"Christopher Koh",1
"Christopher L. Castro",1
"Christopher Lindblade",1
"Christopher P. Camp",1
"Christopher P. Coplen",1
"Christopher Ryan",1
"Christopher S LaMadrid",1
"Christopher T. Wood",1
"Christopher Wedwick",1
"Christopher Zaki",1
"Chuck Gerba",1
"Chun-Cheng Chang",1
"Chun-Fang Wang",1
"Chunhui Fan",1
"Cindy Chin",1
"Cindy Jebara",1
"Cindy K. Miranti",1
"Claire D. McWhite",1
"Claire Pishko",1
"Claire Venker",1
"Clare F. Hotze",1
"Clare L. Jensen",1
"Clare Robinson",1
"Clare Zipf-Sigler",1
"Clarisa Grijalva-Lugo",1
"Claudia M. Espitia",1
"Claudia Pham",1
"Clemens Jakubec",1
"Clinton Koch",1
"Clinton Wu",1
"Cláudio Bernardazzi",1
"Clément López-Canfín",1
"Coco Victoria Gomez Tirambulo",1
"Cody Kraemer",1
"Cody Lee",1
"Colby L. Donner",1
"Cole A Mobberly",1
"Cole Babbitt",1
"Cole Meyer",1
"Colin A. Tidwell",1
"Colin Bader",1
"Colin C. Murphy",1
"Colin Fields",1
"Colin P. Omilanowski",1
"Colin T Hastings",1
"Colleen K. Cagno",1
"Collin J. Catalfamo",1
"Connor Babbush",1
"Connor Fang",1
"Connor J. Wilson",1
"Conor Dolehide",1
"Corey A. Pavlich",1
"Corey Casper",1
"Corey Detlefs",1
"Corey P. Fucetola",1
"Corrie Hannah",1
"Cortney J Jessup",1
"Corwynn Sauve",1
"Cory M. Pfeifer",1
"Courteney Hedicke",1
"Courtney Cox",1
"Courtney Deaver",1
"Courtney M. Monroe",1
"Courtney Smith",1
"Craig Ballard",1
"Craig Kulesa",1
"Craig M. Palmer",1
"Craig Wissler",1
"Cristian D. Panda",1
"Crystal Raygoza",1
"Crystal Razavi",1
"Crystal Tijerino",1
"Crystal Zhang",1
"Cyndi Fraser",1
"Cyndi Porter Fraser",1
"Cynthia Elliott",1
"Cyril Burt",1
"D Apai (7778534)",1
"D Lawther",1
"D. Atmakuri",1
"D. C. Fuls",1
"D. C. Slack",1
"D. Curley",1
"D. Dobbins",1
"D. Goldberg",1
"D. Jane Taylor",1
"D. McDonald",1
"D. Park",1
"D. R. Golish",1
"D. Sabatka",1
"D. Schaub",1
"D. Shand",1
"D.A. Puebla Neira",1
"D.A. Stern",1
"D.B. Morgan",1
"DAGOBERTO ALVES DE ALMEIDA",1
"DANIEL SCHWAN MONTEIRO DE SOUSA",1
"DJ Roe",1
"DaeWook Kim",1
"Daekyu Sun",1
"Dakota H. King",1
"Dalen Hinderaker",1
"Dalton Anderson",1
"Dalton Arford",1
"Dalziel  J. Wilson",1
"Dan Moreno",1
"Dan Vargas",1
"Dan Walls",1
"Dana B. Floyd",1
"Dana P. Betzer",1
"Danella Zhao",1
"Dani Balicki",1
"Dania Perez",1
"Danial Bazmandeh",1
"Daniel A. Adelberg",1
"Daniel A. Hernández",1
"Daniel A. Powell",1
"Daniel B Chrisenberry",1
"Daniel B. Ferguson",1
"Daniel Barnett",1
"Daniel Brenner",1
"Daniel Díaz",1
"Daniel Fraijo",1
"Daniel G. Ostermayer",1
"Daniel George",1
"Daniel Goldberg",1
"Daniel Gridley",1
"Daniel H. Kim",1
"Daniel Herbst",1
"Daniel I. Arnon",1
"Daniel J Taylor",1
"Daniel J. Horschler",1
"Daniel J. Mack",1
"Daniel J. McCoy",1
"Daniel J. Mueller",1
"Daniel J. Smith",1
"Daniel June",1
"Daniel Kuhlmann",1
"Daniel Kuok Ho Tang",1
"Daniel McCoy",1
"Daniel N. Shanks",1
"Daniel R. Benson",1
"Daniel R. Papaj",1
"Daniel Reyes",1
"Daniel S. Nuyujukian",1
"Daniel T. Larsson",1
"Daniel Wurm",1
"Daniela Acosta",1
"Daniela Reyes",1
"Daniella N. DellaGuistina",1
"Danielle Bailey",1
"Danielle Dolan-Sanchez",1
"Danielle E. Tadych",1
"Danielle H. Girard",1
"Danielle Heiser",1
"Danielle K. Cannon",1
"Danielle M. Barrientes",1
"Danielle Morgan",1
"Danielle Van Boxel",1
"Danilo Doche Linhares",1
"Daniom Tecle",1
"Daodang Wang",1
"Daphna Uni",1
"Daphne Demekas",1
"Darek Gajewski",1
"Daricus Larry",1
"Darius Filsoof",1
"Darpan Raghav",1
"Darunee Armenta",1
"Darya Anderson",1
"Darya Pershina",1
"Dave Baltrus",1
"Dave W. Goad",1
"David A. Krug",1
"David A. Pietz",1
"David A. Specht",1
"David Beaty",1
"David Biffar",1
"David Campa",1
"David Cavalluzzi",1
"David Clark",1
"David Cuillier",1
"David D. Mills",1
"David E. Hogan",1
"David E. Ruddell",1
"David Graizbord",1
"David Gwapedza",1
"David H. Hembry",1
"David Kudrna",1
"David Lawrence Dettman",1
"David Manford",1
"David Moore",1
"David P. Lane",1
"David Parry",1
"David R. Campbell",1
"David R. McKinzey",1
"David Rowlands",1
"David S. Baskin",1
"David S. Ebert",1
"David S. Liebeskind",1
"David Schaub",1
"David T. Harris",1
"David Téllez",1
"David W. Galbraith",1
"David W. Hahn",1
"David W. Tano",1
"David Yeregui Marcos del Blanco",1
"Davide Bergamaschi",1
"Davinder J. Singh",1
"Dawn Lemanne",1
"Dawson Haddox",1
"Dayna Anderson",1
"Dean A. Seehusen",1
"Dean N. Riley",1
"Dean V. Coonrod",1
"Deborah E. Goldberg",1
"Deborah Kaye",1
"Deborah Morris",1
"Deepthi S. Prabhu",1
"Deepti P. Bhat",1
"Deirdre O’Donnell",1
"Delaney Freveletti",1
"Delaney Wresch",1
"Delina J. Denogean",1
"Demaretta Rush",1
"Denise Moreno Ramírez",1
"Denly Lindeman",1
"Dennis G. Crandall",1
"Dennis Swearingen",1
"Dennis T. Ray",1
"Derek Neilson",1
"Derek O’Neill",1
"Derek R. Manis",1
"Derek Smetanick",1
"Desiree Andersen Bliss",1
"Desiree J. Edwards",1
"Desireé Vega",1
"Desirée W. Cueto",1
"Devashri Prabhudesai",1
"Devi Jaganathan",1
"Devin Bayly",1
"Devin Hermes",1
"Devin Morrow",1
"Devin O'Connor",1
"Devin Pontigon",1
"Devynn Hailey Spangenberg",1
"Dhanalakshmi Chinnasamy",1
"Dhanyapriya Somasundaram",1
"Dharshan Sivaraj",1
"Dhrubo Ahmad",1
"Dhruv Bhatia",1
"Dhruv Gandhi",1
"Diana Archangeli",1
"Diana Carolina Loyola",1
"Diana Spiegelberg",1
"Dianala M Bernard",1
"Dianala M. Bernard",1
"Diankun Yang",1
"Dianne Patterson",1
"Dichun Huang",1
"Diego Celdran‐Bonafonte",1
"Diego F. Leal",1
"Diego Guevara Beltran",1
"Diego Pereira Costa",1
"Diego R. Martín",1
"Diego Salido Alejandri",1
"Diego Santos‐García",1
"Diezel Cochenour",1
"Diheng Zhang",1
"Dillon R. Haughton",1
"Dilsharan Kaur",1
"Dimitri Antoniou",1
"Dina Alramini",1
"Dinah R. Davison",1
"Ding Ding",1
"Diogo de Oliveira Pessôa",1
"Dipayan Biswas",1
"Divya Ramesh",1
"Diyana Ahmad",1
"Dolores Columba Perez-Flores",1
"Dolores Encinas",1
"Dominic Clichee",1
"Dominic Julian",1
"Dominic L. Boccelli",1
"Dominic Rodriguez",1
"Dominic V. McGrath",1
"Dong Uk Kim",1
"Dong Yan",1
"Dongli Xu",1
"Dongwei Wang",1
"Dongzhi Ran",1
"Donna Collins-McMillen",1
"Donnell McDonald",1
"Donnette C. Markham",1
"Dorea Kleker",1
"Dori Smith",1
"Dory Salazar",1
"Doug Campos‐Outcalt",1
"Doug Pickrell",1
"Douglas Kelly",1
"Douglas Taren",1
"Drew E. Eppehimer",1
"Drew Moffitt",1
"Dulce Cardenas-Moreno",1
"Dung T. Le",1
"Duong The Le",1
"Dwani Patel",1
"Dwight Nwaigwe",1
"Dylan Barash",1
"Dylan Decker",1
"Dylan Dyer",1
"Dylan J. Girone",1
"Dylan Joule",1
"Dylan Reichert",1
"E Andrea Nelson",1
"E Tapia",1
"E vanSonnenberg",1
"E. C. S. Joseph",1
"E. Cheng",1
"E. Egami",1
"E. Kiser",1
"E. L. Jesina",1
"E. M. Green",1
"E. M. Wright",1
"E. McEwen",1
"E. P. Johnson",1
"E. Rodríguez",1
"E. S. Howell",1
"E. Sybil Durand",1
"E. Tjong",1
"E. VanSonnenberg",1
"E. Washington",1
"E.M. da Fonseca",1
"E.R. Bleecker",1
"EMERGE Project Coordinators",1
"Easton Neitzel",1
"Ebtesam Abdulla",1
"Echo L. Warner",1
"Ed Lin",1
"Eden McEwen",1
"Edgar Salazar",1
"Edgar Villavicencio",1
"Edson de Oliveira Pamplona",1
"Eduardo Mário Mendiondo",1
"Eduardo Sánchez",1
"Edward C. Wellman",1
"Edward McDugald",1
"Edward Pfeiler",1
"Edward W. Olszewski",1
"Edwin F Umanzor",1
"Efua H. Bolouvi",1
"Egoitz Laparra",1
"Eileen R. McGrath",1
"Eithne Waldron",1
"Eka Norfaishanty Saipuljumri",1
"Elad Schiff",1
"Elaheh Alizadeh",1
"Elaine Norton",1
"Elaine Situ-LaCasse",1
"Elena Calderon",1
"Elena Dosamantes",1
"Elena Louder",1
"Elena Sabbi",1
"Eleni Hasaki",1
"Eleonora Puzzoni",1
"Eli H. Rubin",1
"Eli Thompson",1
"Elia H. Matano-Bueno",1
"Eliana Jacobson",1
"Eliana Stilson",1
"Elias Zheng",1
"Elijah Garcia",1
"Elimira Javanmardi",1
"Elisa Tomat",1
"Eliza Short",1
"Elizabeth A. Bowman",1
"Elizabeth A. Greene",1
"Elizabeth A. Stewart",1
"Elizabeth B. Wright",1
"Elizabeth Batterton",1
"Elizabeth Cogdell",1
"Elizabeth Collins",1
"Elizabeth Dupuy",1
"Elizabeth H. Le",1
"Elizabeth Hall‐Lipsy",1
"Elizabeth Hanks",1
"Elizabeth J. Vagnerova",1
"Elizabeth Juneman",1
"Elizabeth Keller",1
"Elizabeth L. Jaeger",1
"Elizabeth Mangone",1
"Elizabeth R. Baldwin",1
"Elizabeth Smith",1
"Elizabeth Sparks",1
"Elizabeth T. Jacobs",1
"Elke Zeller",1
"Ellen G. Denny",1
"Ellen Riloff",1
"Ellie Q. Spitzer",1
"Ellie Spitzer",1
"Ellie Wolcott",1
"Elliott A. Orloff",1
"Elliott M. Henriksen",1
"Elmer A. Grubbs",1
"Elmira Torabzadeh",1
"Elsa Abs",1
"Elsa M. Reyes‐Reyes",1
"Elyse M. Cornett",1
"Elyse Tanzer",1
"Emil Matei",1
"Emil Rajan Varghese",1
"Emilia A. Caylor",1
"Emilia Mickevicius",1
"Emilie No",1
"Emilio Aguilar Cubilla",1
"Emily A. Kaelin",1
"Emily C. Peters",1
"Emily Canale",1
"Emily Conrad",1
"Emily E. Butler",1
"Emily F. Merritt",1
"Emily G. Flanigan",1
"Emily J. Canale",1
"Emily J. Judd",1
"Emily K. Waldron",1
"Emily McGovern",1
"Emily Merritt",1
"Emily Palese",1
"Emily Rodriguez",1
"Emma H. Khatami",1
"Emma K. Grigg",1
"Emma Kristal",1
"Emma V. Gallardo",1
"Emma Venard",1
"Emmanouil G. Drimalas",1
"Emmery E Kelly",1
"Emory Jenkins",1
"Eneet Kaur",1
"Enhao Li",1
"Eniola Idowu",1
"Enrique Peña",1
"Erana J. Taylor",1
"Erfan Bahramnedjad",1
"Eric Andrews",1
"Eric Brucks",1
"Eric Cicero",1
"Eric Cornidez",1
"Eric Lyons",1
"Eric M. Jackson",1
"Eric Tsetsi",1
"Eric Uwimana",1
"Eric W Snell",1
"Erica Bracamonte",1
"Erica Gillespie",1
"Erik G. Larsen",1
"Erik P. Stahl",1
"Erika Bracamonte",1
"Erika Pérez",1
"Erika Schmidt",1
"Erin Brich",1
"Erin C. Riordan",1
"Erin Cekovich",1
"Erin F. Gillespie",1
"Erin Galyen",1
"Erin Heinz",1
"Erin L. Phelps",1
"Erin Leahey",1
"Erin M. Kreml",1
"Erin Q. Jennings",1
"Erin R. Zylstra",1
"Erin S. Morrison",1
"Esad Boškailo",1
"Esha Mathur",1
"Esmaeil Saberi",1
"Esmat Karimi",1
"Esperanza Valencia",1
"Estabraq Mahmood",1
"Esteban Astiazaran Symonds",1
"Esteban Fernando Acosta",1
"Esteban Quiceno",1
"Estefanía Mendivil",1
"Ethan J Lindberg",1
"Ethan P.Y. Chang",1
"Etta Kralovec",1
"Eugene W. Gerner",1
"Eun-Joo Choi",1
"Eungjoo Lee",1
"Eunice Yoon",1
"Eun‐Jeong Lee",1
"Eva Marie Robinson",1
"Eva Sierminska",1
"Eva Villarroel-Candia",1
"Evan Canfield",1
"Evan Walsh",1
"Eva‐Maria Stelzer",1
"Evelyn W. Cheng",1
"Eyad Nusayr",1
"Eyran J. Gisches",1
"Eze Ahanonu",1
"Ezio Melotti",1
"F. C. Shelly",1
"F. Carbognani",1
"F. Kohran",1
"F. Porreca",1
"FABIANO LEAL",1
"FELIPE VIEIRA ORLANDO",1
"FLAVIA TUANE FERREIRA MORAES",1
"FLÁVIA GONTIJO CUNHA",1
"FLÁVIO DE FARIA RICOTTA",1
"FREDERICO CÉSAR DE VASCONCELOS GOMES",1
"Fabian Bauch",1
"Fabian Javier Medina",1
"Fabiano Leal",1
"Fabrina Hossain",1
"Fadl Kobeissi",1
"Fahad Izhar Khan",1
"Faiz Currim",1
"Famesh Patel",1
"Fangchao Bi",1
"Fanny Brun",1
"Fany Salazar",1
"Farah Shrourou",1
"Farhan Anwar",1
"Farhana Afrin Mohona",1
"Farhang Shadman",1
"Fariba M. Donovan",1
"Farshad M Shirzai",1
"Farva R. Gondal",1
"Faryad Darabi Sahneh",1
"Farzaneh Marefat",1
"Farzaneh Talebhaghighi",1
"Fateme Mahdikhanysarvejahany",1
"Fateme Rostami",1
"Fatima Jebahi",1
"Faye McGechie",1
"Federico Moreno",1
"Fei Yin",1
"Feixiang Long",1
"Felipe A. Murati",1
"Felipe D. Polk",1
"Felipe R. Ferroni",1
"Felix A. Ampadu",1
"Felix Balling",1
"Felix Pagenkämper",1
"Fernanda J. Camargo",1
"Fernando Coronado",1
"Fernando D. Martinez",1
"Fernando Díaz‐Barriga",1
"Fernando N. Amitrano",1
"Ffion Abraham",1
"Fiamma Vásquez",1
"Fiona L. Wong",1
"Flavie Audoin",1
"Flor Sandoval",1
"Florian Göeltl",1
"Florian Göltl",1
"Floyd H. Chilton",1
"Flávia Tuane Ferreira Moraes",1
"Forrest Guyton",1
"Francesca Polverino",1
"Francesco Buccafurri",1
"Francesco D’Eugenio",1
"Francine C. Gachupin",1
"Francisca S. Molina",1
"Francisco A. Arabia",1
"Francisco Moacir Pinheiro Garcia",1
"Francisco Moreno",1
"Franco Daluisio",1
"Frank A. Duca",1
"Frank E. Musiek",1
"Frank Gacon",1
"Frank J. Gonzalez",1
"Frank J. Rybicki",1
"Franz X. Bogner",1
"Frederick Willyerd",1
"Fu Nan Shi",1
"Furong Niu",1
"G Hauck",1
"G. Crosby",1
"G. Frantziskonis",1
"G. G. Williams",1
"G. P. Hoskin",1
"G. Schnaar",1
"G. St Onge",1
"G. Zandt",1
"G.A. Fischer",1
"GABRIEL VICTOR DE LIMA",1
"GD Mulders (21879251)",1
"GUILHERME LIMONGI RODRIGUES FERREIRA SERAPHIM",1
"GUILHERME SANTOS LUCCA",1
"Gabe Noriega",1
"Gabriel Encinas",1
"Gabriel Garcia",1
"Gabriel Gowman",1
"Gabriela Franca",1
"Gabriela Iñigo-Gámiz",1
"Gabriela Ocádiz",1
"Gabriele Gionti",1
"Gabriele Schiro",1
"Gabrielle Rubin",1
"Gabrielle Turner‐McGrievy",1
"Gail Bradley",1
"Ganesh Marín",1
"Gang Wu",1
"Garcia Elijah",1
"Garegin Mazmanyan",1
"Garrett Crosby",1
"Garrett Grischo",1
"Garrett Richards",1
"Garrett Smith",1
"Garrett Trang",1
"Gavin Cullwell",1
"Geethika Ameneni",1
"Gemma Smith",1
"Gene King",1
"Gens P. Goodman",1
"Geoffrey Comp",1
"Geoffrey D. Block",1
"Geoffrey D. Rubin",1
"Geoffrey Smelski",1
"George Bcharah",1
"George C. T. Mugoya",1
"George Glidden-Handgis",1
"George H. Rieke",1
"George T. Fantry",1
"Georgia Davis",1
"Georgy А. Semenov",1
"Geovana Leite",1
"Geovana SF Leite",1
"Gerald C. Holst",1
"Gerald Perry",1
"Germán Guzmán",1
"Gil Ribak",1
"Gillian Paine-Murrieta",1
"Gina Gilson",1
"Giovanni A. Hoskin",1
"Giovanni Melandri",1
"Giri Gnawali",1
"Gitanjali E. Gnanadesikan",1
"Giulia Ghidoli",1
"Gizem Altintarla",1
"Gjergji Sini",1
"Glenn C. Hunter",1
"Glenn C. Wright",1
"Golnaz Vahdani",1
"Gordon Cohen",1
"Goutham Rao",1
"Grace Aroz-Moscoso",1
"Grace E. Mastin",1
"Grace Gorman",1
"Grace Heffernon",1
"Grace J. Lee",1
"Grace Marie Leito",1
"Grace Quirk",1
"Grace V. Lee",1
"Grant Logan Collins",1
"Grant McCormick",1
"Greatness H. Ojum",1
"Greg Gilles",1
"Gregg M. Garfin",1
"Gregory C. Howard",1
"Gregory H. Chu",1
"Gregory L. Thompson",1
"Gresyn Olive-Rogers",1
"Gretchen Gibbs",1
"Griselda Arroyo-Chávez",1
"Guang Liu",1
"Guang Yao",1
"Guangrui Tang",1
"Guillermo E. Ponce‐Campos",1
"Guillermo Malavé",1
"Gurkaran Chotalla",1
"Gus Miranda",1
"Gustavo de Oliveira Almeida",1
"Gwen M. Grimsby",1
"H Hagen",1
"H M Abdul Fattah",1
"H N Pham",1
"H. Brinton Milward",1
"H. Enos",1
"H. García",1
"H. Gupta",1
"H. Hagen",1
"H. J. Castro Mendoza",1
"H. Kim",1
"H. L. Roper",1
"H. Li",1
"H. Lorraine Thompson",1
"H. Mitchel",1
"H. Wilson",1
"H.J. Kim",1
"HEBERT WESLEY PEREIRA ZARONI",1
"HUGO ANDERSON ARAÚPO PONTES",1
"Hager Shogaaeldein",1
"Hahn Soe-Lin",1
"Haind Fadel",1
"Haiyang Kehoe",1
"Haley Eversman",1
"Haley Furman",1
"Haley Johnson",1
"Halima Alaofè",1
"Hamed Kazemi",1
"Hamidreza Hosseinpour",1
"Hamidreza Vashaghian",1
"Hammer Leonard",1
"Hamza Butt",1
"Hamza Waraich",1
"Han Han",1
"Han Qu",1
"Han Xu",1
"Hanbo Xie",1
"Hang Xu",1
"Hani Shennib",1
"Hank Johnson",1
"Hanna Brosky",1
"Hannah Doskicz",1
"Hannah E. Korah",1
"Hannah J. Johnson",1
"Hannah Johnson-Stenger",1
"Hannah K. Dollish",1
"Hannah Kirsch",1
"Hannah M. Siu",1
"Hannah Perez",1
"Hannah R. Hagen",1
"Hannah Tanquary",1
"Hannah Tolson",1
"Hannah W. Brooks",1
"Hanne Dolan",1
"Hannes H. Bauser",1
"Hannia Rojas Barreda",1
"Hanyu Jia",1
"Hao Qin",1
"Hao Xin",1
"Haomin Li",1
"Haotian Cheng",1
"Haoyuan Li",1
"Harald Gündel",1
"Haripriya Maddur",1
"Harish Kumar Dharavath",1
"Haroon Kisana",1
"Harper Price",1
"Harrison Kramer",1
"Harrison VanDolah",1
"Harsh Homdeo Wasnik",1
"Harshit Khatwani",1
"Harshita Narnoli",1
"Hayden Kim",1
"Hayden Marchinek",1
"Hayley Bartel",1
"Hayley Kenner",1
"Hayley Mitchel",1
"Hazar Shehadeh",1
"Hazel Cox",1
"Hazel G. White",1
"Heather Held",1
"Hee-jeong Kim",1
"Heerok Das",1
"Heidi A. Hamann",1
"Heidi Harley",1
"Helena Cortes‐Flores",1
"Hemananda Muniraman",1
"Hemanth Gavini",1
"Hendrik J. Combrink",1
"Heng Wu",1
"Henry G. Skelton",1
"Henry Kwong",1
"Henry R. Scharf",1
"Hervé Rezeau",1
"Heshani De Silva Weligodage",1
"Hien T. Trinh",1
"Hilary G. Morrison",1
"Hina Arif-Tiwari",1
"Hina Arif‐Tiwari",1
"Hiram Olivas",1
"Hiruni S. Jayasekera",1
"Hitesh Gurjar",1
"Holden Dal Ponte",1
"Holly A. Shill",1
"Holly Andrews",1
"Holly Bullock",1
"Holly Pariury",1
"Hong Cui",1
"Hong Hieu Truong",1
"Hong Ji",1
"Hong Lei",1
"Hongji Wei",1
"Hongting Diao",1
"Hongzhang Ma",1
"Hop Bailey",1
"Hosain Heshmati",1
"Hoshin Vijai Gupta",1
"Hossein Sayadi",1
"Houman Homayoun",1
"Howard Yawit",1
"Hrithik Thukral",1
"Hsiao-Hui Sherry Chow",1
"Hsiao‐Ling Huang",1
"Hsin-I Chang",1
"Hsin-Jung Joyce Wu",1
"Hsin‐I Chang",1
"Hu Yu",1
"Huajun Pan",1
"Huaxia Zhou",1
"Hui Li",1
"Hui Wang",1
"Hui Zhang",1
"Hunain Khawaja",1
"Hung-Jin Huang",1
"Hunter D Alexander",1
"Hunter Fiore",1
"Hunter O'Brien",1
"Husain Al Yusuf",1
"Huzaifah Sheikh",1
"Hyowon Kim",1
"Hyun-Jin Kang",1
"Hélène Rousseau",1
"I. De Martini",1
"I. Jagadish",1
"I. Mauricio Vela-Vargas",1
"I. Moreira",1
"I. Ríos",1
"ISABELLE FRANCINE GUEDES ROMÃO",1
"ISAC VINÍCIUS MACIEL",1
"Ian A. Winski",1
"Ian Anlap",1
"Ian Briggs",1
"Ian Coe",1
"Ian Coston",1
"Ian Kline",1
"Ian Richard Robbins",1
"Ian Stewart",1
"Ibrahim A. Alhalal",1
"Ibrahim Yaghnam",1
"Ildar R. Gabitov",1
"Ilia Kuk",1
"Ilkin Aliyev",1
"Illyoung Choi",1
"Iman A. Hakim",1
"Iman Hakim",1
"Impacc Network",1
"India J. Zappia",1
"Indu Partha",1
"Ines Studer",1
"Ines Terwayet Bayouli",1
"Inga Deimen",1
"Ingmar H. Riedel‐Kruse",1
"Iniya Rajendran",1
"Ioanna Karras",1
"Ipsita Hamid Trisha",1
"Ipsita Trisha",1
"Irene Shivaei",1
"Iris Cortez",1
"Iris R. Bell",1
"Isaac Lopez",1
"Isaac Saedi-Marghmaleki",1
"Isaac Zarif",1
"Isabel L. Bauer",1
"Isabella Aguilera-Cuenca",1
"Isabella R. Byington",1
"Isabella Vazquez",1
"Isabella Villarroel",1
"Isabellah Ortega",1
"Isaiah S. Gonzalez",1
"Isaiah Spring",1
"Ishraque Zaman Borshon",1
"Ishwar S. Kaushik",1
"Islam Shalaby",1
"Ivan Kawaminami",1
"Ivan Menendez-Montes",1
"Ivetka Noon",1
"Ivette Merced",1
"Iyad Mansour",1
"J D Sexton",1
"J Steele",1
"J. A. Jacobs",1
"J. A. Tenreiro Machado",1
"J. B. Araujo",1
"J. B. Holberg",1
"J. Brock Walker",1
"J. C. Woodrow",1
"J. C. Wu",1
"J. Camacho",1
"J. Czarske",1
"J. Do",1
"J. H. Jackson",1
"J. H. Reed",1
"J. Hassan",1
"J. J. Potter",1
"J. Jessica BARNES",1
"J. Kalis",1
"J. Kueny",1
"J. Kóta",1
"J. L. GRAFF",1
"J. L. Hinz",1
"J. Liberman",1
"J. M. Cushing",1
"J. Malo",1
"J. Manley",1
"J. Mark FitzGerald",1
"J. Mark Kaib",1
"J. Papic",1
"J. Peter Weiss",1
"J. Power",1
"J. Robinson",1
"J. Schreiber",1
"J. Skye Nicholas",1
"J. T. Abell",1
"J. W. Leibacher",1
"J. Wang",1
"J. Wayne Meredith",1
"J. Williams",1
"J. X. Li",1
"J.C. Lee",1
"J.E. Tierney",1
"J.R. Males",1
"JENIFFER DE NADAE",1
"JOÃO HERBES DA SILVA SAMPAIO",1
"JOÃO VICTOR NEGRI BRENTEGANI",1
"JR Exequiel Pineda",1
"JULIA APARECIDA DOS SANTOS",1
"Jack A. Clark",1
"Jack E. Fincham",1
"Jack Hannallah",1
"Jack McLean",1
"Jack Stearns",1
"Jack T. Hughes",1
"Jack W Roddy",1
"Jack Weinberg",1
"Jack Welchert",1
"Jack-Morgan Mizell",1
"Jackie Champagne",1
"Jackson Woodrow",1
"Jacob B Fussell",1
"Jacob Barker",1
"Jacob C. Schwartz",1
"Jacob Cutshall",1
"Jacob H. Cecil",1
"Jacob M. Freedman",1
"Jacob M. Green",1
"Jacob P. Krell",1
"Jacob P. Narr",1
"Jacob S. Kozora",1
"Jacob Steenblik",1
"Jacob Vider",1
"Jacquanette R. Slowtalker",1
"Jacqueline Marquez",1
"Jacqueline Treatch",1
"Jacquelyn Francisco",1
"Jacquelyn Hoffman",1
"Jad Bader",1
"Jahnvi Roorkeewal",1
"Jaime Fabricio Mejía Mayorga",1
"Jaime M.C. Gard",1
"Jaime O. Yazzie",1
"Jake Callahan",1
"Jake Hillyer",1
"Jake Licker",1
"Jake Martinez",1
"Jake Molineux",1
"Jake P. Shaw",1
"Jake Stenzel",1
"Jalil Shah",1
"Jamal Mahar",1
"James Bibb",1
"James Bohlman",1
"James D. Nash",1
"James E. Bates",1
"James Helton",1
"James K. Romine",1
"James Liu",1
"James Mamaril‐Davis",1
"James N. Bates",1
"James N. Lacey",1
"James P. Hinton",1
"James Patterson",1
"James Proffitt",1
"James Skowronek",1
"James T. Lim",1
"James Tracy",1
"James W. Shockey",1
"James Wood",1
"Jameson D. Lopez",1
"Jamie Colombo",1
"Jamie Ekholm",1
"Jamie Gabriel",1
"Jamie Harris",1
"Jamie Terner",1
"Jamison Noenickx",1
"Jan Wehr",1
"Jan-František Kubát",1
"Jana M. U’Ren",1
"Janae Dean",1
"Janan Zeng",1
"Jane Fudyma",1
"Jane Korn",1
"Janell Tully",1
"Janelle Capwell Giles",1
"Janelle F. Palacios",1
"Janet E. Foley",1
"Janet Ronquillo",1
"Janice A. Hayhoe",1
"Janice D. Crist",1
"Janice McGregor",1
"Janice Wallace",1
"Janyne L. Mallender",1
"Jaqueline J. Leete",1
"Jared Barnett",1
"Jaskaran Rakkar",1
"Jasmine Knoll",1
"Jasmine M. Castillo",1
"Jasmine Martinez Castillo",1
"Jason Brotherton",1
"Jason Jie Gao",1
"Jason N Patel",1
"Jason Patel",1
"Jason Patrou",1
"Jason R. Jurjevich",1
"Jason Wertheim",1
"Jason Zhang",1
"Javier Alday",1
"Javier González",1
"Javier Perez",1
"Jax Seline",1
"Jay F. Nunamaker",1
"Jayant Biradar",1
"Jayne Peterson",1
"Jayson Kirchhofer",1
"Jazzmine Ward",1
"Jeaho Lim",1
"Jean M. Wilson",1
"Jean Reith Schroedel",1
"Jean-Luc Bredas",1
"Jean-Luc Brédas",1
"Jeanne Pfander",1
"Jeb Shingler",1
"Jeehey Kim",1
"Jeff Greenberg",1
"Jeff Pyun",1
"Jeff Skalamera",1
"Jeffery Hodges",1
"Jeffrey A. Frelinger",1
"Jeffrey B. Stambough",1
"Jeffrey D. Swenson",1
"Jeffrey Demieville",1
"Jeffrey Gilbert",1
"Jeffrey Kucik",1
"Jeffrey L. Goodie",1
"Jeffrey M. Krase",1
"Jeffrey S. Fehmi",1
"Jeffrey Tran",1
"Jendar Deschenes",1
"Jenifer A. Martin",1
"Jenna K. Honan",1
"Jennie Gubner",1
"Jennifer A. Flannery",1
"Jennifer A. Teske",1
"Jennifer A. Wolfe",1
"Jennifer Bao",1
"Jennifer Byram",1
"Jennifer C. Post",1
"Jennifer Codd",1
"Jennifer Daw",1
"Jennifer H. Stern",1
"Jennifer Hall",1
"Jennifer Hatcher",1
"Jennifer Heim",1
"Jennifer K. Wishnie",1
"Jennifer L. Verdolin",1
"Jennifer Lising Roxas",1
"Jennifer Lumbres",1
"Jennifer M. Bosquez",1
"Jennifer Mason",1
"Jennifer May",1
"Jennifer Nguyen",1
"Jennifer Nichols",1
"Jennifer Parra-Contreras",1
"Jennifer Ramirez",1
"Jennifer Stevens Aubrey",1
"Jennifer Traslavina Jimenez",1
"Jennifer Zorn",1
"Jenny Mendelson",1
"Jeong‐su Do",1
"Jerel E. Slaughter",1
"Jeremi Smith",1
"Jeremy G. Philbrick",1
"Jeremy P. Scott",1
"Jeremy Vetter",1
"Jerome V. Moloney",1
"Jerry E. Carr",1
"Jerry V. Moloney",1
"Jesper H. Nielsen",1
"Jesse Altemus",1
"Jesse Chen",1
"Jesse Egbert",1
"Jesse R. Groves",1
"Jesse Ritter",1
"Jesse Robert Friedbaum",1
"Jesse Woodson",1
"Jessica Amarilla",1
"Jessica B. Langbaum",1
"Jessica Bates",1
"Jessica Bowden",1
"Jessica Burns",1
"Jessica C. Babal",1
"Jessica E. Morgan",1
"Jessica J. Krueger",1
"Jessica L. Bowden",1
"Jessica Ledesma",1
"Jessica M. Nino",1
"Jessica Stokes",1
"Jessica Wallace",1
"Jessie D. Golding",1
"Jessika Iwanski",1
"Jesus Lujan",1
"Jesus Siqueiros",1
"Jesús A. López",1
"Jesús Antonio García Sánchez",1
"JhihYang Wu",1
"Ji Su Hong",1
"Ji-Hyun Chung",1
"Jia Ee Chia",1
"Jia Yuan",1
"Jiachen Yu",1
"Jiacheng Zhang",1
"Jiahang Li",1
"Jiahuai Hu",1
"Jialu Li",1
"Jian Yu",1
"Jiang Wu",1
"Jianzhi Li",1
"Jiaqi Zeng",1
"Jiawei Xu",1
"Jiawen Yang",1
"Jiaxuan Teng",1
"Jibamitra Ganguly",1
"Jicai Zeng",1
"Jie Gong",1
"Jifei Wang",1
"Jil H. Albrecht",1
"Jill Bullock",1
"Jill de Zapién",1
"Jim I. Mead",1
"Jim Malusa",1
"Jimaree A. Legins",1
"Jin J Zhou",1
"Jin-Ah Kim",1
"Jina Lee",1
"Jina Yoon",1
"Jing Wei",1
"Jingcheng Li",1
"Jingwei Wu",1
"Jingyu Wang",1
"Jinhong Zhang",1
"Jinjing Chen",1
"Jiwon Choi",1
"Joann B. Sweasy",1
"Joaquín Rosales",1
"Jobi Ponraj",1
"Jocelyn Fimbres",1
"Jocelyn L. Hawk",1
"Joel A. Dvoskin",1
"Joel Berkson",1
"Joel Nyberg",1
"Joel S. Parker",1
"Joel Smith",1
"Joel Thomas",1
"Johan Lindqvist",1
"Johan Manuel Murcia Bermudez",1
"Johannes Gebhard",1
"Johannes Kocks",1
"John A. Milsom",1
"John Azizian",1
"John C. Fitch",1
"John Cheronis",1
"John E. Carlson",1
"John Fabio",1
"John Ford",1
"John G. Pavek",1
"John G. Purdy",1
"John Gulotta",1
"John H. Drake",1
"John H. Enemark",1
"John H. Zhang",1
"John Ivens",1
"John Kemeny",1
"John Kim",1
"John Motley McKinnon",1
"John P. Pacanowski",1
"John Park",1
"John Paul Jarczyk",1
"John R. Foscue",1
"John Ratzan",1
"John Ritter",1
"John Thomas",1
"John W. Drake",1
"John W. Regan",1
"Johnny M. Trinh",1
"Johnson Amoah",1
"Jon Agley",1
"Jonah Barber",1
"Jonathan A. Seaman",1
"Jonathan D. Sexton",1
"Jonathan E. Blohm",1
"Jonathan G. Tullis",1
"Jonathan Lee-Confer",1
"Jonathan R Gabriel",1
"Jonathan Robert Gabriel",1
"Jonathan Wade",1
"Jonathon Keats",1
"Jonathon Wade",1
"Joohyung Park",1
"Joost van Haren",1
"Jordan C. J. D’Silva",1
"Jordan F Karp",1
"Jordan Henderson",1
"Jordan Mackner",1
"Jordan Powell",1
"Jordan V. Wang",1
"Jordan W. Wang",1
"Jordan Weinberg",1
"Jordanne Koulong Kuemene",1
"Jorge R Paredes-Montero",1
"Jose Hernandez Rivero",1
"Jose M. Ordovas Lawrence J. Mandarino",1
"Jose Manuel Guillen",1
"Jose Sanjuan Munoz",1
"Joseph A. Miller",1
"Joseph C. Watkins",1
"Joseph Daniels",1
"Joseph David",1
"Joseph Demirjian",1
"Joseph Dietrich",1
"Joseph Irish",1
"Joseph M. Miller",1
"Joseph Matheson",1
"Joseph Moreno",1
"Joseph N. Carey",1
"Joseph N. Graziano",1
"Joseph R. Martinez",1
"Joseph S. Adams",1
"Joseph U. Fraire",1
"Josephine Korchmaros",1
"Josephine Valenzuela",1
"Joses Omojola",1
"Josh Zimmerman",1
"Joshua A. Kochanowsky",1
"Joshua Arnbrister",1
"Joshua B. Hack",1
"Joshua Follansbee",1
"Joshua Freeman",1
"Joshua Hack",1
"Joshua J Baus",1
"Joshua Kipers",1
"Joshua Marmor",1
"Joshua Oyekanmi",1
"Joshua Pauli",1
"Joshua S. Hoskinson",1
"Joshua Sethi",1
"Joshua Tobin",1
"Joshua W. Hill",1
"Josiah Grimes",1
"Josie Portz",1
"Josselyne Diomara Sánchez",1
"Josué Cruz",1
"José Antonio Rodríguez Martín",1
"José Eiras‐Dias",1
"José F. Ek-Vitorín",1
"José Henrique de Freitas Gomes",1
"José Oviedo",1
"José Paulo Araújo",1
"José Rodríguez",1
"José Ángel García García",1
"Joy M. Folkvord",1
"Joyce Hospodar",1
"Joyceen S. Boyle",1
"Jozette L. Conti",1
"João A. Queiroz",1
"João Batista Turrioni",1
"João Luiz Junho Pereira",1
"João Paulo Ferreira",1
"João Santos Pereira",1
"Juan Luis Sánchez",1
"Juan Salazar",1
"Juan Tirado",1
"Judith K Brown",1
"Judith Klein-Seetharaman",1
"Julia Halloran",1
"Julia Laurenzi",1
"Julia Nelson",1
"Julia Potter",1
"Julia Ritter",1
"Julia Wagner",1
"Julian Battaglia",1
"Juliana Gil-Loaiza",1
"Julie C. Weitlauf",1
"Julie E. Bauman",1
"Julie Fan",1
"Julie G Pilitsis",1
"Julie Kasper",1
"Julie Minde",1
"Julie N. Richey",1
"Julie Psilitis",1
"Jun Mei",1
"Junya Zhai",1
"Junyu Zhang",1
"Justin Carter",1
"Justin D. Strong",1
"Justin Jarvis",1
"Justin Kim",1
"Justin L. Conover",1
"Justin Lara",1
"Justin Lee",1
"Justin Marble",1
"Justin Moser",1
"Justin Palmer",1
"Justin R. Pidot",1
"Justin Roosma",1
"Justin Schneider",1
"Justina Bonaventura",1
"JÚLIA BARROS DOS SANTOS",1
"Jérôme Lacombe",1
"Jéssica Gonçalves Vieira da Cruz",1
"Jéssica Retis",1
"K M Natonie",1
"K. Domanik",1
"K. Eckert",1
"K. Fitzsimmons",1
"K. Herner",1
"K. Hummel",1
"K. Irwin",1
"K. Ishimaru",1
"K. K. Sen",1
"K. Knott",1
"K. Misselt",1
"K. Pongvirat",1
"K. R. Gold",1
"K. Rama Reddy",1
"K. Twitchell",1
"KAMILLY DOS SANTOS",1
"KELLI R. BEGAY",1
"Kadeeja S. Murrell",1
"Kadian McIntosh",1
"Kai Staats",1
"Kai Sutterby",1
"Kai Umeda",1
"Kainan Jarrette",1
"Kaitlyn Lai",1
"Kaitlyn R. Ammann",1
"Kaitlyn Wolfe",1
"Kali Salmas",1
"Kamaljeet Singh",1
"Kameron L. Peyton",1
"Kangsan Lee",1
"Kaoru R. Goshima",1
"Kara Wolfe",1
"Karam Elali",1
"Karen Clark",1
"Karen L. Herbst",1
"Karen Minoza",1
"Kari E. Cordes",1
"Karina Carrillo",1
"Karina G. Salazar",1
"Karina Garcia",1
"Karina R. Dueñas",1
"Karina Ramirez",1
"Karina Ramírez",1
"Karl B. Kern",1
"Karl Hauser",1
"Karl W. Flessa",1
"Karl Wagner",1
"Karla Ledezma",1
"Karletta Chief",1
"Karlie A Smith",1
"Karlie A. Smith",1
"Karlie Elizabeth Flader",1
"Karlie Smith",1
"Karthik Rayasam",1
"Kartika Srivastava",1
"Kassandra R. Bruner",1
"Kat Matthews",1
"Kate Bessey",1
"Kate Brown Requist",1
"Kate E Hughes",1
"Kate E. Hughes",1
"Kate Rhodes",1
"Katelyn Rohlwing",1
"Katerina Dontsova",1
"Kateřina Němcová",1
"Katharina Schimmel",1
"Katharine A. Mitchell",1
"Katherin Gabriel",1
"Katherine C. Cheng",1
"Katherine Creath",1
"Katherine L. Barlis",1
"Katherine M. Miller",1
"Katherine Mendoza",1
"Katherine R. Giordano",1
"Katherine Riordan",1
"Kathleen Barvick",1
"Kathleen C. Insel",1
"Kathleen Cazzato",1
"Kathleen van Leeuwen",1
"Kathryn E. Smith",1
"Kathryn L. Reed",1
"Kathryn Tucker",1
"Kathryn Volk",1
"Kathy G. Short",1
"Kathy Mostajeran",1
"Kati Hage",1
"Katie Huisman",1
"Katie Kowalek",1
"Katie L Barlis",1
"Katie Lu",1
"Katie M. Morzinski",1
"Katja Ehrmann Allen",1
"Katja Klosterman",1
"Kausumi Saha",1
"Kavitha Yaddanapudi",1
"Kay Magaard",1
"Kayla J. Smith",1
"Kayla M. Osman",1
"Kayla Marie Preisler",1
"Kayla McCauley",1
"Kayla Smith",1
"Kayla Worthey",1
"Kaylee Brady",1
"Kayma Konecny",1
"Ke Chen",1
"Kealie J. Walker",1
"Keita Maekawa",1
"Keith A. Joiner",1
"Keith A. Maggert",1
"Keith Lehrer",1
"Keith Sacco",1
"Kelleigh Beatty",1
"Kelly Chen",1
"Kelly Cristine Santos Roballo",1
"Kelly L. Karlage",1
"Kelly MacArthur",1
"Kelly P. Gabriel",1
"Kelly Pasowisty",1
"Kelly Potter-Simmons",1
"Kelsey Graves",1
"Kelsey Pryze",1
"Keming Pan",1
"Ken Wilund",1
"Ken Youens‐Clark",1
"Kenadee Carruthers",1
"Kendall Schwartz",1
"Kenneth A. Fox",1
"Kenneth Blum",1
"Kenneth J. Domanik",1
"Kenneth L. Cummins",1
"Kenneth Nakasone",1
"Kenneth S. Ramos",1
"Kenneth Steil",1
"Kenny Barker",1
"Kerri E. Rodriguez",1
"Kerri Sparling",1
"Kevin A. Carson",1
"Kevin A. Scott",1
"Kevin C J Yuen",1
"Kevin Doubleday",1
"Kevin Forrest",1
"Kevin Gilliam",1
"Kevin J. Wang",1
"Kevin K. Lin",1
"Kevin Lansey",1
"Kevin Lin",1
"Kevin P. Shea",1
"Kevin Shimizu",1
"Kevin Silva",1
"Kevin Woodhams",1
"Kewei Chen",1
"Khino Moneva",1
"Khuong Duy Mac",1
"Ki Hwa Lee",1
"Kiah C. Sleiman",1
"Kian Alavy",1
"Kian Milani",1
"Kian Sadat",1
"Kiana L. Martinez",1
"Kieryn Janeane Zizzo",1
"Kiley McCombs",1
"Kimberly E. Lind",1
"Kimberly Gerhart",1
"Kimberly Gómez",1
"Kimberly King",1
"Kimberly L. Ogden",1
"Kimberly Shea",1
"Kimberly Young",1
"Kingsley K. Kumah",1
"Kinsley C. Wang",1
"Kinsley Wang",1
"Kinzie Bailey",1
"Kira Anson",1
"Kira Harris",1
"Kiran Smelser",1
"Kirk Dimond",1
"Kirk E. Anderson",1
"Kirk Emerson",1
"Kirssa Cline Ryckman",1
"Kirsten Pickard",1
"Kishan Dholakia",1
"Kishor Khanal",1
"Kiyomi Morino",1
"Kizil A. Yusoof",1
"Klariza Ochoa",1
"Klaus Lux",1
"Klimanova Liudmila",1
"Kobby Sarsah",1
"Kobe Saldaña",1
"Kody Gray",1
"Konden Hansen",1
"Konstantinos Parperis",1
"Kory Johnson",1
"Kote Chundu",1
"Krishna Chaitanya Amerneni",1
"Krishna Moturi",1
"Krista Brandon",1
"Krista Romero-Cardenas",1
"Kristan H. Cleveland",1
"Kristen A. Root",1
"Kristen E. Saban",1
"Kristen Keck",1
"Kristen L Zosel",1
"Kristi Collins",1
"Kristi Poling",1
"Kristin Huntoon",1
"Kristin Nosova",1
"Kristina Condrey",1
"Kristina Currans",1
"Kristine A. Huskey",1
"Kristine Uhlman",1
"Kristofer Drozd",1
"Kristopher G. Klein",1
"Kristy vanMarle",1
"Kristyn E. Piñeda",1
"Krystal Fimbres",1
"Krystal J. Kern",1
"Kudzai Musarandega",1
"Kumar Subham",1
"Kunal Lobo",1
"Kurt Chen",1
"Kurt Kroenke",1
"Kurt N. Constenius",1
"Kwan Lee",1
"Kye Davis",1
"Kyle J. Van Gorkom",1
"Kyle L. McCormick",1
"Kyle L. Seyler",1
"Kylee Treatch",1
"Kylie Boyd",1
"Kyra Elle Glassey",1
"Kyra Larsen",1
"Kyuhan Lee",1
"Kyung won Oh",1
"Kévin Beck",1
"L P Champagne",1
"L. Ayala",1
"L. C. Liu",1
"L. Carrington Goodrich",1
"L. Clayton Roberts",1
"L. L. Hood",1
"L. Le Corre",1
"L. M. Carter",1
"L. Meredith",1
"L.M. Close",1
"L.S. Butts",1
"LARISSA MARIA RIBEIRO",1
"LEONARDO ROSA GUIMARÃES",1
"LEONARDO VAZ RIBEIRO",1
"LETÍCIA TENÓRIO GONÇALVES",1
"LETÍCIA VENTURA SILVA",1
"LUANA FABRETE DE ALMEIDA",1
"LUANNE OLIVEIRA LEITE",1
"LUCAS GOMES PEREIRA",1
"LUIZ FERNANDO RAMO LEMOS",1
"LUIZ HENRIQUE PORTELA DE ABREU",1
"Lady Dorothy Avila Ell",1
"Laiza Maria Rocha de Jesus",1
"Lakshitha Gunawardana",1
"Lakshmi Narasimha Rao Thota",1
"Lakshmi Parakkat",1
"Lakshmi Vallabhaneni",1
"Lance Gui",1
"Landon Gray",1
"Lanie M. Galland",1
"Lara Aguiar",1
"Lara K. Shreve",1
"Larissa E. Oliveira",1
"Larissa Limesand",1
"Larissa Peru",1
"Larry Culpepper",1
"Larry G. Kessler",1
"Larry Head",1
"Lars Falk",1
"Laryssa Shipley",1
"Laura Baiocco",1
"Laura Bakkensen",1
"Laura Brandimarte",1
"Laura Condon",1
"Laura Krings",1
"Laura McPheeters",1
"Laura Montouro Cecon",1
"Laura P. Falk",1
"Laura Saavedra",1
"Laura W. Dozal",1
"Laurel Dieckhaus",1
"Lauren Cutler",1
"Lauren D. Gilmore",1
"Lauren Dimalanta",1
"Lauren E. Thaller",1
"Lauren Fritzsche",1
"Lauren G. Melcher",1
"Lauren Gifford",1
"Lauren J. Reeher",1
"Lauren M Herrmann",1
"Lauren Meloche",1
"Lauren Meyer",1
"Lauren Ondrejka",1
"Lauren Reyes",1
"Lauren Ridgway",1
"Lauren T. Toth",1
"Lauren Vicuna",1
"Laurent F. Martin",1
"Laurie Baert",1
"Laurie Ellerman",1
"Lawrence York",1
"LeAnne Prenovost",1
"Lea Merle Bachmann",1
"Leah Alexis Ndimurwimo",1
"Leah M. Friedman",1
"Leah N. Veldhuisen",1
"Leal Diego F.",1
"Lechuan Wang",1
"Lee Itule-Klasen",1
"Leen Naji",1
"Lei Xu",1
"Leif Abrell",1
"Leif Nelson-Melby",1
"Leila Karimi",1
"Leilei Peng",1
"Leith Ghani",1
"Lela A. Rankin",1
"Leonard C Chavez",1
"Leonard D. Brown",1
"Leonard Doyle",1
"Leonard Hammer",1
"Leonardo A. Paredes",1
"Leonardo Sandoval",1
"Leroy Innecken-call",1
"Leslie Espinoza",1
"Leyla Estrella Cordova",1
"Lia D. Falco",1
"Lia Q. R. Ossanna",1
"Liam Curtin",1
"Liam Falk",1
"Liam Fox Ellersick",1
"Liam Roberts",1
"Liam T Sullivan",1
"Lianfen Qian",1
"Liberty François‐Moutal",1
"Libin Zhu",1
"Lidia Azurdia Sierra",1
"Lie Chen",1
"Lienna Y Chan",1
"Liesl Folks",1
"Likith Surendra",1
"Lila Wollman",1
"Lilia Koelemay",1
"Liliana J. Issac",1
"Lillian Parker-Halstead",1
"Lily I. Jensen",1
"Limin Zhang",1
"Lin Li",1
"Lin Zhu",1
"Linae Larson",1
"Linan Jiang",1
"Linan Zheng",1
"Lincoln Bain",1
"Linda Jepkoech Kimaru",1
"Linda L. Garland",1
"Linda L. Restifo",1
"Linda Pallock",1
"Lindsay Krebs",1
"Lindsay Loss",1
"Lindsey A. Vandergrift",1
"Lingkun Chen",1
"Lingqiong Meng",1
"Linh N Tran",1
"Lipsa Das",1
"Lipsa Jena",1
"Liqiao Lei",1
"Lisa Anne Thompson",1
"Lisa Davis",1
"Lisa Elfring",1
"Lisa F. Rezende",1
"Lisa M. Nagy",1
"Lisa Naser",1
"Lisa Stoneking",1
"Lisbeth G. Haaheim",1
"Liu Ying",1
"Liudmila Klimanova",1
"Liz Hart",1
"Lizhuo Ai",1
"Logan E. Chung",1
"Logan McGoldrick-Ruth",1
"Loi Do",1
"London M. McDougal",1
"Longxiang Wang",1
"Loni Parrish",1
"Lorenzo Federici",1
"Lori Ann Eldridge",1
"Lori E. Fantry",1
"Lori Harrison",1
"Lotanna Ojukwu",1
"Lou Bellinghausen",1
"Louis Dillac",1
"Louise E.O. Darling",1
"Lourdes Castañón",1
"Lovely Ganthier",1
"Loyd B Olson",1
"Luana Araújo de Oliveira",1
"Luca Ghilardi",1
"Luca Ramponi",1
"Lucas Belury",1
"Lucas J. Marmorale",1
"Lucas Koch‐Kreher",1
"Lucero Radonic",1
"Luciana Yara Bonaldi de Biaggi",1
"Lucie Mahaut",1
"Lucy J. Martinez Guerrero",1
"Lucy Li",1
"Lucy Nash",1
"Lucy Swanson",1
"Ludwik Adamowicza",1
"Luis A. García",1
"Luis De La Fuente",1
"Luis E. Ballesteros Martínez",1
"Luis F. Arciniaga",1
"Luis Luy",1
"Luisa A. Ikner",1
"Luiz Fernando Braga",1
"Luiz Guilherme Azevedo Mauad",1
"Luiz Henrique Moreira de Souza",1
"Lukas Foster",1
"Luke I. Szweda",1
"Luke K. Presson",1
"Lulejeta A. Latifi",1
"Luís F. Gonçalves",1
"Lyndsay Willmott",1
"Lynne Tomasa",1
"M J Li",1
"M M VITOLS",1
"M Shahidullah",1
"M Taylor",1
"M'Balia Thomas",1
"M. A. García",1
"M. A. Pohlmann",1
"M. Arif Hasan",1
"M. C. Nolan",1
"M. Corona",1
"M. D. Saiful Islam",1
"M. Dovale Álvarez",1
"M. Gold",1
"M. Hoffer",1
"M. Ilyas",1
"M. J. O. Francis",1
"M. Katherine Sayre",1
"M. Keppler",1
"M. Mehmet",1
"M. Melissa Darnell",1
"M. P. Sreeram",1
"M. Pilar Ramos Tamayo",1
"M. Repp",1
"M. T. Bogan",1
"M. Ward",1
"M. Z. Haque",1
"M.J. Silva",1
"M.M. Marefat",1
"M.M.K. Khan",1
"M.Y. Kautz",1
"MA Xiao-long",1
"MARCELA XAVIER TEREZA DE MELLO",1
"MARCOS ANTONIO FERNANDES RIBEIRO",1
"MARIA EDUARDA SIMÃO",1
"MARIANNA LUCINDA DE OLIVEIRA",1
"MATHEUS COSTA PEREIRA",1
"MATHEUS FARIA LIMA DA SILVA",1
"MATHEUS HENRIQUE DE CARVALHO SILVA",1
"MH Witte",1
"ML Chu",1
"Mace Coday",1
"Macie Balkan",1
"Mackinzie A. Stanley",1
"Madeleine S. Daly",1
"Madelien Nicola Mithelavage",1
"Madeline Gauthier",1
"Madeline P. Cutcliffe",1
"Madelyn Cook",1
"Madison A. Grams",1
"Madison E. Gamble",1
"Madison J. De Jesus",1
"Madison Knight",1
"Madison L. Morris",1
"Mae Berlow",1
"Magda Garbowski",1
"Magdalene So",1
"Maggie Kautz",1
"Mahdi Dolatyarieslami",1
"Mahdi Mahdavimanshadi",1
"Mahdieh F. Jedlowski",1
"Mahek Nirav Shah",1
"Mahesh Challapalli",1
"Mahesh Keerthivasan",1
"Mahsa Eslami",1
"Mai A. Abdel-Malek",1
"Maia B. Granoski",1
"Maisha Hafiz",1
"Maisun M. Ansary",1
"Maiya G. Block Ngaybe",1
"Maizey C Benner",1
"Makayla Johnson",1
"Makenna Ley",1
"Malia Edmonds",1
"Malini Roy",1
"Malla Reddy Gannarapu",1
"Mallory L. Davies",1
"Mallory Thompson",1
"Mandy K. Dhahan",1
"Manfred Spitzer",1
"Manpreet Singh",1
"Mansi Singh",1
"Mansour Mathkour",1
"Manuel Cevallos",1
"Manvir Kaur",1
"Mara Short",1
"Marc L. Miller",1
"Marc Lubitz",1
"Marc M. Oshiro",1
"Marc N. Jarczok",1
"Marc P. Verhougstraete",1
"Marc Zempare",1
"Marco A. Jimenez-Valencia",1
"Marco Padilla-Rodrigez",1
"Marco Patricio Bravo Mendoza",1
"Marcus C. Lam",1
"Marcus Klupar",1
"Marcus Löfverström",1
"Marcy Ojeda",1
"Marek Rychlik",1
"Maren E. Veatch‐Blohm",1
"Margaret E. Balfour",1
"Margaret E. Ginn‐Pease",1
"Marguerite E. O’Haire",1
"Maria A. Rosati",1
"Maria A. Sans‐Fuentes",1
"Maria C. Bishop",1
"Maria Castro",1
"Maria Esparza",1
"Maria I. Altbach",1
"Maria Janina Carrera Espinoza",1
"Maria Jose Hernandez",1
"Maria Karnafel",1
"Maria Khawam",1
"Maria L. Adelus",1
"Maria Lambousis",1
"Maria Ruiz Gonzales",1
"Maria Sandra Gonzalez Marshall",1
"Maria Sohn Hasman",1
"Maria Soldevila",1
"Mariam Hovhannisyan",1
"Mariana Felix",1
"Mariano Hernández",1
"Maricela Pier",1
"Marie L. Tanaka",1
"Marie Layac",1
"Marie-Sophie Dumont",1
"Mariella Rodríguez",1
"Marielle Aulikki Wälti",1
"Marika Nestor",1
"Marilyn Halonen",1
"Marilyn T. Marron",1
"Marina Cardó‐Vila",1
"Marina Dutra‐Clarke",1
"Marina Morandini",1
"Mario Emilio Ernesto Franco",1
"Mario I. Romero‐Ortega",1
"Marisa Cannon",1
"Marissa A. Lopez‐Pier",1
"Marissa Lovett",1
"Mariëtte J.V. Hoffer",1
"Marjan Aghajani",1
"Marjorie A. Nelson",1
"Marjorie Elizabeth Plummer",1
"Mark A. Beilstein",1
"Mark A. Nelson",1
"Mark Arthur",1
"Mark Bayer",1
"Mark D. Barton",1
"Mark D. Wheeler",1
"Mark K. Walsh",1
"Mark Pecha",1
"Mark Phillips",1
"Mark S. Smolinski",1
"Mark T. Parsons",1
"Marrisa N. Trujillo",1
"Marta V. Schoenle",1
"Martha Moore-Monroy",1
"Martha Noro Chollom",1
"Martin Formánek",1
"Martin Plant",1
"Martin Porchas",1
"Martin Schreiber",1
"Martin Speicher",1
"Marvin Chaires",1
"Marvin H. Eng",1
"Mary A Nowlen",1
"Mary Beth Jäger",1
"Mary C. Townsend",1
"Mary Conant",1
"Mary E. Spitzer",1
"Mary Hadeed",1
"Mary Kate Franchetti",1
"Mary Kathryn Franchetti",1
"Mary Kay Amistadi",1
"Mary Kay O’Rourke",1
"Mary Knotts",1
"Mary Lourdes Erlichman",1
"Mary McCaslin",1
"Mary N. Reed",1
"Mary S. Anthony",1
"Mary Wilson",1
"Mary-Kathryn Franchetti",1
"Maryam Emami Neyestanak",1
"Maryam Nasr Esfahani",1
"Marylin T. Marron",1
"María F. Acosta",1
"María Luisa Manzano",1
"María Luisa Rodríguez",1
"María Nieves Zedeño",1
"Masashi Yamakawa",1
"Mason Leech",1
"Masoud Eshghali",1
"Mathew D. Hutchinson",1
"Matias Saavedra",1
"Matiss Castorena",1
"Matt Goode",1
"Matt Rademacher",1
"Matthew A. Wu",1
"Matthew D. Greer",1
"Matthew D. Lemke",1
"Matthew Erisman",1
"Matthew F. Watson",1
"Matthew Geheran",1
"Matthew Hawkins",1
"Matthew J. Hashim",1
"Matthew J. King",1
"Matthew Larger",1
"Matthew M. Klass",1
"Matthew Malaker",1
"Matthew Miller",1
"Matthew N. Nguyen",1
"Matthew Rademacher",1
"Matthew S. Marcus",1
"Matthew S. Recsetar",1
"Matthew T. Eisenberg",1
"Matthew T. Ollerton",1
"Matthew Viveiros",1
"Matthew W. Barrett",1
"Maureen Brophy",1
"Maureen Daniela Ponce Gomez",1
"Mauro Brum",1
"Max A. Duque",1
"Max Farley",1
"Max Xin",1
"Maya Amjadi",1
"Maya N. Arruda",1
"McKenna Dunmyer",1
"Md Arfan Uddin",1
"Md Imran Hossain Mithu",1
"Md Showkat Hossain Chy",1
"Md. Abdur Rahman Apu",1
"Md. Kamal Uddin",1
"Md. S. Hassan",1
"Meenakshi Dagar",1
"Meenu Chopra",1
"Meenu Priya Resmi",1
"Megan Fale",1
"Megan Forecki",1
"Megan Gleason",1
"Megan Gralla",1
"Megan J. Kobel",1
"Megan L. Peterson",1
"Megan N. Nickerson",1
"Megan P. T. Owen",1
"Megan Smith",1
"Megan Suzanne Irgens",1
"Megan Taylor",1
"Megan Vaughan",1
"Meghan A. Balk",1
"Meghan L. Edgerton",1
"Meghana Belthur",1
"Meghana Prakash",1
"Meher Rakkar",1
"Mehmetcan Akbulut",1
"Mehran Asghari",1
"Mehraneh Mohseni Zadeh Harouzi",1
"Mehrdad Mahalleh",1
"Mehrdad Pourjam",1
"Mehrnoosh Hashemzadeh",1
"Meiyu Pan",1
"Mekayla Crawford",1
"Melanie Avila",1
"Melanie Bertrand",1
"Melanie Hingle",1
"Melanie L. Bell",1
"Melanie McKay-Cody",1
"Melanie Odenkirk",1
"Melanie R Kridler",1
"Melanie Rubio",1
"Melanie Sisco",1
"Melanie Steiner",1
"Melinda Bunyard",1
"Melissa A. Moy",1
"Melissa Burham",1
"Melissa D’Andrea",1
"Melissa Herbst-Kalovetz",1
"Melissa J. Brucker",1
"Melissa K. Kontogiannis",1
"Melissa L. Rosado-de-Christenson",1
"Melissa M. Herbst-Kralovetz",1
"Melissa Marie D'Andrea",1
"Melissa Papuc",1
"Melissa Rogers",1
"Melissa Zukowski",1
"Meltem Özcan",1
"Melville J. Wohlgemuth",1
"Melvin G. Hector",1
"Meng Zhang",1
"Mengjiao Ma",1
"Merritt ten Hope",1
"Mert Colpan",1
"Mete Demircigil",1
"Mia Franks",1
"Miao Ma",1
"Micaehla May",1
"Michael A. Cardenas",1
"Michael A. Gurney",1
"Michael B. Avery",1
"Michael Badowski",1
"Michael C. Cavallaro",1
"Michael C. Nolan",1
"Michael C. Spears",1
"Michael D. Miller",1
"Michael Deeb",1
"Michael E. Hoffer",1
"Michael E. Madigan",1
"Michael E. Peterson",1
"Michael Florian",1
"Michael G. Johnson",1
"Michael Gessner",1
"Michael Gnesda",1
"Michael Goode",1
"Michael J Christensen",1
"Michael J. Donoghue",1
"Michael J. Holcomb",1
"Michael J. Moulton",1
"Michael Johnson",1
"Michael Kotutwa Johnson",1
"Michael L. Alosco",1
"Michael L. Frazure",1
"Michael Malek-Ahmadi",1
"Michael Manning",1
"Michael McDonnell",1
"Michael McKenna",1
"Michael Morris",1
"Michael N. Evans",1
"Michael Okine",1
"Michael S. Barker",1
"Michael S. Chang",1
"Michael S. Christoffersen",1
"Michael S. Cronan",1
"Michael T. Fallon",1
"Michael T. Nguyen",1
"Michael T. Taylor",1
"Michael Trial",1
"Michael Yozwiak",1
"Michael Zawaneh",1
"Michaël Abécassis",1
"Michele E. Walsh",1
"Michelle A. Lay",1
"Michelle Ann Solis",1
"Michelle Devlin",1
"Michelle Ennabe",1
"Michelle Hanson",1
"Michelle Hein",1
"Michelle J. Chang",1
"Michelle K. Berry",1
"Michelle L Gordon",1
"Michelle L. Foley",1
"Michelle Lynn Yung",1
"Michelle M. Perfect",1
"Michelle Nhi Ngo",1
"Michelle Perez-Coronado",1
"Michelle Robert Anthony",1
"Michelle Téllez",1
"Michelle Vonie",1
"Michelle Wei",1
"Miguel Grageda",1
"Miguel Hurtado",1
"Mihra S. Taljanovic",1
"Mikaila Ann Bantugan",1
"Mikayla Deigan",1
"Mikayla Gerdes",1
"Mike Eiklenborg",1
"Milad Khajehvand",1
"Milan Sivakumar",1
"Miles Lucas",1
"Min Jung Park",1
"Min Liang",1
"Mina M Alaaldin",1
"Ming Ma",1
"Mingfeng Shang",1
"Mingwei Li",1
"Mingyu Ma",1
"Minh Duy Truong",1
"Minkyu Kim",1
"Minseok Kim",1
"Minyoung Lee",1
"Mira D. Kaibara",1
"Mira Marwah",1
"Miriam C. Jones",1
"Miriam Jones",1
"Miriam Jorgensen",1
"Miriam L. Kaylor",1
"Miriam L. Nelson",1
"Mirina Elizabeth Enderlin",1
"Mitchel P. McClaran",1
"Mitchell L. Haddock",1
"Mitchell P. Miller",1
"Mitchell S. Davis",1
"Mithün Paul",1
"Mitra Esfandiarei",1
"Mitul Dey Chowdhury",1
"Mladen Jergović",1
"Modesto J. Colón",1
"Mohab M. Ibrahim",1
"Mohamad Alaeddine",1
"Mohamadreza Ramezani",1
"Mohammad Al Ma'ani",1
"Mohammad Bonyan Alsobaie",1
"Mohammad El‐Ghanem",1
"Mohammad Farmani",1
"Mohammad Fazel",1
"Mohammad Ghufran",1
"Mohammad Mahdi Ahmadi",1
"Mohammad Shahidullah",1
"MohammadHossein Rezaei",1
"Mohammadmahdi Ranjbar",1
"Mohammadreza Saraei",1
"Mohammed A. Alhussaini",1
"Mohammed Elkhwad",1
"Mohammed Y Khanji",1
"Mohsen Izadyari",1
"Moira Hough",1
"Moises Nevah Rubin",1
"Molly Courtright",1
"Molly Douglas",1
"Molly Sekar",1
"Mona Liza Moura de Oliveira",1
"Monica A. Schmidt",1
"Monica K. Chawla",1
"Monica Ramirez-Andreotta",1
"Monica Rodriguez",1
"Monica T. Midura‐Kiela",1
"Monica Yellowhair",1
"Monica Zmudzinski",1
"Monique Martinez",1
"Monis Ahmed Khan",1
"Morgan Demaree",1
"Morteza Ranjbar",1
"Mosharrof Mondal",1
"Mostafa Javadian",1
"Mostafa Lutfi",1
"Mourad Abdennebi",1
"Mrudang Langalia",1
"Muaz Ali",1
"Muaz Mian",1
"Muhammad Ajmal",1
"Muhammad Amjad Khan",1
"Muhammad Azhar",1
"Muhammad Fahad Khan",1
"Muhammad Firdaus Hassan",1
"Muhammad Ijaz Pervez",1
"Muhammed Yusufoğlu",1
"Mukta Hardikar",1
"Muntasir Mamun",1
"Murat Kaçıra",1
"Mushaer Ahmed",1
"Mustafa Ghanim",1
"Muzafar Naik",1
"Muzammeel Dosanbhai Hada",1
"Myla G. Gonzalez",1
"N Kitamura",1
"N. B. Price",1
"N. Conto",1
"N. DeLuca",1
"N. H. Kwong",1
"N. Mahmood",1
"N. Peyghambarian",1
"N. Santiago",1
"N. Sher",1
"N. Wilkinson",1
"NATHÁLIA GONZAGA GRILO SIQUEIRA",1
"NAYARA BRITO",1
"Nabeel W. Sufi",1
"Nabhan M. Fakrudin",1
"Nabin Khatiwada",1
"Nader Wehbi",1
"Nadine Daniella DELLAGIUSTINA",1
"Nadine-Stella Achenjang",1
"Nafisa M. Jadavji",1
"Naghmeh Soltani",1
"Naif Hebo",1
"Nainika Menakuru",1
"Najmeh Nazari",1
"Nam Y. Lee",1
"Nam Yong Lee",1
"Namita E. Mathew",1
"Namoonga M. Mantina",1
"Namya Baijal",1
"Nana Adwoa Akuffo Amoh-Asante",1
"Nancy Johnson",1
"Nancy K. Sweitzer",1
"Nancy Mather",1
"Nandini Sodhi",1
"Naohiko Sahara",1
"Naomi Nishikawa",1
"Naoya Kitamura",1
"Naria Quazi",1
"Nasser Albalawi",1
"Natalia C Bentz",1
"Natalie Bautista",1
"Natalie Bennion",1
"Natalie Carey",1
"Natalie Caryl",1
"Natalie J. Morris",1
"Natalie Lana Nabaty",1
"Natalie Provencio‐Dean",1
"Natalie Shultz",1
"Natascha Schippel",1
"Natasha A. Graham",1
"Natasha Keric",1
"Natasha Khona",1
"Natasha R. Cornejo",1
"Natasha Tigreros",1
"Nathan A. Pierce",1
"Nathan B Price",1
"Nathan Hadland",1
"Nathan Harkema",1
"Nathan L. Pace",1
"Nathan Pritts",1
"Nathan S. Yenerich",1
"Nathaniel Degen",1
"Nathaniel E. Miller",1
"Nathaniel Ponvert",1
"Natisha Charoenmins",1
"Natsuki Eguchi",1
"Natàlia Jiménez",1
"Navin McGinnis",1
"Nayel Badareen",1
"Nazanin Abolfazli",1
"Nazimul Islam",1
"Nazmul Hasan",1
"Nazmus Saquib",1
"Neal Armstrong",1
"Ned Tilbrook",1
"Neda Alrawashdh",1
"Neev Shah",1
"Nehal Thakkar",1
"Neil C. Momsen",1
"Nellie Goetz",1
"Nevyn Neal",1
"Ngoc‐Anh Le",1
"Nguyen Kim Tuyen Pham",1
"Nguyễn Văn Hùng",1
"Ni Chen",1
"Niall Curry",1
"Nicholas A. Bonazza",1
"Nicholas A. Ward",1
"Nicholas B Lolli",1
"Nicholas B. Hurst",1
"Nicholas Chartrand",1
"Nicholas Cusick",1
"Nicholas Desnoyer",1
"Nicholas Didato",1
"Nicholas Kessler",1
"Nicholas Kuehl",1
"Nicholas Matthews",1
"Nicholas Schultz",1
"Nicholas T. Lam",1
"Nicholas Theodore",1
"Nichole Mercier",1
"Nick Bishop",1
"Nick Brar",1
"Nick D. Childress",1
"Nick Emerson",1
"Nicklas Carpenter",1
"Nicklous D Betts-Childress",1
"Nico Deshler",1
"Nicolas Blanchard",1
"Nicolas Gross",1
"Nicolas J. Cerf",1
"Nicole M. Kurnik",1
"Nicole Schmidt",1
"Nicole Varda",1
"Nicole Zenzola",1
"Nicolás Brehm",1
"Nidal Areg-Zakaria Kram Brooks",1
"Nikhil C. Mathur",1
"Nikhil Garuda",1
"Nikhil Mathur",1
"Nikolas Brzezinski",1
"Nilufer K. B. Akbulut",1
"Nimet Beyza Bozdag",1
"Nina Bonaventura",1
"Nipuna Weerasinghe",1
"Niraj R. Chavan",1
"Niraly Patel",1
"Niranjana Shankarappa",1
"Nirushan Narendran",1
"Nisnat Chakraborty",1
"Nitesh Khandelwal",1
"Nithish Prakash",1
"Nitzan Yanay",1
"Noah Franz",1
"Noah J. Carr",1
"Noah Simmons",1
"Noel Teku",1
"Noelle Daigle",1
"Nomita Divi",1
"Noor Subah",1
"Nora Evans-Reitz",1
"Noriko Tamari",1
"Norma González",1
"Norman Chutkan",1
"Novel Kumar Dey",1
"Nowroz Sohrab Ali",1
"Numaan Mahmood",1
"Nuria Jiménez‐Hernández",1
"O. Flores",1
"O. Hindosh",1
"Odhin Brynnel",1
"Odunayo Lawal",1
"Oghenevovwe Ikumariegbe",1
"Olesya I. Zhupanska",1
"Oli Durney",1
"Olive Mehrer",1
"Olivia Guswiler",1
"Olivia Hoch",1
"Olivia Jones",1
"Olivia Pitcl",1
"Olivier Durney",1
"Olufunmilola Adeleye",1
"Oluwadamilola Obawede",1
"Omar Hasan Ali",1
"Omid Zandi",1
"On To Sonja Choi",1
"Onur Ural",1
"Onyi De Andre Eneji",1
"Onyinye J. Ikenyirimba",1
"Orion Hon",1
"Oscar A. Flores",1
"Oscar A. Rodriguez-Ponce",1
"Oscar D. Parra",1
"Osvel Hinojosa-Huerta",1
"P. Arbo",1
"P. Behroozi",1
"P. D. Klaassen",1
"P. Deymier",1
"P. Garcia-Filion",1
"P. Guertin",1
"P. J. Goodman",1
"P. Johnson",1
"P. K. Ramaiah",1
"P. Lindberg",1
"P. Luna",1
"P. Mahant",1
"P. S. Bisht",1
"P.-Y. Noël",1
"P.O. Leslie",1
"PATRÍCIA KELLI SILVA DE OLIVEIRA",1
"PAULO AUGUSTO BONALDI NETO",1
"PEDRO HENRIQUE DIAS DE ALVARENGA VITOR",1
"PK Bharadwaj",1
"Pablo A. Luna Falcon",1
"Pablo Antonio De La Fuente-Moreno",1
"Pablo Luna Falcon",1
"Paige Cherry",1
"Paige Grafton",1
"Paige Lenzen-Hammerel",1
"Paige V Wene",1
"Pan Yan",1
"Pankaj Vyas",1
"Pao-Kang Chen",1
"Paola Cruz Flores",1
"Paola G. Pieri",1
"Parker Dattilo",1
"Parker Guss",1
"Parth Chawdagor",1
"Pasano Bojang",1
"Patricia A. Thompson",1
"Patricia Cornejo",1
"Patricia E. Molina",1
"Patricia Mayer",1
"Patricia Molina",1
"Patricia Nia Sari Damanik",1
"Patrick D. Shipman",1
"Patrick J. Lohr",1
"Patrick Kupiec",1
"Patrick Wightman",1
"Paul A. Lee",1
"Paul A. Thompson",1
"Paul Brierley",1
"Paul Carini",1
"Paul DiPasquale",1
"Paul Hsu",1
"Paul J. Wright",1
"Paul N. Michas",1
"Paul S. Smith",1
"Paul Sagerman",1
"Paul Tran",1
"Paul V Santiago",1
"Paul Weisgarber",1
"Paulina Kuzmin",1
"Paulina M. Colombo",1
"Paulo Carvalho",1
"Paxton A. Sample",1
"Peace Amarachukwu Ezeh",1
"Pearce Paul Creasman",1
"Pedro Mora Pinos",1
"Pedro Saramago",1
"Peggy Ackun",1
"Peiwen Li",1
"Peng Chen",1
"Pengyinjie Lyu",1
"Peter A Hartman",1
"Peter B. Breslin",1
"Peter C Ellsworth",1
"Peter C. Jeppson",1
"Peter D. Reaven",1
"Peter Dean-Erlander",1
"Peter DuBois",1
"Peter Gray",1
"Peter Hailey",1
"Peter Milne",1
"Peter P. Patterson",1
"Peter Reaven",1
"Peter Stephenson",1
"Peter T. Skidmore",1
"Peter Vanderschraaf",1
"Peter Wilkin",1
"Phil Tseng",1
"Philip N. Daly",1
"Philip Nash",1
"Philip Stoker",1
"Philipp Hannan",1
"Philipp Jent",1
"Philippe Millot",1
"Phillip Jenkins",1
"Phudit Buaprasert",1
"Phyllis A. Richey",1
"Phyo Han Thwin",1
"Pierre Deymier",1
"Pierre Meystre",1
"Pinnaduwa H.S.W. Kulatilake",1
"Pooja Doehrman",1
"Pooja Pandit",1
"Poonam Tawde",1
"Poppy C. Northing",1
"Portia Cooper",1
"Poulomi Nandi",1
"Prabhu S. Arunachalam",1
"Prajakta Gavhane",1
"Prakrati Acharya",1
"Praneeth Katrapati",1
"Pranjal R.S.",1
"Prantick Santra",1
"Preeti Choudhary",1
"Preston J. Leigh",1
"Preston Ngo",1
"Prince Bosiako Antwi",1
"Priom Mahmud",1
"Priscilla Cortez",1
"Priscilla Marsicovetere",1
"Pritha Bisarad",1
"Priya Muralidharan",1
"Priya Puri",1
"Priyanka Chilukuri",1
"Priyanka Kushwaha",1
"Priyanka Sharma",1
"Protul Shrikant",1
"Pujarini Dutta Dey",1
"Purushotham Jinka",1
"Pélagie M. Beeson",1
"Q.M. Chen",1
"Qi Jing",1
"Qi Wen Gan",1
"Qianying He",1
"Qin Xu",1
"Qing Duan",1
"Qing Hao",1
"Qing-Yu Zhang",1
"Qiyu Chen",1
"Quentin Raffaelli",1
"R. A. Ganeev",1
"R. Amaro",1
"R. Araujo",1
"R. Ariel Gómez",1
"R. Bhagar",1
"R. Binder",1
"R. Burbank",1
"R. C. Amaro",1
"R. El Latifi",1
"R. F. Green",1
"R. Gopalan",1
"R. Julian",1
"R. K. Roy",1
"R. M. Maxwell",1
"R. Pithia",1
"R. Rattanasriampaipong",1
"R. S. Pranjal",1
"R. Stewart",1
"R. V. Yelle",1
"R. Venesa",1
"R. Zach",1
"R. Álvarez",1
"R.P. McDougall",1
"R.V. Mendoza",1
"R.W. Ke",1
"RAFAEL FERREIRA DE OLIVEIRA LEITE",1
"RAFAEL VITÓRIO DOS SANTOS",1
"RAQUEL TAVARES DE CASTRO",1
"RENATO DA SILVA LIMA",1
"RICARDO FERNÁNDEZ G.",1
"RK Goyal",1
"Rabail Chaudhry",1
"Rachael Dinh",1
"Rachael E. Hinkel",1
"Rachel E. Gallery",1
"Rachel E. M. Cramton",1
"Rachel Geiser",1
"Rachel H. Adler",1
"Rachel K. Toth",1
"Rachel M. Mayfield",1
"Rachel R Crumpacker",1
"Rachel Reichenbach",1
"Rachel S. Fisher",1
"Rachel Schwyhart",1
"Rachel Sweenie",1
"Rachel Zambrano",1
"Rachelle L. Begay",1
"Rachelle Sheets",1
"Rachna Schroff",1
"Radhey Hemendra Ruparel",1
"Rafael García",1
"Rafael Gómez",1
"Rafaela Aparecida Mendonça Marques",1
"Ragadeepika Pucha",1
"Raha Sadjadi",1
"Rahul Kumar",1
"Rahul Kumar Walia",1
"Rahul N. Doshi",1
"Rahul Rakshit",1
"Raja Gopoju",1
"Rajesh Khanna",1
"Rajesh Shrestha",1
"Raleigh C Addington",1
"Ramachandra Sista",1
"Rami Khoshaba",1
"Ramin Jamshidi",1
"Ramses Hyde",1
"Ramsey Wilcox",1
"Ramya Ramachandran",1
"Ramzi Touchan",1
"Ran Chen",1
"Ran Zhang",1
"Rana Kurdi",1
"Ranjini Garani Ramesh",1
"Rao Xiong",1
"Rapeeporn Rojsaengroeng",1
"Raphael E. Hviding",1
"Raquel Hernández Givens",1
"Raquel Sainz",1
"Rashed Rahman",1
"Rashmi Yohani Amarakoon Arachchige",1
"Raul Y. Reyes",1
"Ravneet Chadha",1
"Raymond B. Nagle",1
"Raymond Bunch",1
"Raymond F. Carmody",1
"Raymond Huang",1
"Raymond Wu",1
"Raza Mushtaq",1
"Razvan-Gabriel Dumitru",1
"Rebecca Ann King",1
"Rebecca Dendy",1
"Rebecca Friesen",1
"Rebecca Harkness",1
"Rebecca L Campbell",1
"Rebecca Ramirez",1
"Rebecca Slater",1
"Rebecca Vance",1
"Rebekah L. Mokry",1
"Reeba P. Varghese",1
"Reed T. Bjork",1
"Reema Shinh",1
"Regina Deil‐Amen",1
"Regina Zaviera Anggi Kurniawati",1
"Reiman Em",1
"Ren Boz",1
"Ren-Hua Jheng",1
"Renata Tilemann Facó",1
"Renee Miu",1
"Reya Sharman",1
"Reyes-Escudero, Verónica",1
"Reynaldo Gomez",1
"Reza Sanayei",1
"Rhett P. Hill",1
"Rhiannon Nabours",1
"Rhye‐Samuel Kanassatega",1
"Rhys R. Axon",1
"Ricardo Maciel",1
"Richard A. Bettis",1
"Richard A. Wahl",1
"Richard Amini",1
"Richard B. Westrick",1
"Richard C. Brusca",1
"Richard Chua",1
"Richard E. Sumner",1
"Richard F. Green",1
"Richard Gin",1
"Richard H. Holloway",1
"Richard Healey",1
"Richard I. Fisher",1
"Richard Joseph Wruble",1
"Richard L. Hallett",1
"Richard L. Johnson",1
"Richard Lane",1
"Richard M. Eaton",1
"Richard Martynec",1
"Richard Park",1
"Richard W. Dehn",1
"Richard W. Sias",1
"Richard W. Wortley",1
"Riley Goldsmith",1
"Riley Mikkelsen",1
"Riley Taitingfong",1
"Rinku Skaria",1
"Rion Poland",1
"Rishi Chandra",1
"Rita D. Romero",1
"Rita Romero",1
"Ritu Pandey",1
"Ritu Yadav",1
"Ritwik Agrawal",1
"Riyanshi Bohra",1
"Robert A. Canales",1
"Robert Altschul",1
"Robert B. Raffa",1
"Robert Barraco",1
"Robert C. Kennicutt",1
"Robert C. MacDonald",1
"Robert G. Hayes",1
"Robert G. Varady",1
"Robert Hayes",1
"Robert J. Steidl",1
"Robert M. Allen",1
"Robert M. Jones",1
"Robert M. Shaw",1
"Robert Merideth",1
"Robert P. Erickson",1
"Robert R. Klein",1
"Robert Roberts",1
"Robert S. Maier",1
"Robert Valente Childers-Quiñones",1
"Robert Wu",1
"Roberta H. Adams",1
"Roberto Aguilar",1
"Roberto Cruz‐Flores",1
"Roberto Giacobazzi",1
"Robin Roberts",1
"Robson Nunes Oliveira de Biaggi",1
"Rocío Aurelia Jacobo-Bojórquez",1
"Rodney C. Haring",1
"Rodolfo Martínez‐Mota",1
"Rodrick Babakhanlou",1
"Rodrigo Alvarez",1
"Rodrigo Vargas",1
"Roger Atanga",1
"Roger L. Nichols",1
"Rohini Nott",1
"Rohit Mukherjee",1
"Roman Anthis",1
"Roman Palitsky",1
"Ronald J. Stouffer",1
"Ronald L. Oaxaca",1
"Ronald M. Lynch",1
"Ronald S. Weinstein",1
"Rong Qian",1
"Rony Macwan",1
"Ronã Rinston Amaury Mendes",1
"Rosaelba Soto-Robles",1
"Rosalind McAlpine",1
"Rose mary George",1
"Roselyn Salomey Amamoo",1
"Rosemarie Turk",1
"Ross Gordon",1
"Rossana Capuani",1
"Rowan Bhagar",1
"Rowan I. Huang",1
"Roxanne Garcia-Orr",1
"Rubab Saher",1
"Rubén Santamaría",1
"Ruchi Khatiwala",1
"Ruhul Khan",1
"Rui Xiong",1
"Ruisheng Xiong",1
"Ruotong Zhao",1
"Ruoyan Xu",1
"Rupali Rakshit",1
"Russell Tronstad",1
"Ruth Cuasialpud-Canchala",1
"Ruyuan Dong",1
"Ryan A Park",1
"Ryan Avery",1
"Ryan Bunyard",1
"Ryan Endsley",1
"Ryan Grevsmuehl",1
"Ryan Haymore",1
"Ryan J Hassen",1
"Ryan L. Woltz",1
"Ryan Lee",1
"Ryan M. Lau",1
"Ryan M. Wolsky",1
"Ryan Marmis",1
"Ryan Mistifer",1
"Ryan P. Bartelme",1
"Ryan P. Le",1
"Ryan Pecha",1
"Ryan Russell",1
"Ryan S. Park",1
"Ryan Shahriari",1
"Ryan Sprissler",1
"Ryan Thien",1
"Ryan Ung",1
"Ryan W. Matika",1
"Ryan Wheaton",1
"Ryland Gerald Wala",1
"Rylie Sisterson",1
"Rylie Watson",1
"Ryo Sakamoto",1
"Ryven E Mangundayao",1
"S Worrell",1
"S. A. MacLennan",1
"S. A. Moruzzi",1
"S. Beller",1
"S. Chambers",1
"S. Everett",1
"S. G. M. S. D. Senanayaka",1
"S. Guerra",1
"S. H. Bailey",1
"S. Hariri",1
"S. Lemons",1
"S. Linden",1
"S. M. Larson",1
"S. Marshall Ledford",1
"S. Mazumdar",1
"S. Meinel",1
"S. Nerozzi",1
"S. Paulino",1
"S. Sandra Bae",1
"S. Sureshkumar",1
"S. Tooke",1
"S. Townsend",1
"S.K. Chambers",1
"S.K. Pandey",1
"SINARA Iolanda Monteiro de Almeida",1
"Saahithi Punnam",1
"Sabrina Azemar",1
"Sabrina Helm",1
"Sabrina Ho",1
"Sabrina Seifert",1
"Sadia Ghani",1
"Sadia L. Falana",1
"Sadie A. Martin",1
"Sadiq S. Patel",1
"Sadisha Nanayakkara",1
"Sadiya Hussainy",1
"Safiyah Abdessalam",1
"Sagi Elhassan",1
"Sai Gowtham Allu",1
"Sai Krishna Bhogadi",1
"Sai Madhuri Kandula",1
"Sailu Sarvagalla",1
"Saleem Almasarweh",1
"Saleh Mostafa",1
"Salikh Murtazaliev",1
"Sally J. Young",1
"Sam H. Bevier",1
"Sam J. Sneed",1
"Sam LaMotte",1
"Sam W. Durfee",1
"Samanta Perry",1
"Samantha A. Moruzzi",1
"Samantha G. Smith",1
"Samantha Gaetani",1
"Samantha Jankowski",1
"Samantha M. Behunin",1
"Samantha Moya",1
"Samantha Perry",1
"Samantha Phou",1
"Samantha Prins",1
"Samantha Rokey",1
"Samar Iftikhar",1
"Sameer Honwad",1
"Sameer Sabharwal-Siddiqi",1
"Sameer Suhale",1
"Samhitha Vadlamudi",1
"Sami Muslmani",1
"Samina Momtaz",1
"Samir Meziab",1
"Samkeyat Shohan",1
"Samuel D. Love",1
"Samuel E. Gralla",1
"Samuel H. Cheong",1
"Samuel K. Campos",1
"Samuel M. Galvagno",1
"Sana Ghazi",1
"Sana Yousaf",1
"Sanchit Sabhlok",1
"Sandra Bernal",1
"Sandra D. W. Buttram",1
"Sandra Del Toro",1
"Sandra Gage",1
"Sandra H. Nordlie",1
"Sandra Martynec",1
"Sandra Rodríguez Quintana",1
"Sandrine Peraldi",1
"Sanford Selznick",1
"Sangeethabalasri Pugazhendhi",1
"Sanho Chung",1
"Sanjay V. Menghani",1
"Sankalp Sethi",1
"Sanna Loppi",1
"Santiago Loya‐López",1
"Santiago Martínez-Jiménez",1
"Santosh Timilsina",1
"Sanya Kathuria",1
"Sara A. Lewis",1
"Sara Arghiani Harader",1
"Sara B. Placek",1
"Sara Centuori",1
"Sara Djurich",1
"Sara J. Edmund",1
"Sara Lahlouhi",1
"Sara Lundsten",1
"Sara Michelle Lee",1
"Sara N. Burke",1
"Sara Ornelas",1
"Sarah B. Green",1
"Sarah B. Placek",1
"Sarah Berryhill",1
"Sarah Blomquist",1
"Sarah C. Leighton",1
"Sarah Clark",1
"Sarah Couture",1
"Sarah E Nash",1
"Sarah E. Clark",1
"Sarah E. Moran",1
"Sarah Eaton",1
"Sarah Emert",1
"Sarah Hoffman",1
"Sarah Karabatsos",1
"Sarah Kyte",1
"Sarah L. Green",1
"Sarah Parker",1
"Sarah R. Cretcher",1
"Sarah R. Weinstein",1
"Sarah Stamer",1
"Sarah Torres",1
"Sarah Wieland",1
"Sarah Young",1
"Saraswathi Kalyani Subramanian",1
"Saraswathi Subramanian",1
"Sarmed Al-Samerria",1
"Sarocha Pradyawong",1
"Sartanee Suebka",1
"Sasipa Tanyaratsrisakul",1
"Sathvik Reddy Nookala",1
"Satya D. Dulam",1
"Saumya Debray",1
"Saura Masconale",1
"Savannah Boyd",1
"Savannah Korte",1
"Savannah Marie Boyd",1
"Savannah Weaver",1
"Savio Cardoza",1
"Sawyer Thies",1
"Saxon H. Honey",1
"Sayaka Yamada",1
"Sayanangshu Modak",1
"Scott A. Bonar",1
"Scott Ajax",1
"Scott B. Going",1
"Scott C. Olson",1
"Scott Cederburg",1
"Scott Mcloud",1
"Se-Hyuk Park",1
"Sean Brendan Ginn",1
"Sean E. Dunn",1
"Sean Hogan",1
"Sean Taylor Dougall",1
"Sean Youn",1
"Searra Foote",1
"Sebastian Magri",1
"Sebastião Donato Silva",1
"Sefaattin Tongay",1
"Selina Kindelay",1
"Seneca Miller",1
"Senthil Kumar",1
"Senthilkumar Thulasingam",1
"Seongmin Hahn",1
"Serena Conde",1
"Serena Lee",1
"Sergey A. Cherkis",1
"Sergio Alan Cervantes-Pérez",1
"Sergio Puig",1
"Serre Klijian",1
"Seung-Ju Choi",1
"Seunghee Lee",1
"Sevag Kaladchibachi",1
"Seyed Sohail Habibi Pasdar",1
"Shafagh Khoshsorour",1
"Shagun Kaur",1
"Shaher Yousef",1
"Shakaib U. Rehman",1
"Shakunthala Nair",1
"Shalaka Satam",1
"Shalev Roisman",1
"Shalini Sharma",1
"Shalon Walter",1
"Shan-Shan Ma",1
"Shane Jordan",1
"Shane Rainey",1
"Shang Song",1
"Shanmugam Rajasekar",1
"Shannon Chen",1
"Shannon Gutenkunst",1
"Shannon K. Laughlin-Tommaso",1
"Shannon K. Laughlin‐Tommaso",1
"Shannon T. Bischoff",1
"Shannon Wessel",1
"Shanshan Ma",1
"Sharan Campleman",1
"Sharmin Nasrin",1
"Sharon M. Dial",1
"Shashank Verma",1
"Shawn J. Wheelock",1
"Shawn P. Zack",1
"Shawna Follis",1
"Shay Gilpin",1
"Shayla Brooks",1
"Shayla VerSchave",1
"Shaylan Bera",1
"Sheetal Shetty",1
"Sheila Merrigan",1
"Shelbi Foster",1
"Shelbi L. Jenkins",1
"Shelby Cantrell",1
"Shelby Janssen",1
"Shelby N. Carter",1
"Shemual Tsai",1
"Shen Liu",1
"Sheneil Agyemang",1
"Sheng Li",1
"Sherap Sangpo",1
"Sheri Bauman",1
"Sherry Daugherty",1
"Shih-Hsuan Lo",1
"Shiloe Fontes",1
"Shireen McVicker",1
"Shireen Samargandy",1
"Shiv Shukla",1
"Shivani Desai",1
"Shiyin Li",1
"Shizhen Luo",1
"Shoaib Raza Khan",1
"Shobhit Bhatnagar",1
"Shravani S Daptardar",1
"Shreya S. Bellampalli",1
"Shripad Sinari",1
"Shu-Fen Wung",1
"Shuai Li",1
"Shuaizhi Li",1
"Shuo Kong",1
"Shuting Hu",1
"Shuwei Hu",1
"Shuya Hao",1
"Shweta Bansal",1
"Sicily La Rue",1
"Sidney Nobel",1
"Sidnie Layesa",1
"Sienna Sky Madriaga",1
"Sierra T. Lauman",1
"Sigfredo Villarin",1
"Sigfredo Villarin Ayala",1
"Sigrid Williams",1
"Silu Han",1
"Silvana Barros da Cruz",1
"Silvio Maltagliati",1
"Simar J. Singh",1
"Simon P. Driver",1
"Simone A. Williams",1
"Simone M. Sepe",1
"Sina Ehsani",1
"Siobhan M. Hoscheidt",1
"Siomara G Enriquez",1
"Sirilak Rottler",1
"Siva Muniyasamy",1
"Siya Shao",1
"Siyar Türkmen",1
"Siyue Qin",1
"Si‐Yang Maggie Liu",1
"Sky Dominguez",1
"Skyelynn Bermudez",1
"Skylar Van Patter",1
"Skyler Finucane",1
"Smitha Sagaram",1
"Snigdha Rai",1
"So Ri La",1
"Sobhi G. Kazmouz",1
"Sofia C. Suxo‐Sanchez",1
"Soha Ghanian",1
"Solange Duhamel",1
"Soleil R. Chung",1
"Solomon V. Hendrix",1
"Somayeh Bakhtiarim",1
"Sonia Vega‐López",1
"Sonja O. T. Choi",1
"Sooseong Park",1
"Soo‐Jeong Lee",1
"Sopan Sarkar",1
"Sophia L Shomper",1
"Sophia Marcinowski",1
"Sophia von Hippel",1
"Sophie Wardle‐Pinkston",1
"Speaker Matthew Erisman",1
"Speaker: Kristian Doyle",1
"Spencer LaFoley",1
"Spencer Lindsay",1
"Sreekar Vennelaganti",1
"Sri Harsha Vishwanath",1
"Sridevi Krishnan",1
"Srikar Kollipara",1
"Srushti Mukkirwar",1
"Stacey Jaw",1
"Stacie Vela",1
"Stacy S. Pigott",1
"Stefanie Graeter",1
"Stefanie Herrmann",1
"Stefanie L. Boyles",1
"Stefanie Mitchell",1
"Stefano Dicenso",1
"Stella Sakhon",1
"Steph Brown",1
"Stephanie H. Hargrave",1
"Stephanie Hargrave",1
"Stephanie L Tribble",1
"Stephanie Lapsley",1
"Stephanie M. Washington",1
"Stephanie Marie Washington",1
"Stephanie Rzewnicki",1
"Stephen Adamo",1
"Stephen Arnold",1
"Stephen F. Smith",1
"Stephen Flint Smith",1
"Stephen Kobourov",1
"Stephen L Buchmann",1
"Stephen M. Black",1
"Stephen Rains",1
"Steve Dudley",1
"Steve Lemerand",1
"Steve Simms",1
"Steven A. Rains",1
"Steven C. Curry",1
"Steven D.E. Fried",1
"Steven E. Koch",1
"Steven Jeffrey Dudick",1
"Steven M. Norman",1
"Steven R. Archer",1
"Stuart A. Wells",1
"Su Chung",1
"Subhadip Sahoo",1
"Sudarshan Adiga",1
"Suizi He",1
"Sulaiman Sheriff",1
"Sumanth Marupuru",1
"Sumsum P. Sunny",1
"Sunchin Kim",1
"Sundaram Vinod Kumar Anicode",1
"Sunny Vansdadia",1
"Suresh Uppalapu",1
"Suresh V. Garimella",1
"Susan A. Brown",1
"Susan B. Racette",1
"Susan C. Karant‐Nunn",1
"Susan Cronin",1
"Susan Rowell",1
"Susma Ghimire",1
"Sutton Thomas",1
"Suyue Hao",1
"Suzann Duan",1
"Suzanne L. Eckert",1
"Suzanne Moseley",1
"Suzanne Oskouie",1
"Swarna Ganesh",1
"Swathi Jothi",1
"Sydney Carpenter",1
"Sydney K. Arriaga",1
"Sydney Plumb",1
"Sydney R. VanLinden",1
"Sydney Rice",1
"Syed A. J. Zaidi",1
"Syed Moin Hassan",1
"Syed Yad Morshed",1
"Syeda Hina Zaidi",1
"Sylvia P. Kinosian",1
"Séan Mc Cafferty",1
"Søren B. Nielsen",1
"T E Raya",1
"T T Kuo",1
"T. Adam Baldry",1
"T. An",1
"T. Brandon Davis",1
"T. C. Shen",1
"T. Coutinho",1
"T. D. Swindle",1
"T. J. McMahon",1
"T. M. Meng",1
"T. S. Axelrod",1
"T.G. de Souza",1
"T.W. Vanderah",1
"THIAGO LAGO SCOMPARIN",1
"TOLGA TURKER",1
"Taaha Adamji",1
"Tai Kondo Koester",1
"Takahiro Ikeda",1
"Takanori Fujiwara",1
"Talha Abrar",1
"Talmage D. Egan",1
"Tamar Jacobsohn",1
"Tamara Burton",1
"Tamara Sargus",1
"Tamara Seitz",1
"Tamim Sultani",1
"Tammye Paz",1
"Tania Felix",1
"Tania M. Larrinaga",1
"Tanisha Lohchab",1
"Tanner Conrad",1
"Tanner Finken",1
"Tanner J. Diemer",1
"Tanner Reese",1
"Tanya Hodges",1
"Tao Liu",1
"Tara Burke-Alexander",1
"Tara Carr",1
"Tarek H. El‐Assaad",1
"Taren L. McGray",1
"Tariq TSS Mohammad",1
"Tarnia Newton",1
"Taron Bashar",1
"Taryn Laird",1
"Tasha K. Pontifex",1
"Taylor A. Portman",1
"Taylor Butler",1
"Taylor C Kalish",1
"Taylor Ford",1
"Taylor Kreul",1
"Taylor Marie Doherty",1
"Taylor Nicholas",1
"Ted L. Lee",1
"Teddy Meissner",1
"Tedy Burton",1
"Tej D. Azad",1
"Teresa Hazen",1
"Teresa K. Joy",1
"Teresa Navío Marco",1
"Terri Baker",1
"Terrill Yuhas",1
"Terry Coons",1
"Terry D. Fife",1
"Terry O. Matsunaga",1
"Terry‐Ann Suer",1
"Tess M. Champ",1
"Thadeus W. Carlyon",1
"Thais D. Coutinho",1
"Thales Passos de Andrade",1
"Thang Ngoc Duong",1
"Thania Brinks",1
"Thao Dang",1
"Thea Fletcher",1
"Theresa Bui",1
"Theresa C. Ohaya",1
"Theresa LeGros",1
"Theru A. Sivakumaran",1
"Thi Nguyen",1
"Thiago Cardoso de Oliveira",1
"Thiago Cordeiro Pereira",1
"Thiago Ferreira de Oliveira",1
"Thinh Huynh",1
"Thom S. Maciulewicz",1
"Thomas A. Bunch",1
"Thomas B. Stevenson",1
"Thomas C. Larsen",1
"Thomas Colligan",1
"Thomas D. Milster",1
"Thomas Hicks",1
"Thomas J. Blackburn",1
"Thomas J. Volgy",1
"Thomas Korankye",1
"Thomas L. Harman",1
"Thomas Moukabary",1
"Thomas P. Davis",1
"Thomas S. Brower",1
"Thomas Sweepe",1
"Thomas Tomasiak",1
"Thomas W. Swetnam",1
"Thorsten Glaser",1
"Thorsten Uthmeier",1
"Thu Anh Nguyen",1
"Tiana Silver",1
"Tianyi Li",1
"Tianyi Zhang",1
"Tiemen Woutersen",1
"Tik Hang Soong",1
"Timlin Glaser",1
"Timothy Chavez",1
"Timothy G. Lohman",1
"Timothy J. Finan",1
"Timothy Sacco",1
"Tina M. Buehner",1
"Tingting Fan",1
"Toby E. Huff",1
"Todd A. Schlenke",1
"Todd Turley",1
"Tolulope Popoola",1
"Toluwalase Talabi",1
"Toluwanimi Olorunnisola",1
"Tom D. Milster",1
"Tomasz Wlodarczyk",1
"Tomoe Hagio",1
"Tomomi Sunayama",1
"Tone Marie Ektvedt",1
"Tony Colella",1
"Tony Huyhn",1
"Tony Huynh",1
"Torsten Fritz",1
"Tosiron Adegbija",1
"Tracy E. Crane",1
"Tracy Garnar",1
"Tram L Tran",1
"Tram T. Tran",1
"Travis D Pero",1
"Travis Dean",1
"Travis J. Struck",1
"Travis M. Dumont",1
"Trenton Brendel",1
"Tressia Shaw",1
"Trevon Brooks",1
"Trevor Bailey",1
"Trevor N. Tankersley",1
"Tristan G. Martin",1
"Tristan McKnight",1
"Triston Hooks",1
"Triston L. Mabry",1
"Trivikram R. Molugu",1
"Troy Weinstein",1
"Trung-Hieu Dang",1
"Tshering Z.L. Sherpa",1
"Tsu-Te Judith Su",1
"Tucker Stuart",1
"Tugay Bilgis",1
"Tultul Saha",1
"Tumaini M. Kamulali",1
"Turan Gürgenç",1
"Tushar Shrivastava",1
"Tuyen Ba Tran",1
"Tyler Chinyere",1
"Tyler J. Marx",1
"Tyler M. Wilson",1
"Tyler Meier",1
"Tyler N. Kruer",1
"Tyson L. Swetnam",1
"Tze‐Woei Tan",1
"TÁBATA NAKAGOMI FERNANDES PEREIRA",1
"Tábata Fernandes Pereira",1
"U. van Kolck",1
"Ubirajara van Kolck",1
"Udeep Chawla",1
"Uloma B. Elvis‐Offiah",1
"Umbu Domu Mahani",1
"Unnati Tripathi",1
"Uğur Kılıç",1
"V C Faramaz",1
"V. C. Gulick",1
"V. Groff",1
"V. K. Viswanathan",1
"V. King",1
"V. Liu",1
"V. S. Pal",1
"VICTOR EDUARDO DE MELLO VALERIO",1
"VIRGILIO ANTONIO GRECO BAPTISTELLA",1
"Vadim Y. Bernshteyn",1
"Vaheh Petrossian",1
"Valeria Ramı́rez",1
"Valerie H. Teetor",1
"Valerie Madera Garcia",1
"Valery F. Thompson",1
"Van Higgs",1
"Vanessa Addison",1
"Vanessa Brizuela",1
"Vanessa Segura",1
"Varshini Methuku",1
"Varun Sharma",1
"Varvara Zlotnik",1
"Vasudha Bhavaraju",1
"Veeramani Pugazhenthi",1
"Veleda Astarte Paiva Müller",1
"Velia Leybas Nuño",1
"Venkata Koppula",1
"Venkatesh Ariyamathu",1
"Veronica Bray",1
"Veronica Bush",1
"Veronica Groff",1
"Veronica Hode",1
"Vianella Spaeth",1
"Viani Ramírez",1
"Vicente Escamilla‐Rivera",1
"Vick S. Sahni",1
"Vicki L. Greer",1
"Victor Eduardo de Mello Valério",1
"Victor Gasho",1
"Victor H. Ruiz",1
"Victor J Hruby",1
"Victor J. Hruby",1
"Victor Sandrin",1
"Victor Tenorio",1
"Victor U Okpanachi",1
"Victoria Antoniou",1
"Victoria N. Greenstein",1
"Viengneesee Thao",1
"Viet Nghi Tran",1
"Vijay M. Gokhale",1
"Vikram Singh",1
"Vincent Goldberg",1
"Virend K. Somers",1
"Virendra N. Mahajan",1
"Vishal Agarwal",1
"Vishal Kaleeswaran",1
"Vishnu Reddy",1
"Vishtasb Broumand",1
"Vislakshi Iyer",1
"Vitória Mattos Pereira",1
"Viviana Freire-Zapata",1
"Viviana Simon",1
"Vlad Tarko",1
"Vladimir Vladimirov",1
"W. F. Hoffmann",1
"W. H. Bristol",1
"W. H. Wright",1
"W. Howard Poisl",1
"W. M. Harris",1
"W. Waidelich",1
"W.G. Grischo",1
"WILLIAM W. SHAW",1
"Waitsang Keung",1
"Waleed Mebane",1
"Walker J Compton Mellon",1
"Walter D. Afonso",1
"Walter E. Kelley",1
"Wang Yongqing",1
"WariNkwi Flores",1
"Warren B. Foster",1
"Warren S. Weiner",1
"WarīNkwī Flores",1
"Water Resources Research Center",1
"Wei Gao",1
"Weichen Zhang",1
"Weicheng Zhao",1
"Weigang Wang",1
"Weijie Chen",1
"Weimao Zhong",1
"Weimin Wang",1
"Weiming Xia",1
"Weiwei Gao",1
"Weiwei Ma",1
"Wenbo Ouyang",1
"Wendy Moore",1
"Wenli Gao",1
"Wenxin Guan",1
"Wesley Nguyen",1
"Wilber W. Su",1
"Wilfrid Calvin",1
"Wilk Diego Corcini",1
"William B. Thompson",1
"William Byrne-Quinn",1
"William D S Killgore",1
"William G. Cance",1
"William J Degnan",1
"William J. Morgan",1
"William K. Drake",1
"William L. Harryman",1
"William Paul Simmons",1
"William Roberts",1
"William Schumacher",1
"William T. Jackson",1
"William T. Kwon",1
"William Verts",1
"William W. Hahn",1
"Wina Yousman",1
"Wolfgang Fink",1
"Wu Jiawen",1
"Wulfila Gronenberg",1
"Wyatt Hendricks",1
"X. Xia",1
"X. Zheng",1
"XUAN LU",1
"Xahria Santiago",1
"Xanti Ceballos",1
"Xiangxia Luo",1
"Xiao Ding",1
"Xiao Fang",1
"Xiao Wang",1
"Xiaoguang Sun",1
"Xiaokuang Ma",1
"Xiaolan Gu",1
"Xiaolin Xu",1
"Xiaomei Xia",1
"Xiaopeng Lei",1
"Xiaoshan Gong",1
"Xinchen Yu",1
"Xingjian Zou",1
"Xingxing Wu",1
"Xinran Yang",1
"Xinyi Tang",1
"Xinyu Guo",1
"Xiu Zhang",1
"Xiushan Zhu",1
"Xu Li",1
"Xuan Ci Mee",1
"Xue Zheng",1
"Xuejing Wang",1
"Xunliang Liu",1
"Y Kavitha",1
"Y. Moreno Caro",1
"Y. Nikravesh",1
"Y. Su",1
"YU Tingting(于婷婷)",1
"Yafang Guo",1
"Yamil Sanchez-Rosario",1
"Yan Liu",1
"Yan Lu",1
"Yana Zavros",1
"Yanbing Wang",1
"Yangyang Shi",1
"Yanhong Cao",1
"Yanling Wang",1
"Yanqiao Zhang",1
"Yan‐Bin Xiyang",1
"Yao‐Jen Chang",1
"Yashika Shaju",1
"Yazin Hindosh",1
"Ye Chen",1
"Yefu Zhang",1
"Yeshuai He",1
"Yi Hu",1
"Yi Su",1
"Yichi Zhang",1
"Yida Zhou",1
"Yijia Chen",1
"Yiming Zhang",1
"Yin Chen",1
"Yinan Xu",1
"Yinan Zhang",1
"Ying Diao",1
"Ying Lu",1
"Ying Xiong",1
"Yingxiang Liu",1
"Yingying Lu",1
"Yiran Xie",1
"Yisha Tang",1
"Yiğit Baykara",1
"Yoganand Korgaonkar",1
"Yong Jun Kim",1
"Yong-Jun Kim",1
"Yongfeng Tang",1
"Yongjun Kim",1
"Young-Hee Noh",1
"Yousef Ahmed Shaher",1
"Yousef Alnuaimi",1
"Youssef Galal",1
"Yu Du",1
"Yu Jeong Hwang",1
"Yu-Chia Lin",1
"Yuan Zhao",1
"Yuanchen Deng",1
"Yuan‐Heng Wang",1
"Yue Dong",1
"Yue Wang",1
"Yuecheng Xi",1
"Yufei Gao",1
"Yuhui Kou",1
"Yukai Shen",1
"Yukun Long",1
"Yulia Lipovka",1
"Yunbing Bai",1
"Yunjin Choi",1
"Yunrong Shen",1
"Yusei Kobayashi",1
"Yuwei Chen",1
"Yuxin Lin",1
"Yuxuan Wu",1
"Yuxuan Zhou",1
"Yuze Wu",1
"Yu‐Shien Sung",1
"ZHANG Haoran(张皓然)",1
"ZHAO Kai(赵凯)",1
"Zacharie Van Herstraeten",1
"Zachary A Yahiku",1
"Zachary A. Taylor",1
"Zachary Cohen",1
"Zachary F. Lerner",1
"Zachary J. Boeder",1
"Zachary Leibovit‐Reiben",1
"Zachary Nolan",1
"Zack Lischer-Katz",1
"Zafar Ahmad",1
"Zahra Sadin",1
"Zainab Cheema",1
"Zakia Hassan Khamisi",1
"Zarah Brown",1
"Zdenêk Slanina",1
"Zelieann R. Craig",1
"Zeyuan Zhao",1
"Zhaojie Zhang",1
"Zhaoqi Yang",1
"Zhen Li",1
"Zheng Ma",1
"Zheng-Chao Yu",1
"Zhi Cao",1
"Zhila Dehdari Ebrahimi",1
"Zhiting Chen",1
"Zhiwen Cui",1
"Zhiwu Guo",1
"Zhiyang Fu",1
"Zhiyuan Ma",1
"Zhiyuan Wang",1
"Zhong Li",1
"Zhu Zhao",1
"Zhuang Xu",1
"Zhuo Chen",1
"Zhuo Zhuang",1
"Zhuoran Li",1
"Zi K. Deng",1
"Ziad Hindosh",1
"Ziao Chen",1
"Ziqi Xu",1
"Ziqi Yan",1
"Zisu Mao",1
"Zoe Baccam",1
"Zoilo K. Suarez",1
"Zong-Ming Li",1
"Zoë Fitzgerald",1
"Zoë L. Lyski",1
"manoj saranathan,",1
"Ángel San Miguel Hernández",1
"ÉRICA ALINE FERREIRA SILVA YAMAMOTO",1
"Élizabeth Brown",1
"И.П. Панюшкина",1
"Стой, О.",1
