id,doi,title,publication_year,oa_status,is_oa_anywhere,any_repository_has_fulltext,cited_by_count
https://openalex.org/W4388216011,https://doi.org/10.1136/jnis-2023-020925,Comparison of balloon guide catheter versus non-balloon guide catheter for mechanical thrombectomy in patients with distal medium vessel occlusion,2023,green,TRUE,TRUE,25
https://openalex.org/W4390537410,https://doi.org/10.31254/jmr.2023.9606,Flattening the Truth Pyramid: Reconsidering the Evidence Hierarchy,2023,diamond,TRUE,FALSE,0
https://openalex.org/W37940030,https://doi.org/10.1016/j.fct.2023.114127,"Update to RIFM fragrance ingredient safety assessment, ethyl 3-phenylpropionate, CAS Registry Number 2021-28-5.",2023,closed,FALSE,FALSE,0
https://openalex.org/W4318567340,https://doi.org/10.1016/j.bbih.2023.100600,Exercise mobilizes diverse antigen specific T-cells and elevates neutralizing antibodies in humans with natural immunity to SARS CoV-2,2023,gold,TRUE,TRUE,11
https://openalex.org/W4360938132,https://doi.org/10.1093/mnras/stad827,3D radiative transfer modelling and virial analysis of starless cores in the B10 region of the Taurus molecular cloud,2023,bronze,TRUE,TRUE,11
https://openalex.org/W4385950921,https://doi.org/10.3847/1538-4357/acebe0,Detection of the Low-stellar-mass Host Galaxy of a z ∼ 6.25 Quasar with JWST,2023,gold,TRUE,TRUE,38
https://openalex.org/W4323261867,https://doi.org/10.1016/j.mtla.2023.101736,Atomistic characterization of impact bonding in cold spray deposition of copper,2023,closed,FALSE,FALSE,12
https://openalex.org/W4319916501,https://doi.org/10.1016/j.bpj.2022.11.1813,Probing spiroplasma's cytoskeletal motility mechanism through hydrodynamic modelling and experiment,2023,bronze,TRUE,FALSE,0
https://openalex.org/W4389274737,https://doi.org/10.1016/j.fct.2023.114280,"Update to RIFM fragrance ingredient safety assessment, formic acid, CAS Registry number 64-18-6",2023,closed,FALSE,FALSE,0
https://openalex.org/W4389110045,https://doi.org/10.1016/j.bbr.2023.114789,Sex differences in descending control of nociception (DCN) responses after chronic orofacial pain induction in rats and the contribution of kappa opioid receptors,2023,closed,FALSE,FALSE,11
https://openalex.org/W4386328018,https://doi.org/10.3847/1538-4357/aceb5c,Universal Upper End of the Stellar Initial Mass Function in the Young and Compact LEGUS Clusters,2023,gold,TRUE,TRUE,7
https://openalex.org/W4387183685,https://doi.org/10.1093/mnras/stad2960,No plateau observed in late-time near-infrared observations of the underluminous Type Ia supernova 2021qvv,2023,hybrid,TRUE,TRUE,4
https://openalex.org/W4385461387,https://doi.org/10.3847/1538-4357/acd53c,First Sample of Hα+[O iii]λ5007 Line Emitters at z &gt; 6 Through JWST/NIRCam Slitless Spectroscopy: Physical Properties and Line-luminosity Functions,2023,gold,TRUE,TRUE,85
https://openalex.org/W4387902417,https://doi.org/10.1073/pnas.2306932120,Downregulation of a transcription factor associated with resistance to Bt toxin Vip3Aa in the invasive fall armyworm,2023,green,TRUE,TRUE,41
https://openalex.org/W4380589954,https://doi.org/10.1093/mnras/stad1780,Constraining the LyC escape fraction from LEGUS star clusters with SIGNALS H <scp>ii</scp> region observations: a pilot study of NGC 628,2023,green,TRUE,TRUE,9
https://openalex.org/W4385719030,https://doi.org/10.2458/jcrae.5543,Art and visual intervention strategies to resist racism and racial stereotypes,2023,bronze,TRUE,FALSE,1
https://openalex.org/W4382721724,https://doi.org/10.3390/info14070367,Text to Causal Knowledge Graph: A Framework to Synthesize Knowledge from Unstructured Business Texts into Causal Graphs,2023,gold,TRUE,TRUE,11
https://openalex.org/W4389002270,https://doi.org/10.1016/j.fct.2023.114223,"RIFM fragrance ingredient safety assessment, 3-mercaptohexyl acetate, CAS Registry Number 136954-20-6",2023,closed,FALSE,FALSE,0
https://openalex.org/W4385690674,https://doi.org/10.1126/sciadv.ade9797,<i>Apolipoprotein-</i> ε <i>4</i> is associated with higher fecundity in a natural fertility population,2023,gold,TRUE,TRUE,36
https://openalex.org/W4388694420,https://doi.org/10.3847/1538-3881/acf9f9,Scaling K2. VII. Evidence For a High Occurrence Rate of Hot Sub-Neptunes at Intermediate Ages,2023,gold,TRUE,TRUE,22
https://openalex.org/W4384436159,https://doi.org/10.1016/j.langsci.2023.101563,"Accommodation, social attraction, and intergroup attitudes on social media: the effects of outgroup self-presentation and ingroup accommodation",2023,hybrid,TRUE,FALSE,9
https://openalex.org/W4380872083,https://doi.org/10.1002/jts.22939,Treatment of comorbid sleep disorders and posttraumatic stress disorder in U.S. active duty military personnel: A pilot randomized clinical trial,2023,green,TRUE,TRUE,33
https://openalex.org/W4380422576,https://doi.org/10.1177/08943184231169750,Middle-Range Theory of the Adapting Foster Family: Mathematical Modeling in Nursing Science,2023,bronze,TRUE,FALSE,1
https://openalex.org/W4386554139,https://doi.org/10.1513/annalsats.202303-245oc,A Pilot Randomized Clinical Trial of Pediatric Cystic Fibrosis Pulmonary Exacerbations Treatment Strategies,2023,closed,FALSE,FALSE,11
https://openalex.org/W4387004530,https://doi.org/10.1016/j.hrthm.2023.09.020,Nuances in conduction system pacing reporting: Value of prospective and adjudicated data,2023,closed,FALSE,FALSE,1
https://openalex.org/W4388485390,https://doi.org/10.1080/17565529.2023.2264255,Governing for a safe and just future with science-based targets: opportunities and limitations,2023,hybrid,TRUE,TRUE,9
https://openalex.org/W4378085413,https://doi.org/10.3847/1538-4365/acc173,Tuning the Legacy Survey of Space and Time (LSST) Observing Strategy for Solar System Science,2023,gold,TRUE,TRUE,78
https://openalex.org/W4387091684,https://doi.org/10.1126/sciadv.adh4973,A multifault earthquake threat for the Seattle metropolitan region revealed by mass tree mortality,2023,gold,TRUE,TRUE,24
https://openalex.org/W4377011946,https://doi.org/10.1001/jamaoncol.2023.0759,"<i>MGMT</i> Methylation Status in Grades 2 and 3 Gliomas Is Important, but Is It Prognostic?",2023,closed,FALSE,FALSE,1
https://openalex.org/W4389068305,https://doi.org/10.1016/j.fct.2023.114254,"RIFM fragrance ingredient safety assessment, allyl cyclohexaneacetate, CAS Registry Number 4728-82-9",2023,closed,FALSE,FALSE,0
https://openalex.org/W4313580493,https://doi.org/10.3847/1538-4357/aca46f,"CO Emission, Molecular Gas, and Metallicity in Main-sequence Star-forming Galaxies at z ∼ 2.3*",2023,gold,TRUE,TRUE,31
https://openalex.org/W4384460064,https://doi.org/10.1016/j.ajpe.2023.100575,Recommendations for Assessing the Quality of Clinical Faculty Members’ Journal Publications,2023,gold,TRUE,TRUE,2
https://openalex.org/W4390273304,https://doi.org/10.3390/cancers16010131,Current Landscape of Immune Checkpoint Inhibitors for Metastatic Urothelial Carcinoma: Is There a Role for Additional T-Cell Blockade?,2023,gold,TRUE,TRUE,7
https://openalex.org/W4388744213,https://doi.org/10.1186/s12862-023-02151-9,A phylogeny of the evening primrose family (Onagraceae) using a target enrichment approach with 303 nuclear loci,2023,gold,TRUE,TRUE,12
https://openalex.org/W4381549156,https://doi.org/10.3847/1538-4357/accb51,Parameterized Asymmetric Neutral Hydrogen Disk Integrated Spectrum Characterization (PANDISC). I. Introduction to a Physically Motivated H i Model,2023,gold,TRUE,TRUE,5
https://openalex.org/W4317569008,https://doi.org/10.1016/j.toxicon.2023.107032,Synthesized peptide analogs from Eumenes pomiformis (Hymenoptera: Eumenidae) venom reveals their antibiotic and pesticide activity potential,2023,closed,FALSE,FALSE,2
https://openalex.org/W4323305764,https://doi.org/10.1016/j.biosystemseng.2023.02.006,Real-time control of high-resolution micro-jet sprayer integrated with machine vision for precision weed control,2023,hybrid,TRUE,TRUE,53
https://openalex.org/W4385731816,https://doi.org/10.2351/7.0000907,Simple model for the laser powder interaction during direct metal deposition,2023,closed,FALSE,FALSE,2
https://openalex.org/W4388518244,https://doi.org/10.2105/ajph.2023.307484,Temporal Changes in Vaccine-Specific Willingness Across Race/Ethnicity Following Serious Adverse Event Reports,2023,green,TRUE,TRUE,0
https://openalex.org/W4361000553,https://doi.org/10.3847/2041-8213/acade4,CEERS Key Paper. I. An Early Look into the First 500 Myr of Galaxy Formation with JWST,2023,gold,TRUE,TRUE,518
https://openalex.org/W4377983772,https://doi.org/10.1093/mnras/stad1554,Fuelling the nuclear ring of NGC 1097,2023,bronze,TRUE,TRUE,27
https://openalex.org/W4318250455,https://doi.org/10.3847/2041-8213/acacfe,Dusty Starbursts Masquerading as Ultra-high Redshift Galaxies in JWST CEERS Observations,2023,gold,TRUE,TRUE,138
https://openalex.org/W4385220012,https://doi.org/10.1063/5.0158778,In-plane lattice thermal conductivity predictions of thin films within columnar grains,2023,green,TRUE,TRUE,2
https://openalex.org/W4383066723,https://doi.org/10.1140/epjc/s10052-023-11543-6,Search for supersymmetry in final states with missing transverse momentum and three or more b-jets in 139 fb$$^{-1}$$ of proton–proton collisions at $$\sqrt{s} = 13$$ TeV with the ATLAS detector,2023,diamond,TRUE,TRUE,25
https://openalex.org/W4317549147,https://doi.org/10.1038/s41598-023-28085-2,A high-throughput sequencing survey characterizing European foulbrood disease and Varroosis in honey bees,2023,gold,TRUE,TRUE,18
https://openalex.org/W4386020051,https://doi.org/10.1007/s00223-023-01123-x,Reductions in Motor Unit Firing are Associated with Clinically Meaningful Leg Extensor Weakness in Older Adults,2023,hybrid,TRUE,TRUE,17
https://openalex.org/W4318262978,https://doi.org/10.1021/acs.jpcc.2c08632,"Molecular Orientation of −PO<sub>3</sub>H<sub>2</sub> and −COOH Functionalized Dyes on TiO<sub>2</sub>, Al<sub>2</sub>O<sub>3</sub>, ZrO<sub>2</sub>, and ITO: A Comparative Study",2023,green,TRUE,TRUE,12
https://openalex.org/W4389124386,https://doi.org/10.1007/s00425-023-04285-y,A microscopic scenario on recovery mechanisms under waterlogging and submergence stress in rice,2023,closed,FALSE,FALSE,13
https://openalex.org/W4380577258,https://doi.org/10.1111/acem.14764,Emergency medicine physician workforce attrition differences by age and gender,2023,bronze,TRUE,TRUE,49
https://openalex.org/W4319015592,https://doi.org/10.3390/bioengineering10020188,Mild Paravalvular Leak May Pose an Increased Thrombogenic Risk in Transcatheter Aortic Valve Replacement (TAVR) Patients-Insights from Patient Specific In Vitro and In Silico Studies,2023,gold,TRUE,TRUE,21
https://openalex.org/W4376111076,https://doi.org/10.1126/scitranslmed.abq4490,Autologous neutralizing antibodies increase with early antiretroviral therapy and shape HIV rebound after treatment interruption,2023,green,TRUE,TRUE,29
https://openalex.org/W4387858005,https://doi.org/10.1080/13825585.2023.2270208,Loneliness and social isolation are not associated with executive functioning in a cross-sectional study of cognitively healthy older adults,2023,closed,FALSE,FALSE,3
https://openalex.org/W4323669942,https://doi.org/10.3847/1538-4357/acb771,GRB 171205A: Hypernova and Newborn Neutron Star,2023,gold,TRUE,TRUE,10
https://openalex.org/W4387998312,https://doi.org/10.1016/j.ecoleng.2023.107121,Long-term impacts of urban floodplain management and habitat restoration on lizard communities in a Sonoran Desert city,2023,closed,FALSE,FALSE,2
https://openalex.org/W4386324717,https://doi.org/10.3390/insects14090736,"Sequential and Simultaneous Interactions of Plant Allelochemical Flavone, Bt Toxin Vip3A, and Insecticide Emamectin Benzoate in Spodoptera frugiperda",2023,gold,TRUE,TRUE,3
https://openalex.org/W4389301719,https://doi.org/10.3389/fragi.2023.1305922,Examining provider perceptions and practices for comprehensive geriatric assessment among cancer survivors: a qualitative study with an implementation science focus,2023,gold,TRUE,TRUE,4
https://openalex.org/W4385985136,https://doi.org/10.3389/fpsyg.2023.1221817,Development and validation of an online emotional intelligence training program,2023,gold,TRUE,TRUE,16
https://openalex.org/W4385840504,https://doi.org/10.3390/bios13080820,Microparticle-Based Detection of Viruses,2023,gold,TRUE,TRUE,10
https://openalex.org/W4386223025,https://doi.org/10.3390/jimaging9090173,"A Framework for Detecting Thyroid Cancer from Ultrasound and Histopathological Images Using Deep Learning, Meta-Heuristics, and MCDM Algorithms",2023,gold,TRUE,TRUE,30
https://openalex.org/W4313889077,https://doi.org/10.3390/rel14010085,Spatial Characteristics and the Non-Hierarchical Nature of Regional Religious Systems (RRSs),2023,gold,TRUE,TRUE,1
https://openalex.org/W4377965888,https://doi.org/10.1016/j.jacr.2023.02.014,ACR Appropriateness Criteria® Lung Cancer Screening: 2022 Update,2023,closed,FALSE,FALSE,11
https://openalex.org/W4384694928,https://doi.org/10.1029/2023jg007712,"Update on Our Action Plan for Equity, Inclusion, and Diversity in Publishing at <i>JGR: Biogeosciences</i>",2023,bronze,TRUE,TRUE,4
https://openalex.org/W4319438816,https://doi.org/10.1007/s43069-022-00192-2,Demand-Driven Harvest Planning and Machinery Scheduling for Guayule,2023,closed,FALSE,FALSE,3
https://openalex.org/W4380866423,https://doi.org/10.5281/zenodo.8047836,Apresentação,2023,green,TRUE,TRUE,0
https://openalex.org/W4388694276,https://doi.org/10.12788/jfp.0699,Preventing RSV in children and adults: A vaccine update,2023,bronze,TRUE,FALSE,1
https://openalex.org/W4389197534,https://doi.org/10.1016/j.fct.2023.114276,"RIFM fragrance ingredient safety assessment, 5,6,7-trimethylocta-2,5-dien-4-one, CAS Registry Number 358331-95-0",2023,green,TRUE,TRUE,0
https://openalex.org/W4389121376,https://doi.org/10.1016/j.polymer.2023.126539,NMR spectroscopic characterization of polyhalodisulfides via sulfenyl chloride inverse vulcanization with sulfur monochloride,2023,closed,FALSE,FALSE,12
https://openalex.org/W4390079196,https://doi.org/10.1017/s1355617723007701,1 Task-Based Functional Connectivity and Network Segregation of the Useful Field of View (UFOV) fMRI task,2023,bronze,TRUE,FALSE,0
https://openalex.org/W4390293729,https://doi.org/10.1016/j.csi.2023.103822,MRAN: Multimodal relationship-aware attention network for fake news detection,2023,closed,FALSE,FALSE,46
https://openalex.org/W4386948962,https://doi.org/10.1016/j.ygyno.2023.06.321,Cytochrome P450 inhibiting/inducing medication use among patients with advanced ovarian cancer who receive or are eligible for poly (ADP-ribose) polymerase inhibitors as first line maintenance therapy (2200),2023,bronze,TRUE,FALSE,1
https://openalex.org/W4382652676,https://doi.org/10.3390/pharmacy11040110,Telehealth Integration into Pharmacy Practice Curricula: An Exploratory Survey of Faculty Perception,2023,gold,TRUE,TRUE,3
https://openalex.org/W4389819800,https://doi.org/10.1016/j.catena.2023.107755,Multifaceted impacts of moss-dominated biocrusts on dryland soils: From soil pore structure to aeration and water infiltration,2023,closed,FALSE,FALSE,31
https://openalex.org/W4388719784,https://doi.org/10.1051/0004-6361/202347176,Inside the bubble: exploring the environments of reionisation-era Lyman-<i>α</i> emitting galaxies with JADES and FRESCO,2023,diamond,TRUE,TRUE,67
https://openalex.org/W4385713888,https://doi.org/10.1103/physreva.108.062817,Effective field theory for the bound states and scattering of a heavy charged particle and a neutral atom,2023,green,TRUE,TRUE,4
https://openalex.org/W4378072208,https://doi.org/10.3389/fpsyg.2023.1151061,Fostering mask-wearing with virality metrics and social media literacy: evidence from the U.S. and Korea,2023,gold,TRUE,TRUE,4
https://openalex.org/W4324028421,https://doi.org/10.3138/jmvfh-2022-0048,Impact of morally injurious traumatic event exposure on cognitive processing therapy outcomes among Veterans and service members,2023,green,TRUE,TRUE,6
https://openalex.org/W4389274889,https://doi.org/10.1016/j.fct.2023.114281,"RIFM fragrance ingredient safety assessment, hydroxycitronellol, CAS Registry Number 107-74-4",2023,closed,FALSE,FALSE,0
https://openalex.org/W4387116479,https://doi.org/10.1093/mnras/stad2921,WALLABY pre-pilot survey: ultra-diffuse galaxies in the Eridanus supergroup,2023,bronze,TRUE,TRUE,11
https://openalex.org/W4384007494,https://doi.org/10.1016/j.amjmed.2023.06.024,Role of Muscle Biopsy in Undifferentiated Myositis: A Case Report,2023,hybrid,TRUE,FALSE,0
https://openalex.org/W4388965182,https://doi.org/10.1111/maps.14093,Mineralogy and petrology of fine‐grained samples recovered from the asteroid (162173) Ryugu,2023,green,TRUE,TRUE,32
https://openalex.org/W4387043901,https://doi.org/10.1097/hco.0000000000001096,Reconsideration of the definition of blanking period and significance of early recurrences after catheter ablation of atrial fibrillation,2023,closed,FALSE,FALSE,5
https://openalex.org/W4386935684,https://doi.org/10.1097/j.pain.0000000000003056,"Co-occurrence of chronic pain and anxiety/depression symptoms in U.S. adults: prevalence, functional impacts, and opportunities",2023,hybrid,TRUE,TRUE,223
https://openalex.org/W4380629377,https://doi.org/10.3847/1538-4357/acd04b,Gemini Near Infrared Spectrograph–Distant Quasar Survey: Prescriptions for Calibrating UV-based Estimates of Supermassive Black Hole Masses in High-redshift Quasars,2023,gold,TRUE,TRUE,7
https://openalex.org/W4386241859,https://doi.org/10.1007/s13181-023-00962-2,The Toxicology Investigators Consortium 2022 Annual Report,2023,green,TRUE,TRUE,16
https://openalex.org/W4386471143,https://doi.org/10.1249/jsr.0000000000001099,Implementing a Sports Ultrasound Curriculum in Undergraduate Medical Education,2023,closed,FALSE,FALSE,2
https://openalex.org/W4387996669,https://doi.org/10.1080/07391102.2023.2273988,Identification of apposite antagonist for androgen receptor in prostate cancer: an in silico study of fenugreek compounds,2023,closed,FALSE,FALSE,6
https://openalex.org/W4383896463,https://doi.org/10.1007/s13253-023-00560-3,Monitoring and Comparing Air and Green House Gases Emissions of Various Countries,2023,closed,FALSE,FALSE,5
https://openalex.org/W4362470006,https://doi.org/10.3390/buildings13040921,Managing Building Water Disruptions in a Post-COVID World: Water Quality and Safety Risk Assessment Tool for Academic Institutions and School Settings,2023,gold,TRUE,TRUE,3
https://openalex.org/W4386251448,https://doi.org/10.1152/ajpcell.00342.2023,Ozanimod differentially preserves human cerebrovascular endothelial barrier proteins and attenuates matrix metalloproteinase-9 activity following in vitro acute ischemic injury,2023,closed,FALSE,FALSE,10
https://openalex.org/W3213640827,https://doi.org/10.1242/jeb.244520,Multiscale flow between the branches and polyps of gorgonians,2023,hybrid,TRUE,TRUE,5
https://openalex.org/W4386088911,https://doi.org/10.1016/j.jacadv.2023.100560,Life’s Essential 8,2023,gold,TRUE,TRUE,32
https://openalex.org/W4386226427,https://doi.org/10.1016/j.sleh.2023.07.010,"Sleep disorders symptoms in children, adolescents, and emerging adults: Reducing mortality and population health burden through improved identification, referral, and treatment",2023,green,TRUE,TRUE,1
https://openalex.org/W4379053204,https://doi.org/10.3765/amp.v10i0.5438,The Effect of Cue-specific Lexical Competitors on Hyperarticulation of VOT and F0 Contrasts in Korean Stops,2023,diamond,TRUE,FALSE,3
https://openalex.org/W4365135018,https://doi.org/10.1007/s11892-023-01505-3,Surgical Management of Diabetic Macular Edema,2023,closed,FALSE,FALSE,6
https://openalex.org/W4385065679,https://doi.org/10.1175/jtech-d-22-0120.1,Performance Evaluation of the Lightning Imaging Sensor on the International Space Station,2023,green,TRUE,TRUE,14
https://openalex.org/W4385227809,https://doi.org/10.59565/001c.84481,Management of Equine Allergic Airway Disease: A Review of Conventional and Complementary Therapies,2023,hybrid,TRUE,FALSE,2
https://openalex.org/W4366260199,https://doi.org/10.1891/jfcp-2022-0018,More Than a Score? Indirect Associations Between Credit Score and Romantic Relationship Quality in Emerging Adulthood,2023,green,TRUE,TRUE,6
https://openalex.org/W4388421868,https://doi.org/10.1080/03637751.2023.2274078,When they support us: Expectations for social support from outgroup members,2023,closed,FALSE,FALSE,1
https://openalex.org/W4382245959,https://doi.org/10.1002/symb.655,"Teaching Up: The Intersection of Impression Management and Controlling Images for Black, Cisgender, Women Faculty",2023,bronze,TRUE,FALSE,5
https://openalex.org/W4389119473,https://doi.org/10.1016/j.fct.2023.114236,"RIFM fragrance ingredient safety assessment, ω-6-hexadecenlactone, CAS Registry Number 7779-50-2",2023,closed,FALSE,FALSE,0
https://openalex.org/W4384283325,https://doi.org/10.3847/2041-8213/ace32c,The First JWST Spectral Energy Distribution of a Y Dwarf,2023,gold,TRUE,TRUE,56
https://openalex.org/W4381786387,https://doi.org/10.1109/tifs.2023.3288812,Answering Count Queries for Genomic Data With Perfect Privacy,2023,closed,FALSE,FALSE,4
https://openalex.org/W4385299372,https://doi.org/10.1016/j.hazl.2023.100080,Influence of chain length on field-measured distributions of PFAS in soil and soil porewater,2023,gold,TRUE,TRUE,36
https://openalex.org/W4376129599,https://doi.org/10.3847/psj/accc28,"Ice, Ice, Maybe? Investigating 46P/Wirtanen’s Inner Coma for Icy Grains",2023,gold,TRUE,TRUE,9
https://openalex.org/W4390112982,https://doi.org/10.3847/1538-4365/ad07e0,"The UNCOVER Survey: A First-look HST + JWST Catalog of 60,000 Galaxies near A2744 and beyond",2023,gold,TRUE,TRUE,107
https://openalex.org/W4390239190,https://doi.org/10.1080/10810730.2023.2236963,Predicting Support for COVID-19 Policies with Partisan Media Use and Negative Emotion: Evidence from the U.S. and South Korea,2023,closed,FALSE,FALSE,2
https://openalex.org/W4362573789,https://doi.org/10.1016/j.ecoenv.2023.114866,Phosphorus and Serendipita indica synergism augments arsenic stress tolerance in rice by regulating secondary metabolism related enzymatic activity and root metabolic patterns,2023,gold,TRUE,TRUE,18
https://openalex.org/W4367153419,https://doi.org/10.1016/j.ajpe.2022.09.006,Navigating the Path to Careers in Academic Pharmacy Administration,2023,gold,TRUE,FALSE,3
https://openalex.org/W4386283490,https://doi.org/10.3390/ijerph20176684,"Comparison of Personal or Indoor PM2.5 Exposure Level to That of Outdoor: Over Four Seasons in Selected Urban, Industrial, and Rural Areas of South Korea: (K-IOP Study)",2023,gold,TRUE,TRUE,16
https://openalex.org/W4387770131,https://doi.org/10.1155/2023/9943584,Dupilumab Efficacy in Patients with Type 2 Asthma with and without Elevated Blood Neutrophils,2023,gold,TRUE,TRUE,13
https://openalex.org/W4362641000,https://doi.org/10.1093/jee/toad054,Global perspectives on field-evolved resistance to transgenic Bt crops: a special collection,2023,bronze,TRUE,TRUE,42
https://openalex.org/W4386136543,https://doi.org/10.3847/1538-4365/acdcfd,The JWST Resolved Stellar Populations Early Release Science Program. II. Survey Overview,2023,gold,TRUE,TRUE,46
https://openalex.org/W4386370422,https://doi.org/10.1140/epjc/s10052-023-11873-5,Measurements of differential cross sections of Higgs boson production through gluon fusion in the $$H\rightarrow WW^{*}\rightarrow e\nu \mu \nu $$ final state at $$\sqrt{s} = 13$$ TeV with the ATLAS detector,2023,diamond,TRUE,TRUE,3
https://openalex.org/W4387807241,https://doi.org/10.1016/j.jsg.2023.104983,"Lithospheric contraction concentric to Tharsis: 3D structural modeling of large thrust faults between Thaumasia highlands and Aonia Terra, Mars",2023,hybrid,TRUE,TRUE,3
https://openalex.org/W4365448657,https://doi.org/10.1038/s41392-023-01418-3,The main protease of SARS-CoV-2 downregulates innate immunity via a translational repression,2023,gold,TRUE,TRUE,13
https://openalex.org/W4389451791,https://doi.org/10.1017/cts.2023.689,A practical guide to adopting Bayesian analyses in clinical research,2023,gold,TRUE,TRUE,11
https://openalex.org/W4388217767,https://doi.org/10.1371/journal.pbio.3002349,"Postdoctoral scientists are mentors, and it is time to recognize their work",2023,gold,TRUE,TRUE,2
https://openalex.org/W4319344161,https://doi.org/10.1016/j.ygyno.2023.01.003,Randomized phase II trial of farletuzumab plus chemotherapy versus placebo plus chemotherapy in low CA-125 platinum-sensitive ovarian cancer,2023,closed,FALSE,FALSE,23
https://openalex.org/W4389284921,https://doi.org/10.1016/j.fct.2023.114318,"RIFM fragrance ingredient safety assessment, ethyl formate, CAS Registry Number 109-94-4",2023,green,TRUE,TRUE,3
https://openalex.org/W4390012362,https://doi.org/10.1080/10410236.2023.2291267,Exploring the Role of Marianismo and Loneliness in Latinas’ Physical and Mental Well-Being,2023,closed,FALSE,FALSE,1
https://openalex.org/W4386245819,https://doi.org/10.1080/21678421.2023.2252468,Relationship between quantitative strength and functional outcomes in the phase 2 FORTITUDE-ALS trial,2023,hybrid,TRUE,TRUE,5
https://openalex.org/W4364379576,https://doi.org/10.1126/scisignal.ade2438,HSP90 inhibition in the mouse spinal cord enhances opioid signaling by suppressing an AMPK-mediated negative feedback loop,2023,green,TRUE,TRUE,13
https://openalex.org/W4378611604,https://doi.org/10.1093/sleep/zsad077.0942,0942 Sleep duration benefits for Spanish-speaking Hispanic/Latine respondents of the 2020 BRFSS,2023,bronze,TRUE,FALSE,0
https://openalex.org/W4389342190,https://doi.org/10.1016/j.fct.2023.114337,"RIFM fragrance ingredient safety assessment, methyl o-methoxybenzoate, CAS registry number 606-45-1",2023,closed,FALSE,FALSE,0
https://openalex.org/W4379599921,https://doi.org/10.1111/gcb.16762,The North American Monsoon buffers forests against the ongoing megadrought in the Southwestern United States,2023,closed,FALSE,FALSE,20
https://openalex.org/W4321020596,https://doi.org/10.1177/23259671221146788,Biomechanical Comparison of Adjustable-Loop Femoral Cortical Suspension Devices for Soft Tissue ACL Reconstruction,2023,gold,TRUE,TRUE,4
https://openalex.org/W4387868481,https://doi.org/10.1002/nbm.5063,Highly accelerated multi‐shot intravoxel incoherent motion diffusion‐weighted imaging in brain enabled by parametric POCS‐based multiplexed sensitivity encoding,2023,hybrid,TRUE,FALSE,3
https://openalex.org/W3164504768,https://doi.org/10.3233/jem-230486,Measuring the US employment situation using online panels: The Yale Labor Survey,2023,closed,FALSE,FALSE,6
https://openalex.org/W4387661663,https://doi.org/10.1152/ajpcell.00436.2022,Del Nido cardioplegia or potassium induces Nrf2 and protects cardiomyocytes against oxidative stress,2023,green,TRUE,TRUE,8
https://openalex.org/W4365451991,https://doi.org/10.3847/2041-8213/acc32d,The Image of the M87 Black Hole Reconstructed with PRIMO,2023,gold,TRUE,TRUE,52
https://openalex.org/W4313436626,https://doi.org/10.1017/s1041610222000862,Association between lean muscle mass and treatment-resistant late-life depression in the IRL-GRey randomized controlled trial,2023,diamond,TRUE,FALSE,6
https://openalex.org/W4382807504,https://doi.org/10.1016/j.annonc.2023.04.017,O-2 Phase III study of NUC-1031 + cisplatin vs gemcitabine + cisplatin for first-line treatment of patients with advanced biliary tract cancer (NuTide:121),2023,bronze,TRUE,FALSE,5
https://openalex.org/W4388893398,https://doi.org/10.1093/ofid/ofad594,Teaching Everyone Everywhere All at Once: Leveraging Social Media to Implement a Multisite Fungal Diagnostics Curriculum,2023,gold,TRUE,TRUE,1
https://openalex.org/W4367834224,https://doi.org/10.1021/acs.jmedchem.2c01794,Ψ and χ Angle Constrains at the C-Terminus Trp Position of the Melanotropin Tetrapeptide Ac-His-<scp>d</scp>-Phe-Arg-Trp-NH<sub>2</sub> Lead to Potent and Selective Agonists at hMC1R and hMC4R,2023,green,TRUE,TRUE,2
https://openalex.org/W4381805623,https://doi.org/10.1055/s-0041-1741092,Multimodality Imaging Appearance of Intrapericardial Paragangliomas,2023,diamond,TRUE,TRUE,0
https://openalex.org/W4367843498,https://doi.org/10.1007/s13351-023-2167-x,On the Nature of Caspian Clouds,2023,closed,FALSE,FALSE,2
https://openalex.org/W4386565929,https://doi.org/10.1016/j.jrp.2023.104426,Loneliness and time alone in everyday life: A descriptive-exploratory study of subjective and objective social isolation,2023,hybrid,TRUE,TRUE,35
https://openalex.org/W4372227633,https://doi.org/10.1016/j.jelectrocard.2023.03.033,Multiparameter physiological monitoring through smart wearables: Current state and opportunities,2023,closed,FALSE,FALSE,0
https://openalex.org/W4327719368,https://doi.org/10.1016/j.earscirev.2023.104386,Ocean carbon from space: Current status and priorities for the next decade,2023,hybrid,TRUE,TRUE,64
https://openalex.org/W4317905299,https://doi.org/10.3847/1538-4365/aca4d4,CARMA-NRO Orion Survey: Unbiased Survey of Dense Cores and Core Mass Functions in Orion A,2023,gold,TRUE,TRUE,16
https://openalex.org/W4382344248,https://doi.org/10.1159/000531702,Paper-Based Vertical Flow Immunoassay for the Point-of-Care Multiplex Detection of Radiation Dosimetry Genes,2023,hybrid,TRUE,TRUE,2
https://openalex.org/W4389996217,https://doi.org/10.2147/ceor.s453171,What to Expect in 2024: Important Health Economics and Outcomes Research (HEOR) Trends,2023,gold,TRUE,TRUE,3
https://openalex.org/W4313535151,https://doi.org/10.1371/journal.ppat.1011025,Race and ethnicity: Risk factors for fungal infections?,2023,gold,TRUE,TRUE,54
https://openalex.org/W4389009133,https://doi.org/10.1016/j.fct.2023.114232,"RIFM fragrance ingredient safety assessment, propyl (2S)-2-(1,1-dimethylpropoxy)-propanoate, CAS Registry Number 319002-92-1",2023,closed,FALSE,FALSE,0
https://openalex.org/W4388491479,https://doi.org/10.1016/j.fct.2023.114135,"RIFM fragrance ingredient safety assessment, benzoic acid, 2-hydroxy-, 2-methylbutyl ester, CAS Registry Number 51115-63-0",2023,closed,FALSE,FALSE,0
https://openalex.org/W4321440958,https://doi.org/10.23736/s0390-5616.23.05988-x,Improving the metric of surgical freedom in the laboratory based on a novel concept of volume,2023,closed,FALSE,FALSE,3
https://openalex.org/W4387033752,https://doi.org/10.1002/etc.5753,Manganese Exacerbates Seasonal Health Declines in a Suicidally Breeding Mammal,2023,hybrid,TRUE,TRUE,1
https://openalex.org/W4316136045,https://doi.org/10.1016/j.sleep.2023.01.011,"Treatment-related changes in insomnia, anticipatory pleasure, and depression symptoms: A proof-of-concept study with cancer survivors",2023,green,TRUE,TRUE,7
https://openalex.org/W4388731365,https://doi.org/10.3847/1538-4357/acff6e,[C ii] Spectral Mapping of the Galactic Wind and Starbursting Disk of M82 with SOFIA,2023,gold,TRUE,TRUE,14
https://openalex.org/W4387353536,https://doi.org/10.1016/j.esd.2023.101310,Exploring the potential of concentrating solar power technologies for vertical farming in arid regions: The case of Western Iraq,2023,green,TRUE,TRUE,22
https://openalex.org/W4383557237,https://doi.org/10.3847/1538-4357/acd4bb,Photochemical Hazes Dramatically Alter Temperature Structure and Atmospheric Circulation in 3D Simulations of Hot Jupiters,2023,gold,TRUE,TRUE,35
https://openalex.org/W4367854094,https://doi.org/10.1088/1538-3873/acbe66,The Mid-infrared Instrument for JWST and Its In-flight Performance,2023,hybrid,TRUE,TRUE,309
https://openalex.org/W4387902289,https://doi.org/10.1093/eurpub/ckad160.996,Targeted Hygiene reduces surface transmission and infection risk for respiratory viruses,2023,gold,TRUE,TRUE,1
https://openalex.org/W4385666813,https://doi.org/10.1001/jamanetworkopen.2023.27739,Management of Acetaminophen Poisoning in the US and Canada,2023,gold,TRUE,TRUE,92
https://openalex.org/W4324046867,https://doi.org/10.3847/1538-4357/acb775,A Multiwavelength Classification and Study of Red Supergiant Candidates in NGC 6946,2023,gold,TRUE,TRUE,2
https://openalex.org/W4387746266,https://doi.org/10.1016/s1569-1993(23)01070-6,137 Long-term safety and efficacy of elexacaftor-tezacaftor-ivacaftor in children aged 2 and older with cystic fibrosis and at least one F508del allele: 48-week results of an open-label extension study,2023,bronze,TRUE,FALSE,1
https://openalex.org/W4388836987,https://doi.org/10.1177/20451253231212322,Psychosocial interventions to improve adherence in depressed and anxious older adults prescribed antidepressant pharmacotherapy: a scoping review,2023,gold,TRUE,TRUE,9
https://openalex.org/W4360609956,https://doi.org/10.1038/s42255-023-00756-4,Loss of fatty acid degradation by astrocytic mitochondria triggers neuroinflammation and neurodegeneration,2023,green,TRUE,TRUE,311
https://openalex.org/W4324017639,https://doi.org/10.1007/s00128-023-03703-x,Human Health and Ecological Risks Associated with Total and Bioaccessible Concentrations of Cadmium and Lead in Urban Park Soils,2023,closed,FALSE,FALSE,9
https://openalex.org/W4365460064,https://doi.org/10.1016/j.jhydrol.2023.129515,Recent advances in integrated hydrologic models: Integration of new domains,2023,green,TRUE,TRUE,55
https://openalex.org/W4389060580,https://doi.org/10.1016/j.eprac.2023.11.008,A Novel Receivership Model for Transition of Young Adults With Diabetes: Experience From a Single-center Academic Transition Program,2023,green,TRUE,TRUE,6
https://openalex.org/W4385336947,https://doi.org/10.1016/j.apgeochem.2023.105758,"New constraints on fluid chemistry and elemental mobility during hydrothermal alteration from thallium isotope systematics of the battle mountain district, North-central Nevada",2023,closed,FALSE,FALSE,3
https://openalex.org/W4319342186,https://doi.org/10.1126/scisignal.abn8372,USP47 deubiquitylates Groucho/TLE to promote Wnt–β-catenin signaling,2023,green,TRUE,TRUE,15
https://openalex.org/W4367838350,https://doi.org/10.1016/j.chc.2022.08.006,"Complementary and Integrative Medicine for Anxiety in Children, Adolescents, and Young Adults",2023,closed,FALSE,FALSE,2
https://openalex.org/W4387578370,https://doi.org/10.3390/ani13203184,"Multi-Omic, Histopathologic, and Clinicopathologic Effects of Once-Weekly Oral Rapamycin in a Naturally Occurring Feline Model of Hypertrophic Cardiomyopathy: A Pilot Study",2023,gold,TRUE,TRUE,10
https://openalex.org/W4386948952,https://doi.org/10.1016/j.ygyno.2023.06.300,"Development and user insights of a novel real-world treatment registry that combines germline hereditary cancer, tumor mutational landscape, and homologous recombination deficiency data with patient clinical characteristics (2179)",2023,bronze,TRUE,FALSE,0
https://openalex.org/W4387737982,https://doi.org/10.1103/physrevresearch.5.043056,All-photonic Gottesman-Kitaev-Preskill–qubit repeater using analog-information-assisted multiplexed entanglement ranking,2023,gold,TRUE,TRUE,20
https://openalex.org/W4368343042,https://doi.org/10.5664/jcsm.10648,"A randomized, sham-controlled trial of a novel near-infrared phototherapy device on sleep and daytime function",2023,bronze,TRUE,TRUE,8
https://openalex.org/W4360822072,https://doi.org/10.1088/2634-4505/acc759,Assessing stormwater control measure inventories from 23 cities in the United States,2023,gold,TRUE,TRUE,5
https://openalex.org/W4388116159,https://doi.org/10.1145/3627830,Artificial: Better or Worse?,2023,bronze,TRUE,FALSE,0
https://openalex.org/W4321230968,https://doi.org/10.3390/mining3010007,Review of Non-Destructive Methods for Rock Bolts Condition Evaluation,2023,gold,TRUE,TRUE,29
https://openalex.org/W4384993266,https://doi.org/10.1016/j.quascirev.2023.108228,"Reconstructing post-mid Pleistocene glacial-dammed paleolakes in the Tsangpo Gorge, southeastern Tibetan Plateau",2023,closed,FALSE,FALSE,20
https://openalex.org/W4319915785,https://doi.org/10.1016/j.bpj.2022.11.2298,Elucidation of the mechanism and the free energy of a Morita-Baylis-Hillman type reaction catalyzed by enzymes using transition path sampling,2023,bronze,TRUE,FALSE,0
https://openalex.org/W4386593036,NA,Particulate matter increases connexin 43 expression and exacerbates endothelial barrier disruption.,2023,green,TRUE,TRUE,2
https://openalex.org/W4386398065,https://doi.org/10.22603/ssrr.2023-0099,Managing Disease-Modifying Antirheumatic Drugs (DMARDs) for Patients Undergoing Elective Spine Surgery: A Pilot Survey,2023,diamond,TRUE,TRUE,1
https://openalex.org/W4386443777,https://doi.org/10.1364/optica.489504,Scalable photonic integrated circuits for high-fidelity light control,2023,gold,TRUE,TRUE,24
https://openalex.org/W4389029566,https://doi.org/10.1093/ofid/ofad500.1850,"2228. Knowledge, Attitudes, and Practices Regarding Antibiotic Use during the COVID-19 Pandemic: A Comparison of United States (US) Survey Respondents Living in the US-Mexico Border Region with those Living in Non-border Regions",2023,gold,TRUE,TRUE,0
https://openalex.org/W4361008909,https://doi.org/10.1093/ced/llad080,Sodium in the skin: a summary of the physiology and a scoping review of disease associations,2023,closed,FALSE,FALSE,12
https://openalex.org/W4319789760,https://doi.org/10.1080/14614103.2023.2166652,"Nested Environments: A Biocultural Examination of Malaria, Disease Stress, and Mother-Infant Health in a Rural Community in Late Antique Umbria",2023,closed,FALSE,FALSE,5
https://openalex.org/W3160680246,https://doi.org/10.18274/vyra7125,"""Oh, teach me how I should forget to think"": The Pedagogical Problems of Pleasure and Rigor in Social Media and Shakespeare",2023,hybrid,TRUE,FALSE,1
https://openalex.org/W4389687687,https://doi.org/10.3847/1538-4357/acf462,Resolved Velocity Profiles of Galactic Winds at Cosmic Noon,2023,gold,TRUE,TRUE,9
https://openalex.org/W4389038985,https://doi.org/10.1038/s41598-023-47799-x,"Evaluating changes in firefighter urinary metabolomes after structural fires: an untargeted, high resolution approach",2023,gold,TRUE,TRUE,10
https://openalex.org/W4389616897,https://doi.org/10.1016/j.parkreldis.2023.105951,Pimavanserin for psychosis in Parkinson's disease dementia: Subgroup analysis of the HARMONY Trial,2023,hybrid,TRUE,FALSE,16
https://openalex.org/W4319871001,https://doi.org/10.1016/j.jeconom.2022.12.011,Jackknife estimation of a cluster-sample IV regression model with many weak instruments,2023,closed,FALSE,FALSE,5
https://openalex.org/W4318015358,https://doi.org/10.1016/j.iswcr.2023.01.005,"Legacy earthen berms influence vegetation and hydrologic complexity in the Altar Valley, Arizona",2023,diamond,TRUE,TRUE,5
https://openalex.org/W4390111434,https://doi.org/10.3389/fendo.2023.1286931,Allopregnanolone pleiotropic action in neurons and astrocytes: calcium signaling as a unifying mechanism,2023,gold,TRUE,TRUE,8
https://openalex.org/W4380989248,https://doi.org/10.1016/j.infpip.2023.100293,Inactivation kinetics of benzalkonium chloride and ethanol-based hand sanitizers against a betacoronavirus and an alphacoronavirus,2023,gold,TRUE,TRUE,2
https://openalex.org/W4385075368,https://doi.org/10.1007/s10140-023-02160-7,Ultrasound evaluation of intraluminal magnets in an ex vivo model,2023,hybrid,TRUE,TRUE,3
https://openalex.org/W4317876258,https://doi.org/10.1007/s00246-023-03106-z,"Health Insurance Status and Access to Healthcare Among Young Adults with Congenital Heart Disease: from the Congenital Heart Survey To Recognize Outcomes, Needs and Well-beinG (CH STRONG), 2016–2019",2023,green,TRUE,TRUE,4
https://openalex.org/W4366779130,https://doi.org/10.1016/j.jhydrol.2023.129547,Characterizing hydraulic heterogeneity of Bayin River Basin using river stage tomography,2023,closed,FALSE,FALSE,8
https://openalex.org/W4379981586,https://doi.org/10.1016/s1569-1993(23)00560-x,P185 Prospective randomized observational study validating biomarkers for association with future pulmonary exacerbations in people with cystic fibrosis,2023,bronze,TRUE,FALSE,0
https://openalex.org/W4381329934,https://doi.org/10.1097/anc.0000000000001080,Prediction of GutCheckNEC and Its Relation to Severity of Illness and Measures of Deterioration in Necrotizing Enterocolitis,2023,green,TRUE,TRUE,5
https://openalex.org/W4319081976,https://doi.org/10.1016/j.jaci.2022.12.779,Dupilumab-associated Angioedema in an Adult,2023,bronze,TRUE,FALSE,1
https://openalex.org/W4323538350,https://doi.org/10.1016/j.jcmg.2022.12.027,Relation of Left Ventricular Diastolic Function to Global Fibrosis Burden,2023,closed,FALSE,FALSE,22
https://openalex.org/W4323636819,https://doi.org/10.1016/j.jsp.2023.02.004,Women of color and the hidden curriculum of school psychology doctoral programs,2023,closed,FALSE,FALSE,18
https://openalex.org/W4386829873,https://doi.org/10.1021/acs.jchemed.3c00616,Introductory Organic Chemistry (First-Semester) for Blind and Visually Impaired Students: Practical Lessons and Experiences,2023,closed,FALSE,FALSE,9
https://openalex.org/W4385707436,https://doi.org/10.1175/jcli-d-23-0123.1,The New Version 3.2 Global Precipitation Climatology Project (GPCP) Monthly and Daily Precipitation Products,2023,closed,FALSE,FALSE,121
https://openalex.org/W4378071115,https://doi.org/10.1016/j.avsg.2023.05.005,International Multi-Institutional Experience with Presentation and Management of Aortic Arch Laterality in Aberrant Subclavian Artery and Kommerell's Diverticulum,2023,hybrid,TRUE,TRUE,8
https://openalex.org/W4387338840,https://doi.org/10.1080/15377938.2023.2263880,Aspirations of Hispanic criminal justice students to join law enforcement: an empirical investigation,2023,green,TRUE,TRUE,0
https://openalex.org/W4387392251,https://doi.org/10.1152/ajpheart.00502.2023,Impact of maternal dietary folic acid or choline dietary deficiencies on vascular function in young and middle-aged female mouse offspring after ischemic stroke,2023,green,TRUE,TRUE,9
https://openalex.org/W4382919415,https://doi.org/10.1093/molbev/msad150,Evolutionary Shortcuts via Multinucleotide Substitutions and Their Impact on Natural Selection Analyses,2023,gold,TRUE,TRUE,40
https://openalex.org/W4381108642,https://doi.org/10.1016/j.bmcl.2023.129384,A synthetic lethal approach to drug targeting of G-quadruplexes based on CX-5461,2023,closed,FALSE,FALSE,25
https://openalex.org/W4385812964,https://doi.org/10.1103/physrevd.108.032012,"Measurement of the production of a <mml:math xmlns:mml=""http://www.w3.org/1998/Math/MathML"" display=""inline""><mml:mi>W</mml:mi></mml:math> boson in association with a charmed hadron in <mml:math xmlns:mml=""http://www.w3.org/1998/Math/MathML"" display=""inline""><mml:mi>p</mml:mi><mml:mi>p</mml:mi></mml:math> collisions at <mml:math xmlns:mml=""http://www.w3.org/1998/Math/MathML"" display=""inline""><mml:msqrt><mml:mi>s</mml:mi></mml:msqrt><mml:mo>=</mml:mo><mml:mn>13</mml:mn><mml:mtext> </mml:mtext><mml:mtext> </mml:mtext><mml:mi>TeV</mml:mi></mml:math> with the ATLAS detector",2023,hybrid,TRUE,TRUE,3
https://openalex.org/W4380875394,https://doi.org/10.1093/brain/awad202,Skeletal muscle in amyotrophic lateral sclerosis,2023,hybrid,TRUE,TRUE,97
https://openalex.org/W4388141204,https://doi.org/10.1097/mnh.0000000000000942,Climate crisis and nephrology: a review of climate change's impact on nephrology and how to combat it,2023,closed,FALSE,FALSE,2
https://openalex.org/W4321481886,https://doi.org/10.1364/ol.485459,Digital filtering of ghost signal in phase measuring deflectometry,2023,green,TRUE,TRUE,9
https://openalex.org/W4320915348,https://doi.org/10.3847/2515-5172/acbb72,The JWST Resolved Stellar Populations Early Release Science Program. III. Photometric Star–Galaxy Separations for NIRCam,2023,hybrid,TRUE,FALSE,26
https://openalex.org/W4389199772,https://doi.org/10.1111/sjtg.12520,"Arid Empire: The Entangled Fates of Arizona and Arabia. NatalieKoch. Verso Press, New York, USA, 2022, pp xi +196. <scp>ISBN</scp> 978‐1‐839‐76369‐4 (hbk).",2023,closed,FALSE,FALSE,0
https://openalex.org/W4319725807,https://doi.org/10.1093/mnras/stad387,Spectroscopy of CASSOWARY gravitationally lensed galaxies in SDSS: characterization of an extremely bright reionization-era analogue at <i>z</i> = 1.42,2023,bronze,TRUE,FALSE,14
https://openalex.org/W4381137496,https://doi.org/10.3389/fcimb.2023.1198113,"A novel Gardnerella, Prevotella, and Lactobacillus standard that improves accuracy in quantifying bacterial burden in vaginal microbial communities",2023,gold,TRUE,TRUE,8
https://openalex.org/W4390056727,https://doi.org/10.1017/s1478951523001669,Measuring double awareness in patients with advanced cancer: A preliminary scale development study,2023,hybrid,TRUE,TRUE,7
https://openalex.org/W4385651318,https://doi.org/10.1016/j.redox.2023.102839,The NRF2-p97-NRF2 negative feedback loop,2023,gold,TRUE,TRUE,22
https://openalex.org/W4319298150,https://doi.org/10.1038/s41467-023-36298-2,The p97-UBXD8 complex regulates ER-Mitochondria contact sites by altering membrane lipid saturation and composition,2023,gold,TRUE,TRUE,51
https://openalex.org/W2982207753,https://doi.org/10.1007/s11142-023-09784-7,Asymmetric motivated reasoning in investor judgment,2023,green,TRUE,TRUE,8
https://openalex.org/W4362458042,https://doi.org/10.1242/jeb.245404,"Accelerated abdominal lipid depletion from pesticide treatment alters honey bee pollen foraging strategy, but not onset, in worker honey bees",2023,hybrid,TRUE,TRUE,15
https://openalex.org/W4390227557,https://doi.org/10.1021/acsmaterialslett.3c01429,Impact of Structural Defects on the Electronic Properties of Two-Dimensional Covalent Organic Frameworks,2023,closed,FALSE,FALSE,24
https://openalex.org/W4386968593,https://doi.org/10.1016/j.amjoto.2023.104055,Predictors of response to endoscopic management of subglottic/tracheal stenosis in patients without tracheostomy,2023,closed,FALSE,FALSE,1
https://openalex.org/W4313593398,https://doi.org/10.1016/j.ygyno.2022.12.017,"Lifestyle intervention in ovarian cancer enhanced survival (LIVES) study (NRG/GOG0225): Recruitment, retention and baseline characteristics of a randomized trial of diet and physical activity in ovarian cancer survivors",2023,hybrid,TRUE,TRUE,21
https://openalex.org/W4386454379,https://doi.org/10.1093/amt/tsad108,Insecticide bioassay against diamondback moth adults,2023,gold,TRUE,FALSE,1
https://openalex.org/W4376869146,https://doi.org/10.1016/j.acap.2023.05.004,Burnout During the COVID-19 Pandemic: A Report on Pediatric Residents,2023,bronze,TRUE,TRUE,10
https://openalex.org/W4388901344,https://doi.org/10.1080/08838151.2023.2278616,"From Risk Perception to the Use of Technical Restrictions of SVoD Services in Mexico, the Mediating Role of Parent Involvement and Knowledge",2023,closed,FALSE,FALSE,3
https://openalex.org/W4386003990,https://doi.org/10.15406/paij.2023.07.00305,Adding and doubling solution to the 1D Fokker-Planck Equation,2023,diamond,TRUE,FALSE,1
https://openalex.org/W4377042919,https://doi.org/10.3390/cancers15102775,Compliance with Specialist Referral for Increased Cancer Risk in Low-Resource Settings: In-Person vs. Telehealth Options,2023,gold,TRUE,TRUE,3
https://openalex.org/W4389048057,https://doi.org/10.1016/j.fct.2023.114230,"RIFM fragrance ingredient safety assessment, 3a,4,4a,5,8,8a,9,9a-octahydro-4,9:5,8-dimethano-1H-benz[f]indene, CAS Registry Number 7158-25-0",2023,green,TRUE,TRUE,0
https://openalex.org/W4387311314,https://doi.org/10.1080/0161956x.2023.2261304,The Trans*Phonics of Policy,2023,bronze,TRUE,FALSE,0
https://openalex.org/W4367845873,https://doi.org/10.1016/j.bcab.2023.102721,Phytoremediation: Where do we go from here?,2023,closed,FALSE,FALSE,17
https://openalex.org/W4386410714,https://doi.org/10.1136/ijgc-2023-004812,"A phase III, multicenter, randomized study of olvimulogene nanivacirepvec followed by platinum-doublet chemotherapy and bevacizumab compared with platinum-doublet chemotherapy and bevacizumab in women with platinum-resistant/refractory ovarian cancer",2023,closed,FALSE,FALSE,30
https://openalex.org/W4386447035,https://doi.org/10.1146/annurev-marine-040323-101355,The Physical Oceanography of Ice-Covered Moons,2023,hybrid,TRUE,TRUE,18
https://openalex.org/W4387473487,https://doi.org/10.1161/jaha.123.029667,iCPET Calculator: A Web‐Based Application to Standardize the Calculation of Alpha Distensibility in Patients With Pulmonary Arterial Hypertension,2023,gold,TRUE,TRUE,12
https://openalex.org/W4390051699,https://doi.org/10.1097/grf.0000000000000847,Genitourinary Syndrome of Menopause: Prevalence and Predictors,2023,closed,FALSE,FALSE,13
https://openalex.org/W4316687835,https://doi.org/10.1080/10872981.2023.2167258,Development and evaluation of a pre-clerkship spiral curriculum: data from three medical school classes,2023,gold,TRUE,TRUE,8
https://openalex.org/W4389043048,https://doi.org/10.1186/s13100-023-00307-4,"Meeting report: transposable elements at the crossroads of evolution, health and disease 2023",2023,gold,TRUE,TRUE,2
https://openalex.org/W4389728363,https://doi.org/10.1001/jamaoncol.2023.5410,"Pembrolizumab or Placebo Plus Chemotherapy With or Without Bevacizumab for Persistent, Recurrent, or Metastatic Cervical Cancer",2023,green,TRUE,TRUE,64
https://openalex.org/W4388455250,https://doi.org/10.1007/s11336-023-09938-1,A Latent Hidden Markov Model for Process Data,2023,green,TRUE,TRUE,18
https://openalex.org/W4386775967,https://doi.org/10.1016/j.soisec.2023.100103,Long-term economic impacts of no-till adoption,2023,gold,TRUE,TRUE,22
https://openalex.org/W4323537090,https://doi.org/10.1016/j.ajog.2022.12.105,Optical coherence tomography for the detection of thermal injury in an ex-vivo porcine ureter model,2023,bronze,TRUE,FALSE,0
https://openalex.org/W4385225617,https://doi.org/10.1007/s00464-023-10312-6,Management of abdominal wall hernias in patients with severe obesity,2023,closed,FALSE,FALSE,25
https://openalex.org/W4378710592,https://doi.org/10.1016/j.lrr.2023.100370,Myeloid/lymphoid neoplasm with ZMYM2::FGFR1 rearrangement: A complex trilineage phenotypic and clonal evolution with associated genomic alterations,2023,gold,TRUE,TRUE,1
https://openalex.org/W4366986141,https://doi.org/10.1007/s11214-023-00966-y,Resurfacing History and Volcanic Activity of Venus,2023,hybrid,TRUE,TRUE,41
https://openalex.org/W4353029245,https://doi.org/10.1093/mnras/stad878,Stellar associations powering H <scp>ii</scp> regions – I. Defining an evolutionary sequence,2023,bronze,TRUE,TRUE,25
https://openalex.org/W4382940621,https://doi.org/10.1080/21565503.2023.2224785,"Congress, ideological extremity, and Latino demography: understanding congressional adaptability in the face of Latino population change",2023,closed,FALSE,FALSE,4
https://openalex.org/W4386196657,https://doi.org/10.1016/j.indcrop.2023.117318,"Effects of pelleted sugarcane biochar applications on growth, yield and economics of rainfed corn (Zea mays L.) in the Mississippi Delta",2023,closed,FALSE,FALSE,12
https://openalex.org/W4321369220,https://doi.org/10.1002/pul2.12206,Targeting <i>SELPLG/</i>P‐selectin glycoprotein ligand 1 in preclinical ARDS: Genetic and epigenetic regulation of the <i>SELPLG</i> promoter,2023,gold,TRUE,TRUE,9
https://openalex.org/W4390515608,https://doi.org/10.15593/rjbiomech/2023.1.07,Using correspondence analysis and log-linear models to investigate the factors affecting cardiovascular disease,2023,diamond,TRUE,FALSE,2
https://openalex.org/W4323926556,https://doi.org/10.1016/j.jms.2023.111772,"Microwave measurements, calculations, and analysis for the gas phase ammonia-formic acid dimer",2023,closed,FALSE,FALSE,6
https://openalex.org/W4385933434,https://doi.org/10.1016/j.ajpe.2023.100271,A Pilot Study to Evaluate Feasibility of a Curriculum Review Process,2023,gold,TRUE,FALSE,1
https://openalex.org/W4368318308,https://doi.org/10.1093/mnras/stad1326,New quasar proximity zone size measurements at <i>z</i> ∼ 6 using the enlarged XQR-30 sample,2023,hybrid,TRUE,TRUE,21
https://openalex.org/W4361004732,https://doi.org/10.1093/ajhp/zxad058,Medication dosing in adult patients with reduced lean body mass and kidney injury: A focus on cystatin C,2023,closed,FALSE,FALSE,4
https://openalex.org/W4386769304,https://doi.org/10.1016/j.chempr.2023.07.010,Control of tetrazine bioorthogonal reactivity by naphthotube and phenyltetrazine host-guest pairs,2023,bronze,TRUE,FALSE,3
https://openalex.org/W4388732176,https://doi.org/10.3847/1538-4357/acffb9,Magellanic System Stars Identified in SMACS J0723.3-7327 James Webb Space Telescope Early Release Observations Images,2023,gold,TRUE,TRUE,2
https://openalex.org/W4389965666,https://doi.org/10.55533/2325-5226.1442,Cooperative Extension Programming for Early Care and Education Professionals During the First Year of the COVID-19 Pandemic: Evidence from a National Survey of Extension Systems,2023,diamond,TRUE,TRUE,0
https://openalex.org/W4387092775,https://doi.org/10.1371/journal.pgph.0001423,Stakeholder perspectives on interventions to improve HIV pre-exposure prophylaxis uptake and continuation in Lesotho: A participant-ranked preferences study,2023,gold,TRUE,TRUE,8
https://openalex.org/W4387035701,https://doi.org/10.1016/j.jdcr.2023.09.011,Refractory Hailey–Hailey disease cleared with upadacitinib,2023,gold,TRUE,TRUE,24
https://openalex.org/W4385260328,https://doi.org/10.1002/saj2.20577,Effect of soil organic matter on sorption of water vapor and associated hysteresis,2023,bronze,TRUE,FALSE,7
https://openalex.org/W4317781056,https://doi.org/10.1098/rstb.2021.0407,Steps to individuality in biology and culture,2023,bronze,TRUE,TRUE,5
https://openalex.org/W4323295025,https://doi.org/10.1111/jgs.18286,Dealing with the elder abuse epidemic: Disparities in interventions against elder abuse in trauma centers,2023,bronze,TRUE,FALSE,6
https://openalex.org/W4318003480,https://doi.org/10.1186/s12931-022-02298-x,Airway and parenchyma transcriptomics in a house dust mite model of experimental asthma,2023,gold,TRUE,TRUE,4
https://openalex.org/W4319866187,https://doi.org/10.1109/tmc.2023.3240821,Distributed Traffic Synthesis and Classification in Edge Networks: A Federated Self-Supervised Learning Approach,2023,green,TRUE,TRUE,48
https://openalex.org/W4390200461,https://doi.org/10.1002/alz.077959,"Affordable, accessible, community‐delivered hearing care among individuals with cognitive impairment: Lessons from the HEARS RCT",2023,bronze,TRUE,FALSE,0
https://openalex.org/W4328143748,https://doi.org/10.1093/mnras/stad859,HIP 67506 C: MagAO-X confirmation of a new low-mass stellar companion to HIP 67506 A,2023,green,TRUE,TRUE,0
https://openalex.org/W4388336471,https://doi.org/10.1016/j.jdcr.2023.10.021,"A case of lepromatous leprosy in Arizona, United States",2023,gold,TRUE,TRUE,1
https://openalex.org/W4386101145,https://doi.org/10.1016/j.biopsycho.2023.108667,Neural abnormalities of reward processing in adolescents with bipolar disorders: An ERP study,2023,green,TRUE,TRUE,3
https://openalex.org/W4318831039,https://doi.org/10.53623/apga.v2i2.192,Gamification to Improve Participation in an Environmental Science Course: An Educator’s Reflection,2023,hybrid,TRUE,FALSE,8
https://openalex.org/W4380606520,https://doi.org/10.1097/ta.0000000000004080,The undisclosed disclosures: The dollar-outcome relationship in resuscitative endovascular balloon occlusion of the aorta,2023,closed,FALSE,FALSE,4
https://openalex.org/W4315641116,https://doi.org/10.3389/fcvm.2022.1024846,Traditional risk factors and cancer-related factors associated with cardiovascular disease risk in head and neck cancer patients,2023,gold,TRUE,TRUE,11
https://openalex.org/W4367316410,https://doi.org/10.3390/nu15092118,Association of Vitamin D Receptor Gene Polymorphisms with Cardiometabolic Phenotypes in Hispanics: A Life Course Approach,2023,gold,TRUE,TRUE,4
https://openalex.org/W4379141216,https://doi.org/10.1016/j.ajic.2023.05.017,Evaluating infection risks and importance of hand hygiene during the household laundry process using a quantitative microbial risk assessment approach,2023,closed,FALSE,FALSE,4
https://openalex.org/W4319789766,https://doi.org/10.1130/g50564.1,Extreme isotopic heterogeneity in impact melt rocks: Implications for Martian meteorites,2023,green,TRUE,TRUE,3
https://openalex.org/W4386421713,https://doi.org/10.1111/een.13272,Impact of body size on critical thermal maxima in female solitary desert bees,2023,bronze,TRUE,FALSE,11
https://openalex.org/W4323036439,https://doi.org/10.1002/ajpa.24708,Associations between duration of first trimester intrauterine exposure to genocide against the Tutsi and health outcomes in adulthood,2023,hybrid,TRUE,FALSE,4
https://openalex.org/W4385989438,https://doi.org/10.2147/nss.s412793,Long-Term Treatment of Narcolepsy and Idiopathic Hypersomnia with Low-Sodium Oxybate,2023,gold,TRUE,TRUE,13
https://openalex.org/W4390079024,https://doi.org/10.1017/s1355617723004782,42 Age-Related Alterations in Representational Forms of Imagination: A Novel Scoring Protocol Applied to Autobiographical Memory,2023,bronze,TRUE,FALSE,0
https://openalex.org/W4386909849,https://doi.org/10.1080/17513758.2023.2255061,Treatment outcome in an <i>SI</i> model with evolutionary resistance: a Darwinian model for the evolution of resistance,2023,gold,TRUE,TRUE,13
https://openalex.org/W4389490344,https://doi.org/10.1029/2023gl105708,Solar Irradiance Modulates the Asian Summer Monsoon—ENSO Relationship Over the Last Millennium,2023,gold,TRUE,TRUE,14
https://openalex.org/W4389627834,https://doi.org/10.1016/j.fct.2023.114357,"Update to RIFM fragrance ingredient safety assessment, acetic acid, CAS Registry Number 64-19-7",2023,closed,FALSE,FALSE,1
https://openalex.org/W4387061363,https://doi.org/10.1016/j.fct.2023.114045,"Update to RIFM fragrance ingredient safety assessment, diethyl succinate, CAS Registry Number 123-25-1",2023,closed,FALSE,FALSE,0
https://openalex.org/W4383722612,https://doi.org/10.1017/cts.2023.549,A framework for future national pediatric pandemic respiratory disease severity triage: The HHS pediatric COVID-19 data challenge,2023,gold,TRUE,TRUE,7
https://openalex.org/W4318923943,https://doi.org/10.1097/ta.0000000000003820,Time to early resuscitative intervention association with mortality in trauma patients at risk for hemorrhage,2023,green,TRUE,TRUE,93
https://openalex.org/W4376129436,https://doi.org/10.1097/jom.0000000000002877,Associations of Prenatal Agricultural Farm Work with Fetal Overgrowth and Pregnancy Complications in State of Arizona Birth Records,2023,green,TRUE,TRUE,4
https://openalex.org/W4385625083,https://doi.org/10.1371/journal.pone.0289648,Proteomic insight into human directed selection of the domesticated chicken Gallus gallus.,2023,gold,TRUE,TRUE,4
https://openalex.org/W4321615109,https://doi.org/10.1038/s43247-023-00697-6,Groundwater deeper than 500 m contributes less than 0.1% of global river discharge,2023,gold,TRUE,TRUE,36
https://openalex.org/W4380319209,https://doi.org/10.1038/s41550-023-02012-x,Hydrothermal fluid activity on asteroid Itokawa,2023,closed,FALSE,FALSE,15
https://openalex.org/W4385457113,https://doi.org/10.1080/10926771.2023.2238631,Adolescent Social Networks and Physical Intimate Partner Violence Among Colombian Rural Adolescents,2023,green,TRUE,TRUE,0
https://openalex.org/W4389675994,https://doi.org/10.1002/iub.2802,A hub for regulation of mitochondrial metabolism: Fatty acid and lipoic acid biosynthesis,2023,bronze,TRUE,FALSE,10
https://openalex.org/W4319590542,https://doi.org/10.1115/1.4056879,Modeling and Optimal Design of a Desalination System Integrated Between a Glass-Covered Solar Collection Water Chamber and a Heat Dissipating Chimney,2023,closed,FALSE,FALSE,3
https://openalex.org/W4385898504,https://doi.org/10.1515/jpem-2023-0287,Artificial Intelligence (AI) in pediatric endocrinology,2023,hybrid,TRUE,FALSE,5
https://openalex.org/W4379791688,https://doi.org/10.1007/jhep06(2023)016,Search for heavy resonances decaying into a Z or W boson and a Higgs boson in final states with leptons and b-jets in 139 fb−1 of pp collisions at $$ \sqrt{s} $$ = 13 TeV with the ATLAS detector,2023,diamond,TRUE,TRUE,16
https://openalex.org/W4377098049,https://doi.org/10.1007/s10498-023-09414-3,"Temporal and Seasonal Variations of Silicate Svratka River and Sediment Characterization, Czech Republic: Geochemical and Stable Isotopic Approach",2023,hybrid,TRUE,TRUE,2
https://openalex.org/W4380788431,https://doi.org/10.1007/s42001-023-00214-x,What motivated mitigation policies? A network-based longitudinal analysis of state-level mitigation strategies,2023,closed,FALSE,FALSE,2
https://openalex.org/W4379375706,https://doi.org/10.1016/j.chemosphere.2023.139121,"Biodegradation of the emerging contaminant 3-nitro-1,2,4-triazol-5-one and its product 3-amino-1,2,4-triazol-5-one in perlite/soil columns",2023,closed,FALSE,FALSE,9
https://openalex.org/W4387581394,https://doi.org/10.1364/ao.495832,"Comparison of reflective band (Vis, NIR, SWIR, eSWIR) performance in daytime reduced illumination conditions",2023,closed,FALSE,FALSE,8
https://openalex.org/W4316843568,https://doi.org/10.1103/physrevlett.131.172301,"Measurement of Suppression of Large-Radius Jets and Its Dependence on Substructure in <mml:math xmlns:mml=""http://www.w3.org/1998/Math/MathML"" display=""inline""><mml:mrow><mml:mi>Pb</mml:mi><mml:mo>+</mml:mo><mml:mi>Pb</mml:mi></mml:mrow></mml:math> Collisions at <mml:math xmlns:mml=""http://www.w3.org/1998/Math/MathML"" display=""inline""><mml:mrow><mml:msqrt><mml:mrow><mml:msub><mml:mrow><mml:mi>s</mml:mi></mml:mrow><mml:mrow><mml:mi>N</mml:mi><mml:mi>N</mml:mi></mml:mrow></mml:msub></mml:mrow></mml:msqrt><mml:mo>=</mml:mo><mml:mn>5.02</mml:mn><mml:mtext> </mml:mtext><mml:mtext> </mml:mtext><mml:mi>TeV</mml:mi></mml:mrow></mml:math> with the ATLAS Detector",2023,hybrid,TRUE,TRUE,24
https://openalex.org/W4382199913,https://doi.org/10.1016/j.fct.2023.113909,"RIFM fragrance ingredient safety assessment, isobutyl salicylate, CAS Registry Number 87-19-4",2023,closed,FALSE,FALSE,0
https://openalex.org/W4391182638,https://doi.org/10.1386/jucs_00068_2,"The scholarly journal as puzzle: On time, collaboration and closure",2023,closed,FALSE,FALSE,0
https://openalex.org/W4382809535,https://doi.org/10.1007/jhep06(2023)188,Search for pair-produced scalar and vector leptoquarks decaying into third-generation quarks and first- or second-generation leptons in pp collisions with the ATLAS detector,2023,diamond,TRUE,TRUE,16
https://openalex.org/W4387877233,https://doi.org/10.1097/01.tp.0000994640.18377.bb,401.3: The development of a sheep model for encapsulated cell therapies,2023,closed,FALSE,FALSE,0
https://openalex.org/W4366768516,https://doi.org/10.1038/s41467-023-37643-1,Trends and variability in the Southern Annular Mode over the Common Era,2023,gold,TRUE,TRUE,64
https://openalex.org/W4378673698,https://doi.org/10.1093/sleep/zsad077.0332,0332 Improving Sleep with Continuous Theta Burst Transcranial Magnetic Stimulation (TMS) of the Default Mode Network,2023,bronze,TRUE,FALSE,5
https://openalex.org/W4318766008,https://doi.org/10.1136/jnis-2022-019513,Risk factors and predictors of intracranial hemorrhage after mechanical thrombectomy in acute ischemic stroke: insights from the Stroke Thrombectomy and Aneurysm Registry (STAR),2023,green,TRUE,TRUE,26
https://openalex.org/W4390427317,https://doi.org/10.4244/eij-d-23-00830,"Letter: Due to the lack of significant mortality benefit along with high procedural complication rates, percutaneous coronary intervention of chronic total occlusions should be discouraged",2023,green,TRUE,TRUE,1
https://openalex.org/W4361285629,https://doi.org/10.1007/s10509-023-04183-5,Revealing the atmospheres of highly irradiated exoplanets: from ultra-hot Jupiters to rocky worlds,2023,hybrid,TRUE,TRUE,5
https://openalex.org/W4386086103,https://doi.org/10.1007/s11669-023-01055-x,A Neural Network Driven Approach for Characterizing the Interplay Between Short Range Ordering and Enthalpy of Mixing of Binary Subsystems in the NbTiVZr High Entropy Alloy,2023,bronze,TRUE,FALSE,9
https://openalex.org/W4385852885,https://doi.org/10.1002/pchj.677,Subjective time perception in musical imagery: An <scp>fMRI</scp> study on musicians,2023,hybrid,TRUE,TRUE,4
https://openalex.org/W4362701635,https://doi.org/10.37236/10726,A Homomorphic Polynomial for Oriented Graphs,2023,diamond,TRUE,FALSE,0
https://openalex.org/W4389831896,https://doi.org/10.4103/1673-5374.389629,Impact of increasing one-carbon metabolites on traumatic brain injury outcome using pre-clinical models,2023,gold,TRUE,TRUE,5
https://openalex.org/W4319333063,https://doi.org/10.1089/fpsam.2022.0121,Hyaluronidase Availability in Emergency Rooms: A Statewide Analysis,2023,closed,FALSE,FALSE,3
https://openalex.org/W4385576496,https://doi.org/10.3847/1538-4357/ace343,PEARLS: Low Stellar Density Galaxies in the El Gordo Cluster Observed with JWST,2023,gold,TRUE,TRUE,7
https://openalex.org/W4386879760,https://doi.org/10.1016/j.sasc.2023.200062,A multi-dimensional hybrid CNN-BiLSTM framework for epileptic seizure detection using electroencephalogram signal scrutiny,2023,gold,TRUE,TRUE,37
https://openalex.org/W4389763626,https://doi.org/10.3847/1538-4357/ace5a3,Stellar Properties of Observed Stars Stripped in Binaries in the Magellanic Clouds,2023,gold,TRUE,TRUE,68
https://openalex.org/W4386319802,https://doi.org/10.1016/j.niox.2023.08.004,Endothelin-1 acutely increases nitric oxide production via the calcineurin mediated dephosphorylation of Caveolin-1,2023,closed,FALSE,FALSE,8
https://openalex.org/W4387952971,https://doi.org/10.1073/pnas.2316386120,Cross-kingdom convergence provides promising proteins for pest control,2023,green,TRUE,TRUE,3
https://openalex.org/W4389687985,https://doi.org/10.1016/j.fct.2023.114367,"RIFM fragrance ingredient safety assessment, 2-ethyl-5-methylpyrazine, CAS registry number 13360-64-0",2023,green,TRUE,TRUE,2
https://openalex.org/W4319928905,https://doi.org/10.1016/j.bpj.2022.11.1364,Rhodopsin is a dynamically active receptor in lipid membranes,2023,closed,FALSE,FALSE,0
https://openalex.org/W4318817246,https://doi.org/10.3390/cancers15030923,Management of Recurrent Well-Differentiated Thyroid Carcinoma in the Neck: A Comprehensive Review,2023,gold,TRUE,TRUE,24
https://openalex.org/W4323347993,https://doi.org/10.1136/bjsports-2021-105136,Internal consistency reliability of mental health questionnaires in college student athletes,2023,green,TRUE,TRUE,18
https://openalex.org/W4388099652,https://doi.org/10.1016/j.ijcip.2023.100639,Modeling and assessing seismic resilience leveraging systems dynamic approach: A case study of society 5.0,2023,closed,FALSE,FALSE,10
https://openalex.org/W4389047788,https://doi.org/10.1016/j.fct.2023.114234,"RIFM fragrance ingredient safety assessment, linalool oxide pyranoid, CAS Registry Number 14049-11-7",2023,closed,FALSE,FALSE,1
https://openalex.org/W4319722883,https://doi.org/10.3847/2041-8213/acb645,Two Lensed Star Candidates at z ≃ 4.8 behind the Galaxy Cluster MACS J0647.7+7015,2023,gold,TRUE,TRUE,57
https://openalex.org/W4378231592,https://doi.org/10.1177/02780771231176477,Diet During the Late Initial Period (1100–800 BC) in the Chavín Heartland: New Data from Canchas Uckro (North-Central Peru),2023,bronze,TRUE,FALSE,6
https://openalex.org/W4386157517,https://doi.org/10.1044/2023_ajslp-23-00093,Sentence Length Effects on Intelligibility in Two Groups of Older Children With Neurodevelopmental Disorders,2023,green,TRUE,TRUE,5
https://openalex.org/W4388830943,https://doi.org/10.1007/s00526-023-02612-5,Geometry of generalized fluid flows,2023,closed,FALSE,FALSE,2
https://openalex.org/W4387648610,https://doi.org/10.1016/j.intell.2023.101795,The ten-million-year explosion: Paleocognitive reconstructions of domain-general cognitive ability (G) in extinct primates,2023,closed,FALSE,FALSE,12
https://openalex.org/W4389393915,https://doi.org/10.1016/j.fct.2023.114251,"Update to RIFM fragrance ingredient safety assessment, propionic acid, CAS Registry Number 79-09-4",2023,closed,FALSE,FALSE,1
https://openalex.org/W4321496783,https://doi.org/10.1080/21674736.2023.2178718,Of writing and freedom in Sony Labou Tansi’s novel <i>Life and a Half</i>,2023,closed,FALSE,FALSE,0
https://openalex.org/W4321497471,https://doi.org/10.3390/insects14030214,Fitness Costs and Incomplete Resistance Associated with Delayed Evolution of Practical Resistance to Bt Crops,2023,gold,TRUE,TRUE,30
https://openalex.org/W3119565744,https://doi.org/10.3847/1538-4357/acbb01,Demographics of Protoplanetary Disks: A Simulated Population of Edge-on Systems,2023,gold,TRUE,TRUE,13
https://openalex.org/W4389391343,https://doi.org/10.1177/08943184231207381,A New Nursing Aesthetic,2023,closed,FALSE,FALSE,3
https://openalex.org/W4383619982,https://doi.org/10.1007/s12560-023-09559-y,Inactivation of SARS-CoV-2 in Water by Chlorination,2023,closed,FALSE,FALSE,0
https://openalex.org/W4385075479,https://doi.org/10.1007/s00590-023-03653-4,Rising incidence of acute total hip arthroplasty for primary and adjunctive treatment of acetabular fracture in older and middle-aged adults,2023,hybrid,TRUE,TRUE,11
https://openalex.org/W4324057420,https://doi.org/10.25251/skin.7.2.4,Perspectives on Pediatric Hidradenitis Suppurativa Care: A Survey of Pediatric Providers,2023,diamond,TRUE,FALSE,0
https://openalex.org/W4390102680,https://doi.org/10.1016/j.fct.2023.114405,"RIFM fragrance ingredient safety assessment, butyl 2-methylcrotonate (Z), CAS registry number 7785-64-0",2023,green,TRUE,TRUE,0
https://openalex.org/W4386943441,https://doi.org/10.5281/zenodo.8368731,"Optimising global conservation, restoration, and agriculture for people and nature",2023,green,TRUE,TRUE,0
https://openalex.org/W4385751859,https://doi.org/10.2196/46034,Exploring the Impact of Dawn Phenomenon on Glucose-Guided Eating Thresholds in Individuals With Type 2 Diabetes Using Continuous Glucose Monitoring: Observational Study,2023,gold,TRUE,TRUE,1
https://openalex.org/W4390030389,https://doi.org/10.3847/2515-5172/ad1682,Mars-Crossing Minor Planet 2018 VL10: a Jupiter-family Comet Discovery via Citizen Science,2023,hybrid,TRUE,FALSE,1
https://openalex.org/W4386208725,https://doi.org/10.1097/sla.0000000000006087,Association Between Emergency Medical Service Agency Volume and Mortality in Trauma Patients,2023,green,TRUE,TRUE,13
https://openalex.org/W4386934324,https://doi.org/10.1111/maps.14072,"Mineralogy, petrology, and oxygen isotopic compositions of chondritic and achondritic lithologies in the anomalous CB carbonaceous chondrites Sierra Gorda 013 and Fountain Hills",2023,closed,FALSE,FALSE,5
https://openalex.org/W4386023356,https://doi.org/10.1055/s-0043-1772456,In Search of the Holy Grail of Artificial Hearts: Are We There Yet?,2023,closed,FALSE,FALSE,2
https://openalex.org/W4380990195,https://doi.org/10.1063/5.0148217,Lensfree time-gated photoluminescent imaging,2023,gold,TRUE,TRUE,4
https://openalex.org/W4387238223,https://doi.org/10.1016/j.gerinurse.2023.09.005,Assessing the impact of preferred web app-based music-listening on pain processing at the central nervous level in older black adults with low back pain: An fNIRS study,2023,closed,FALSE,FALSE,10
https://openalex.org/W4389086875,https://doi.org/10.1108/mf-11-2022-0543,"Student loan debt in retirement: identifying the correlates and implications for policy, practice and research",2023,closed,FALSE,FALSE,2
https://openalex.org/W4321498193,https://doi.org/10.3389/frbhe.2023.1112934,Social norms and couples' division of labor,2023,gold,TRUE,FALSE,3
https://openalex.org/W4383650377,https://doi.org/10.3847/2515-5172/ace4c3,Modeling the Free Inclinations of the Classical Kuiper Belt with the von Mises–Fisher Distribution,2023,hybrid,TRUE,FALSE,4
https://openalex.org/W3098048894,NA,Dynamics of a massive binary at birth,2023,closed,FALSE,FALSE,7
https://openalex.org/W4385400023,https://doi.org/10.1016/j.envsoft.2023.105779,On how data are partitioned in model development and evaluation: Confronting the elephant in the room to enhance model generalization,2023,hybrid,TRUE,TRUE,45
https://openalex.org/W4321014426,https://doi.org/10.1016/j.jagp.2022.12.149,"Decision trees for when to change pharmacotherapy in late-life depression: integration of pharmacogenetics, venlafaxine pharmacokinetics, and clinical predictors",2023,closed,FALSE,FALSE,1
https://openalex.org/W4383371899,https://doi.org/10.1007/s00277-023-05345-9,"Waldenström macroglobulinemia: a review of pathogenesis, current treatment, and future prospects",2023,closed,FALSE,FALSE,6
https://openalex.org/W4376117452,https://doi.org/10.1007/s11269-023-03524-x,Convolutional Neural Network for Burst Detection in Smart Water Distribution Systems,2023,closed,FALSE,FALSE,13
https://openalex.org/W4317910787,https://doi.org/10.3389/fnhum.2022.1006350,Positive changes to written language following phonological treatment in logopenic variant primary progressive aphasia: Case report,2023,gold,TRUE,TRUE,7
https://openalex.org/W4389002426,https://doi.org/10.1016/j.fct.2023.114215,"RIFM fragrance ingredient safety assessment, 1-methylnaphthalene, CAS Registry Number 90-12-0",2023,closed,FALSE,FALSE,0
https://openalex.org/W6996586225,NA,In situ annealing of nanoporous silicon thin films with transmission electron microscopy,2023,green,TRUE,TRUE,0
https://openalex.org/W4322773749,https://doi.org/10.3389/fmed.2023.1060758,Nitric oxide-releasing gel accelerates healing in a diabetic murine splinted excisional wound model,2023,gold,TRUE,TRUE,18
https://openalex.org/W4319296722,https://doi.org/10.3390/jof9020213,Evaluation of Host Constitutive and Ex Vivo Coccidioidal Antigen-Stimulated Immune Response in Dogs with Naturally Acquired Coccidioidomycosis,2023,gold,TRUE,TRUE,5
https://openalex.org/W4389816700,https://doi.org/10.1371/journal.pone.0294338,Global patterns of plumage color evolution in island-living passeriform birds,2023,gold,TRUE,TRUE,7
https://openalex.org/W4378610507,https://doi.org/10.1093/sleep/zsad077.0485,0485 The clinical utility of echocardiography in identifying patients with heart failure at a single academic sleep center,2023,bronze,TRUE,FALSE,0
https://openalex.org/W4387999670,https://doi.org/10.1093/jas/skad341.029,175 Building the Tools to Solve the Genome to Phenome Puzzle in Agriculture,2023,bronze,TRUE,TRUE,1
https://openalex.org/W4381142396,https://doi.org/10.1016/j.physd.2023.133801,The Poisson geometry of Plancherel formulas for triangular groups,2023,green,TRUE,TRUE,1
https://openalex.org/W4317952801,https://doi.org/10.1038/s41586-022-05640-x,Stigma receptors control intraspecies and interspecies barriers in Brassicaceae,2023,hybrid,TRUE,TRUE,156
https://openalex.org/W4386647765,https://doi.org/10.1089/bioe.2023.0033,Connexins: A Brief Overview,2023,closed,FALSE,FALSE,0
https://openalex.org/W4385225291,https://doi.org/10.5465/amr.2022.0040,How Organizational Is Interorganizational Trust?,2023,gold,TRUE,NA,37
https://openalex.org/W4386955076,https://doi.org/10.1016/j.copsyc.2023.101694,Is laughter the best marketing? Why this is the wrong question,2023,hybrid,TRUE,FALSE,5
https://openalex.org/W4385613430,https://doi.org/10.1177/14604582231193519,Physicians differ in their perceptions of sensitive medical records: Survey and interview study,2023,gold,TRUE,TRUE,3
https://openalex.org/W4379536987,https://doi.org/10.1186/s12889-023-15740-6,"Association of shift work and dietary inflammatory potential with all-cause death among us hypertensive population: national health and nutrition examination study, 2005–2010",2023,gold,TRUE,TRUE,4
https://openalex.org/W4378649515,https://doi.org/10.1152/physiol.2023.38.s1.5735310,OxLDL increases brain and aortic VSM inflammation and contributes to vascular dysregulation and altered vasoreactivity via the LOX-1 receptor,2023,closed,FALSE,FALSE,0
https://openalex.org/W4364374369,https://doi.org/10.3389/fragi.2023.1150645,Higher thyroid hormone has a negative association with lower limb lean body mass in euthyroid older adults: Analysis from the Baltimore Longitudinal study of aging,2023,gold,TRUE,TRUE,11
https://openalex.org/W4386771267,https://doi.org/10.1061/jhend8.hyeng-13591,Discharge Estimation Using Video Recordings from Small Unoccupied Aircraft Systems,2023,hybrid,TRUE,FALSE,12
https://openalex.org/W4365814023,https://doi.org/10.1016/j.amjmed.2023.03.029,Beyond Skin and Nails: The Hidden Dangers of Biotin Supplementation,2023,bronze,TRUE,FALSE,1
https://openalex.org/W4321233896,https://doi.org/10.3390/cells12040645,High Resolution Multiplex Confocal Imaging of the Neurovascular Unit in Health and Experimental Ischemic Stroke,2023,gold,TRUE,TRUE,12
https://openalex.org/W4389042777,https://doi.org/10.1371/journal.pone.0291205,"Identify successful restrictions in suppressing the early outbreak of COVID-19 in Arizona, United States: Interrupted time series analysis",2023,gold,TRUE,TRUE,1
https://openalex.org/W4317425776,https://doi.org/10.3390/genes14020249,"Framework of the Alu Subfamily Evolution in the Platyrrhine Three-Family Clade of Cebidae, Callithrichidae, and Aotidae",2023,gold,TRUE,TRUE,5
https://openalex.org/W4385448108,https://doi.org/10.1080/2331186x.2023.2239535,Assessment competence and practices including digital assessment literacy of postsecondary English language teachers in Oman,2023,gold,TRUE,TRUE,9
https://openalex.org/W4385567773,https://doi.org/10.1177/19418744231193490,"41-Year-Old Male with Sub-Acute Encephalopathy, Seizures, and End Stage Renal Disease: A Unifying Diagnosis and Response to Therapy",2023,green,TRUE,TRUE,0
https://openalex.org/W4366456062,https://doi.org/10.1364/boe.489280,Motionless volumetric structured light sheet microscopy,2023,gold,TRUE,TRUE,1
https://openalex.org/W4388798288,https://doi.org/10.1177/07487304231207330,The Negative Effects of Travel on Student Athletes Through Sleep and Circadian Disruption,2023,green,TRUE,TRUE,25
https://openalex.org/W4366140921,https://doi.org/10.1073/pnas.2211495120,Eccentricity-paced geomagnetic field and monsoon rainfall variations over the last 870 kyr,2023,green,TRUE,TRUE,31
https://openalex.org/W4376890795,https://doi.org/10.3847/1538-4357/acbfb3,Hotter than Expected: Hubble Space Telescope (HST)/WFC3 Phase-resolved Spectroscopy of a Rare Irradiated Brown Dwarf with Strong Internal Heat Flux,2023,gold,TRUE,TRUE,7
https://openalex.org/W4380153810,https://doi.org/10.1007/s00705-023-05797-4,Changes to virus taxonomy and the ICTV Statutes ratified by the International Committee on Taxonomy of Viruses (2023),2023,hybrid,TRUE,TRUE,127
https://openalex.org/W4390064662,https://doi.org/10.1016/j.healun.2023.12.009,Advanced hemodynamic and cluster analysis for identifying novel RV function subphenotypes in patients with pulmonary hypertension,2023,closed,FALSE,FALSE,8
https://openalex.org/W4389096510,https://doi.org/10.1111/maps.14096,The nature of insoluble organic matter in Sutter's Mill and Murchison carbonaceous chondrites: Testing the effect of x‐ray computed tomography and exploring parent body organic molecular evolution,2023,bronze,TRUE,FALSE,13
https://openalex.org/W4384558715,https://doi.org/10.1051/0004-6361/202346143,Star-formation-driven outflows in local dwarf galaxies as revealed from [CII] observations by<i>Herschel</i>,2023,diamond,TRUE,FALSE,27
https://openalex.org/W4378610806,https://doi.org/10.1093/sleep/zsad077.0242,0242 Sleep Duration Associated with Sexual and Gender Minority Status in the US: Influence of Sexual Orientation and Gender Identity,2023,bronze,TRUE,FALSE,0
https://openalex.org/W4385902604,https://doi.org/10.1080/15350770.2023.2248106,"Grandfathers, Fathers, and Sons: Role of Intergenerational Relations on Parent Attitudes and Engagement of Mexican Origin Fathers",2023,green,TRUE,TRUE,3
https://openalex.org/W4389235404,https://doi.org/10.1093/jhmas/jrad075,"Desperate Remedies: Psychiatry’s Turbulent Quest to Cure Mental Illness, Andrew Scull",2023,closed,FALSE,FALSE,0
https://openalex.org/W4386168633,https://doi.org/10.3390/min13091122,"Manganese-Iron Phosphate Nodules at the Groken Site, Gale Crater, Mars",2023,gold,TRUE,TRUE,17
https://openalex.org/W4319071968,https://doi.org/10.1016/j.ahjo.2023.100266,Sex-based disparities and in-hospital outcomes of patients hospitalized with atrial fibrillation with and without dementia,2023,gold,TRUE,TRUE,6
https://openalex.org/W4386130686,https://doi.org/10.1016/j.jacadv.2023.100577,Impact of Social Vulnerability and Demographics on Ischemic Heart Disease Mortality in the United States,2023,gold,TRUE,TRUE,14
https://openalex.org/W4288729350,https://doi.org/10.1103/physrevd.107.042004,Measurement of the mean central optical depth of galaxy clusters via the pairwise kinematic Sunyaev-Zel’dovich effect with SPT-3G and DES,2023,bronze,TRUE,TRUE,20
https://openalex.org/W4313909604,https://doi.org/10.1530/joe-22-0073,SerpinA3N deficiency attenuates steatosis and enhances insulin signaling in male mice,2023,green,TRUE,TRUE,7
https://openalex.org/W4377088805,https://doi.org/10.1016/j.envres.2023.116196,Using environmental health dialogue in a Diné-centered approach for individualized results reporting in an environmental exposure study following the Gold King Mine Spill,2023,green,TRUE,TRUE,7
https://openalex.org/W4386440431,https://doi.org/10.1175/bams-d-23-0090.1,Global Climate,2023,hybrid,TRUE,TRUE,33
https://openalex.org/W4385839395,https://doi.org/10.14448/jsesd.15.0002,Out-of-school STEM Program for Students with Visual Impairments: Adaptations and Outcomes During the COVID-19 Pandemic,2023,diamond,TRUE,TRUE,2
https://openalex.org/W4380716224,https://doi.org/10.1016/j.psyneuen.2023.106224,Adverse Childhood Experiences and Opioid Use Disorder: A Systematic Review,2023,closed,FALSE,FALSE,13
https://openalex.org/W4382513091,https://doi.org/10.1093/mnras/stad1919,A <i>JWST</i>/NIRCam study of key contributors to reionization: the star-forming and ionizing properties of UV-faint <i>z</i> ∼ 7−8 galaxies,2023,bronze,TRUE,TRUE,198
https://openalex.org/W4389879272,https://doi.org/10.1088/1402-4896/ad16c7,"Inertia, gravity and the meaning of mass",2023,hybrid,TRUE,TRUE,0
https://openalex.org/W4320716935,https://doi.org/10.1097/jom.0000000000002817,Occupational Years of Service and Leukocyte Epigenetic Aging,2023,hybrid,TRUE,TRUE,10
https://openalex.org/W4382810858,https://doi.org/10.1007/s12015-023-10574-6,Keratose Hydrogel Drives Differentiation of Cardiac Vascular Smooth Muscle Progenitor Cells: Implications in Ischemic Treatment,2023,hybrid,TRUE,FALSE,3
https://openalex.org/W4385949954,https://doi.org/10.3389/fvets.2023.1130826,"Relationships between diversity demographics, psychological distress, and suicidal thinking in the veterinary profession: a nationwide cross-sectional study during COVID-19",2023,gold,TRUE,TRUE,14
https://openalex.org/W4389548443,https://doi.org/10.1103/physrevd.108.123518,Hyper Suprime-Cam Year 3 results: Cosmology from cosmic shear two-point correlation functions,2023,green,TRUE,TRUE,147
https://openalex.org/W4386714939,https://doi.org/10.1093/mnras/stad2763,<i>JWST</i>/NIRSpec spectroscopy of <i>z</i> = 7–9 star-forming galaxies with CEERS: new insight into bright Lyα emitters in ionized bubbles,2023,green,TRUE,TRUE,171
https://openalex.org/W4387496070,https://doi.org/10.1186/s12859-023-05518-3,Multimodal hybrid convolutional neural network based brain tumor grade classification,2023,gold,TRUE,TRUE,28
https://openalex.org/W4386271399,https://doi.org/10.5055/jom.2023.0791,Exploring the link between ACEs and opioid use: A systematic review,2023,closed,FALSE,FALSE,11
https://openalex.org/W4376139518,https://doi.org/10.1002/ccr3.7319,"Splenic hematoma following acute pancreatitis, and the role of conservative management: A case report",2023,gold,TRUE,TRUE,2
https://openalex.org/W4383669837,https://doi.org/10.15407/knit2023.03.047,SUITABILITY OF SILICONE FOR SOFT-ROBOTIC EXPLORATION OF TERRESTRIAL AND EXTRATERRESTRIAL OCEAN WORLDS,2023,bronze,TRUE,FALSE,3
https://openalex.org/W4383535101,https://doi.org/10.3390/hydrology10070144,Streamflow Trends in Central Chile,2023,gold,TRUE,TRUE,9
https://openalex.org/W4387572911,https://doi.org/10.3847/1538-4357/acf46f,The Hubble Space Telescope Survey of M31 Satellite Galaxies. II. The Star Formation Histories of Ultrafaint Dwarf Galaxies,2023,gold,TRUE,TRUE,36
https://openalex.org/W4385552082,https://doi.org/10.3847/1538-3881/ace1ef,The Unusual M-dwarf Warm Jupiter TOI-1899 b: Refinement of Orbital and Planetary Parameters,2023,gold,TRUE,TRUE,11
https://openalex.org/W4323921028,https://doi.org/10.1002/med.21940,Therapeutic potential of salicylamide derivatives for combating viral infections,2023,green,TRUE,TRUE,19
https://openalex.org/W4318412438,https://doi.org/10.52965/001c.67910,Inotersen to Treat Polyneuropathy Associated with Hereditary   Transthyretin (hATTR) Amyloidosis ,2023,gold,TRUE,TRUE,8
https://openalex.org/W4388918391,https://doi.org/10.1016/j.ifacol.2023.10.901,Multi-Layer Continuum Deformation Optimization of Multi-Agent Systems,2023,diamond,TRUE,FALSE,1
https://openalex.org/W4390084879,https://doi.org/10.1017/s1355617723009165,58 Preliminary Development of a Virtual Reality Neuropsychological Assessment System,2023,bronze,TRUE,FALSE,0
https://openalex.org/W4367171911,https://doi.org/10.1093/ajhp/zxad089,Infection risk and management strategies for patients with cirrhosis taking proton pump inhibitors,2023,closed,FALSE,FALSE,8
https://openalex.org/W4313547688,https://doi.org/10.1053/j.semvascsurg.2023.01.001,Disparities in preventative diabetic foot examination,2023,green,TRUE,TRUE,10
https://openalex.org/W4383506638,https://doi.org/10.1021/jacs.3c03990,Infrared Light-Induced Anomalous Defect-Mediated Plasmonic Hot Electron Transfer for Enhanced Photocatalytic Hydrogen Evolution,2023,closed,FALSE,FALSE,153
https://openalex.org/W4324134359,https://doi.org/10.1017/s1743923x22000277,Reevaluating the Contingent “Yes”: Essays on “Should Blacks Represent Blacks and Women Represent Women?”,2023,hybrid,TRUE,FALSE,2
https://openalex.org/W4387032512,https://doi.org/10.5281/zenodo.8377323,Data from: Reference genome choice and filtering thresholds jointly influence phylogenomic analyses,2023,green,TRUE,TRUE,0
https://openalex.org/W4389210513,https://doi.org/10.1016/j.fct.2023.114265,"RIFM fragrance ingredient safety assessment, anisyl formate, CAS registry number 122-91-8",2023,green,TRUE,TRUE,0
https://openalex.org/W4387472872,https://doi.org/10.1177/15248399231201552,"Experiences With and Access to Evidence-Based Health Promotion Programs for Older American Indian, Alaska Native, and Native Hawaiian Peoples",2023,bronze,TRUE,FALSE,1
https://openalex.org/W4388079900,https://doi.org/10.1080/10410236.2023.2272359,Empathic Communication and Implicit Bias in the Context of Cancer Among a Medical Student Sample,2023,green,TRUE,TRUE,1
https://openalex.org/W4318308227,https://doi.org/10.3847/1538-4357/aca9cc,A Preview of JWST Metallicity Studies at Cosmic Noon: The First Detection of Auroral [O ii] Emission at High Redshift*,2023,gold,TRUE,TRUE,37
https://openalex.org/W4386034550,https://doi.org/10.3847/psj/ace88d,OSSOS. XXIX. The Population and Perihelion Distribution of the Detached Kuiper Belt,2023,gold,TRUE,TRUE,10
https://openalex.org/W4377020588,https://doi.org/10.1124/jpet.122.137220,Heat shock protein 90 inhibition in the spinal cord upregulates Src kinase in microglia to enhance opioid antinociception in acute pain,2023,bronze,TRUE,FALSE,1
https://openalex.org/W4389384836,https://doi.org/10.3982/ecta17482,Mixed Strategies in the Indefinitely Repeated Prisoner's Dilemma,2023,bronze,TRUE,FALSE,18
https://openalex.org/W4385428330,https://doi.org/10.1140/epjc/s10052-023-11699-1,ATLAS flavour-tagging algorithms for the LHC Run 2 pp collision dataset,2023,diamond,TRUE,TRUE,146
https://openalex.org/W4389287115,https://doi.org/10.1016/j.fct.2023.114316,"RIFM fragrance ingredient safety assessment, (3-methoxy-2-methylpropyl)benzene, CAS Registry Number 120811-92-9",2023,green,TRUE,TRUE,0
https://openalex.org/W4377824470,https://doi.org/10.1093/mnras/stad1543,What boost galaxy mergers in two massive galaxy protoclusters at <i>z</i> = 2.24?,2023,closed,FALSE,FALSE,23
https://openalex.org/W4319066552,https://doi.org/10.1007/s10971-023-06048-3,Adjustable emission of carbon dots and rhodamine B embedded in organic-inorganic hybrid gels for solid-state light devices,2023,closed,FALSE,FALSE,6
https://openalex.org/W4385749329,https://doi.org/10.1093/deafed/enad028,The educational interpreter’s role is clear: special education related service personnel,2023,bronze,TRUE,FALSE,1
https://openalex.org/W4386421025,https://doi.org/10.1177/00080683231186378,Global-Local Priors for Spatial Small Area Estimation,2023,green,TRUE,TRUE,2
https://openalex.org/W4384665335,https://doi.org/10.1093/g3journal/jkad157,Chromosome-level reference genomes of two imperiled desert fishes: spikedace (<i>Meda fulgida</i>) and loach minnow (<i>Tiaroga cobitis</i>),2023,gold,TRUE,TRUE,3
https://openalex.org/W4362675598,https://doi.org/10.3847/1538-4357/ace10f,First Results from the JWST Early Release Science Program Q3D: The Warm Ionized Gas Outflow in z ∼ 1.6 Quasar XID 2028 and Its Impact on the Host Galaxy,2023,gold,TRUE,TRUE,46
https://openalex.org/W4386778843,https://doi.org/10.3390/bios13090885,Recent Uses of Paper Microfluidics in Isothermal Nucleic Acid Amplification Tests,2023,gold,TRUE,TRUE,30
https://openalex.org/W4387132636,https://doi.org/10.7554/elife.88225,The CD4 transmembrane GGXXG and juxtamembrane (C/F)CV+C motifs mediate pMHCII-specific signaling independently of CD4-LCK interactions,2023,gold,TRUE,TRUE,1
https://openalex.org/W4361255944,https://doi.org/10.1097/01.cdr.0000926648.83978.cb,"Acute Cholecystitis, Chronic Cholecystitis, and Associated Complications: Findings on Imaging",2023,closed,FALSE,FALSE,0
https://openalex.org/W4389985041,https://doi.org/10.1044/2023_ajslp-23-00331,Determining the Diagnostic Accuracy of the Test of Integrated Language and Literacy Skills for College Students,2023,closed,FALSE,FALSE,0
https://openalex.org/W4388691491,https://doi.org/10.33823/jfs.2023.5.1.165,Review of The Befana is Returning: The Story of a Tuscan Festival by Steve Siporin,2023,diamond,TRUE,TRUE,0
https://openalex.org/W4388007446,https://doi.org/10.1016/j.amjcard.2023.10.013,Regional Disparities and Death Trends Related to Hemopericardial Cardiovascular Mortality,2023,closed,FALSE,FALSE,3
https://openalex.org/W4390199766,https://doi.org/10.1002/alz.080101,"Plasma metabolomic profiles of aged, humanized <i>APOE</i> mice and behavioral correlates",2023,bronze,TRUE,FALSE,0
https://openalex.org/W4381308808,https://doi.org/10.1001/jama.2023.9297,Screening for Depression and Suicide Risk in Adults,2023,bronze,TRUE,FALSE,255
https://openalex.org/W4375944134,https://doi.org/10.1140/epjc/s10052-023-12024-6,Performance of the reconstruction of large impact parameter tracks in the inner detector of ATLAS,2023,diamond,TRUE,TRUE,26
https://openalex.org/W4313705693,https://doi.org/10.1093/jee/toac183,Global Patterns of Insect Resistance to Transgenic Bt Crops: The First 25 Years,2023,bronze,TRUE,FALSE,218
https://openalex.org/W4381802990,https://doi.org/10.3389/fmed.2023.1197373,Didactic dissonance—embracing the tension between classroom and clinical education,2023,gold,TRUE,TRUE,10
https://openalex.org/W4386360709,https://doi.org/10.3847/25c2cfeb.f79b0456,The Physics of Collisionless Dissipation in the Heliosphere,2023,gold,TRUE,NA,2
https://openalex.org/W4367394142,https://doi.org/10.1002/emp2.12951,Preventing unrecognized esophageal intubation in the emergency department,2023,gold,TRUE,TRUE,10
https://openalex.org/W4388233956,https://doi.org/10.1021/acsestwater.3c00203,Nanomaterials for Microplastic Removal from Wastewater: Current State of the Art Nanomaterials and Future Prospects,2023,closed,FALSE,FALSE,26
https://openalex.org/W4324141718,https://doi.org/10.1016/j.joca.2023.01.472,Heterogeneity Of Mri-Detected Cartilage Damage In Kellgren-Lawrence 2 &amp; 3 Knees And Implications For Clinical Trials: The Osteoarthritis Initiative (OAI),2023,bronze,TRUE,FALSE,0
https://openalex.org/W4376105960,https://doi.org/10.3847/2041-8213/accf1a,"Scary Barbie: An Extremely Energetic, Long-duration Tidal Disruption Event Candidate without a Detected Host Galaxy at z = 0.995",2023,gold,TRUE,TRUE,16
https://openalex.org/W4319870137,https://doi.org/10.1016/j.yhbeh.2023.105324,"Functional relationships between estradiol and paternal care in male red-bellied lemurs, Eulemur rubriventer",2023,green,TRUE,TRUE,3
https://openalex.org/W4387116735,https://doi.org/10.5194/acp-23-10731-2023,Overview and statistical analysis of boundary layer clouds and precipitation over the western North Atlantic Ocean,2023,gold,TRUE,TRUE,29
https://openalex.org/W4389080194,https://doi.org/10.1016/j.amj.2023.09.013,Prehospital Time Following Traumatic Injury Is Independently Associated With the Need for In-Hospital Blood and Early Mortality for Specific Injury Types,2023,bronze,TRUE,FALSE,13
https://openalex.org/W4385738749,https://doi.org/10.3847/1538-3881/ace62c,Detecting and Characterizing Mg ii Absorption in DESI Survey Validation Quasar Spectra,2023,gold,TRUE,TRUE,25
https://openalex.org/W4361293760,https://doi.org/10.1136/jnis-2022-019537,Effect of intravenous thrombolysis before endovascular therapy on outcomes in patients with large core infarct,2023,green,TRUE,TRUE,16
https://openalex.org/W4388262917,https://doi.org/10.3390/rs15215102,Rangeland Brush Estimation Tool (RaBET): An Operational Remote Sensing-Based Application for Quantifying Woody Cover on Western Rangelands,2023,gold,TRUE,TRUE,3
https://openalex.org/W4386830666,https://doi.org/10.1111/phil.12345,Juche in the broader context of Korean philosophy,2023,closed,FALSE,FALSE,1
https://openalex.org/W4312074689,https://doi.org/10.1093/mnras/stad2955,Emission-line properties of IllustrisTNG galaxies: from local diagnostic diagrams to high-redshift predictions for <i>JWST</i>,2023,hybrid,TRUE,TRUE,50
https://openalex.org/W4385233304,https://doi.org/10.3389/fmicb.2023.1211761,Dispersive biofilm from membrane bioreactor strains: effects of diffusible signal factor addition and characterization by dispersion index,2023,gold,TRUE,TRUE,11
https://openalex.org/W4313481779,https://doi.org/10.1117/1.jom.3.1.011002,Multispectral confocal endomicroscopy in lung biopsy guidance,2023,hybrid,TRUE,TRUE,0
https://openalex.org/W4389038603,https://doi.org/10.1016/j.taap.2023.116768,Defining high confidence targets of differential CpG methylation in response to in utero arsenic exposure and implications for cancer risk,2023,green,TRUE,TRUE,6
https://openalex.org/W4388731674,https://doi.org/10.1017/s0022050723000475,The HOLC Maps: How Race and Poverty Influenced Real Estate Professionals’ Evaluation of Lending Risk in the 1930s,2023,hybrid,TRUE,TRUE,28
https://openalex.org/W4320035288,https://doi.org/10.1016/j.jfca.2023.105203,Radiocarbon dating of microliter sized Hungarian Tokaj wine samples,2023,bronze,TRUE,TRUE,5
https://openalex.org/W4313588911,https://doi.org/10.21144/wp23-01,Leveraging the Disagreement on Climate Change: Theory and Evidence,2023,diamond,TRUE,FALSE,14
https://openalex.org/W4385798533,https://doi.org/10.1016/j.jaci.2023.07.018,Viral infections and chronic rhinosinusitis,2023,bronze,TRUE,TRUE,23
https://openalex.org/W4384831934,https://doi.org/10.1016/j.jhydrol.2023.129947,Impacts of seasonally frozen soil hydrothermal dynamics on the watershed hydrological processes inferred from a spatially distributed numerical modelling approach,2023,closed,FALSE,FALSE,29
https://openalex.org/W4389246233,https://doi.org/10.3847/psj/ad00bb,Validation of the Survey Simulator Tool for the NEO Surveyor Mission Using NEOWISE Data,2023,gold,TRUE,TRUE,9
https://openalex.org/W4387063392,https://doi.org/10.1177/23259671231197400,ACL Reconstruction With Quadriceps Soft Tissue Autograft Versus Bone-Patellar Tendon-Bone Autograft in Cutting and Pivoting Athletes: Outcomes at Minimum 2-Year Follow-up,2023,gold,TRUE,TRUE,18
https://openalex.org/W4386636231,https://doi.org/10.3847/1538-4357/acecfe,High-redshift Galaxy Candidates at z = 9–10 as Revealed by JWST Observations of WHL0137-08,2023,gold,TRUE,TRUE,57
https://openalex.org/W4380729873,https://doi.org/10.1093/g3journal/jkad133,Evolution of chemosensory and detoxification gene families across herbivorous Drosophilidae,2023,gold,TRUE,TRUE,12
https://openalex.org/W4353043877,https://doi.org/10.1002/jcb.30401,An antibody that targets cell‐surface glucose‐regulated protein‐78 inhibits expression of inflammatory cytokines and plasminogen activator inhibitors by macrophages,2023,bronze,TRUE,TRUE,9
https://openalex.org/W4384299003,https://doi.org/10.3390/pharmacy11040116,Student Perspectives on the Pharmacist’s Role in Deprescribing Opioids: A Qualitative Study,2023,gold,TRUE,TRUE,4
https://openalex.org/W4313580756,https://doi.org/10.3847/1538-4357/aca46e,The State of the Molecular Gas in Post-starburst Galaxies,2023,gold,TRUE,TRUE,21
https://openalex.org/W4383031969,https://doi.org/10.1016/j.mib.2023.102355,The promise of copper ionophores as antimicrobials,2023,hybrid,TRUE,TRUE,18
https://openalex.org/W4376610350,https://doi.org/10.1097/jsm.0000000000001161,American Medical Society of Sports Medicine Position Statement: Mononucleosis and Athletic Participation,2023,closed,FALSE,FALSE,7
https://openalex.org/W4317662938,https://doi.org/10.1007/s12257-022-0196-4,Self-assembled Nanocomplex Using Cellulose Nanocrystal Based on Zinc/DNA Nanocluster for Gene Delivery,2023,closed,FALSE,FALSE,11
https://openalex.org/W4384009173,https://doi.org/10.1140/epjc/s10052-023-11578-9,Search for doubly charged Higgs boson production in multi-lepton final states using 139 fb$$^{-1}$$ of proton–proton collisions at $$\sqrt{s}$$ = 13 TeV with the ATLAS detector,2023,diamond,TRUE,TRUE,42
https://openalex.org/W4385256730,https://doi.org/10.12788/jfp.0642,Screening for hepatitis B: Where the CDC and USPSTF diverge,2023,bronze,TRUE,FALSE,0
https://openalex.org/W4321234725,https://doi.org/10.3390/genes14020506,Attention-Based Graph Neural Network for Label Propagation in Single-Cell Omics,2023,gold,TRUE,TRUE,11
https://openalex.org/W4382680233,https://doi.org/10.1364/ao.493108,Optical truss interferometer for the LISA telescope,2023,closed,FALSE,FALSE,8
https://openalex.org/W4313561497,https://doi.org/10.3389/fphot.2022.1067651,"Design, fabrication, and preclinical testing of a miniaturized, multispectral, chip-on-tip, imaging probe for intraluminal fluorescence imaging of the gastrointestinal tract",2023,gold,TRUE,TRUE,4
https://openalex.org/W4322009348,https://doi.org/10.1080/09518398.2023.2181418,“Trump can take away your status but he can’t take away your education”: a qualitative study of students in higher education following the DACA rescission announcement,2023,hybrid,TRUE,FALSE,0
https://openalex.org/W4388623624,https://doi.org/10.1002/mp.16820,Reducing annotation burden in MR: A novel MR‐contrast guided contrastive learning approach for image segmentation,2023,bronze,TRUE,TRUE,4
https://openalex.org/W4388235687,https://doi.org/10.5325/jhistrhetoric.26.2.0152,"Phantom Mobility: Coercion, Conversion, and Letter Writing in Colonial Sri Lanka",2023,closed,FALSE,FALSE,0
https://openalex.org/W4389080200,https://doi.org/10.14444/8552,Applications of SPECT/CT in the Evaluation of Spinal Pathology: A Review,2023,diamond,TRUE,TRUE,9
https://openalex.org/W4366773699,https://doi.org/10.3847/1538-3881/acc65a,Planet Eclipse Mapping with Long-term Baseline Drifts,2023,gold,TRUE,TRUE,4
https://openalex.org/W4318919106,https://doi.org/10.1002/mc.23509,Systemic deuteration of SCID mice using the water‐isotopologue deuterium oxide (D<sub>2</sub>O) inhibits tumor growth in an orthotopic bioluminescent model of human pancreatic ductal adenocarcinoma,2023,hybrid,TRUE,TRUE,5
https://openalex.org/W4320915414,https://doi.org/10.3847/2515-5172/acbb69,Discovery of Dust Emission Activity Emanating from Main-belt Asteroid 2015 FW412,2023,hybrid,TRUE,FALSE,2
https://openalex.org/W4389681570,https://doi.org/10.1007/s10519-023-10166-7,Transposons in the Williams–Beuren Syndrome Critical Region are Associated with Social Behavior in Assistance Dogs,2023,closed,FALSE,FALSE,3
https://openalex.org/W4388495988,https://doi.org/10.1061/jggefk.gteng-11206,Three-Dimensional Analyses of Long-Term Settlement of Storage Tanks Supported by a Large Piled-Raft Foundation System,2023,closed,FALSE,FALSE,4
https://openalex.org/W4310278908,https://doi.org/10.1093/mnras/stad1794,Evidence for non-merger co-evolution of galaxies and their supermassive black holes,2023,hybrid,TRUE,TRUE,16
https://openalex.org/W4389311777,https://doi.org/10.1002/cne.25558,Mapping the avian visual tectofugal pathway using 3D reconstruction,2023,bronze,TRUE,FALSE,3
https://openalex.org/W4385889951,https://doi.org/10.1140/epja/s10050-023-01196-0,"Universality of three identical bosons with large, negative effective range",2023,green,TRUE,TRUE,7
https://openalex.org/W4366352192,https://doi.org/10.1111/pde.15312,Disseminated Blastomycosis in an African American immunocompetent pediatric patient: Lessons learned,2023,bronze,TRUE,FALSE,0
https://openalex.org/W4361989102,https://doi.org/10.1109/lpt.2023.3261830,Broadband 1.5 GHz VECSEL-Based Laser System for High Speed Multicontrast Nonlinear Imaging,2023,closed,FALSE,FALSE,5
https://openalex.org/W4321749312,https://doi.org/10.1080/03602532.2023.2177671,Effects of xenobiotics on CYP1 enzyme-mediated biotransformation and bioactivation of estradiol,2023,closed,FALSE,FALSE,20
https://openalex.org/W4376865768,https://doi.org/10.1002/esp.5633,Guidance for parameterizing post‐fire hydrologic models with in situ infiltration measurements,2023,closed,FALSE,FALSE,12
https://openalex.org/W4327931630,https://doi.org/10.1055/s-0043-1762134,Recurrence Morbidity of Olfactory Neuroblastoma,2023,closed,FALSE,FALSE,0
https://openalex.org/W4378981172,https://doi.org/10.2514/1.j062561,Effect of Leading-Edge Cranks on Stability and Control of Active-Flow-Control-Enabled Tailless Aircraft,2023,closed,FALSE,FALSE,11
https://openalex.org/W4365133685,https://doi.org/10.1038/s41586-023-05857-4,Clonal haematopoiesis and risk of chronic liver disease,2023,green,TRUE,TRUE,208
https://openalex.org/W4385295774,https://doi.org/10.1021/acs.jpca.3c02737,Microsolvation of Hot Ions: Spectroscopy and Statistical Mechanics of Phenide–Water Interactions,2023,closed,FALSE,FALSE,2
https://openalex.org/W4360955442,https://doi.org/10.1016/j.chest.2023.03.026,Effect of Race and Ethnicity on Pulmonary Function Testing Interpretation,2023,bronze,TRUE,TRUE,45
https://openalex.org/W4366448472,https://doi.org/10.22231/asyd.v20i2.1515,Perspectivas del cultivo de la saya (Amoreuxia spp.) en el noroeste de México como nuevo producto agronómico.,2023,diamond,TRUE,FALSE,1
https://openalex.org/W4367181142,https://doi.org/10.17645/up.v8i2.6373,50 Years of Pride: Queer Spatial Joy as Radical Planning Praxis,2023,gold,TRUE,TRUE,12
https://openalex.org/W4388295647,https://doi.org/10.5325/intejperslite.8.0134,Persian Historiography across Empires,2023,closed,FALSE,FALSE,0
