requested_work_id,award_position,award_openalex_id,award_display_name,funder_award_id,funder_openalex_id,funder_display_name,award_doi
W4387966321,1,G2268053151,,ERKJ355,F4320306084,U.S. Department of Energy,
W4387966321,2,G5003045098,,N00014- 19-1-2190,F4320337345,Office of Naval Research,
W4387966321,3,G7576470222,NSF Engineering Research Center for Quantum Networks (CQN),1941583,F4320306076,National Science Foundation,
W4387966321,4,G7699037216,ULTRAPRECISE NANOSCALE INTEGRATED QUANTUM ENTANGLED SENSORS (UNIQUES),N000141912190,F4320306078,U.S. Department of Defense,
W4313430481,1,G618094305,,W911NF-16-2-0151,F4320332180,Defense Advanced Research Projects Agency,
W4313430481,2,G7576470222,NSF Engineering Research Center for Quantum Networks (CQN),1941583,F4320306076,National Science Foundation,
W4313430481,3,G8778025950,EFRI ACQUIRE: Integrated Nanophotonic Solid State Memories for Telecom Wavelength Quantum Repeaters,1640959,F4320306076,National Science Foundation,
W3192982632,1,G1210759672,,Contract No. DE-SC0012704,F4320337480,Basic Energy Sciences,
W3192982632,2,G1285306620,,SC0012704,F4320338289,Brookhaven National Laboratory,
W3192982632,3,G1391239255,,19-022266,F4320306084,U.S. Department of Energy,
W3192982632,4,G141402488,,DE-SC0019140,F4320337480,Basic Energy Sciences,
W3192982632,5,G1689895378,,19-022266,F4320332359,Office of Science,
W3192982632,6,G1747787043,,ERKCK47,F4320337480,Basic Energy Sciences,
W3192982632,7,G1847291448,,DE- SC0012704,F4320337480,Basic Energy Sciences,
W3192982632,8,G1868695577,,No. DE-SC0012704,F4320338289,Brookhaven National Laboratory,
W3192982632,9,G2030660654,,DE-SC0012704,F4320332369,National Nuclear Security Administration,
W3192982632,10,G241279073,,DE‐SC0012704,F4320306084,U.S. Department of Energy,
W3192982632,11,G2664332745,,DE-NA-003525,F4320338291,Sandia National Laboratories,
W3192982632,12,G2930498565,,FWP 19-022266,F4320306084,U.S. Department of Energy,
W3192982632,13,G3262563802,,DE- SC0012704,F4320338289,Brookhaven National Laboratory,
W3192982632,14,G346992751,,FWP ERKCK47,F4320306084,U.S. Department of Energy,
W3192982632,15,G357145406,,DE-SC-0012704,F4320332359,Office of Science,
W3192982632,16,G3850097093,,No. DE-SC0012704,F4320332359,Office of Science,
W3192982632,17,G3960396937,,DE-NA-003525,F4320306084,U.S. Department of Energy,
W3192982632,18,G4149624025,,DE-SC0012704,F4320306202,Gordon and Betty Moore Foundation,
W3192982632,19,G4391555091,,FWP ERKCK47,F4320337480,Basic Energy Sciences,
W3192982632,20,G4662383146,,No. DE-SC0012704,F4320337480,Basic Energy Sciences,
W3192982632,21,G468147483,,DE-SC0012704,F4320337506,Advanced Scientific Computing Research,
W3192982632,22,G4920325777,,DE-SC0012704,F4320337547,Laboratory Directed Research and Development,
W3192982632,23,G4972998915,,Contract No: DESC0012704,F4320306084,U.S. Department of Energy,
W3192982632,24,G5417557083,,Contract No. DE-SC0012704,F4320338289,Brookhaven National Laboratory,
W3192982632,25,G5633341255,,No. DE-SC0012704,F4320306084,U.S. Department of Energy,
W3192982632,26,G5765906131,,SC0012704.,F4320306084,U.S. Department of Energy,
W3192982632,27,G6071515299,PHOTONICS AT THERMODYNAMIC LIMITS,DESC0019140,F4320332359,Office of Science,
W3192982632,28,G6733788163,,Contract No. DE-SC0012704,F4320332359,Office of Science,
W3192982632,29,G6965541988,,SC0012704,F4320337480,Basic Energy Sciences,
W3192982632,30,G7463374569,,SC0012704,F4320332359,Office of Science,
W3192982632,31,G8369078201,,DE-NA-003525,F4320332369,National Nuclear Security Administration,
W3192982632,32,G8434747894,PHOTONICS AT THERMODYNAMIC LIMITS,DESC0019140,F4320306084,U.S. Department of Energy,
W4386879270,1,G3198857984,,IITP2021-2021-0-01835,F4320328359,"Ministry of Science and ICT, South Korea",
W4386879270,2,G324419644,,2021R1F1A1045861,F4320322120,National Research Foundation of Korea,
W4386879270,3,G411995541,,2021R1F1A1045861,F4320322064,Korea Institute for Advancement of Technology,
W4386879270,4,G4609609716,,2021-0- 00590,F4320322064,Korea Institute for Advancement of Technology,
W4386879270,5,G4810845027,,P0008703,F4320321681,"Ministry of Trade, Industry and Energy",
W4386879270,6,G4904848271,,IITP2021-2021-0-01835,F4320322064,Korea Institute for Advancement of Technology,
W4386879270,7,G5517528268,,2021-0-00590,F4320335489,Institute for Information and Communications Technology Promotion,
W4386879270,8,G7161821905,,2021-0- 00590,F4320322120,National Research Foundation of Korea,
W4386879270,9,G7163929012,,2021-0-00590,F4320328359,"Ministry of Science and ICT, South Korea",
W4386879270,10,G7262886773,,P0008703,F4320322064,Korea Institute for Advancement of Technology,
W4386879270,11,G7302126218,,2021R1F1A1045861,F4320328359,"Ministry of Science and ICT, South Korea",
W4386879270,12,G7342722530,,P0008703,F4320322120,National Research Foundation of Korea,
W4386879270,13,G8469313670,,IITP2021-2021-0-01835,F4320322120,National Research Foundation of Korea,
W4386879270,14,G8711271326,,P0008703,F4320328359,"Ministry of Science and ICT, South Korea",
W4404932601,1,G1162011400,,W911NF1810432,F4320338281,Army Research Office,
W4404932601,2,G1523888516,,FA9550-,F4320338279,Air Force Office of Scientific Research,
W4404932601,3,G1799408541,,EEC-1941583,F4320338279,Air Force Office of Scientific Research,
W4404932601,4,G2554244226,,1541959,F4320338279,Air Force Office of Scientific Research,
W4404932601,5,G3066335313,,FA9550‐19‐1‐0376,F4320338279,Air Force Office of Scientific Research,
W4404932601,6,G3431638231,,W911NF1810432,F4320338279,Air Force Office of Scientific Research,
W4404932601,7,G3582326853,,W911NF1810432,F4320333591,Multidisciplinary University Research Initiative,
W4404932601,8,G36446433,,FA9550-20-1,F4320338279,Air Force Office of Scientific Research,
W4404932601,9,G4198572546,QuIC-TAQS: Integrated Lithium Niobate Quantum Photonics Platform,2137723,F4320306076,National Science Foundation,
W4404932601,10,G4608849795,,1541959,F4320338281,Army Research Office,
W4404932601,11,G4973792023,Graduate Research Fellowship Program (GRFP),1745303,F4320306076,National Science Foundation,
W4404932601,12,G5289604281,,AFOSR FA9550-19-1-037,F4320306078,U.S. Department of Defense,
W4404932601,13,G5384383466,,AFOSR FA9550-19-1-037,F4320338279,Air Force Office of Scientific Research,
W4404932601,14,G5569641376,,FA9550-20-1-0105,F4320338279,Air Force Office of Scientific Research,
W4404932601,15,G5729145195,,FA9550-20,F4320338279,Air Force Office of Scientific Research,
W4404932601,16,G5970606412,NNCI: The Center for Nanoscale System (CNS) at Harvard University,1541959,F4320306076,National Science Foundation,
W4404932601,17,G6132624948,,ARO MURI W911NF1810432,F4320338281,Army Research Office,
W4404932601,18,G6906440423,QuIC-TAQS: Implementation of a Neutral-Atom-Photonic-Cluster State,2138068,F4320306076,National Science Foundation,
W4404932601,19,G7311450303,,ARO MURI W911NF1810432,F4320306078,U.S. Department of Defense,
W4404932601,20,G7576470222,NSF Engineering Research Center for Quantum Networks (CQN),1941583,F4320306076,National Science Foundation,
W4404932601,21,G8282131964,,MURI W911NF1810432,F4320338281,Army Research Office,
W4392024287,1,G624034441,,2021B1515120008,F4320337111,Basic and Applied Basic Research Foundation of Guangdong Province,
W4392024287,2,G8222963720,,62271434,F4320321001,National Natural Science Foundation of China,
W4392166171,1,G1910132285,RAISE-TAQS: Room-Temperature Quantum Sensing and Computation using DNA-based Excitonic Circuits,1839155,F4320306076,National Science Foundation,
W4392166171,2,G3162985271,,W911NF2110325,F4320333591,Multidisciplinary University Research Initiative,
W4392166171,3,G434337789,,HORIZON2020,F4320320300,European Commission,
W4392166171,4,G4800547303,,1747426,F4320337367,Division of Materials Research,
W4392166171,5,G4911808732,,1641064,F4320337395,Division of Emerging Frontiers in Research and Innovation,
W4392166171,6,G4944074465,Convergence QL: Workshop Series: Cross- Sector Connections in Quantum Leap,1747426,F4320306076,National Science Foundation,
W4392166171,7,G5298095028,,DMR-1747426,F4320337367,Division of Materials Research,
W4392166171,8,G646168239,EFRI ACQUIRE: Scalable Quantum Communications with Error-Corrected Semiconductor Qubits,1641064,F4320306076,National Science Foundation,
W4392166171,9,G6518383159,,W911NF2110325,F4320338281,Army Research Office,
W4392166171,10,G6629006974,Integrated multi-qubit devices for scalable quantum networks,840393,F4320320300,European Commission,
W4392166171,11,G7166665977,Center for Ultracold Atoms,1734011,F4320306076,National Science Foundation,
W4392166171,12,G7262863754,,1941583,F4320306084,U.S. Department of Energy,
W4392166171,13,G7576470222,NSF Engineering Research Center for Quantum Networks (CQN),1941583,F4320306076,National Science Foundation,
W4400046685,1,G112444803,,269842,F4320323299,Norges Forskningsråd,
W4400046685,2,G1205195086,,DMR- 1719875,F4320333422,"Materials Research Science and Engineering Center, Harvard University",
W4400046685,3,G1254572864,,295864,F4320311040,Norges Teknisk-Naturvitenskapelige Universitet,
W4400046685,4,G1600643155,,JP19K05246,F4320320912,"Ministry of Education, Culture, Sports, Science and Technology",
W4400046685,5,G2415270547,,DMR-1719875,F4320337367,Division of Materials Research,
W4400046685,6,G2716388837,,197405/F50,F4320323299,Norges Forskningsråd,
W4400046685,7,G3028004545,,DE-SC0002334,F4320337480,Basic Energy Sciences,
W4400046685,8,G3934138050,,197405,F4320323299,Norges Forskningsråd,
W4400046685,9,G4064232043,Cornell Center for Materials Research - MRSEC,1719875,F4320306076,National Science Foundation,
W4400046685,10,G434337789,,HORIZON2020,F4320320300,European Commission,
W4400046685,11,G4495360186,,JPMJCR22O1,F4320338075,Core Research for Evolutional Science and Technology,
W4400046685,12,G4620319146,,JP19H05625,F4320320912,"Ministry of Education, Culture, Sports, Science and Technology",
W4400046685,13,G5037537788,,295864,F4320323299,Norges Forskningsråd,
W4400046685,14,G5419146218,,197405,F4320311040,Norges Teknisk-Naturvitenskapelige Universitet,
W4400046685,15,G5613623313,,CREST,F4320306076,National Science Foundation,
W4400046685,16,G5917061246,,1719875,F4320337367,Division of Materials Research,
W4400046685,17,G6193440738,NEW; SISGR - USING INTERFACES TO CREATE STRONGLY-COUPLED MAGNETIC-FERROELECTRICS; PI - DARRELL G. SCHLOM,DESC0002334,F4320306084,U.S. Department of Energy,
W4400046685,18,G6351810044,,1719875,F4320333422,"Materials Research Science and Engineering Center, Harvard University",
W4400046685,19,G7879866177,,CREST,F4320320912,"Ministry of Education, Culture, Sports, Science and Technology",
W4400046685,20,G8562956317,,269842/F50,F4320323299,Norges Forskningsråd,
W4362578280,1,G4902901441,,HR001120S0045 Invisible Headlights,F4320332180,Defense Advanced Research Projects Agency,
W4362578280,2,G7814988444,,LAB 21-2491,F4320338288,Fermilab,
W4363676203,1,G4629353440,,LAB 21-2491,F4320306084,U.S. Department of Energy,
W4363676203,2,G7675343242,,W911NF-21-2-0041,F4320338281,Army Research Office,
W4394621975,1,G1404049065,,FA9550-21-1-0209,F4320338279,Air Force Office of Scientific Research,
W4394621975,2,G1770223817,,FA864921P0781,F4320338294,Air Force Research Laboratory,
W4394621975,3,G2882288540,,W911NF2310077,F4320338281,Army Research Office,
W4394621975,4,G4629941602,QuIC - TaQS: Interconnects for a Superconducting-Atomic Hybrid Quantum Network,2137642,F4320306076,National Science Foundation,
W4394621975,5,G507237395,The Institute for Quantum Information and Matter: Advancing the Entanglement Frontier,1733907,F4320306076,National Science Foundation,
W4394621975,6,G6167497367,,FA9550-19-1-0399,F4320338279,Air Force Office of Scientific Research,
W4394621975,7,G6518383159,,W911NF2110325,F4320338281,Army Research Office,
W4394621975,8,G7576470222,NSF Engineering Research Center for Quantum Networks (CQN),1941583,F4320306076,National Science Foundation,
W4394621975,9,G922915270,QII-TAQS: Quantum Metrological Platform for Single-Molecule Bio-Sensing,1936118,F4320306076,National Science Foundation,
W4408275895,1,G7063379821,,183915,F4320306076,National Science Foundation,
W4408275895,2,G7576470222,NSF Engineering Research Center for Quantum Networks (CQN),1941583,F4320306076,National Science Foundation,
W4408275895,3,G8640644076,,DMR-12313 19,F4320306076,National Science Foundation,
W4415377165,1,G1639952346,,1231319,F4320337367,Division of Materials Research,
W4415377165,2,G3311699245,Center for Integrated Quantum Materials,1231319,F4320306076,National Science Foundation,
W4415377165,3,G7576470222,NSF Engineering Research Center for Quantum Networks (CQN),1941583,F4320306076,National Science Foundation,
W4415377165,4,G8640644076,,DMR-12313 19,F4320306076,National Science Foundation,
W4415377165,5,G875209366,,DMR-1231319,F4320337367,Division of Materials Research,
W4403278193,1,G2477534800,,"EEC-1941583 CQN ERC,CNS 1955744",F4320321001,National Natural Science Foundation of China,
W4403278193,2,G6518383159,,W911NF2110325,F4320338281,Army Research Office,
W7117366250,1,G1404049065,,FA9550-21-1-0209,F4320338279,Air Force Office of Scientific Research,
W7117366250,2,G1432373144,,W911NF-21-1-,F4320338281,Army Research Office,
W7117366250,3,G1442400458,QuSeC-TAQS: Nanoscale Covariance Magnetometry with Diamond Quantum Sensors,2326767,F4320306076,National Science Foundation,
W7117366250,4,G1523888516,,FA9550-,F4320338279,Air Force Office of Scientific Research,
W7117366250,5,G1932254719,,HR0011-24-9-0361,F4320332180,Defense Advanced Research Projects Agency,
W7117366250,6,G2882288540,,W911NF2310077,F4320338281,Army Research Office,
W7117366250,7,G3162985271,,W911NF2110325,F4320333591,Multidisciplinary University Research Initiative,
W7117366250,8,G3722242190,,OMA-2137642,F4320338279,Air Force Office of Scientific Research,
W7117366250,9,G431725244,,FA9550-21-1-0209,F4320333591,Multidisciplinary University Research Initiative,
W7117366250,10,G4516736450,,-21-1-,F4320338279,Air Force Office of Scientific Research,
W7117366250,11,G4629941602,QuIC - TaQS: Interconnects for a Superconducting-Atomic Hybrid Quantum Network,2137642,F4320306076,National Science Foundation,
W7117366250,12,G4848018484,,FA9550-23- 1-0338,F4320338279,Air Force Office of Scientific Research,
W7117366250,13,G4876042962,,OMA-1936118,F4320338279,Air Force Office of Scientific Research,
W7117366250,14,G5659690140,,FA9550-19-1-0399,F4320306076,National Science Foundation,
W7117366250,15,G6167497367,,FA9550-19-1-0399,F4320338279,Air Force Office of Scientific Research,
W7117366250,16,G6518383159,,W911NF2110325,F4320338281,Army Research Office,
W7117366250,17,G6526646931,,FA9550-19-1-0399,F4320333591,Multidisciplinary University Research Initiative,
W7117366250,18,G6547089213,,OSI-2326767,F4320338279,Air Force Office of Scientific Research,
W7117366250,19,G7033135252,,RS-2024-00431768,F4320328359,"Ministry of Science and ICT, South Korea",
W7117366250,20,G7420521838,,CCF-2312755,F4320338279,Air Force Office of Scientific Research,
W7117366250,21,G7452299184,,W911NF,F4320338281,Army Research Office,
W7117366250,22,G7576470222,NSF Engineering Research Center for Quantum Networks (CQN),1941583,F4320306076,National Science Foundation,
W7117366250,23,G7796153478,,HR0011-24-9-0359,F4320332180,Defense Advanced Research Projects Agency,
W7117366250,24,G8232580466,Collaborative Research: FET: Medium: Design and Implementation of Quantum Databases,2312755,F4320306076,National Science Foundation,
W7117366250,25,G922915270,QII-TAQS: Quantum Metrological Platform for Single-Molecule Bio-Sensing,1936118,F4320306076,National Science Foundation,
W4390098580,1,G3095051706,,2022YFE0101700,F4320335777,National Key Research and Development Program of China,
W4399737249,1,G1392663886,,HR0011-24-9-0312,F4320332180,Defense Advanced Research Projects Agency,
W3128101795,1,G1165152804,,FA8702-15-D-0001,F4320338281,Army Research Office,
W3128101795,2,G1439022954,,FA8702-15-D-0001,F4320306084,U.S. Department of Energy,
W3128101795,3,G1686109301,,FA8702-15-D-0001,F4320332180,Defense Advanced Research Projects Agency,
W3128101795,4,G2503488389,,EP/T001062/1,F4320334627,Engineering and Physical Sciences Research Council,
W3128101795,5,G3890676990,,FA8702-15-D-0001,F4320306076,National Science Foundation,
W3128101795,6,G3982019494,,FA8702-15-D-0001,F4320306101,National Aeronautics and Space Administration,
W3128101795,7,G4158783420,,FA8702-15-D-0001,F4320306078,U.S. Department of Defense,
W3128101795,8,G6425610117,,EP/N003470/1,F4320334627,Engineering and Physical Sciences Research Council,
W3128101795,9,G7140729688,,FA8702-15-D-0001,F4320337345,Office of Naval Research,
W3128101795,10,G7425413337,,-0001,F4320337345,Office of Naval Research,
W3128101795,11,G8257187485,,FA8702‐15‐D‐0001,F4320338294,Air Force Research Laboratory,
W3128101795,12,G8752890955,,FA8702-15-D-0001,F4320338279,Air Force Office of Scientific Research,
W4307478196,1,G3498789604,NSF Project Scoping Workshop: Accelerating Progress Towards Practical Quantum Advantage,2230199,F4320306076,National Science Foundation,
W4399434365,1,G111448035,,2311733,F4320306084,U.S. Department of Energy,
W4399434365,2,G1404049065,,FA9550-21-1-0209,F4320338279,Air Force Office of Scientific Research,
W4399434365,3,G1432373144,,W911NF-21-1-,F4320338281,Army Research Office,
W4399434365,4,G1442400458,QuSeC-TAQS: Nanoscale Covariance Magnetometry with Diamond Quantum Sensors,2326767,F4320306076,National Science Foundation,
W4399434365,5,G1523888516,,FA9550-,F4320338279,Air Force Office of Scientific Research,
W4399434365,6,G1932254719,,HR0011-24-9-0361,F4320332180,Defense Advanced Research Projects Agency,
W4399434365,7,G2882288540,,W911NF2310077,F4320338281,Army Research Office,
W4399434365,8,G3162985271,,W911NF2110325,F4320333591,Multidisciplinary University Research Initiative,
W4399434365,9,G3722242190,,OMA-2137642,F4320338279,Air Force Office of Scientific Research,
W4399434365,10,G431725244,,FA9550-21-1-0209,F4320333591,Multidisciplinary University Research Initiative,
W4399434365,11,G4516736450,,-21-1-,F4320338279,Air Force Office of Scientific Research,
W4399434365,12,G4629941602,QuIC - TaQS: Interconnects for a Superconducting-Atomic Hybrid Quantum Network,2137642,F4320306076,National Science Foundation,
W4399434365,13,G4848018484,,FA9550-23- 1-0338,F4320338279,Air Force Office of Scientific Research,
W4399434365,14,G4876042962,,OMA-1936118,F4320338279,Air Force Office of Scientific Research,
W4399434365,15,G5659690140,,FA9550-19-1-0399,F4320306076,National Science Foundation,
W4399434365,16,G5662364344,,DE-SC0024124,F4320306076,National Science Foundation,
W4399434365,17,G6167497367,,FA9550-19-1-0399,F4320338279,Air Force Office of Scientific Research,
W4399434365,18,G6518383159,,W911NF2110325,F4320338281,Army Research Office,
W4399434365,19,G6526646931,,FA9550-19-1-0399,F4320333591,Multidisciplinary University Research Initiative,
W4399434365,20,G6547089213,,OSI-2326767,F4320338279,Air Force Office of Scientific Research,
W4399434365,21,G7420521838,,CCF-2312755,F4320338279,Air Force Office of Scientific Research,
W4399434365,22,G7452299184,,W911NF,F4320338281,Army Research Office,
W4399434365,23,G7456145480,,DE-SC0024124,F4320306084,U.S. Department of Energy,
W4399434365,24,G7576470222,NSF Engineering Research Center for Quantum Networks (CQN),1941583,F4320306076,National Science Foundation,
W4399434365,25,G7796153478,,HR0011-24-9-0359,F4320332180,Defense Advanced Research Projects Agency,
W4399434365,26,G7933182492,"FET: Medium: Quantum Algorithms, Complexity, Testing and Benchmarking",2311733,F4320306076,National Science Foundation,
W4399434365,27,G8232580466,Collaborative Research: FET: Medium: Design and Implementation of Quantum Databases,2312755,F4320306076,National Science Foundation,
W4399434365,28,G922915270,QII-TAQS: Quantum Metrological Platform for Single-Molecule Bio-Sensing,1936118,F4320306076,National Science Foundation,
W4400065190,1,G11630931,,DENA0003525,F4320306084,U.S. Department of Energy,
W4400065190,2,G1285306620,,SC0012704,F4320338289,Brookhaven National Laboratory,
W4400065190,3,G1847291448,,DE- SC0012704,F4320337480,Basic Energy Sciences,
W4400065190,4,G2214935549,,NA0003525,F4320338291,Sandia National Laboratories,
W4400065190,5,G241279073,,DE‐SC0012704,F4320306084,U.S. Department of Energy,
W4400065190,6,G280414146,,DE-NA0003525,F4320332359,Office of Science,
W4400065190,7,G3262563802,,DE- SC0012704,F4320338289,Brookhaven National Laboratory,
W4400065190,8,G357145406,,DE-SC-0012704,F4320332359,Office of Science,
W4400065190,9,G413247060,,"DE‐NA,0003525",F4320338291,Sandia National Laboratories,
W4400065190,10,G4771968897,,NA0003525,F4320306076,National Science Foundation,
W4400065190,11,G4903105778,,NA0003525,F4320306084,U.S. Department of Energy,
W4400065190,12,G5339743583,,NA0003525,F4320332369,National Nuclear Security Administration,
W4400065190,13,G5765906131,,SC0012704.,F4320306084,U.S. Department of Energy,
W4400065190,14,G6338696783,,DE‐NA0003525,F4320306076,National Science Foundation,
W4400065190,15,G660390541,,DE- NA0003525,F4320337480,Basic Energy Sciences,
W4400065190,16,G6965541988,,SC0012704,F4320337480,Basic Energy Sciences,
W4400065190,17,G7463374569,,SC0012704,F4320332359,Office of Science,
W4400065190,18,G855168022,,DENA-0003525,F4320332369,National Nuclear Security Administration,
W4400065190,19,G872144517,,DE-SC0012704,F4320306076,National Science Foundation,
W4400065190,20,G872931124,,DE‐NA0003525,F4320315466,Center for Integrated Nanotechnologies,
W4391157719,1,G1404049065,,FA9550-21-1-0209,F4320338279,Air Force Office of Scientific Research,
W4391157719,2,G1523888516,,FA9550-,F4320338279,Air Force Office of Scientific Research,
W4391157719,3,G3990184095,,FA9550-21-1-0209,F4320309626,University of Chicago,
W4391157719,4,G431725244,,FA9550-21-1-0209,F4320333591,Multidisciplinary University Research Initiative,
W4391157719,5,G4516736450,,-21-1-,F4320338279,Air Force Office of Scientific Research,
W4388650710,1,G8182194275,NSF-AoF: CNS Core Small: Lean-NextG: Learning to Network the Edge in Next Generation Wireless Networks,2132573,F4320306076,National Science Foundation,
W4388650710,2,G8377316191,AI Institute for Edge Computing Leveraging Next Generation Networks (Athena),2112562,F4320306076,National Science Foundation,
W4392971929,1,G11630931,,DENA0003525,F4320306084,U.S. Department of Energy,
W4392971929,2,G288067973,,0003525,F4320306084,U.S. Department of Energy,
W4392971929,3,G413247060,,"DE‐NA,0003525",F4320338291,Sandia National Laboratories,
W4392971929,4,G4176796873,,DENA0003525,F4320332180,Defense Advanced Research Projects Agency,
W4392971929,5,G6220012268,,HR0011048577,F4320306078,U.S. Department of Defense,
W4392971929,6,G6338696783,,DE‐NA0003525,F4320306076,National Science Foundation,
W4392971929,7,G7846137418,QuIC ‐ TAQS: A Photon‐Phonon Quantum Interconnect via Brillouin‐Based Optomechanics in Quartz and Superfluid,2137740,F4320306076,National Science Foundation,
W4392971929,8,G855168022,,DENA-0003525,F4320332369,National Nuclear Security Administration,
W4392971929,9,G8812530638,,HR0011048577,F4320332180,Defense Advanced Research Projects Agency,
W4396822471,1,G2261166083,"Collaborative Research: NeTS: Medium: Design, Analysis, and Control of Quantum Networks",2402862,F4320306076,National Science Foundation,
W4396822471,2,G3162985271,,W911NF2110325,F4320333591,Multidisciplinary University Research Initiative,
W4396822471,3,G6518383159,,W911NF2110325,F4320338281,Army Research Office,
W4406780481,1,G2316705563,FET: Small: Quantum-secure quantum-enhanced covert networks over generalized bosonic channels,2006679,F4320306076,National Science Foundation,
W4406780481,2,G7576470222,NSF Engineering Research Center for Quantum Networks (CQN),1941583,F4320306076,National Science Foundation,
W4385507235,1,G1404049065,,FA9550-21-1-0209,F4320338279,Air Force Office of Scientific Research,
W4385507235,2,G1418979438,,W911-NF-19-1-0380,F4320338281,Army Research Office,
W4385507235,3,G1432373144,,W911NF-21-1-,F4320338281,Army Research Office,
W4385507235,4,G1482135624,,W911NF-18-1-0020,F4320338279,Air Force Office of Scientific Research,
W4385507235,5,G1523888516,,FA9550-,F4320338279,Air Force Office of Scientific Research,
W4385507235,6,G165179637,,W911NF1610349,F4320333591,Multidisciplinary University Research Initiative,
W4385507235,7,G1770223817,,FA864921P0781,F4320338294,Air Force Research Laboratory,
W4385507235,8,G2279853913,,W911NF-19-1,F4320338281,Army Research Office,
W4385507235,9,G2598085392,,W911NF-16-1-0349,F4320338279,Air Force Office of Scientific Research,
W4385507235,10,G3067963855,,W911NF-18-1-0020,F4320338281,Army Research Office,
W4385507235,11,G3162985271,,W911NF2110325,F4320333591,Multidisciplinary University Research Initiative,
W4385507235,12,G3392305090,,-16-1-,F4320338279,Air Force Office of Scientific Research,
W4385507235,13,G3516030815,,FA9550-19-1-0399; FA9550-21-1-0209,F4320338279,Air Force Office of Scientific Research,
W4385507235,14,G3722242190,,OMA-2137642,F4320338279,Air Force Office of Scientific Research,
W4385507235,15,G431725244,,FA9550-21-1-0209,F4320333591,Multidisciplinary University Research Initiative,
W4385507235,16,G4516736450,,-21-1-,F4320338279,Air Force Office of Scientific Research,
W4385507235,17,G4629941602,QuIC - TaQS: Interconnects for a Superconducting-Atomic Hybrid Quantum Network,2137642,F4320306076,National Science Foundation,
W4385507235,18,G4876042962,,OMA-1936118,F4320338279,Air Force Office of Scientific Research,
W4385507235,19,G4962106257,,W911NF-18-1-0212,F4320338281,Army Research Office,
W4385507235,20,G5298762856,,FA9550-21-1-0209,F4320338294,Air Force Research Laboratory,
W4385507235,21,G5659690140,,FA9550-19-1-0399,F4320306076,National Science Foundation,
W4385507235,22,G608057831,,W911NF-19,F4320306076,National Science Foundation,
W4385507235,23,G6167497367,,FA9550-19-1-0399,F4320338279,Air Force Office of Scientific Research,
W4385507235,24,G6518383159,,W911NF2110325,F4320338281,Army Research Office,
W4385507235,25,G6526646931,,FA9550-19-1-0399,F4320333591,Multidisciplinary University Research Initiative,
W4385507235,26,G657448715,,W911NF-16-1-,F4320338281,Army Research Office,
W4385507235,27,G7452299184,,W911NF,F4320338281,Army Research Office,
W4385507235,28,G7500482128,,W911NF-18-1-0212,F4320338279,Air Force Office of Scientific Research,
W4385507235,29,G7576470222,NSF Engineering Research Center for Quantum Networks (CQN),1941583,F4320306076,National Science Foundation,
W4385507235,30,G7900882,,W911NF-16- 1-0349,F4320338281,Army Research Office,
W4385507235,31,G8289759875,,FA9550,F4320338294,Air Force Research Laboratory,
W4385507235,32,G8415477955,,W911NF-19,F4320338281,Army Research Office,
W4385507235,33,G8497063558,Kavli Institute for Theoretical Physics,1748958,F4320306076,National Science Foundation,
W4385507235,34,G8672390710,,2020-71479,F4320306079,David and Lucile Packard Foundation,
W4385507235,35,G922915270,QII-TAQS: Quantum Metrological Platform for Single-Molecule Bio-Sensing,1936118,F4320306076,National Science Foundation,
W4317035373,1,G165179637,,W911NF1610349,F4320333591,Multidisciplinary University Research Initiative,
W4317035373,2,G249262831,Quantum Software Consortium,024.003.037,F4320321800,Nederlandse Organisatie voor Wetenschappelijk Onderzoek,
W4317035373,3,G420050720,,024.003,F4320321800,Nederlandse Organisatie voor Wetenschappelijk Onderzoek,
W4317035373,4,G4629941602,QuIC - TaQS: Interconnects for a Superconducting-Atomic Hybrid Quantum Network,2137642,F4320306076,National Science Foundation,
W4317035373,5,G657448715,,W911NF-16-1-,F4320338281,Army Research Office,
W4317035373,6,G7452299184,,W911NF,F4320338281,Army Research Office,
W4317035373,7,G7576470222,NSF Engineering Research Center for Quantum Networks (CQN),1941583,F4320306076,National Science Foundation,
W4317035373,8,G7900882,,W911NF-16- 1-0349,F4320338281,Army Research Office,
W4317035373,9,G922915270,QII-TAQS: Quantum Metrological Platform for Single-Molecule Bio-Sensing,1936118,F4320306076,National Science Foundation,
W4363678597,1,G121915436,,DEAC05- 00OR22725,F4320332359,Office of Science,
W4363678597,2,G1404049065,,FA9550-21-1-0209,F4320338279,Air Force Office of Scientific Research,
W4363678597,3,G1432373144,,W911NF-21-1-,F4320338281,Army Research Office,
W4363678597,4,G1482135624,,W911NF-18-1-0020,F4320338279,Air Force Office of Scientific Research,
W4363678597,5,G1523888516,,FA9550-,F4320338279,Air Force Office of Scientific Research,
W4363678597,6,G165179637,,W911NF1610349,F4320333591,Multidisciplinary University Research Initiative,
W4363678597,7,G1770223817,,FA864921P0781,F4320338294,Air Force Research Laboratory,
W4363678597,8,G1799408541,,EEC-1941583,F4320338279,Air Force Office of Scientific Research,
W4363678597,9,G2598085392,,W911NF-16-1-0349,F4320338279,Air Force Office of Scientific Research,
W4363678597,10,G2882288540,,W911NF2310077,F4320338281,Army Research Office,
W4363678597,11,G3067963855,,W911NF-18-1-0020,F4320338281,Army Research Office,
W4363678597,12,G3162985271,,W911NF2110325,F4320333591,Multidisciplinary University Research Initiative,
W4363678597,13,G3392305090,,-16-1-,F4320338279,Air Force Office of Scientific Research,
W4363678597,14,G3722242190,,OMA-2137642,F4320338279,Air Force Office of Scientific Research,
W4363678597,15,G3990184095,,FA9550-21-1-0209,F4320309626,University of Chicago,
W4363678597,16,G431725244,,FA9550-21-1-0209,F4320333591,Multidisciplinary University Research Initiative,
W4363678597,17,G4516736450,,-21-1-,F4320338279,Air Force Office of Scientific Research,
W4363678597,18,G4629941602,QuIC - TaQS: Interconnects for a Superconducting-Atomic Hybrid Quantum Network,2137642,F4320306076,National Science Foundation,
W4363678597,19,G4876042962,,OMA-1936118,F4320338279,Air Force Office of Scientific Research,
W4363678597,20,G4962106257,,W911NF-18-1-0212,F4320338281,Army Research Office,
W4363678597,21,G5298762856,,FA9550-21-1-0209,F4320338294,Air Force Research Laboratory,
W4363678597,22,G5659690140,,FA9550-19-1-0399,F4320306076,National Science Foundation,
W4363678597,23,G6167497367,,FA9550-19-1-0399,F4320338279,Air Force Office of Scientific Research,
W4363678597,24,G6518383159,,W911NF2110325,F4320338281,Army Research Office,
W4363678597,25,G6526646931,,FA9550-19-1-0399,F4320333591,Multidisciplinary University Research Initiative,
W4363678597,26,G657448715,,W911NF-16-1-,F4320338281,Army Research Office,
W4363678597,27,G7452299184,,W911NF,F4320338281,Army Research Office,
W4363678597,28,G7500482128,,W911NF-18-1-0212,F4320338279,Air Force Office of Scientific Research,
W4363678597,29,G7576470222,NSF Engineering Research Center for Quantum Networks (CQN),1941583,F4320306076,National Science Foundation,
W4363678597,30,G7900882,,W911NF-16- 1-0349,F4320338281,Army Research Office,
W4363678597,31,G8289759875,,FA9550,F4320338294,Air Force Research Laboratory,
W4363678597,32,G8672390710,,2020-71479,F4320306079,David and Lucile Packard Foundation,
W4363678597,33,G922915270,QII-TAQS: Quantum Metrological Platform for Single-Molecule Bio-Sensing,1936118,F4320306076,National Science Foundation,
W4399890177,1,G2272854739,,FA8750-20-2-1007,F4320338294,Air Force Research Laboratory,
W4399890177,2,G4359690165,NSF Convergence Accelerator Track C: Interconnecting Quantum Computers for the Next-Generation Internet,2040695,F4320306076,National Science Foundation,
W4399890177,3,G4800547303,,1747426,F4320337367,Division of Materials Research,
W4399890177,4,G4944074465,Convergence QL: Workshop Series: Cross- Sector Connections in Quantum Leap,1747426,F4320306076,National Science Foundation,
W4399890177,5,G5298095028,,DMR-1747426,F4320337367,Division of Materials Research,
W4399890177,6,G5639706416,INTEGRATED MECHANICS FOR MODULAR QUANTUM RECONFIGURABLE CIRCUITS,896401,F4320320300,European Commission,
W4399890177,7,G6629006974,Integrated multi-qubit devices for scalable quantum networks,840393,F4320320300,European Commission,
W4318486584,1,G1639952346,,1231319,F4320337367,Division of Materials Research,
W4318486584,2,G2414013413,,2039380,F4320337367,Division of Materials Research,
W4318486584,3,G3311699245,Center for Integrated Quantum Materials,1231319,F4320306076,National Science Foundation,
W4318486584,4,G4303070870,,DMR-2039380,F4320337367,Division of Materials Research,
W4318486584,5,G8108395467,"MIP: Platform for the Accelerated Realization, Analysis, and Discovery of Interface Materials (PARADIM)",2039380,F4320306076,National Science Foundation,
W4318486584,6,G8640644076,,DMR-12313 19,F4320306076,National Science Foundation,
W4318486584,7,G875209366,,DMR-1231319,F4320337367,Division of Materials Research,
W4313427316,1,G1463062727,,12101353,F4320321001,National Natural Science Foundation of China,
W4313427316,2,G2245803972,,CNS-2112562,F4320337345,Office of Naval Research,
W4313427316,3,G8377316191,AI Institute for Edge Computing Leveraging Next Generation Networks (Athena),2112562,F4320306076,National Science Foundation,
W4387737982,1,G1404049065,,FA9550-21-1-0209,F4320338279,Air Force Office of Scientific Research,
W4387737982,2,G1432373144,,W911NF-21-1-,F4320338281,Army Research Office,
W4387737982,3,G1523888516,,FA9550-,F4320338279,Air Force Office of Scientific Research,
W4387737982,4,G1770223817,,FA864921P0781,F4320338294,Air Force Research Laboratory,
W4387737982,5,G1829052184,,N00014-19-1-2189,F4320337345,Office of Naval Research,
W4387737982,6,G2882288540,,W911NF2310077,F4320338281,Army Research Office,
W4387737982,7,G3162985271,,W911NF2110325,F4320333591,Multidisciplinary University Research Initiative,
W4387737982,8,G3722242190,,OMA-2137642,F4320338279,Air Force Office of Scientific Research,
W4387737982,9,G3889299546,Collaborative Research: CIF: FET: Small: Realizing Joint Detection Receivers for Quantum-enhanced Optical Communications using Photonic NISQ-era Quantum Processors,2204985,F4320306076,National Science Foundation,
W4387737982,10,G431725244,,FA9550-21-1-0209,F4320333591,Multidisciplinary University Research Initiative,
W4387737982,11,G4516736450,,-21-1-,F4320338279,Air Force Office of Scientific Research,
W4387737982,12,G4629941602,QuIC - TaQS: Interconnects for a Superconducting-Atomic Hybrid Quantum Network,2137642,F4320306076,National Science Foundation,
W4387737982,13,G4876042962,,OMA-1936118,F4320338279,Air Force Office of Scientific Research,
W4387737982,14,G5298762856,,FA9550-21-1-0209,F4320338294,Air Force Research Laboratory,
W4387737982,15,G5659690140,,FA9550-19-1-0399,F4320306076,National Science Foundation,
W4387737982,16,G6098521345,,FA9550,F4320337345,Office of Naval Research,
W4387737982,17,G6167497367,,FA9550-19-1-0399,F4320338279,Air Force Office of Scientific Research,
W4387737982,18,G6518383159,,W911NF2110325,F4320338281,Army Research Office,
W4387737982,19,G6526646931,,FA9550-19-1-0399,F4320333591,Multidisciplinary University Research Initiative,
W4387737982,20,G7452299184,,W911NF,F4320338281,Army Research Office,
W4387737982,21,G7576470222,NSF Engineering Research Center for Quantum Networks (CQN),1941583,F4320306076,National Science Foundation,
W4387737982,22,G8289759875,,FA9550,F4320338294,Air Force Research Laboratory,
W4387737982,23,G8672390710,,2020-71479,F4320306079,David and Lucile Packard Foundation,
W4387737982,24,G8876996369,,N00014,F4320337345,Office of Naval Research,
W4387737982,25,G922915270,QII-TAQS: Quantum Metrological Platform for Single-Molecule Bio-Sensing,1936118,F4320306076,National Science Foundation,
W4394845623,1,G1251659944,,STI 792/1-1,F4320320879,Deutsche Forschungsgemeinschaft,
W3190942902,1,G1379449677,QLCI-CG: The Open Quantum Frontier Institute,1936835,F4320306076,National Science Foundation,
W3190942902,2,G1415827477,"NSF Convergence Accelerator- Track C: QuSTEAM: Convergent Undergraduate Education in Quantum Science, Technology, Engineering, Arts, and Mathematics",2040581,F4320306076,National Science Foundation,
W3190942902,3,G2403330605,,PHY-1733907,F4320334224,"Institute for Quantum Information and Matter, California Institute of Technology",
W3190942902,4,G241279073,,DE‐SC0012704,F4320306084,U.S. Department of Energy,
W3190942902,5,G2418667089,Workshop: Quantum Engineering Education,2110432,F4320306076,National Science Foundation,
W3190942902,6,G2958415499,,PHY-1733907,F4320309398,California Institute of Technology,
W3190942902,7,G357145406,,DE-SC-0012704,F4320332359,Office of Science,
W3190942902,8,G3915068459,,DE-SC0012704,F4320332178,National Institute of Standards and Technology,
W3190942902,9,G4314815125,,61801,F4320332222,University of Illinois at Urbana-Champaign,
W3190942902,10,G498139845,,DE-AC02,F4320332359,Office of Science,
W3190942902,11,G507237395,The Institute for Quantum Information and Matter: Advancing the Entanglement Frontier,1733907,F4320306076,National Science Foundation,
W3190942902,12,G5476995083,QLCI-CI: NSF Quantum Leap Challenge Institute for Hybrid Quantum Architectures and Networks,2016136,F4320306076,National Science Foundation,
W3190942902,13,G5489857805,QLCI-CI: NSF Quantum Leap Challenge Institute for Enhanced Sensing and Distribution Using Correlated Quantum States,2016244,F4320306076,National Science Foundation,
W3190942902,14,G5616713406,,DE-AC02-07CH11359,F4320306076,National Science Foundation,
W3190942902,15,G5765906131,,SC0012704.,F4320306084,U.S. Department of Energy,
W3190942902,16,G585908603,,AC02-07CH11359,F4320306084,U.S. Department of Energy,
W3190942902,17,G660927038,,CA 90089,F4320306076,National Science Foundation,
W3190942902,18,G6611100731,,97403,F4320312726,University of Oregon,
W3190942902,19,G716412294,,DE–AC02–07CH11359,F4320332359,Office of Science,
W3190942902,20,G7463374569,,SC0012704,F4320332359,Office of Science,
W3190942902,21,G7576470222,NSF Engineering Research Center for Quantum Networks (CQN),1941583,F4320306076,National Science Foundation,
W3190942902,22,G8070044977,,NSF-1941583,F4320310160,University of Arizona,
W3190942902,23,G8221422727,,CT 06520,F4320308380,Yale University,
W3190942902,24,G86560745,,DE‐AC02‐07CH11359,F4320306084,U.S. Department of Energy,
W3190942902,25,G872144517,,DE-SC0012704,F4320306076,National Science Foundation,
W3190942902,26,G961819192,,1733907,F4320309398,California Institute of Technology,
W3190942902,27,G969889393,,DE-AC02-,F4320306084,U.S. Department of Energy,
W4400249069,1,G1162011400,,W911NF1810432,F4320338281,Army Research Office,
W4400249069,2,G1417231415,QII-TAQS: Quantum Machine Learning with Photonics,1936314,F4320306076,National Science Foundation,
W4400249069,3,G4198572546,QuIC-TAQS: Integrated Lithium Niobate Quantum Photonics Platform,2137723,F4320306076,National Science Foundation,
W4393094861,1,G746871448,,DESC0024223,F4320306084,U.S. Department of Energy,
W4393094861,2,G7835205672,,DE-SC0024223,F4320306076,National Science Foundation,
W4393094861,3,G8309996419,ExpandQISE: Track 1: Prairie View A&M University - Virginia Tech Partnership in Quantum Science & Engineering Research and Education,2328991,F4320306076,National Science Foundation,
W4393094861,4,G8455530170,ENHANCED RADIATED POWER VIA ENGINEERED EIGENBASIS COLLAPSE,DESC0024223,F4320332359,Office of Science,
W4406262057,1,G7576470222,NSF Engineering Research Center for Quantum Networks (CQN),1941583,F4320306076,National Science Foundation,
W4412102694,1,G11630931,,DENA0003525,F4320306084,U.S. Department of Energy,
W4412102694,2,G280414146,,DE-NA0003525,F4320332359,Office of Science,
W4412102694,3,G288067973,,0003525,F4320306084,U.S. Department of Energy,
W4412102694,4,G413247060,,"DE‐NA,0003525",F4320338291,Sandia National Laboratories,
W4412102694,5,G7444832178,,EEC-1941583,F4320306084,U.S. Department of Energy,
W4412102694,6,G7576470222,NSF Engineering Research Center for Quantum Networks (CQN),1941583,F4320306076,National Science Foundation,
W4412102694,7,G855168022,,DENA-0003525,F4320332369,National Nuclear Security Administration,
W4412102694,8,G872931124,,DE‐NA0003525,F4320315466,Center for Integrated Nanotechnologies,
W3127636965,1,G2469973041,,N660012014029,F4320332180,Defense Advanced Research Projects Agency,
W3127636965,2,G7497046220,,W911NF2010039,F4320337531,"Defense Sciences Office, DARPA",
W4385874144,1,G11630931,,DENA0003525,F4320306084,U.S. Department of Energy,
W4385874144,2,G1166951225,,DE-NA-0003525,F4320337506,Advanced Scientific Computing Research,
W4385874144,3,G1391239255,,19-022266,F4320306084,U.S. Department of Energy,
W4385874144,4,G1689895378,,19-022266,F4320332359,Office of Science,
W4385874144,5,G2214935549,,NA0003525,F4320338291,Sandia National Laboratories,
W4385874144,6,G2664332745,,DE-NA-003525,F4320338291,Sandia National Laboratories,
W4385874144,7,G280414146,,DE-NA0003525,F4320332359,Office of Science,
W4385874144,8,G2930498565,,FWP 19-022266,F4320306084,U.S. Department of Energy,
W4385874144,9,G3820234551,CAREER:Doped Aluminum Nitride Ferroelectric Microelectromechanical Systems,1944248,F4320306076,National Science Foundation,
W4385874144,10,G3960396937,,DE-NA-003525,F4320306084,U.S. Department of Energy,
W4385874144,11,G413247060,,"DE‐NA,0003525",F4320338291,Sandia National Laboratories,
W4385874144,12,G4771968897,,NA0003525,F4320306076,National Science Foundation,
W4385874144,13,G4903105778,,NA0003525,F4320306084,U.S. Department of Energy,
W4385874144,14,G5339743583,,NA0003525,F4320332369,National Nuclear Security Administration,
W4385874144,15,G6338696783,,DE‐NA0003525,F4320306076,National Science Foundation,
W4385874144,16,G6671297155,,CAREER,F4320306076,National Science Foundation,
W4385874144,17,G8369078201,,DE-NA-003525,F4320332369,National Nuclear Security Administration,
W4385874144,18,G8417631907,,HR0011-21-9-0004,F4320306076,National Science Foundation,
W4385874144,19,G855168022,,DENA-0003525,F4320332369,National Nuclear Security Administration,
W4385874144,20,G872931124,,DE‐NA0003525,F4320315466,Center for Integrated Nanotechnologies,
W4389848296,1,G1432373144,,W911NF-21-1-,F4320338281,Army Research Office,
W4389848296,2,G3162985271,,W911NF2110325,F4320333591,Multidisciplinary University Research Initiative,
W4389848296,3,G4700831490,,2022-,F4320335489,Institute for Information and Communications Technology Promotion,
W4389848296,4,G5633803853,,NRF-2020M3E4A1077861,F4320328359,"Ministry of Science and ICT, South Korea",
W4389848296,5,G6185281766,,NRF-2020M3E4A1077861,F4320322120,National Research Foundation of Korea,
W4389848296,6,G6518383159,,W911NF2110325,F4320338281,Army Research Office,
W4389848296,7,G6762893308,,2022-0-00463,F4320328359,"Ministry of Science and ICT, South Korea",
W4389848296,8,G7452299184,,W911NF,F4320338281,Army Research Office,
W4389848296,9,G7576470222,NSF Engineering Research Center for Quantum Networks (CQN),1941583,F4320306076,National Science Foundation,
W4389848296,10,G827923553,,ERC-1941583,F4320337471,Office of Multidisciplinary Activities,
W4389848296,11,G8374098290,,OMA-1936118,F4320337471,Office of Multidisciplinary Activities,
W4389848296,12,G922915270,QII-TAQS: Quantum Metrological Platform for Single-Molecule Bio-Sensing,1936118,F4320306076,National Science Foundation,
W4393186915,1,G3258022080,,NRF-2021R1F1A1062182,F4320322120,National Research Foundation of Korea,
W4393186915,2,G710128393,,NRF- 2020R1A6A1A03047771,F4320322120,National Research Foundation of Korea,
W4392169555,1,G7576470222,NSF Engineering Research Center for Quantum Networks (CQN),1941583,F4320306076,National Science Foundation,
W4387517733,1,G1829052184,,N00014-19-1-2189,F4320337345,Office of Naval Research,
W4387517733,2,G2463917466,,HR00112090128,F4320332180,Defense Advanced Research Projects Agency,
W4387517733,3,G3248877916,CAREER: Covert Quantum Sensing,2045530,F4320306076,National Science Foundation,
W4387517733,4,G7129326012,,4000178321,F4320338287,Oak Ridge National Laboratory,
W4387517733,5,G8629900746,,4000178321,F4320306084,U.S. Department of Energy,
W4387517733,6,G8876996369,,N00014,F4320337345,Office of Naval Research,
W4399346926,1,G5489857805,QLCI-CI: NSF Quantum Leap Challenge Institute for Enhanced Sensing and Distribution Using Correlated Quantum States,2016244,F4320306076,National Science Foundation,
W4399346926,2,G7454671755,Center: Center for Ultracold Atoms,2317134,F4320306076,National Science Foundation,
W3172340442,1,G2218941472,MOLECULAR AND CYTOGENETIC STUDIES IN FRAGILE X CARRIERS,1f32gm012305-01,F4320332161,National Institutes of Health,
W3172340442,2,G6733861295,,R15GM123405,F4320337354,National Institute of General Medical Sciences,
W4311552308,1,G357145406,,DE-SC-0012704,F4320332359,Office of Science,
W4311552308,2,G5765906131,,SC0012704.,F4320306084,U.S. Department of Energy,
W4311552308,3,G7463374569,,SC0012704,F4320332359,Office of Science,
W4387018863,1,G5557203550,,N00014-20-1-2422,F4320337345,Office of Naval Research,
W4387018863,2,G6385238186,CAREER: Quantum Acoustic Information Processing with Phononic Crystal Devices,1941826,F4320306076,National Science Foundation,
W4387018863,3,G6671297155,,CAREER,F4320306076,National Science Foundation,
W4387018863,4,G8876996369,,N00014,F4320337345,Office of Naval Research,
W4391983993,1,G1241656031,,FA9550-21-0209,F4320332467,U.S. Air Force,
W4391983993,2,G1404049065,,FA9550-21-1-0209,F4320338279,Air Force Office of Scientific Research,
W4391983993,3,G1523888516,,FA9550-,F4320338279,Air Force Office of Scientific Research,
W4391983993,4,G3322829007,,FA9550-21-0209,F4320306078,U.S. Department of Defense,
W4391983993,5,G3990184095,,FA9550-21-1-0209,F4320309626,University of Chicago,
W4391983993,6,G431725244,,FA9550-21-1-0209,F4320333591,Multidisciplinary University Research Initiative,
W4391983993,7,G4516736450,,-21-1-,F4320338279,Air Force Office of Scientific Research,
W4361193703,1,G1404049065,,FA9550-21-1-0209,F4320338279,Air Force Office of Scientific Research,
W4361193703,2,G1432373144,,W911NF-21-1-,F4320338281,Army Research Office,
W4361193703,3,G1523888516,,FA9550-,F4320338279,Air Force Office of Scientific Research,
W4361193703,4,G1770223817,,FA864921P0781,F4320338294,Air Force Research Laboratory,
W4361193703,5,G1829052184,,N00014-19-1-2189,F4320337345,Office of Naval Research,
W4361193703,6,G2882288540,,W911NF2310077,F4320338281,Army Research Office,
W4361193703,7,G3162985271,,W911NF2110325,F4320333591,Multidisciplinary University Research Initiative,
W4361193703,8,G3722242190,,OMA-2137642,F4320338279,Air Force Office of Scientific Research,
W4361193703,9,G3889299546,Collaborative Research: CIF: FET: Small: Realizing Joint Detection Receivers for Quantum-enhanced Optical Communications using Photonic NISQ-era Quantum Processors,2204985,F4320306076,National Science Foundation,
W4361193703,10,G431725244,,FA9550-21-1-0209,F4320333591,Multidisciplinary University Research Initiative,
W4361193703,11,G4516736450,,-21-1-,F4320338279,Air Force Office of Scientific Research,
W4361193703,12,G4629941602,QuIC - TaQS: Interconnects for a Superconducting-Atomic Hybrid Quantum Network,2137642,F4320306076,National Science Foundation,
W4361193703,13,G4876042962,,OMA-1936118,F4320338279,Air Force Office of Scientific Research,
W4361193703,14,G5298762856,,FA9550-21-1-0209,F4320338294,Air Force Research Laboratory,
W4361193703,15,G5659690140,,FA9550-19-1-0399,F4320306076,National Science Foundation,
W4361193703,16,G6098521345,,FA9550,F4320337345,Office of Naval Research,
W4361193703,17,G6167497367,,FA9550-19-1-0399,F4320338279,Air Force Office of Scientific Research,
W4361193703,18,G6518383159,,W911NF2110325,F4320338281,Army Research Office,
W4361193703,19,G6526646931,,FA9550-19-1-0399,F4320333591,Multidisciplinary University Research Initiative,
W4361193703,20,G7452299184,,W911NF,F4320338281,Army Research Office,
W4361193703,21,G7576470222,NSF Engineering Research Center for Quantum Networks (CQN),1941583,F4320306076,National Science Foundation,
W4361193703,22,G8289759875,,FA9550,F4320338294,Air Force Research Laboratory,
W4361193703,23,G8876996369,,N00014,F4320337345,Office of Naval Research,
W4361193703,24,G922915270,QII-TAQS: Quantum Metrological Platform for Single-Molecule Bio-Sensing,1936118,F4320306076,National Science Foundation,
W4400065184,1,G1079818582,,AC02‐05CH11231,F4320338292,Lawrence Berkeley National Laboratory,
W4400065184,2,G1143651532,,DE-AC02-05CH11231,F4320338292,Lawrence Berkeley National Laboratory,
W4400065184,3,G1264789558,,W911NF2010021,F4320332180,Defense Advanced Research Projects Agency,
W4400065184,4,G1286236842,,-AC02-05CH11231,F4320306084,U.S. Department of Energy,
W4400065184,5,G1314494723,,DE-AC02-05CH11231,F4320338281,Army Research Office,
W4400065184,6,G149988304,,PHY-1734011,F4320334437,"Center for Ultracold Atoms, Massachusetts Institute of Technology",
W4400065184,7,G1863003419,,DEAC02-05CH11231,F4320306076,National Science Foundation,
W4400065184,8,G2795275917,,DE-AC02-05CH11231,F4320306078,U.S. Department of Defense,
W4400065184,9,G2916627489,,W911NF-20-1-0082,F4320338281,Army Research Office,
W4400065184,10,G3083819904,,05CH11231,F4320306084,U.S. Department of Energy,
W4400065184,11,G3719423973,,W911NF-23-2-0219,F4320333051,Intelligence Advanced Research Projects Activity,
W4400065184,12,G3994498848,2019 BUDGET REQUEST FOR THE DOE COMPUTATIONAL SCIENCE GRADUATE FELLOWSHIP (CSGF) GRANT,DESC0020347,F4320306084,U.S. Department of Energy,
W4400065184,13,G42916606,,DE AC02 05CH11231,F4320306084,U.S. Department of Energy,
W4400065184,14,G5188000133,,HR0011-23-3-0012,F4320332180,Defense Advanced Research Projects Agency,
W4400065184,15,G5206177008,,DE-AC02-05CH11231,F4320332180,Defense Advanced Research Projects Agency,
W4400065184,16,G5277982431,Collaborative Research: FET: Medium: Efficient Compilation for Dynamically Reconfigurable Atom Arrays,2313084,F4320306076,National Science Foundation,
W4400065184,17,G5723341926,,W911NF2320219,F4320338281,Army Research Office,
W4400065184,18,G586693022,,W911NF2010082,F4320333591,Multidisciplinary University Research Initiative,
W4400065184,19,G5937005037,Physics and Applications of Quantum Nanophotonics Systems,2012023,F4320306076,National Science Foundation,
W4400065184,20,G7166665977,Center for Ultracold Atoms,1734011,F4320306076,National Science Foundation,
W4400065184,21,G7354628648,,05CH11231,F4320338292,Lawrence Berkeley National Laboratory,
W4400065184,22,G7452299184,,W911NF,F4320338281,Army Research Office,
W4400065184,23,G7796153478,,HR0011-24-9-0359,F4320332180,Defense Advanced Research Projects Agency,
W4400065184,24,G969889393,,DE-AC02-,F4320306084,U.S. Department of Energy,
W4383988418,1,G3162985271,,W911NF2110325,F4320333591,Multidisciplinary University Research Initiative,
W4383988418,2,G4413222662,Collaborative Research: CNS Core: Medium: Design and Analysis of Quantum Networks for Entanglement Distribution,1955744,F4320306076,National Science Foundation,
W4383988418,3,G4483335060,CAREER: Hybrid Approaches to Quantum Cryptography: New Methods and Protocols,2143644,F4320306076,National Science Foundation,
W4383988418,4,G6518383159,,W911NF2110325,F4320338281,Army Research Office,
W4383988418,5,G7576470222,NSF Engineering Research Center for Quantum Networks (CQN),1941583,F4320306076,National Science Foundation,
W4385329381,1,G3197119519,Collaborative Research: Quantum-Coherent Interactions between Free and Guided Electrons and Photons,2110535,F4320306076,National Science Foundation,
W4385356988,1,G3197119519,Collaborative Research: Quantum-Coherent Interactions between Free and Guided Electrons and Photons,2110535,F4320306076,National Science Foundation,
W4385964417,1,G2463917466,,HR00112090128,F4320332180,Defense Advanced Research Projects Agency,
W4389650396,1,G7576470222,NSF Engineering Research Center for Quantum Networks (CQN),1941583,F4320306076,National Science Foundation,
W4391045938,1,G1162011400,,W911NF1810432,F4320338281,Army Research Office,
W4391045938,2,G1417231415,QII-TAQS: Quantum Machine Learning with Photonics,1936314,F4320306076,National Science Foundation,
W4391045938,3,G1806909543,,H98230-19-D-003/008,F4320306078,U.S. Department of Defense,
W4391045938,4,G210096730,,W911NF-19-20181,F4320338281,Army Research Office,
W4391045938,5,G3582326853,,W911NF1810432,F4320333591,Multidisciplinary University Research Initiative,
W4391045938,6,G4176324289,,H98230-19-D-003,F4320306078,U.S. Department of Defense,
W4391045938,7,G4198572546,QuIC-TAQS: Integrated Lithium Niobate Quantum Photonics Platform,2137723,F4320306076,National Science Foundation,
W4391045938,8,G6936360943,"AB-INITIO SOLID-STATE QUANTUM MATERIALS: DESIGN, PRODUCTION, AND CHARACTERIZATION AT THE ATOMIC SCALE",W911NF1810432,F4320306078,U.S. Department of Defense,
W4398192517,1,G2569120085,Collaborative Research: CIF: Medium: QODED: Quantum codes Optimized for the Dynamics between Encoded Computation and Decoding using Classical Coding Techniques,2106189,F4320306076,National Science Foundation,
W4398192517,2,G7576470222,NSF Engineering Research Center for Quantum Networks (CQN),1941583,F4320306076,National Science Foundation,
W4399423275,1,G3162985271,,W911NF2110325,F4320333591,Multidisciplinary University Research Initiative,
W4399423275,2,G6518383159,,W911NF2110325,F4320338281,Army Research Office,
W4400141517,1,G3197119519,Collaborative Research: Quantum-Coherent Interactions between Free and Guided Electrons and Photons,2110535,F4320306076,National Science Foundation,
W4400141517,2,G4988100082,Collaborative Research: Quantum-Coherent Interactions between Free and Guided Electrons and Photons,2110556,F4320306076,National Science Foundation,
W4402346374,1,G1432373144,,W911NF-21-1-,F4320338281,Army Research Office,
W4402346374,2,G1442400458,QuSeC-TAQS: Nanoscale Covariance Magnetometry with Diamond Quantum Sensors,2326767,F4320306076,National Science Foundation,
W4402346374,3,G1834540682,CAREER: Quadratically Nonlinear Micro-Resonators: Enabling Next Generation Photonic Devices and Systems,1846273,F4320306076,National Science Foundation,
W4402346374,4,G2335928686,"Expeditions: Coherent Ising Machines for Optimization, Machine Learning and Neuromorphic Computing",1918549,F4320306076,National Science Foundation,
W4402346374,5,G2771258859,,W911NF‐23‐1‐0048,F4320338281,Army Research Office,
W4402346374,6,G3162985271,,W911NF2110325,F4320333591,Multidisciplinary University Research Initiative,
W4402346374,7,G6518383159,,W911NF2110325,F4320338281,Army Research Office,
W4402346374,8,G7033135252,,RS-2024-00431768,F4320328359,"Ministry of Science and ICT, South Korea",
W4402346374,9,G7452299184,,W911NF,F4320338281,Army Research Office,
W4402346374,10,G7576470222,NSF Engineering Research Center for Quantum Networks (CQN),1941583,F4320306076,National Science Foundation,
W4412464342,1,G1639952346,,1231319,F4320337367,Division of Materials Research,
W4412464342,2,G3311699245,Center for Integrated Quantum Materials,1231319,F4320306076,National Science Foundation,
W4412464342,3,G7576470222,NSF Engineering Research Center for Quantum Networks (CQN),1941583,F4320306076,National Science Foundation,
W4412464342,4,G8640644076,,DMR-12313 19,F4320306076,National Science Foundation,
W4412464342,5,G875209366,,DMR-1231319,F4320337367,Division of Materials Research,
W4396237843,1,G1264789558,,W911NF2010021,F4320332180,Defense Advanced Research Projects Agency,
W4396237843,2,G1974070018,PROGRAMMABLE QUANTUM SIMULATORS FOR LATTICE GAUGE THEORIES AND GAUGE-GRAVITY CORRESPONDENCE,DESC0021013,F4320306084,U.S. Department of Energy,
W4396237843,3,G2882288540,,W911NF2310077,F4320338281,Army Research Office,
W4396237843,4,G2916627489,,W911NF-20-1-0082,F4320338281,Army Research Office,
W4396237843,5,G3516030815,,FA9550-19-1-0399; FA9550-21-1-0209,F4320338279,Air Force Office of Scientific Research,
W4396237843,6,G4844918443,,W911NF-23-1-0077; W911NF-21-1-0325,F4320338281,Army Research Office,
W4396237843,7,G5277982431,Collaborative Research: FET: Medium: Efficient Compilation for Dynamically Reconfigurable Atom Arrays,2313084,F4320306076,National Science Foundation,
W4396237843,8,G7166665977,Center for Ultracold Atoms,1734011,F4320306076,National Science Foundation,
W4396237843,9,G922915270,QII-TAQS: Quantum Metrological Platform for Single-Molecule Bio-Sensing,1936118,F4320306076,National Science Foundation,
W4392817568,1,G2916627489,,W911NF-20-1-0082,F4320338281,Army Research Office,
W4392817568,2,G4801339048,,442511-CJ-22291,F4320306076,National Science Foundation,
W4392817568,3,G4973792023,Graduate Research Fellowship Program (GRFP),1745303,F4320306076,National Science Foundation,
W4392817568,4,G586693022,,W911NF2010082,F4320333591,Multidisciplinary University Research Initiative,
W4392817568,5,G616689113,,W911NF-20-1-0082,F4320306076,National Science Foundation,
W4392817568,6,G6183517682,,7568717,F4320306084,U.S. Department of Energy,
W4392817568,7,G7452299184,,W911NF,F4320338281,Army Research Office,
W4384080548,1,G4682894036,,DMR-1231319,F4320335353,National Science Foundation of Sri Lanka,
W4384080548,2,G5906654117,Mixed-Signal Integrated Circuit Electronics to Enable the Internet-of-Things,14/RP/I2921,F4320320847,Science Foundation Ireland,
W4392949534,1,G2697164521,QLCI-CI: NSF Quantum Leap Challenge Institute for Robust Quantum Simulation,2120757,F4320306076,National Science Foundation,
W4409162985,1,G1268556693,"HYBRID ELECTRO- AND ACOUSTO-DYNAMICAL SYSTEMS FOR QUANTUM 
OPTICAL NETWORKS (HEADS-QON)",DESC0020376,F4320306084,U.S. Department of Energy,
W4409162985,2,G2315199764,,W911NF2010248,F4320338281,Army Research Office,
W4409162985,3,G2407405133,,RCP06360,F4320338294,Air Force Research Laboratory,
W4409162985,4,G3516030815,,FA9550-19-1-0399; FA9550-21-1-0209,F4320338279,Air Force Office of Scientific Research,
W4409162985,5,G36446433,,FA9550-20-1,F4320338279,Air Force Office of Scientific Research,
W4409162985,6,G4158783420,,FA8702-15-D-0001,F4320306078,U.S. Department of Defense,
W4409162985,7,G4198572546,QuIC-TAQS: Integrated Lithium Niobate Quantum Photonics Platform,2137723,F4320306076,National Science Foundation,
W4409162985,8,G4844918443,,W911NF-23-1-0077; W911NF-21-1-0325,F4320338281,Army Research Office,
W4409162985,9,G5255577712,,HR01120C0137,F4320332180,Defense Advanced Research Projects Agency,
W4409162985,10,G539115378,Graduate Research Fellowship Program (GRFP),2141064,F4320306076,National Science Foundation,
W4409162985,11,G6281527010,,RCP06360; 1745303,F4320338294,Air Force Research Laboratory,
W4409162985,12,G6713313711,Collaborative Research: Conformal Gradient-Index Lenses for Ultrasonic Wave Amplification and Improved Diagnostics,1914583,F4320306076,National Science Foundation,
W4409162985,13,G754021812,,2020-71479,F4320322402,Nippon Telegraph and Telephone,
W4409162985,14,G922915270,QII-TAQS: Quantum Metrological Platform for Single-Molecule Bio-Sensing,1936118,F4320306076,National Science Foundation,
W4393190623,1,G4629941602,QuIC - TaQS: Interconnects for a Superconducting-Atomic Hybrid Quantum Network,2137642,F4320306076,National Science Foundation,
W4393190623,2,G6167497367,,FA9550-19-1-0399,F4320338279,Air Force Office of Scientific Research,
W4393190623,3,G6518383159,,W911NF2110325,F4320338281,Army Research Office,
W4393190623,4,G6737626681,,FA9550-21-1-020,F4320338279,Air Force Office of Scientific Research,
W4393190623,5,G7576470222,NSF Engineering Research Center for Quantum Networks (CQN),1941583,F4320306076,National Science Foundation,
W4393190623,6,G8672390710,,2020-71479,F4320306079,David and Lucile Packard Foundation,
W4393190623,7,G922915270,QII-TAQS: Quantum Metrological Platform for Single-Molecule Bio-Sensing,1936118,F4320306076,National Science Foundation,
W4414503290,1,G102163711,,DE‐ AC02‐06CH11357,F4320306084,U.S. Department of Energy,
W4414503290,2,G1404049065,,FA9550-21-1-0209,F4320338279,Air Force Office of Scientific Research,
W4414503290,3,G1442400458,QuSeC-TAQS: Nanoscale Covariance Magnetometry with Diamond Quantum Sensors,2326767,F4320306076,National Science Foundation,
W4414503290,4,G1932254719,,HR0011-24-9-0361,F4320332180,Defense Advanced Research Projects Agency,
W4414503290,5,G2882288540,,W911NF2310077,F4320338281,Army Research Office,
W4414503290,6,G2916627489,,W911NF-20-1-0082,F4320338281,Army Research Office,
W4414503290,7,G4629941602,QuIC - TaQS: Interconnects for a Superconducting-Atomic Hybrid Quantum Network,2137642,F4320306076,National Science Foundation,
W4414503290,8,G4848018484,,FA9550-23- 1-0338,F4320338279,Air Force Office of Scientific Research,
W4414503290,9,G5277982431,Collaborative Research: FET: Medium: Efficient Compilation for Dynamically Reconfigurable Atom Arrays,2313084,F4320306076,National Science Foundation,
W4414503290,10,G5723341926,,W911NF2320219,F4320338281,Army Research Office,
W4414503290,11,G5937005037,Physics and Applications of Quantum Nanophotonics Systems,2012023,F4320306076,National Science Foundation,
W4414503290,12,G6167497367,,FA9550-19-1-0399,F4320338279,Air Force Office of Scientific Research,
W4414503290,13,G6518383159,,W911NF2110325,F4320338281,Army Research Office,
W4414503290,14,G7166665977,Center for Ultracold Atoms,1734011,F4320306076,National Science Foundation,
W4414503290,15,G7576470222,NSF Engineering Research Center for Quantum Networks (CQN),1941583,F4320306076,National Science Foundation,
W4414503290,16,G7796153478,,HR0011-24-9-0359,F4320332180,Defense Advanced Research Projects Agency,
W4414503290,17,G8232580466,Collaborative Research: FET: Medium: Design and Implementation of Quantum Databases,2312755,F4320306076,National Science Foundation,
W4414503290,18,G8672390710,,2020-71479,F4320306079,David and Lucile Packard Foundation,
W4414503290,19,G922915270,QII-TAQS: Quantum Metrological Platform for Single-Molecule Bio-Sensing,1936118,F4320306076,National Science Foundation,
W4380434217,1,G1264789558,,W911NF2010021,F4320332180,Defense Advanced Research Projects Agency,
W4380434217,2,G1974070018,PROGRAMMABLE QUANTUM SIMULATORS FOR LATTICE GAUGE THEORIES AND GAUGE-GRAVITY CORRESPONDENCE,DESC0021013,F4320306084,U.S. Department of Energy,
W4380434217,3,G6183517682,,7568717,F4320306084,U.S. Department of Energy,
W4392818991,1,G42916606,,DE AC02 05CH11231,F4320306084,U.S. Department of Energy,
W4392818991,2,G586693022,,W911NF2010082,F4320333591,Multidisciplinary University Research Initiative,
W4392702148,1,G1264789558,,W911NF2010021,F4320332180,Defense Advanced Research Projects Agency,
W4392702148,2,G1621696504,,101023276,F4320335254,Horizon 2020,
W4392702148,3,G1974070018,PROGRAMMABLE QUANTUM SIMULATORS FOR LATTICE GAUGE THEORIES AND GAUGE-GRAVITY CORRESPONDENCE,DESC0021013,F4320306084,U.S. Department of Energy,
W4392702148,4,G2916627489,,W911NF-20-1-0082,F4320338281,Army Research Office,
W4392702148,5,G3357511166,,899354,F4320335254,Horizon 2020,
W4392702148,6,G3388975023,2020 BUDGET REQUEST FOR THE DOE COMPUTATIONAL SCIENCE GRADUATE FELLOWSHIP (CSGF) GRANT,DESC0021110,F4320306084,U.S. Department of Energy,
W4392702148,7,G3994498848,2019 BUDGET REQUEST FOR THE DOE COMPUTATIONAL SCIENCE GRADUATE FELLOWSHIP (CSGF) GRANT,DESC0020347,F4320306084,U.S. Department of Energy,
W4392702148,8,G4312870934,Quantum Information Processing with Atomically Thin Semiconductors,101023276,F4320320300,European Commission,
W4392702148,9,G434337789,,HORIZON2020,F4320320300,European Commission,
W4392702148,10,G4481856368,Quantum Local Area Networks with Superconducting Qubits,899354,F4320320300,European Commission,
W4392702148,11,G586693022,,W911NF2010082,F4320333591,Multidisciplinary University Research Initiative,
W4392702148,12,G616689113,,W911NF-20-1-0082,F4320306076,National Science Foundation,
W4392702148,13,G6183517682,,7568717,F4320306084,U.S. Department of Energy,
W4392702148,14,G7452299184,,W911NF,F4320338281,Army Research Office,
W4295242709,1,G2511598367,,2022CDJQY-009,F4320335787,Fundamental Research Funds for the Central Universities,
W4295242709,2,G715624423,,171066,F4320326297,Fok Ying Tung Education Foundation,
W4295242709,3,G8513935758,,51822804,F4320321001,National Natural Science Foundation of China,
W4295242709,4,G8681338594,,2020M673140,F4320321543,China Postdoctoral Science Foundation,
W4391823217,1,G8640644076,,DMR-12313 19,F4320306076,National Science Foundation,
W4367402010,1,G1037211540,,DMR‐0420785,F4320337367,Division of Materials Research,
W4367402010,2,G2515106960,,2011839,F4320337367,Division of Materials Research,
W4367402010,3,G2664202130,,2010792,F4320337367,Division of Materials Research,
W4367402010,4,G2763528997,MRI: Acquisition of Cryogen-Free High Magnetic Field Physical Property Measurement System,1428226,F4320306076,National Science Foundation,
W4367402010,5,G2893699457,,DMR‐2011839,F4320333422,"Materials Research Science and Engineering Center, Harvard University",
W4367402010,6,G3514745881,"Julia Mundy, Moore Fellow in Materials Synthesis",GBMF6760,F4320306202,Gordon and Betty Moore Foundation,
W4367402010,7,G3639451563,The NIST/NSF Center for High Resolution Neutron Scattering,2010792,F4320306076,National Science Foundation,
W4367402010,8,G4050889761,NANOELECTRONIC COMPUTING RESEARCH (NCORE) PROPOSAL FOR NATIONAL INSTITUTE OF STANDARDS AND TECHNOLOGY FUNDING OPPORTUNITY (2017-NIST-CSFC-01),70NANB17H041,F4320332178,National Institute of Standards and Technology,
W4367402010,9,G4742140246,,DMR-2011839,F4320337367,Division of Materials Research,
W4367402010,10,G4973792023,Graduate Research Fellowship Program (GRFP),1745303,F4320306076,National Science Foundation,
W4367402010,11,G507895560,,DMR-2010792,F4320337367,Division of Materials Research,
W4367402010,12,G5922085581,,DMR-2010792,F4320332178,National Institute of Standards and Technology,
W4367402010,13,G5970606412,NNCI: The Center for Nanoscale System (CNS) at Harvard University,1541959,F4320306076,National Science Foundation,
W4367402010,14,G6100342675,,1541959,F4320309622,Harvard University,
W4367402010,15,G6839413216,,70NANB17H041,F4320306087,Semiconductor Research Corporation,
W4367402010,16,G6916253724,,0420785,F4320337367,Division of Materials Research,
W4367402010,17,G7853468551,,DMR-1428226,F4320337367,Division of Materials Research,
W4367402010,18,G8439950656,MRI: Acquisition of a X-ray Photoelectron Spectrometer for Multidisciplinary Materials Research at the University of Michigan,0420785,F4320306076,National Science Foundation,
W4367402010,19,G8925894821,MRSEC: Center for Nanoscale Science,2011839,F4320306076,National Science Foundation,
W4390637101,1,G102163711,,DE‐ AC02‐06CH11357,F4320306084,U.S. Department of Energy,
W4390637101,2,G107546177,,DE- AC02-06-CH11357,F4320338284,Argonne National Laboratory,
W4390637101,3,G1313983767,,DE-AC02,F4320338284,Argonne National Laboratory,
W4390637101,4,G1430999822,,FWP-100182,F4320337510,Fusion Energy Sciences,
W4390637101,5,G1664757510,,AC02–06CH11357,F4320338284,Argonne National Laboratory,
W4390637101,6,G2287611682,,AC02‐06CH11357,F4320332359,Office of Science,
W4390637101,7,G262962599,,AC02‐06CH11357,F4320306084,U.S. Department of Energy,
W4390637101,8,G3075337988,,06CH11357,F4320338284,Argonne National Laboratory,
W4390637101,9,G3318903820,,DE-AC02-06CH11357,F4320332369,National Nuclear Security Administration,
W4390637101,10,G3549762800,,DENA0003624,F4320332369,National Nuclear Security Administration,
W4390637101,11,G3760992489,,DE- NA0003624,F4320306084,U.S. Department of Energy,
W4390637101,12,G4393642324,,FWP100866,F4320337510,Fusion Energy Sciences,
W4390637101,13,G4512048690,,DE-AC02-06CH11357,F4320337510,Fusion Energy Sciences,
W4390637101,14,G4927892525,,FWP-100182,F4320306084,U.S. Department of Energy,
W4390637101,15,G498139845,,DE-AC02,F4320332359,Office of Science,
W4390637101,16,G5242464350,,DE-NA0003624,F4320337510,Fusion Energy Sciences,
W4390637101,17,G562066132,,DOE/NV/03624,F4320306084,U.S. Department of Energy,
W4390637101,18,G6842555335,,DOE/NV/03624,F4320337003,Office of Defense Programs,
W4390637101,19,G6848031779,,06CH11357,F4320306084,U.S. Department of Energy,
W4390637101,20,G6918803902,,06CH11357,F4320332359,Office of Science,
W4390637101,21,G969889393,,DE-AC02-,F4320306084,U.S. Department of Energy,
W4390637101,22,G97034446,,DE-NA0003624,F4320337003,Office of Defense Programs,
W4390637101,23,G993149817,,DE-AC02-06CH11357 ,F4320332359,Office of Science,
W4412481221,1,G2618903147,,AK0000000018297,F4320306084,U.S. Department of Energy,
W4412481221,2,G7444832178,,EEC-1941583,F4320306084,U.S. Department of Energy,
W4412481221,3,G7576470222,NSF Engineering Research Center for Quantum Networks (CQN),1941583,F4320306076,National Science Foundation,
W4313527436,1,G3730754377,,W911NF-19-2-0181,F4320306076,National Science Foundation,
W4313527436,2,G8732071840,,70NANB16H168,F4320316410,Joint Quantum Institute,
W3160131507,1,G1482135624,,W911NF-18-1-0020,F4320338279,Air Force Office of Scientific Research,
W3160131507,2,G1523888516,,FA9550-,F4320338279,Air Force Office of Scientific Research,
W3160131507,3,G165179637,,W911NF1610349,F4320333591,Multidisciplinary University Research Initiative,
W3160131507,4,G1799408541,,EEC-1941583,F4320338279,Air Force Office of Scientific Research,
W3160131507,5,G2598085392,,W911NF-16-1-0349,F4320338279,Air Force Office of Scientific Research,
W3160131507,6,G3067963855,,W911NF-18-1-0020,F4320338281,Army Research Office,
W3160131507,7,G3392305090,,-16-1-,F4320338279,Air Force Office of Scientific Research,
W3160131507,8,G3663418429,,2013-39273,F4320306076,National Science Foundation,
W3160131507,9,G4629941602,QuIC - TaQS: Interconnects for a Superconducting-Atomic Hybrid Quantum Network,2137642,F4320306076,National Science Foundation,
W3160131507,10,G4876042962,,OMA-1936118,F4320338279,Air Force Office of Scientific Research,
W3160131507,11,G4962106257,,W911NF-18-1-0212,F4320338281,Army Research Office,
W3160131507,12,G5659690140,,FA9550-19-1-0399,F4320306076,National Science Foundation,
W3160131507,13,G6141599669,,EFMA-1640959,F4320338279,Air Force Office of Scientific Research,
W3160131507,14,G6167497367,,FA9550-19-1-0399,F4320338279,Air Force Office of Scientific Research,
W3160131507,15,G6518383159,,W911NF2110325,F4320338281,Army Research Office,
W3160131507,16,G6526646931,,FA9550-19-1-0399,F4320333591,Multidisciplinary University Research Initiative,
W3160131507,17,G657448715,,W911NF-16-1-,F4320338281,Army Research Office,
W3160131507,18,G7129326012,,4000178321,F4320338287,Oak Ridge National Laboratory,
W3160131507,19,G7444832178,,EEC-1941583,F4320306084,U.S. Department of Energy,
W3160131507,20,G7452299184,,W911NF,F4320338281,Army Research Office,
W3160131507,21,G7500482128,,W911NF-18-1-0212,F4320338279,Air Force Office of Scientific Research,
W3160131507,22,G7576470222,NSF Engineering Research Center for Quantum Networks (CQN),1941583,F4320306076,National Science Foundation,
W3160131507,23,G7900882,,W911NF-16- 1-0349,F4320338281,Army Research Office,
W3160131507,24,G8629900746,,4000178321,F4320306084,U.S. Department of Energy,
W3160131507,25,G8778025950,EFRI ACQUIRE: Integrated Nanophotonic Solid State Memories for Telecom Wavelength Quantum Repeaters,1640959,F4320306076,National Science Foundation,
W3160131507,26,G922915270,QII-TAQS: Quantum Metrological Platform for Single-Molecule Bio-Sensing,1936118,F4320306076,National Science Foundation,
W4399657517,1,G7033135252,,RS-2024-00431768,F4320328359,"Ministry of Science and ICT, South Korea",
W4312058884,1,G1404049065,,FA9550-21-1-0209,F4320338279,Air Force Office of Scientific Research,
W4312058884,2,G1770223817,,FA864921P0781,F4320338294,Air Force Research Laboratory,
W4312058884,3,G3067963855,,W911NF-18-1-0020,F4320338281,Army Research Office,
W4312058884,4,G4629941602,QuIC - TaQS: Interconnects for a Superconducting-Atomic Hybrid Quantum Network,2137642,F4320306076,National Science Foundation,
W4312058884,5,G4962106257,,W911NF-18-1-0212,F4320338281,Army Research Office,
W4312058884,6,G6167497367,,FA9550-19-1-0399,F4320338279,Air Force Office of Scientific Research,
W4312058884,7,G6518383159,,W911NF2110325,F4320338281,Army Research Office,
W4312058884,8,G7452299184,,W911NF,F4320338281,Army Research Office,
W4312058884,9,G7576470222,NSF Engineering Research Center for Quantum Networks (CQN),1941583,F4320306076,National Science Foundation,
W4312058884,10,G7900882,,W911NF-16- 1-0349,F4320338281,Army Research Office,
W4312058884,11,G8672390710,,2020-71479,F4320306079,David and Lucile Packard Foundation,
W4312058884,12,G922915270,QII-TAQS: Quantum Metrological Platform for Single-Molecule Bio-Sensing,1936118,F4320306076,National Science Foundation,
W4393023116,1,G1227339014,,W911NF-18- 1-043,F4320338281,Army Research Office,
W4393023116,2,G1523888516,,FA9550-,F4320338279,Air Force Office of Scientific Research,
W4393023116,3,G36446433,,FA9550-20-1,F4320338279,Air Force Office of Scientific Research,
W4393023116,4,G5569641376,,FA9550-20-1-0105,F4320338279,Air Force Office of Scientific Research,
W4393023116,5,G5729145195,,FA9550-20,F4320338279,Air Force Office of Scientific Research,
W4393023116,6,G7452299184,,W911NF,F4320338281,Army Research Office,
W4393023116,7,G7576470222,NSF Engineering Research Center for Quantum Networks (CQN),1941583,F4320306076,National Science Foundation,
W4406949400,1,G2569120085,Collaborative Research: CIF: Medium: QODED: Quantum codes Optimized for the Dynamics between Encoded Computation and Decoding using Classical Coding Techniques,2106189,F4320306076,National Science Foundation,
W4406949400,2,G2793524870,ECCS/CCSS: Neural Network Nonlinear Iterative LDPC Decoders with Guaranteed Error Performance and Fast Convergence,2027844,F4320306076,National Science Foundation,
W4406949400,3,G767368701,Collaborative Research: Secure and Efficient Post-quantum Cryptography: from Coding Theory to Hardware Architecture,2052751,F4320306076,National Science Foundation,
W4406949400,4,G7789950527,CIF: Small: Learning To Correct Errors,2100013,F4320306076,National Science Foundation,
W4286911777,1,G2469973041,,N660012014029,F4320332180,Defense Advanced Research Projects Agency,
W4286911777,2,G7576470222,NSF Engineering Research Center for Quantum Networks (CQN),1941583,F4320306076,National Science Foundation,
W4389469806,1,G1954895400,CIF: Medium: Iterative Quantum LDPC Decoders,1855879,F4320306076,National Science Foundation,
W4389469806,2,G3162985271,,W911NF2110325,F4320333591,Multidisciplinary University Research Initiative,
W4389469806,3,G6518383159,,W911NF2110325,F4320338281,Army Research Office,
W4389469806,4,G6715895681,Collaborative Research: CNS Core: Medium: Design and Analysis of Quantum Networks for Entanglement Distribution,1955834,F4320306076,National Science Foundation,
W4387963524,1,G1432373144,,W911NF-21-1-,F4320338281,Army Research Office,
W4387963524,2,G1551927532,,1541959,F4320332180,Defense Advanced Research Projects Agency,
W4387963524,3,G1686109301,,FA8702-15-D-0001,F4320332180,Defense Advanced Research Projects Agency,
W4387963524,4,G2315199764,,W911NF2010248,F4320338281,Army Research Office,
W4387963524,5,G2407405133,,RCP06360,F4320338294,Air Force Research Laboratory,
W4387963524,6,G2882288540,,W911NF2310077,F4320338281,Army Research Office,
W4387963524,7,G4198572546,QuIC-TAQS: Integrated Lithium Niobate Quantum Photonics Platform,2137723,F4320306076,National Science Foundation,
W4387963524,8,G4608849795,,1541959,F4320338281,Army Research Office,
W4387963524,9,G4629941602,QuIC - TaQS: Interconnects for a Superconducting-Atomic Hybrid Quantum Network,2137642,F4320306076,National Science Foundation,
W4387963524,10,G4973792023,Graduate Research Fellowship Program (GRFP),1745303,F4320306076,National Science Foundation,
W4387963524,11,G5255577712,,HR01120C0137,F4320332180,Defense Advanced Research Projects Agency,
W4387963524,12,G5298762856,,FA9550-21-1-0209,F4320338294,Air Force Research Laboratory,
W4387963524,13,G539115378,Graduate Research Fellowship Program (GRFP),2141064,F4320306076,National Science Foundation,
W4387963524,14,G5659690140,,FA9550-19-1-0399,F4320306076,National Science Foundation,
W4387963524,15,G5970606412,NNCI: The Center for Nanoscale System (CNS) at Harvard University,1541959,F4320306076,National Science Foundation,
W4387963524,16,G6518383159,,W911NF2110325,F4320338281,Army Research Office,
W4387963524,17,G6713313711,Collaborative Research: Conformal Gradient-Index Lenses for Ultrasonic Wave Amplification and Improved Diagnostics,1914583,F4320306076,National Science Foundation,
W4387963524,18,G7452299184,,W911NF,F4320338281,Army Research Office,
W4387963524,19,G7576470222,NSF Engineering Research Center for Quantum Networks (CQN),1941583,F4320306076,National Science Foundation,
W4387963524,20,G8257187485,,FA8702‐15‐D‐0001,F4320338294,Air Force Research Laboratory,
W4387963524,21,G8289759875,,FA9550,F4320338294,Air Force Research Laboratory,
W4387963524,22,G922915270,QII-TAQS: Quantum Metrological Platform for Single-Molecule Bio-Sensing,1936118,F4320306076,National Science Foundation,
W4318719152,1,G102163711,,DE‐ AC02‐06CH11357,F4320306084,U.S. Department of Energy,
W4318719152,2,G1055550527,,DE-AC02-06CH11357,F4320309626,University of Chicago,
W4318719152,3,G107546177,,DE- AC02-06-CH11357,F4320338284,Argonne National Laboratory,
W4318719152,4,G1313983767,,DE-AC02,F4320338284,Argonne National Laboratory,
W4318719152,5,G1404049065,,FA9550-21-1-0209,F4320338279,Air Force Office of Scientific Research,
W4318719152,6,G1432373144,,W911NF-21-1-,F4320338281,Army Research Office,
W4318719152,7,G1482135624,,W911NF-18-1-0020,F4320338279,Air Force Office of Scientific Research,
W4318719152,8,G1523888516,,FA9550-,F4320338279,Air Force Office of Scientific Research,
W4318719152,9,G165179637,,W911NF1610349,F4320333591,Multidisciplinary University Research Initiative,
W4318719152,10,G1664757510,,AC02–06CH11357,F4320338284,Argonne National Laboratory,
W4318719152,11,G1770223817,,FA864921P0781,F4320338294,Air Force Research Laboratory,
W4318719152,12,G1799408541,,EEC-1941583,F4320338279,Air Force Office of Scientific Research,
W4318719152,13,G2287611682,,AC02‐06CH11357,F4320332359,Office of Science,
W4318719152,14,G2598085392,,W911NF-16-1-0349,F4320338279,Air Force Office of Scientific Research,
W4318719152,15,G262962599,,AC02‐06CH11357,F4320306084,U.S. Department of Energy,
W4318719152,16,G2882288540,,W911NF2310077,F4320338281,Army Research Office,
W4318719152,17,G3067963855,,W911NF-18-1-0020,F4320338281,Army Research Office,
W4318719152,18,G3075337988,,06CH11357,F4320338284,Argonne National Laboratory,
W4318719152,19,G3162985271,,W911NF2110325,F4320333591,Multidisciplinary University Research Initiative,
W4318719152,20,G3392305090,,-16-1-,F4320338279,Air Force Office of Scientific Research,
W4318719152,21,G3663418429,,2013-39273,F4320306076,National Science Foundation,
W4318719152,22,G3722242190,,OMA-2137642,F4320338279,Air Force Office of Scientific Research,
W4318719152,23,G3990184095,,FA9550-21-1-0209,F4320309626,University of Chicago,
W4318719152,24,G431725244,,FA9550-21-1-0209,F4320333591,Multidisciplinary University Research Initiative,
W4318719152,25,G4516736450,,-21-1-,F4320338279,Air Force Office of Scientific Research,
W4318719152,26,G4629941602,QuIC - TaQS: Interconnects for a Superconducting-Atomic Hybrid Quantum Network,2137642,F4320306076,National Science Foundation,
W4318719152,27,G4876042962,,OMA-1936118,F4320338279,Air Force Office of Scientific Research,
W4318719152,28,G4962106257,,W911NF-18-1-0212,F4320338281,Army Research Office,
W4318719152,29,G498139845,,DE-AC02,F4320332359,Office of Science,
W4318719152,30,G513797252,,DE-AC02–06CH11357,F4320306076,National Science Foundation,
W4318719152,31,G5298762856,,FA9550-21-1-0209,F4320338294,Air Force Research Laboratory,
W4318719152,32,G5659690140,,FA9550-19-1-0399,F4320306076,National Science Foundation,
W4318719152,33,G600607804,,HR001120C0068,F4320332180,Defense Advanced Research Projects Agency,
W4318719152,34,G6141599669,,EFMA-1640959,F4320338279,Air Force Office of Scientific Research,
W4318719152,35,G6167497367,,FA9550-19-1-0399,F4320338279,Air Force Office of Scientific Research,
W4318719152,36,G6518383159,,W911NF2110325,F4320338281,Army Research Office,
W4318719152,37,G6526646931,,FA9550-19-1-0399,F4320333591,Multidisciplinary University Research Initiative,
W4318719152,38,G657448715,,W911NF-16-1-,F4320338281,Army Research Office,
W4318719152,39,G6848031779,,06CH11357,F4320306084,U.S. Department of Energy,
W4318719152,40,G6918803902,,06CH11357,F4320332359,Office of Science,
W4318719152,41,G741291543,,DE-AC02-06CH11357,F4320338279,Air Force Office of Scientific Research,
W4318719152,42,G7444832178,,EEC-1941583,F4320306084,U.S. Department of Energy,
W4318719152,43,G7452299184,,W911NF,F4320338281,Army Research Office,
W4318719152,44,G7500482128,,W911NF-18-1-0212,F4320338279,Air Force Office of Scientific Research,
W4318719152,45,G7576470222,NSF Engineering Research Center for Quantum Networks (CQN),1941583,F4320306076,National Science Foundation,
W4318719152,46,G7900882,,W911NF-16- 1-0349,F4320338281,Army Research Office,
W4318719152,47,G8289759875,,FA9550,F4320338294,Air Force Research Laboratory,
W4318719152,48,G8657819275,,W911NF-18-1-0020,F4320332180,Defense Advanced Research Projects Agency,
W4318719152,49,G8778025950,EFRI ACQUIRE: Integrated Nanophotonic Solid State Memories for Telecom Wavelength Quantum Repeaters,1640959,F4320306076,National Science Foundation,
W4318719152,50,G922915270,QII-TAQS: Quantum Metrological Platform for Single-Molecule Bio-Sensing,1936118,F4320306076,National Science Foundation,
W4318719152,51,G969889393,,DE-AC02-,F4320306084,U.S. Department of Energy,
W4318719152,52,G993149817,,DE-AC02-06CH11357 ,F4320332359,Office of Science,
W4396243562,1,G3162985271,,W911NF2110325,F4320333591,Multidisciplinary University Research Initiative,
W4396243562,2,G4413222662,Collaborative Research: CNS Core: Medium: Design and Analysis of Quantum Networks for Entanglement Distribution,1955744,F4320306076,National Science Foundation,
W4396243562,3,G6518383159,,W911NF2110325,F4320338281,Army Research Office,
W4396243562,4,G7576470222,NSF Engineering Research Center for Quantum Networks (CQN),1941583,F4320306076,National Science Foundation,
W4389363537,1,G125460123,,DE-AC05–76RL01830,F4320306084,U.S. Department of Energy,
W4389363537,2,G138090931,,DEAC0576RL01830,F4320338354,Pacific Northwest National Laboratory,
W4389363537,3,G1899721271,,AC05-76RL01830,F4320306250,Battelle,
W4389363537,4,G241279073,,DE‐SC0012704,F4320306084,U.S. Department of Energy,
W4389363537,5,G2506945562,,76RL01830,F4320306084,U.S. Department of Energy,
W4389363537,6,G2510423872,,AC05-76RL01830,F4320306084,U.S. Department of Energy,
W4389363537,7,G2988778103,,DE-AC05?,F4320306084,U.S. Department of Energy,
W4389363537,8,G357145406,,DE-SC-0012704,F4320332359,Office of Science,
W4389363537,9,G391136020,,DE- AC05-76RL01830,F4320306250,Battelle,
W4389363537,10,G5321382714,,76RL01830,F4320338354,Pacific Northwest National Laboratory,
W4389363537,11,G5653134238,,DEAC05–76RL01830,F4320306076,National Science Foundation,
W4389363537,12,G5726405315,,DE-AC05,F4320306250,Battelle,
W4389363537,13,G5765906131,,SC0012704.,F4320306084,U.S. Department of Energy,
W4389363537,14,G7463374569,,SC0012704,F4320332359,Office of Science,
W4389363537,15,G7560550554,,76RL01830,F4320306076,National Science Foundation,
W4389363537,16,G7576470222,NSF Engineering Research Center for Quantum Networks (CQN),1941583,F4320306076,National Science Foundation,
W4389363537,17,G7875204501,Collaborative Research: EPiQC: Enabling Practical-Scale Quantum Computation,1730082,F4320306076,National Science Foundation,
W4389363537,18,G821644656,,DE‐AC05‐76 RL01830,F4320332359,Office of Science,
W4389363537,19,G872144517,,DE-SC0012704,F4320306076,National Science Foundation,
W4389363537,20,G902573048,Collaborative Research: EPiQC: Enabling Practical-Scale Quantum Computation,1730449,F4320306076,National Science Foundation,
W4396514905,1,G1007380625,,T.0224.18,F4320321390,Fonds De La Recherche Scientifique - FNRS,
W4396514905,2,G3162985271,,W911NF2110325,F4320333591,Multidisciplinary University Research Initiative,
W4396514905,3,G6518383159,,W911NF2110325,F4320338281,Army Research Office,
W4400064654,1,G2422073433,,CCSS-2052751,F4320337392,"Division of Electrical, Communications and Cyber Systems",
W4400064654,2,G2569120085,Collaborative Research: CIF: Medium: QODED: Quantum codes Optimized for the Dynamics between Encoded Computation and Decoding using Classical Coding Techniques,2106189,F4320306076,National Science Foundation,
W4400064654,3,G2793524870,ECCS/CCSS: Neural Network Nonlinear Iterative LDPC Decoders with Guaranteed Error Performance and Fast Convergence,2027844,F4320306076,National Science Foundation,
W4400064654,4,G3559249381,,CCSS-2027844,F4320337392,"Division of Electrical, Communications and Cyber Systems",
W4400064654,5,G7576470222,NSF Engineering Research Center for Quantum Networks (CQN),1941583,F4320306076,National Science Foundation,
W4400064654,6,G767368701,Collaborative Research: Secure and Efficient Post-quantum Cryptography: from Coding Theory to Hardware Architecture,2052751,F4320306076,National Science Foundation,
W4400064654,7,G7789950527,CIF: Small: Learning To Correct Errors,2100013,F4320306076,National Science Foundation,
W4411486421,1,G1079818582,,AC02‐05CH11231,F4320338292,Lawrence Berkeley National Laboratory,
W4411486421,2,G1143651532,,DE-AC02-05CH11231,F4320338292,Lawrence Berkeley National Laboratory,
W4411486421,3,G1286236842,,-AC02-05CH11231,F4320306084,U.S. Department of Energy,
W4411486421,4,G1314494723,,DE-AC02-05CH11231,F4320338281,Army Research Office,
W4411486421,5,G1457575125,"QuSeC-TAQS: Quantum Sensor Networks for Metrology, Chemistry and Astrophysics",2326787,F4320306076,National Science Foundation,
W4411486421,6,G1863003419,,DEAC02-05CH11231,F4320306076,National Science Foundation,
W4411486421,7,G3083819904,,05CH11231,F4320306084,U.S. Department of Energy,
W4411486421,8,G3719423973,,W911NF-23-2-0219,F4320333051,Intelligence Advanced Research Projects Activity,
W4411486421,9,G419881185,,DEAC02–05CH11231,F4320332359,Office of Science,
W4411486421,10,G42916606,,DE AC02 05CH11231,F4320306084,U.S. Department of Energy,
W4411486421,11,G4501827968,,AC02-05CH11231,F4320332359,Office of Science,
W4411486421,12,G498139845,,DE-AC02,F4320332359,Office of Science,
W4411486421,13,G5188000133,,HR0011-23-3-0012,F4320332180,Defense Advanced Research Projects Agency,
W4411486421,14,G5206177008,,DE-AC02-05CH11231,F4320332180,Defense Advanced Research Projects Agency,
W4411486421,15,G5596049314,,"HR0011-23-3-0012, HR0011-24-9-0359",F4320332180,Defense Advanced Research Projects Agency,
W4411486421,16,G5723341926,,W911NF2320219,F4320338281,Army Research Office,
W4411486421,17,G5937005037,Physics and Applications of Quantum Nanophotonics Systems,2012023,F4320306076,National Science Foundation,
W4411486421,18,G6492584721,FUNDAMENTAL ALGORITHMIC RESEARCH FOR QUANTUM COMPUTING(FAR-QC),DESC0020290,F4320332359,Office of Science,
W4411486421,19,G7354628648,,05CH11231,F4320338292,Lawrence Berkeley National Laboratory,
W4411486421,20,G7444832178,,EEC-1941583,F4320306084,U.S. Department of Energy,
W4411486421,21,G7452299184,,W911NF,F4320338281,Army Research Office,
W4411486421,22,G7576470222,NSF Engineering Research Center for Quantum Networks (CQN),1941583,F4320306076,National Science Foundation,
W4411486421,23,G7796153478,,HR0011-24-9-0359,F4320332180,Defense Advanced Research Projects Agency,
W4411486421,24,G8312103549,FUNDAMENTAL ALGORITHMIC RESEARCH FOR QUANTUM COMPUTING(FAR-QC),DESC0020290,F4320306084,U.S. Department of Energy,
W4411486421,25,G969889393,,DE-AC02-,F4320306084,U.S. Department of Energy,
W4411721766,1,G6389556333,,D22AP00148,F4320323817,Universitas Brawijaya,
W4411721766,2,G7937166750,,"2345563, 1941583, 2145631, 2215017, 222644",F4320323817,Universitas Brawijaya,
W4416112278,1,G2422073433,,CCSS-2052751,F4320337392,"Division of Electrical, Communications and Cyber Systems",
W4416112278,2,G2569120085,Collaborative Research: CIF: Medium: QODED: Quantum codes Optimized for the Dynamics between Encoded Computation and Decoding using Classical Coding Techniques,2106189,F4320306076,National Science Foundation,
W4416112278,3,G2779968851,CIF: Small: Quantum LDPC Codes and Low-Complexity Iterative Decoders,2420424,F4320306076,National Science Foundation,
W4416112278,4,G2793524870,ECCS/CCSS: Neural Network Nonlinear Iterative LDPC Decoders with Guaranteed Error Performance and Fast Convergence,2027844,F4320306076,National Science Foundation,
W4416112278,5,G3559249381,,CCSS-2027844,F4320337392,"Division of Electrical, Communications and Cyber Systems",
W4416112278,6,G7576470222,NSF Engineering Research Center for Quantum Networks (CQN),1941583,F4320306076,National Science Foundation,
W4416112278,7,G767368701,Collaborative Research: Secure and Efficient Post-quantum Cryptography: from Coding Theory to Hardware Architecture,2052751,F4320306076,National Science Foundation,
W4416112278,8,G7789950527,CIF: Small: Learning To Correct Errors,2100013,F4320306076,National Science Foundation,
W3111250589,1,G2469973041,,N660012014029,F4320332180,Defense Advanced Research Projects Agency,
W3111250589,2,G5003045098,,N00014- 19-1-2190,F4320337345,Office of Naval Research,
W3111250589,3,G6533748316,,ECCS-1920742,F4320337392,"Division of Electrical, Communications and Cyber Systems",
W3111250589,4,G8942380770,,CCF-1907918,F4320337387,Division of Computing and Communication Foundations,
W4384522497,1,G1565529943,,6945207,F4320322402,Nippon Telegraph and Telephone,
W4384522497,2,G2279361357,,W911NF17-1-0527,F4320338281,Army Research Office,
W4384522497,3,G4944074465,Convergence QL: Workshop Series: Cross- Sector Connections in Quantum Leap,1747426,F4320306076,National Science Foundation,
W4384522497,4,G4979520727,EAGER:Scalable Photonic AI Accelerators Based on Photoelectric Multiplication,1946976,F4320306076,National Science Foundation,
W4384522497,5,G5185765620,,NeuroQNet 2,F4320320882,Volkswagen Foundation,
W4384522497,6,G6804949641,Graduate Research Fellowship Program (GRFP),1745302,F4320306076,National Science Foundation,
W4377115728,1,G1173395692,,3R25HL126140-05S1,F4320337338,"National Heart, Lung, and Blood Institute",
W3158331323,1,G1162011400,,W911NF1810432,F4320338281,Army Research Office,
W3158331323,2,G1268556693,"HYBRID ELECTRO- AND ACOUSTO-DYNAMICAL SYSTEMS FOR QUANTUM 
OPTICAL NETWORKS (HEADS-QON)",DESC0020376,F4320306084,U.S. Department of Energy,
W3158331323,3,G1523888516,,FA9550-,F4320338279,Air Force Office of Scientific Research,
W3158331323,4,G1639952346,,1231319,F4320337367,Division of Materials Research,
W3158331323,5,G1799408541,,EEC-1941583,F4320338279,Air Force Office of Scientific Research,
W3158331323,6,G2183085053,,840968,F4320338281,Army Research Office,
W3158331323,7,G2919862584,,840968,F4320306076,National Science Foundation,
W3158331323,8,G3066335313,,FA9550‐19‐1‐0376,F4320338279,Air Force Office of Scientific Research,
W3158331323,9,G3180581135,,1838976,F4320337392,"Division of Electrical, Communications and Cyber Systems",
W3158331323,10,G3311699245,Center for Integrated Quantum Materials,1231319,F4320306076,National Science Foundation,
W3158331323,11,G3420992565,,SFB1375,F4320320879,Deutsche Forschungsgemeinschaft,
W3158331323,12,G3431638231,,W911NF1810432,F4320338279,Air Force Office of Scientific Research,
W3158331323,13,G3582326853,,W911NF1810432,F4320333591,Multidisciplinary University Research Initiative,
W3158331323,14,G36446433,,FA9550-20-1,F4320338279,Air Force Office of Scientific Research,
W3158331323,15,G3908502130,,N00014-20-1-2425,F4320337345,Office of Naval Research,
W3158331323,16,G434337789,,HORIZON2020,F4320320300,European Commission,
W3158331323,17,G468436599,,840968,F4320338279,Air Force Office of Scientific Research,
W3158331323,18,G475327532,,840968,F4320337345,Office of Naval Research,
W3158331323,19,G5569641376,,FA9550-20-1-0105,F4320338279,Air Force Office of Scientific Research,
W3158331323,20,G5656270699,,202160592,F4320334764,Japan Society for the Promotion of Science,
W3158331323,21,G5729145195,,FA9550-20,F4320338279,Air Force Office of Scientific Research,
W3158331323,22,G5734303726,,ECCS-1838976,F4320337392,"Division of Electrical, Communications and Cyber Systems",
W3158331323,23,G6075373719,,DMR-1231319,F4320306084,U.S. Department of Energy,
W3158331323,24,G6098521345,,FA9550,F4320337345,Office of Naval Research,
W3158331323,25,G6987858779,"RAISE: TAQS: Engineering high quality, practical qubits in diamond",1838976,F4320306076,National Science Foundation,
W3158331323,26,G7444832178,,EEC-1941583,F4320306084,U.S. Department of Energy,
W3158331323,27,G7576470222,NSF Engineering Research Center for Quantum Networks (CQN),1941583,F4320306076,National Science Foundation,
W3158331323,28,G8270899765,Coherent Optomechanical and Hyperfine interactions Engineering with Silicon-Vacancy impurities in diamond for quantum networks,840968,F4320320300,European Commission,
W3158331323,29,G8640644076,,DMR-12313 19,F4320306076,National Science Foundation,
W3158331323,30,G875209366,,DMR-1231319,F4320337367,Division of Materials Research,
W3158331323,31,G8876996369,,N00014,F4320337345,Office of Naval Research,
W4404066555,1,G3964890580,,FA9550-20-1-01015,F4320338279,Air Force Office of Scientific Research,
W4404066555,2,G4939499469,,N6833522C0413,F4320338328,"Naval Air Warfare Center, Aircraft Division",
W4404066555,3,G6906440423,QuIC-TAQS: Implementation of a Neutral-Atom-Photonic-Cluster State,2138068,F4320306076,National Science Foundation,
W4404066555,4,G7576470222,NSF Engineering Research Center for Quantum Networks (CQN),1941583,F4320306076,National Science Foundation,
W4404066555,5,G8862277691,,80NSSC22K0262,F4320306101,National Aeronautics and Space Administration,
W4383371209,1,G1482907860,,964591,F4320332999,Horizon 2020 Framework Programme,
W4383371209,2,G2013811626,ULTRAFAST ALL-OPTICAL SPATIO-TEMPORAL ELECTRON MODULATORS: OPENING NEW FRONTIERS IN ELECTRON MICROSCOPY,964591,F4320320300,European Commission,
W4383371209,3,G3259793177,Imaging Quantum Coherence with Shaped Electrons (iQCE),GBMF11473,F4320306202,Gordon and Betty Moore Foundation,
W4383371209,4,G434337789,,HORIZON2020,F4320320300,European Commission,
W4383371209,5,G7849548699,,851780,F4320320300,European Commission,
W4383371209,6,G919562265,,851780-NanoEP,F4320338335,H2020 European Research Council,
W4309659482,1,G6530185922,,DE-SC0019356,F4320337480,Basic Energy Sciences,
W4390906822,1,G149988304,,PHY-1734011,F4320334437,"Center for Ultracold Atoms, Massachusetts Institute of Technology",
W4390906822,2,G1764429578,,PHY-2012023,F4320335353,National Science Foundation of Sri Lanka,
W4390906822,3,G3174456158,CONTROLLED SYNTHESIS OF SOLID-STATE QUANTUM EMITTER ARRAYS FOR QUANTUM COMPUTING AND SIMULATION,DESC0020115,F4320306084,U.S. Department of Energy,
W4390906822,4,G3328784144,EXC 2056: CUI: Advanced Imaging of Matter,390715994,F4320320879,Deutsche Forschungsgemeinschaft,
W4390906822,5,G6989111256,,16KIS1592K,F4320321114,Bundesministerium für Bildung und Forschung,
W4281624768,1,G3248877916,CAREER: Covert Quantum Sensing,2045530,F4320306076,National Science Foundation,
W4281624768,2,G5003045098,,N00014- 19-1-2190,F4320337345,Office of Naval Research,
W4281624768,3,G7576470222,NSF Engineering Research Center for Quantum Networks (CQN),1941583,F4320306076,National Science Foundation,
W4281624768,4,G8037367148,FET: Small: Spectrally Efficient High-dimensional Quantum Communications in an Integrated Quantum Photonic Platform,1907918,F4320306076,National Science Foundation,
W4281624768,5,G8504488424,Collaborative Research:  Programmable Chip-Scale Quantum-Photonics Platform Based on Frequency-Comb Cluster-States for Multicasting Quantum Networks,1920742,F4320306076,National Science Foundation,
W4386887830,1,G1404049065,,FA9550-21-1-0209,F4320338279,Air Force Office of Scientific Research,
W4386887830,2,G1770223817,,FA864921P0781,F4320338294,Air Force Research Laboratory,
W4386887830,3,G3067963855,,W911NF-18-1-0020,F4320338281,Army Research Office,
W4386887830,4,G4629941602,QuIC - TaQS: Interconnects for a Superconducting-Atomic Hybrid Quantum Network,2137642,F4320306076,National Science Foundation,
W4386887830,5,G4962106257,,W911NF-18-1-0212,F4320338281,Army Research Office,
W4386887830,6,G6167497367,,FA9550-19-1-0399,F4320338279,Air Force Office of Scientific Research,
W4386887830,7,G6518383159,,W911NF2110325,F4320338281,Army Research Office,
W4386887830,8,G7576470222,NSF Engineering Research Center for Quantum Networks (CQN),1941583,F4320306076,National Science Foundation,
W4386887830,9,G7900882,,W911NF-16- 1-0349,F4320338281,Army Research Office,
W4386887830,10,G8672390710,,2020-71479,F4320306079,David and Lucile Packard Foundation,
W4386887830,11,G922915270,QII-TAQS: Quantum Metrological Platform for Single-Molecule Bio-Sensing,1936118,F4320306076,National Science Foundation,
W4311704825,1,G1404049065,,FA9550-21-1-0209,F4320338279,Air Force Office of Scientific Research,
W4311704825,2,G165179637,,W911NF1610349,F4320333591,Multidisciplinary University Research Initiative,
W4311704825,3,G1770223817,,FA864921P0781,F4320338294,Air Force Research Laboratory,
W4311704825,4,G3067963855,,W911NF-18-1-0020,F4320338281,Army Research Office,
W4311704825,5,G3162985271,,W911NF2110325,F4320333591,Multidisciplinary University Research Initiative,
W4311704825,6,G4629941602,QuIC - TaQS: Interconnects for a Superconducting-Atomic Hybrid Quantum Network,2137642,F4320306076,National Science Foundation,
W4311704825,7,G4962106257,,W911NF-18-1-0212,F4320338281,Army Research Office,
W4311704825,8,G6167497367,,FA9550-19-1-0399,F4320338279,Air Force Office of Scientific Research,
W4311704825,9,G7576470222,NSF Engineering Research Center for Quantum Networks (CQN),1941583,F4320306076,National Science Foundation,
W4311704825,10,G7904985311,,JPMJMS2061,F4320338247,Moonshot Research and Development Program,
W4311704825,11,G922915270,QII-TAQS: Quantum Metrological Platform for Single-Molecule Bio-Sensing,1936118,F4320306076,National Science Foundation,
W4388820999,1,G1227339014,,W911NF-18- 1-043,F4320338281,Army Research Office,
W4388820999,2,G1747787043,,ERKCK47,F4320337480,Basic Energy Sciences,
W4388820999,3,G7452299184,,W911NF,F4320338281,Army Research Office,
W4389571518,1,G1162011400,,W911NF1810432,F4320338281,Army Research Office,
W4389571518,2,G3582326853,,W911NF1810432,F4320333591,Multidisciplinary University Research Initiative,
W4389571518,3,G3908502130,,N00014-20-1-2425,F4320337345,Office of Naval Research,
W4389571518,4,G4198572546,QuIC-TAQS: Integrated Lithium Niobate Quantum Photonics Platform,2137723,F4320306076,National Science Foundation,
W4389571518,5,G4608849795,,1541959,F4320338281,Army Research Office,
W4389571518,6,G4973792023,Graduate Research Fellowship Program (GRFP),1745303,F4320306076,National Science Foundation,
W4389571518,7,G5970606412,NNCI: The Center for Nanoscale System (CNS) at Harvard University,1541959,F4320306076,National Science Foundation,
W4389571518,8,G7576470222,NSF Engineering Research Center for Quantum Networks (CQN),1941583,F4320306076,National Science Foundation,
W4389571518,9,G8030067134,,1541959,F4320337345,Office of Naval Research,
W4389571518,10,G8282131964,,MURI W911NF1810432,F4320338281,Army Research Office,
W4389571518,11,G8876996369,,N00014,F4320337345,Office of Naval Research,
W4401438764,1,G2442584775,,23H02052,F4320320912,"Ministry of Education, Culture, Sports, Science and Technology",
W4401438764,2,G3591598716,,FA2386,F4320338279,Air Force Office of Scientific Research,
W4401438764,3,G4162329948,,21H05233,F4320320912,"Ministry of Education, Culture, Sports, Science and Technology",
W4401438764,4,G431173618,EXTRAORDINARY ELECTRONIC SWITCHING OF THERMAL TRANSPORT,N000142112377,F4320306078,U.S. Department of Defense,
W4401438764,5,G4516736450,,-21-1-,F4320338279,Air Force Office of Scientific Research,
W4401438764,6,G465700681,,N00014-21-1-2377,F4320337345,Office of Naval Research,
W4401438764,7,G4806815962,,23H02052,F4320334764,Japan Society for the Promotion of Science,
W4401438764,8,G6556517879,,FA2386-21-1-4086,F4320338279,Air Force Office of Scientific Research,
W4401438764,9,G8355038343,,N00014-21-1-2377,F4320333591,Multidisciplinary University Research Initiative,
W4401438764,10,G8876996369,,N00014,F4320337345,Office of Naval Research,
W4401438764,11,G898758523,,21H05233,F4320334764,Japan Society for the Promotion of Science,
W4392122036,1,G1551531013,,DE-SC0019331,F4320338420,Energy Frontier Research Centers,
W4392122036,2,G272672434,,DE‐AC02‐05CH1123,F4320332359,Office of Science,
W4392122036,3,G3514745881,"Julia Mundy, Moore Fellow in Materials Synthesis",GBMF6760,F4320306202,Gordon and Betty Moore Foundation,
W4392122036,4,G3686263055,,FA9550-21-1-0429,F4320338294,Air Force Research Laboratory,
W4392122036,5,G6215887222,Exploring ion mobility in metastable hexagonal oxide thin films for energy applications,195686,F4320320924,Schweizerischer Nationalfonds zur Förderung der Wissenschaftlichen Forschung,
W4405813211,1,G121915436,,DEAC05- 00OR22725,F4320332359,Office of Science,
W4405813211,2,G1404049065,,FA9550-21-1-0209,F4320338279,Air Force Office of Scientific Research,
W4405813211,3,G1432373144,,W911NF-21-1-,F4320338281,Army Research Office,
W4405813211,4,G1523888516,,FA9550-,F4320338279,Air Force Office of Scientific Research,
W4405813211,5,G1645119126,,AC05-00OR22725,F4320306084,U.S. Department of Energy,
W4405813211,6,G203625172,,DE--AC05--00OR22725,F4320306084,U.S. Department of Energy,
W4405813211,7,G2075189144,,DE-AC05-00OR22725,F4320321001,National Natural Science Foundation of China,
W4405813211,8,G2411683797,,DEAC05- 00OR22725,F4320306076,National Science Foundation,
W4405813211,9,G2882288540,,W911NF2310077,F4320338281,Army Research Office,
W4405813211,10,G2988778103,,DE-AC05?,F4320306084,U.S. Department of Energy,
W4405813211,11,G3162985271,,W911NF2110325,F4320333591,Multidisciplinary University Research Initiative,
W4405813211,12,G3722242190,,OMA-2137642,F4320338279,Air Force Office of Scientific Research,
W4405813211,13,G3990184095,,FA9550-21-1-0209,F4320309626,University of Chicago,
W4405813211,14,G4156658221,,12475023,F4320321001,National Natural Science Foundation of China,
W4405813211,15,G431725244,,FA9550-21-1-0209,F4320333591,Multidisciplinary University Research Initiative,
W4405813211,16,G4516736450,,-21-1-,F4320338279,Air Force Office of Scientific Research,
W4405813211,17,G4629941602,QuIC - TaQS: Interconnects for a Superconducting-Atomic Hybrid Quantum Network,2137642,F4320306076,National Science Foundation,
W4405813211,18,G4876042962,,OMA-1936118,F4320338279,Air Force Office of Scientific Research,
W4405813211,19,G5659690140,,FA9550-19-1-0399,F4320306076,National Science Foundation,
W4405813211,20,G6131459415,,DE-AC05-00OR22725,F4320338279,Air Force Office of Scientific Research,
W4405813211,21,G6167497367,,FA9550-19-1-0399,F4320338279,Air Force Office of Scientific Research,
W4405813211,22,G6518383159,,W911NF2110325,F4320338281,Army Research Office,
W4405813211,23,G6526646931,,FA9550-19-1-0399,F4320333591,Multidisciplinary University Research Initiative,
W4405813211,24,G7452299184,,W911NF,F4320338281,Army Research Office,
W4405813211,25,G7576470222,NSF Engineering Research Center for Quantum Networks (CQN),1941583,F4320306076,National Science Foundation,
W4405813211,26,G8269158468,,AC05-00OR22725,F4320332359,Office of Science,
W4405813211,27,G8906985441,,00OR22725,F4320306084,U.S. Department of Energy,
W4405813211,28,G922915270,QII-TAQS: Quantum Metrological Platform for Single-Molecule Bio-Sensing,1936118,F4320306076,National Science Foundation,
W4389936409,1,G1569830949,Nano-mechanical quantum photonic circuits,949043,F4320338335,H2020 European Research Council,
W4389936409,2,G238265428,,5072-00016B,F4320334770,Danish Agency for Science and Higher Education,
W4389936409,3,G3729718828,,DNRF139,F4320320943,Danmarks Grundforskningsfond,
W4389936409,4,G777261295,,16KISQ009,F4320321114,Bundesministerium für Bildung und Forschung,
W4412909200,1,G2299640353,,HR00112420360,F4320332180,Defense Advanced Research Projects Agency,
W4412909200,2,G7576470222,NSF Engineering Research Center for Quantum Networks (CQN),1941583,F4320306076,National Science Foundation,
W4411538203,1,G1550555371,,W911NF-21-2-004,F4320338281,Army Research Office,
W4411538203,2,G7576470222,NSF Engineering Research Center for Quantum Networks (CQN),1941583,F4320306076,National Science Foundation,
W4297495219,1,G1954895400,CIF: Medium: Iterative Quantum LDPC Decoders,1855879,F4320306076,National Science Foundation,
W4297495219,2,G3889299546,Collaborative Research: CIF: FET: Small: Realizing Joint Detection Receivers for Quantum-enhanced Optical Communications using Photonic NISQ-era Quantum Processors,2204985,F4320306076,National Science Foundation,
W4297495219,3,G5665529981,,N0001 4-1 4-1 -0505,F4320337345,Office of Naval Research,
W3217468508,1,G2463917466,,HR00112090128,F4320332180,Defense Advanced Research Projects Agency,
W3217468508,2,G67716932,,W911NF-20-1-0235,F4320338281,Army Research Office,
W4205875511,1,G7576470222,NSF Engineering Research Center for Quantum Networks (CQN),1941583,F4320306076,National Science Foundation,
W4388913318,1,G6818338331,,N00014-23-2784,F4320337345,Office of Naval Research,
W4400988711,1,G3162985271,,W911NF2110325,F4320333591,Multidisciplinary University Research Initiative,
W4400988711,2,G875209366,,DMR-1231319,F4320337367,Division of Materials Research,
W4393372804,1,G6083680118,SWIFT: SMALL:  Exploiting Co-Existence for Verifiable Everlasting Security in Wireless Communication Systems: Hardware and Protocols,2029323,F4320306076,National Science Foundation,
W3202774750,1,G1290610125,,37417,F4320310490,Villum Fonden,
W3202774750,2,G1523888516,,FA9550-,F4320338279,Air Force Office of Scientific Research,
W3202774750,3,G230078430,,FA9550-16,F4320338279,Air Force Office of Scientific Research,
W3202774750,4,G3392305090,,-16-1-,F4320338279,Air Force Office of Scientific Research,
W3202774750,5,G3616359867,,FA9550-16-1,F4320338279,Air Force Office of Scientific Research,
W3202774750,6,G7420992271,,FA9550-16-1-0391,F4320338279,Air Force Office of Scientific Research,
W4392575291,1,G1215818129,,DGE1745303,F4320337393,Division of Chemistry,
W4392575291,2,G1264789558,,W911NF2010021,F4320332180,Defense Advanced Research Projects Agency,
W4392575291,3,G149988304,,PHY-1734011,F4320334437,"Center for Ultracold Atoms, Massachusetts Institute of Technology",
W4392575291,4,G2279853913,,W911NF-19-1,F4320338281,Army Research Office,
W4392575291,5,G2515541506,,HR0011,F4320332180,Defense Advanced Research Projects Agency,
W4392575291,6,G2916627489,,W911NF-20-1-0082,F4320338281,Army Research Office,
W4392575291,7,G3236695045,,W911NF-20,F4320338281,Army Research Office,
W4392575291,8,G3305708180,QUANTUM OPTIMIZATION WITH PROGRAMMABLE SIMULATORS BASED ON ATOM ARRAYS,W911NF2010021,F4320306078,U.S. Department of Defense,
W4392575291,9,G3719423973,,W911NF-23-2-0219,F4320333051,Intelligence Advanced Research Projects Activity,
W4392575291,10,G3994498848,2019 BUDGET REQUEST FOR THE DOE COMPUTATIONAL SCIENCE GRADUATE FELLOWSHIP (CSGF) GRANT,DESC0020347,F4320306084,U.S. Department of Energy,
W4392575291,11,G4203974978,,W911NF-19-1-0302,F4320338281,Army Research Office,
W4392575291,12,G4973792023,Graduate Research Fellowship Program (GRFP),1745303,F4320306076,National Science Foundation,
W4392575291,13,G5188000133,,HR0011-23-3-0012,F4320332180,Defense Advanced Research Projects Agency,
W4392575291,14,G5277982431,Collaborative Research: FET: Medium: Efficient Compilation for Dynamically Reconfigurable Atom Arrays,2313084,F4320306076,National Science Foundation,
W4392575291,15,G5723341926,,W911NF2320219,F4320338281,Army Research Office,
W4392575291,16,G586693022,,W911NF2010082,F4320333591,Multidisciplinary University Research Initiative,
W4392575291,17,G5937005037,Physics and Applications of Quantum Nanophotonics Systems,2012023,F4320306076,National Science Foundation,
W4392575291,18,G608057831,,W911NF-19,F4320306076,National Science Foundation,
W4392575291,19,G6137562473,,W911NF2320219,F4320306076,National Science Foundation,
W4392575291,20,G616689113,,W911NF-20-1-0082,F4320306076,National Science Foundation,
W4392575291,21,G6499681760,EAGER-QAC-QCH: Hybrid Quantum Classical Algortithm for NMR Inference,2037687,F4320306076,National Science Foundation,
W4392575291,22,G7166665977,Center for Ultracold Atoms,1734011,F4320306076,National Science Foundation,
W4392575291,23,G7452299184,,W911NF,F4320338281,Army Research Office,
W4392575291,24,G756116931,"COOPERATIVE AGREEMENT ""ENTANGLED NEUTRAL ATOMS FOR LOGICAL QUANTUM TELEPORTATION (ENAQT)""",W911NF2320219,F4320306078,U.S. Department of Defense,
W4392575291,25,G8415477955,,W911NF-19,F4320338281,Army Research Office,
W4287112884,1,G1829052184,,N00014-19-1-2189,F4320337345,Office of Naval Research,
W4287112884,2,G2469973041,,N660012014029,F4320332180,Defense Advanced Research Projects Agency,
W4287112884,3,G5003045098,,N00014- 19-1-2190,F4320337345,Office of Naval Research,
W4287112884,4,G5972442391,,N00014-19,F4320337345,Office of Naval Research,
W4287112884,5,G8876996369,,N00014,F4320337345,Office of Naval Research,
W4385438459,1,G1160162850,,FA95501610323,F4320338279,Air Force Office of Scientific Research,
W4385438459,2,G1230266125,,EXC‐2056,F4320320879,Deutsche Forschungsgemeinschaft,
W4385438459,3,G1326949761,,FA9550-16-1-0323,F4320333591,Multidisciplinary University Research Initiative,
W4385438459,4,G149988304,,PHY-1734011,F4320334437,"Center for Ultracold Atoms, Massachusetts Institute of Technology",
W4385438459,5,G1799408541,,EEC-1941583,F4320338279,Air Force Office of Scientific Research,
W4385438459,6,G2598543277,,FA9550171002,F4320338279,Air Force Office of Scientific Research,
W4385438459,7,G3174456158,CONTROLLED SYNTHESIS OF SOLID-STATE QUANTUM EMITTER ARRAYS FOR QUANTUM COMPUTING AND SIMULATION,DESC0020115,F4320306084,U.S. Department of Energy,
W4385438459,8,G3328784144,EXC 2056: CUI: Advanced Imaging of Matter,390715994,F4320320879,Deutsche Forschungsgemeinschaft,
W4385438459,9,G3921348697,,EXC 2056,F4320308269,Alexander von Humboldt-Stiftung,
W4385438459,10,G440953257,,390715994,F4320306084,U.S. Department of Energy,
W4385438459,11,G4467004105,,5710004174,F4320337395,Division of Emerging Frontiers in Research and Innovation,
W4385438459,12,G5295208202,,FA9550171002,F4320333591,Multidisciplinary University Research Initiative,
W4385438459,13,G5631081224,,ID 39 071 5994,F4320320879,Deutsche Forschungsgemeinschaft,
W4385438459,14,G5937005037,Physics and Applications of Quantum Nanophotonics Systems,2012023,F4320306076,National Science Foundation,
W4385438459,15,G6989111256,,16KIS1592K,F4320321114,Bundesministerium für Bildung und Forschung,
W4385438459,16,G7166665977,Center for Ultracold Atoms,1734011,F4320306076,National Science Foundation,
W4385438459,17,G7444832178,,EEC-1941583,F4320306084,U.S. Department of Energy,
W4385438459,18,G7576470222,NSF Engineering Research Center for Quantum Networks (CQN),1941583,F4320306076,National Science Foundation,
W4385438459,19,G7754291838,,5710004174,F4320306076,National Science Foundation,
W3201512292,1,G1954895400,CIF: Medium: Iterative Quantum LDPC Decoders,1855879,F4320306076,National Science Foundation,
W3201512292,2,G2569120085,Collaborative Research: CIF: Medium: QODED: Quantum codes Optimized for the Dynamics between Encoded Computation and Decoding using Classical Coding Techniques,2106189,F4320306076,National Science Foundation,
W3201512292,3,G2793524870,ECCS/CCSS: Neural Network Nonlinear Iterative LDPC Decoders with Guaranteed Error Performance and Fast Convergence,2027844,F4320306076,National Science Foundation,
W3201512292,4,G3559249381,,CCSS-2027844,F4320337392,"Division of Electrical, Communications and Cyber Systems",
W3201512292,5,G7576470222,NSF Engineering Research Center for Quantum Networks (CQN),1941583,F4320306076,National Science Foundation,
W3201512292,6,G7789950527,CIF: Small: Learning To Correct Errors,2100013,F4320306076,National Science Foundation,
W4386840646,1,G121915436,,DEAC05- 00OR22725,F4320332359,Office of Science,
W4386840646,2,G1404049065,,FA9550-21-1-0209,F4320338279,Air Force Office of Scientific Research,
W4386840646,3,G1432373144,,W911NF-21-1-,F4320338281,Army Research Office,
W4386840646,4,G1523888516,,FA9550-,F4320338279,Air Force Office of Scientific Research,
W4386840646,5,G1645119126,,AC05-00OR22725,F4320306084,U.S. Department of Energy,
W4386840646,6,G203625172,,DE--AC05--00OR22725,F4320306084,U.S. Department of Energy,
W4386840646,7,G2075189144,,DE-AC05-00OR22725,F4320321001,National Natural Science Foundation of China,
W4386840646,8,G2411683797,,DEAC05- 00OR22725,F4320306076,National Science Foundation,
W4386840646,9,G2882288540,,W911NF2310077,F4320338281,Army Research Office,
W4386840646,10,G2988778103,,DE-AC05?,F4320306084,U.S. Department of Energy,
W4386840646,11,G3162985271,,W911NF2110325,F4320333591,Multidisciplinary University Research Initiative,
W4386840646,12,G3722242190,,OMA-2137642,F4320338279,Air Force Office of Scientific Research,
W4386840646,13,G4156658221,,12475023,F4320321001,National Natural Science Foundation of China,
W4386840646,14,G431725244,,FA9550-21-1-0209,F4320333591,Multidisciplinary University Research Initiative,
W4386840646,15,G4516736450,,-21-1-,F4320338279,Air Force Office of Scientific Research,
W4386840646,16,G4629941602,QuIC - TaQS: Interconnects for a Superconducting-Atomic Hybrid Quantum Network,2137642,F4320306076,National Science Foundation,
W4386840646,17,G4876042962,,OMA-1936118,F4320338279,Air Force Office of Scientific Research,
W4386840646,18,G5659690140,,FA9550-19-1-0399,F4320306076,National Science Foundation,
W4386840646,19,G6131459415,,DE-AC05-00OR22725,F4320338279,Air Force Office of Scientific Research,
W4386840646,20,G6167497367,,FA9550-19-1-0399,F4320338279,Air Force Office of Scientific Research,
W4386840646,21,G6518383159,,W911NF2110325,F4320338281,Army Research Office,
W4386840646,22,G6526646931,,FA9550-19-1-0399,F4320333591,Multidisciplinary University Research Initiative,
W4386840646,23,G7452299184,,W911NF,F4320338281,Army Research Office,
W4386840646,24,G7576470222,NSF Engineering Research Center for Quantum Networks (CQN),1941583,F4320306076,National Science Foundation,
W4386840646,25,G8269158468,,AC05-00OR22725,F4320332359,Office of Science,
W4386840646,26,G8906985441,,00OR22725,F4320306084,U.S. Department of Energy,
W4386840646,27,G922915270,QII-TAQS: Quantum Metrological Platform for Single-Molecule Bio-Sensing,1936118,F4320306076,National Science Foundation,
W4391272555,1,G6609013835,,5239903,F4320322626,Türkiye Bilimsel ve Teknolojik Araştırma Kurumu,
W4395465356,1,G6044468287,Collaborative Research: CyberTraining: Implementation: Medium: Cyber Training on Materials Genome Innovation for Computational Software (CyberMAGICS),2118061,F4320306076,National Science Foundation,
W4400342242,1,G539115378,Graduate Research Fellowship Program (GRFP),2141064,F4320306076,National Science Foundation,
W4396918865,1,G1160162850,,FA95501610323,F4320338279,Air Force Office of Scientific Research,
W4396918865,2,G1326949761,,FA9550-16-1-0323,F4320333591,Multidisciplinary University Research Initiative,
W4396918865,3,G1799408541,,EEC-1941583,F4320338279,Air Force Office of Scientific Research,
W4396918865,4,G2027002873,NNCI: Center for Nanoscale Systems (CNS),2025158,F4320306076,National Science Foundation,
W4396918865,5,G2598543277,,FA9550171002,F4320338279,Air Force Office of Scientific Research,
W4396918865,6,G4467004105,,5710004174,F4320337395,Division of Emerging Frontiers in Research and Innovation,
W4396918865,7,G5295208202,,FA9550171002,F4320333591,Multidisciplinary University Research Initiative,
W4396918865,8,G5937005037,Physics and Applications of Quantum Nanophotonics Systems,2012023,F4320306076,National Science Foundation,
W4396918865,9,G7454671755,Center: Center for Ultracold Atoms,2317134,F4320306076,National Science Foundation,
W4396918865,10,G7576470222,NSF Engineering Research Center for Quantum Networks (CQN),1941583,F4320306076,National Science Foundation,
W4396918865,11,G7754291838,,5710004174,F4320306076,National Science Foundation,
W4229055891,1,G5241618640,"NeTS: Small: Design, Management, and Optimization of Cache Networks",1617437,F4320306076,National Science Foundation,
W4229055891,2,G6715895681,Collaborative Research: CNS Core: Medium: Design and Analysis of Quantum Networks for Entanglement Distribution,1955834,F4320306076,National Science Foundation,
W4229055891,3,G7576470222,NSF Engineering Research Center for Quantum Networks (CQN),1941583,F4320306076,National Science Foundation,
W4229055891,4,G8778025950,EFRI ACQUIRE: Integrated Nanophotonic Solid State Memories for Telecom Wavelength Quantum Repeaters,1640959,F4320306076,National Science Foundation,
W4386547421,1,G1747787043,,ERKCK47,F4320337480,Basic Energy Sciences,
W4386547421,2,G1893622800,,NSF-ECCS-1944085,F4320337392,"Division of Electrical, Communications and Cyber Systems",
W4386547421,3,G2298080521,RAISE-QAC-QSA: Open Quantum Systems on Noisy Intermediate-Scale Quantum Devices,2037783,F4320306076,National Science Foundation,
W4386547421,4,G2879743363,,FA8750-20-P-1721,F4320332467,U.S. Air Force,
W4386547421,5,G3422769415,CAREER: First Principles Design of Error-Corrected Solid-State Quantum Repeaters,1944085,F4320306076,National Science Foundation,
W4386547421,6,G3453618043,,NSF-ECCS-1944085,F4320306202,Gordon and Betty Moore Foundation,
W4386547421,7,G346992751,,FWP ERKCK47,F4320306084,U.S. Department of Energy,
W4386547421,8,G4391555091,,FWP ERKCK47,F4320337480,Basic Energy Sciences,
W4386547421,9,G478549624,,1944085,F4320337392,"Division of Electrical, Communications and Cyber Systems",
W4386547421,10,G6671297155,,CAREER,F4320306076,National Science Foundation,
W4386547421,11,G7001133811,,FWP ERKCK47,F4320338483,Division of Materials Sciences and Engineering,
W4386547421,12,G8668179966,,ECCS-1944085,F4320337392,"Division of Electrical, Communications and Cyber Systems",
W4386547421,13,G8676588572,Prineha Narang Moore Inventor Fellow Award,GBMF8048,F4320306202,Gordon and Betty Moore Foundation,
W4391962124,1,G1974070018,PROGRAMMABLE QUANTUM SIMULATORS FOR LATTICE GAUGE THEORIES AND GAUGE-GRAVITY CORRESPONDENCE,DESC0021013,F4320306084,U.S. Department of Energy,
W4391962124,2,G2475912542,,101041435,F4320306084,U.S. Department of Energy,
W4391962124,3,G2916627489,,W911NF-20-1-0082,F4320338281,Army Research Office,
W4391962124,4,G3305708180,QUANTUM OPTIMIZATION WITH PROGRAMMABLE SIMULATORS BASED ON ATOM ARRAYS,W911NF2010021,F4320306078,U.S. Department of Defense,
W4391962124,5,G3388975023,2020 BUDGET REQUEST FOR THE DOE COMPUTATIONAL SCIENCE GRADUATE FELLOWSHIP (CSGF) GRANT,DESC0021110,F4320306084,U.S. Department of Energy,
W4391962124,6,G586693022,,W911NF2010082,F4320333591,Multidisciplinary University Research Initiative,
W4391962124,7,G6183517682,,7568717,F4320306084,U.S. Department of Energy,
W3179091525,1,G3912643680,,DENA00003525,F4320332180,Defense Advanced Research Projects Agency,
W3179091525,2,G8209510840,"HYBRID QUANTUM SYSTEMS: SPINS, PHOTONS AND SUPERCONDUCTING QUBITS",DESC0019406,F4320306084,U.S. Department of Energy,
W3179091525,3,G8778025950,EFRI ACQUIRE: Integrated Nanophotonic Solid State Memories for Telecom Wavelength Quantum Repeaters,1640959,F4320306076,National Science Foundation,
W4390684557,1,G2511598367,,2022CDJQY-009,F4320335787,Fundamental Research Funds for the Central Universities,
W4390684557,2,G6060045962,,52221002,F4320321001,National Natural Science Foundation of China,
W4390684557,3,G6749313084,,52221002,F4320327720,Foundation for Innovative Research Groups of the National Natural Science Foundation of China,
W4390684557,4,G7253816567,,52008056,F4320321001,National Natural Science Foundation of China,
W3096680870,1,G3174456158,CONTROLLED SYNTHESIS OF SOLID-STATE QUANTUM EMITTER ARRAYS FOR QUANTUM COMPUTING AND SIMULATION,DESC0020115,F4320306084,U.S. Department of Energy,
W3096680870,2,G4973792023,Graduate Research Fellowship Program (GRFP),1745303,F4320306076,National Science Foundation,
W3096680870,3,G8817723181,Graduate Research Fellowship Program (GRFP),1144152,F4320306076,National Science Foundation,
W4399072936,1,G1905236827,Midisuperspace Laboratories for the Dynamics of Loop Quantum Gravity,1903799,F4320306076,National Science Foundation,
W4399072936,2,G2469973041,,N660012014029,F4320332180,Defense Advanced Research Projects Agency,
W4399072936,3,G4006026319,Quantum Aspects of Matter Fields and Gravity,2110273,F4320306076,National Science Foundation,
W4399072936,4,G4723197900,Midisuperspace Laboratories for Loop Quantum Gravity,2206557,F4320306076,National Science Foundation,
W4399072936,5,G8944706822,,LEQSF(2023-25)-RD-A-04,F4320309392,Louisiana Board of Regents,
W4396965984,1,G116673414,Materials Research Science and Engineering Centers,1420709,F4320306076,National Science Foundation,
W4396965984,2,G1276186940,,1542205,F4320337392,"Division of Electrical, Communications and Cyber Systems",
W4396965984,3,G1404049065,,FA9550-21-1-0209,F4320338279,Air Force Office of Scientific Research,
W4396965984,4,G1432373144,,W911NF-21-1-,F4320338281,Army Research Office,
W4396965984,5,G1523888516,,FA9550-,F4320338279,Air Force Office of Scientific Research,
W4396965984,6,G165179637,,W911NF1610349,F4320333591,Multidisciplinary University Research Initiative,
W4396965984,7,G1770223817,,FA864921P0781,F4320338294,Air Force Research Laboratory,
W4396965984,8,G1840849350,,W911NF-23-1-007,F4320338281,Army Research Office,
W4396965984,9,G209774301,,W911NF-15-1-0397,F4320333591,Multidisciplinary University Research Initiative,
W4396965984,10,G2261499402,GRANT,W911NF2110325,F4320306078,U.S. Department of Defense,
W4396965984,11,G2598085392,,W911NF-16-1-0349,F4320338279,Air Force Office of Scientific Research,
W4396965984,12,G2867976162,,1420709.,F4320337367,Division of Materials Research,
W4396965984,13,G2882288540,,W911NF2310077,F4320338281,Army Research Office,
W4396965984,14,G3068461594,,W911NF15-1-0397,F4320338281,Army Research Office,
W4396965984,15,G3162985271,,W911NF2110325,F4320333591,Multidisciplinary University Research Initiative,
W4396965984,16,G336680401,,ECCS-1542205,F4320337392,"Division of Electrical, Communications and Cyber Systems",
W4396965984,17,G3392305090,,-16-1-,F4320338279,Air Force Office of Scientific Research,
W4396965984,18,G3629410558,,013-39273,F4320306079,David and Lucile Packard Foundation,
W4396965984,19,G3663418429,,2013-39273,F4320306076,National Science Foundation,
W4396965984,20,G3722242190,,OMA-2137642,F4320338279,Air Force Office of Scientific Research,
W4396965984,21,G3853704058,"R&D, SCIENCE AND ENGINEERING, IN THE AREA OF PHYSICS.",FA95501910399,F4320306078,U.S. Department of Defense,
W4396965984,22,G431725244,,FA9550-21-1-0209,F4320333591,Multidisciplinary University Research Initiative,
W4396965984,23,G4516736450,,-21-1-,F4320338279,Air Force Office of Scientific Research,
W4396965984,24,G4629941602,QuIC - TaQS: Interconnects for a Superconducting-Atomic Hybrid Quantum Network,2137642,F4320306076,National Science Foundation,
W4396965984,25,G4876042962,,OMA-1936118,F4320338279,Air Force Office of Scientific Research,
W4396965984,26,G5298762856,,FA9550-21-1-0209,F4320338294,Air Force Research Laboratory,
W4396965984,27,G5385673730,,W911NF-15-1-,F4320338281,Army Research Office,
W4396965984,28,G5609417019,(MURI) TOWARDS ROBUST SCALABLE QUANTUM RANDOM ACCESS MEMORIES,FA95502110209,F4320306078,U.S. Department of Defense,
W4396965984,29,G5639666557,,A9550-19-1-0399,F4320338279,Air Force Office of Scientific Research,
W4396965984,30,G5659690140,,FA9550-19-1-0399,F4320306076,National Science Foundation,
W4396965984,31,G5815712311,NNCI: Soft and Hybrid Nanotechnology Experimental (SHyNE) Resource,1542205,F4320306076,National Science Foundation,
W4396965984,32,G6167497367,,FA9550-19-1-0399,F4320338279,Air Force Office of Scientific Research,
W4396965984,33,G6518383159,,W911NF2110325,F4320338281,Army Research Office,
W4396965984,34,G6526646931,,FA9550-19-1-0399,F4320333591,Multidisciplinary University Research Initiative,
W4396965984,35,G657448715,,W911NF-16-1-,F4320338281,Army Research Office,
W4396965984,36,G692924731,,W911NF-23-1-007,F4320306078,U.S. Department of Defense,
W4396965984,37,G7155699707,,A9550-19-1-0399,F4320306078,U.S. Department of Defense,
W4396965984,38,G7452299184,,W911NF,F4320338281,Army Research Office,
W4396965984,39,G7576470222,NSF Engineering Research Center for Quantum Networks (CQN),1941583,F4320306076,National Science Foundation,
W4396965984,40,G7744020896,,FA8649-21-P-0781,F4320306078,U.S. Department of Defense,
W4396965984,41,G7900882,,W911NF-16- 1-0349,F4320338281,Army Research Office,
W4396965984,42,G8033001532,SCALING MODULAR AND RECONFIGURABLE QUANTUM SYSTEMS,W911NF1610349,F4320306078,U.S. Department of Defense,
W4396965984,43,G8183070802,,W911NF-15-1-0397,F4320338279,Air Force Office of Scientific Research,
W4396965984,44,G818377809,,W911NF-15-1-0397,F4320332359,Office of Science,
W4396965984,45,G8289759875,,FA9550,F4320338294,Air Force Research Laboratory,
W4396965984,46,G837711380,,DMR 14- 20709,F4320337367,Division of Materials Research,
W4396965984,47,G8509964567,ENGINEERING EXOTIC STATES OF LIGHT WITH SUPERCONDUCTING CIRCUITS,W911NF1510397,F4320306078,U.S. Department of Defense,
W4396965984,48,G8672390710,,2020-71479,F4320306079,David and Lucile Packard Foundation,
W4396965984,49,G902573048,Collaborative Research: EPiQC: Enabling Practical-Scale Quantum Computation,1730449,F4320306076,National Science Foundation,
W4396965984,50,G922915270,QII-TAQS: Quantum Metrological Platform for Single-Molecule Bio-Sensing,1936118,F4320306076,National Science Foundation,
W4392643970,1,G1264789558,,W911NF2010021,F4320332180,Defense Advanced Research Projects Agency,
W4392643970,2,G1768993395,,EXC 2111,F4320320879,Deutsche Forschungsgemeinschaft,
W4392643970,3,G1820617655,,EXC-2111-390 814868,F4320334593,Natural Sciences and Engineering Research Council of Canada,
W4392643970,4,G1974070018,PROGRAMMABLE QUANTUM SIMULATORS FOR LATTICE GAUGE THEORIES AND GAUGE-GRAVITY CORRESPONDENCE,DESC0021013,F4320306084,U.S. Department of Energy,
W4392643970,5,G2916627489,,W911NF-20-1-0082,F4320338281,Army Research Office,
W4392643970,6,G586693022,,W911NF2010082,F4320333591,Multidisciplinary University Research Initiative,
W4392643970,7,G616689113,,W911NF-20-1-0082,F4320306076,National Science Foundation,
W4392643970,8,G6183517682,,7568717,F4320306084,U.S. Department of Energy,
W4392643970,9,G7452299184,,W911NF,F4320338281,Army Research Office,
W4403130389,1,G7576470222,NSF Engineering Research Center for Quantum Networks (CQN),1941583,F4320306076,National Science Foundation,
W4391311030,1,G1954895400,CIF: Medium: Iterative Quantum LDPC Decoders,1855879,F4320306076,National Science Foundation,
W4391311030,2,G2569120085,Collaborative Research: CIF: Medium: QODED: Quantum codes Optimized for the Dynamics between Encoded Computation and Decoding using Classical Coding Techniques,2106189,F4320306076,National Science Foundation,
W4391311030,3,G2793524870,ECCS/CCSS: Neural Network Nonlinear Iterative LDPC Decoders with Guaranteed Error Performance and Fast Convergence,2027844,F4320306076,National Science Foundation,
W4391311030,4,G3559249381,,CCSS-2027844,F4320337392,"Division of Electrical, Communications and Cyber Systems",
W4391311030,5,G7576470222,NSF Engineering Research Center for Quantum Networks (CQN),1941583,F4320306076,National Science Foundation,
W4391311030,6,G7789950527,CIF: Small: Learning To Correct Errors,2100013,F4320306076,National Science Foundation,
W4391021488,1,G1954895400,CIF: Medium: Iterative Quantum LDPC Decoders,1855879,F4320306076,National Science Foundation,
W4391021488,2,G2569120085,Collaborative Research: CIF: Medium: QODED: Quantum codes Optimized for the Dynamics between Encoded Computation and Decoding using Classical Coding Techniques,2106189,F4320306076,National Science Foundation,
W4391021488,3,G2793524870,ECCS/CCSS: Neural Network Nonlinear Iterative LDPC Decoders with Guaranteed Error Performance and Fast Convergence,2027844,F4320306076,National Science Foundation,
W4391021488,4,G7576470222,NSF Engineering Research Center for Quantum Networks (CQN),1941583,F4320306076,National Science Foundation,
W4391021488,5,G7591833153,,SFI/21/US-C2C/3750,F4320320847,Science Foundation Ireland,
W4391021488,6,G767368701,Collaborative Research: Secure and Efficient Post-quantum Cryptography: from Coding Theory to Hardware Architecture,2052751,F4320306076,National Science Foundation,
W4391021488,7,G7789950527,CIF: Small: Learning To Correct Errors,2100013,F4320306076,National Science Foundation,
W4400447256,1,G8067548886,,80NSSC24K0277,F4320306101,National Aeronautics and Space Administration,
W4401878384,1,G1292847278,,DE-SC0020145,F4320337480,Basic Energy Sciences,
W4401878384,2,G1453181110,,#2138286,F4320337377,Office of Advanced Cyberinfrastructure,
W4401878384,3,G1607302921,Harnessing Magnonic Nonreciprocity Through Dissipation Engineering,2337713,F4320306076,National Science Foundation,
W4401878384,4,G1770223817,,FA864921P0781,F4320338294,Air Force Research Laboratory,
W4401878384,5,G1912064254,Track 4:  Advanced CI Coordination Ecosystem: Monitoring and Measurement Services,2137603,F4320306076,National Science Foundation,
W4401878384,6,G1960553131,Magnetic-field Control of Ionic Bonds on Polar Surfaces by Design,2006028,F4320306076,National Science Foundation,
W4401878384,7,G2027916244,,CBET-2006028,F4320337390,"Division of Chemical, Bioengineering, Environmental, and Transport Systems",
W4401878384,8,G3406661761,,2138296,F4320337367,Division of Materials Research,
W4401878384,9,G3562386289,,#2138296,F4320337377,Office of Advanced Cyberinfrastructure,
W4401878384,10,G4010157413,,2138259,F4320337377,Office of Advanced Cyberinfrastructure,
W4401878384,11,G4590128248,,2006028,F4320337390,"Division of Chemical, Bioengineering, Environmental, and Transport Systems",
W4401878384,12,G4629941602,QuIC - TaQS: Interconnects for a Superconducting-Atomic Hybrid Quantum Network,2137642,F4320306076,National Science Foundation,
W4401878384,13,G4676224565,ACO: An Open CI Ecosystem to Advance Scientific Discovery (OpenCI),2138296,F4320306076,National Science Foundation,
W4401878384,14,G4937841762,COMPUTATIONAL MESOSCALE SCIENCE AND OPEN SOFTWARE FOR QUANTUM MATERIALS,DESC0020145,F4320306084,U.S. Department of Energy,
W4401878384,15,G509285653,Track 3: COre National Ecosystem for CyberinfrasTructure (CONECT),2138307,F4320306076,National Science Foundation,
W4401878384,16,G5212984984,,2138286,F4320337367,Division of Materials Research,
W4401878384,17,G5367127336,,#2138307,F4320337377,Office of Advanced Cyberinfrastructure,
W4401878384,18,G5464919783,,2137603,F4320337377,Office of Advanced Cyberinfrastructure,
W4401878384,19,G6121277264,,2137603,F4320337367,Division of Materials Research,
W4401878384,20,G6121439157,,N00014-23-1-2144,F4320306076,National Science Foundation,
W4401878384,21,G6157027778,,2337713,F4320337392,"Division of Electrical, Communications and Cyber Systems",
W4401878384,22,G6965887028,,2138259,F4320337367,Division of Materials Research,
W4401878384,23,G7576470222,NSF Engineering Research Center for Quantum Networks (CQN),1941583,F4320306076,National Science Foundation,
W4401878384,24,G8174472116,,2138307,F4320337367,Division of Materials Research,
W4401878384,25,G8300691027,"Track 2: Customized Multi-tier Assistance, Training, and Computational Help (MATCH) for End User ACCESS to CI",2138286,F4320306076,National Science Foundation,
W4401878384,26,G8349544598,CAREER: Hidden Topological Polar Phases Created by Ultrafast Acoustic Excitation,2237884,F4320306076,National Science Foundation,
W4401878384,27,G8371563404,,N00014-23-1-2144,F4320337345,Office of Naval Research,
W4401878384,28,G857855080,COMPUTATIONAL MESOSCALE SCIENCE AND OPEN SOFTWARE FOR QUANTUM MATERIALS,DESC0020145,F4320332359,Office of Science,
W4401878384,29,G8672390710,,2020-71479,F4320306079,David and Lucile Packard Foundation,
W4401878384,30,G8876996369,,N00014,F4320337345,Office of Naval Research,
W4401878384,31,G8936547428,,2237884,F4320337367,Division of Materials Research,
W4391615794,1,G1273934705,,NRF-2022M3K4A1097117,F4320322120,National Research Foundation of Korea,
W4391615794,2,G1404049065,,FA9550-21-1-0209,F4320338279,Air Force Office of Scientific Research,
W4391615794,3,G1770223817,,FA864921P0781,F4320338294,Air Force Research Laboratory,
W4391615794,4,G264963291,,NRF-2022M3H3A1098237,F4320322120,National Research Foundation of Korea,
W4391615794,5,G2882288540,,W911NF2310077,F4320338281,Army Research Office,
W4391615794,6,G326219201,,NRF-2023R1A2C1006115,F4320322120,National Research Foundation of Korea,
W4391615794,7,G5894882368,,IITP-2021-0-01059,F4320335489,Institute for Information and Communications Technology Promotion,
W4391615794,8,G6167497367,,FA9550-19-1-0399,F4320338279,Air Force Office of Scientific Research,
W4391615794,9,G6518383159,,W911NF2110325,F4320338281,Army Research Office,
W4391615794,10,G7004091742,,2021M3H3A103657313,F4320322120,National Research Foundation of Korea,
W4391615794,11,G8398985770,,"ERC-1941583, OMA-2137642",F4320338335,H2020 European Research Council,
W4391615794,12,G8672390710,,2020-71479,F4320306079,David and Lucile Packard Foundation,
W4391615794,13,G922915270,QII-TAQS: Quantum Metrological Platform for Single-Molecule Bio-Sensing,1936118,F4320306076,National Science Foundation,
W4391615794,14,G950438122,,IITP-2023-2020-0-01606,F4320335489,Institute for Information and Communications Technology Promotion,
W4399263047,1,G6545872308,CAREER:  Breakthrough Display Technology as a New Medium for Spatial Thinking in STEM,1846477,F4320306076,National Science Foundation,
W4389554160,1,G701794482,,FA9550-18-1-0436,F4320338279,Air Force Office of Scientific Research,
W4403715379,1,G1365187887,,101046973,F4320334322,HORIZON EUROPE Framework Programme,
W4403715379,2,G3533222608,,101046973,F4320334627,Engineering and Physical Sciences Research Council,
W4403715379,3,G3958905815,EPSRC-SFI: Non-Equilibrium Steady-States of Quantum many-body systems: uncovering universality and thermodynamics (QuamNESS),EP/T028424/1,F4320334627,Engineering and Physical Sciences Research Council,
W4403715379,4,G5544140859,,EP/T028424/1,F4320334627,Engineering and Physical Sciences Research Council,
W4403715379,5,G5677546062,,101046973,F4320320300,European Commission,
W4403715379,6,G6346389978,,EP/T028106/1,F4320334627,Engineering and Physical Sciences Research Council,
W4403908754,1,G1404049065,,FA9550-21-1-0209,F4320338279,Air Force Office of Scientific Research,
W4403908754,2,G1523888516,,FA9550-,F4320338279,Air Force Office of Scientific Research,
W4403908754,3,G1872762428,,N000142312296,F4320337345,Office of Naval Research,
W4403908754,4,G1969811367,ATTAINING DRASTIC QUANTUM ADVANTAGES BY HARNESSING THRESHOLD PHENOMENA,N000142312296,F4320306078,U.S. Department of Defense,
W4403908754,5,G2261499402,GRANT,W911NF2110325,F4320306078,U.S. Department of Defense,
W4403908754,6,G3853704058,"R&D, SCIENCE AND ENGINEERING, IN THE AREA OF PHYSICS.",FA95501910399,F4320306078,U.S. Department of Defense,
W4403908754,7,G3877413663,,HR00112490453,F4320332180,Defense Advanced Research Projects Agency,
W4403908754,8,G4355321872,(MURI) HIGH COHERENCE QUANTUM PHONONIC CIRCUITS,FA95502310338,F4320306078,U.S. Department of Defense,
W4403908754,9,G5609417019,(MURI) TOWARDS ROBUST SCALABLE QUANTUM RANDOM ACCESS MEMORIES,FA95502110209,F4320306078,U.S. Department of Defense,
W4403908754,10,G5978501962,,651442;990660,F4320306164,Simons Foundation,
W4403908754,11,G6098521345,,FA9550,F4320337345,Office of Naval Research,
W4403908754,12,G6269850285,,990660,F4320306164,Simons Foundation,
W4403908754,13,G6364025935,,HR00112490453,F4320306078,U.S. Department of Defense,
W4403908754,14,G6775432275,,651442,F4320306164,Simons Foundation,
W4403908754,15,G69013661,QuSeC-TAQS: Sensing-Intelligence on The Move: Quantum-Enhanced Optical Diagnosis of Crop Diseases,2326746,F4320306076,National Science Foundation,
W4403908754,16,G6941843737,CAREER: Using Entanglement to Enhance Communication and Sensing in the Presence of Noise,2240641,F4320306076,National Science Foundation,
W4403908754,17,G700920537,Collaborative Research: NeTS: Small: Models and Algorithms for Hybrid Continuous-Discrete Variable Quantum Networking,2350153,F4320306076,National Science Foundation,
W4403908754,18,G8401941941,,"W911NF-21-1-0325;FA9550-19-1-0399, FA9550-21-1-0209, FA9550-23-1-0338",F4320338281,Army Research Office,
W4403908754,19,G8672390710,,2020-71479,F4320306079,David and Lucile Packard Foundation,
W4403908754,20,G8876996369,,N00014,F4320337345,Office of Naval Research,
W4403908754,21,G922915270,QII-TAQS: Quantum Metrological Platform for Single-Molecule Bio-Sensing,1936118,F4320306076,National Science Foundation,
W4226262689,1,G1160162850,,FA95501610323,F4320338279,Air Force Office of Scientific Research,
W4226262689,2,G1230266125,,EXC‐2056,F4320320879,Deutsche Forschungsgemeinschaft,
W4226262689,3,G1326949761,,FA9550-16-1-0323,F4320333591,Multidisciplinary University Research Initiative,
W4226262689,4,G149988304,,PHY-1734011,F4320334437,"Center for Ultracold Atoms, Massachusetts Institute of Technology",
W4226262689,5,G1799408541,,EEC-1941583,F4320338279,Air Force Office of Scientific Research,
W4226262689,6,G2554244226,,1541959,F4320338279,Air Force Office of Scientific Research,
W4226262689,7,G2598543277,,FA9550171002,F4320338279,Air Force Office of Scientific Research,
W4226262689,8,G3174456158,CONTROLLED SYNTHESIS OF SOLID-STATE QUANTUM EMITTER ARRAYS FOR QUANTUM COMPUTING AND SIMULATION,DESC0020115,F4320306084,U.S. Department of Energy,
W4226262689,9,G3328784144,EXC 2056: CUI: Advanced Imaging of Matter,390715994,F4320320879,Deutsche Forschungsgemeinschaft,
W4226262689,10,G3468967304,TAS::57 3600::TAS (MURI-16) 'PHOTONIC QUANTUM MATTER' DATED 07 DEC 2015 (THE GRANTEE'S TECHNICAL PROPOSAL) IS HEREBY INCORPORATED BY REFERENCE.,FA95501610323,F4320306078,U.S. Department of Defense,
W4226262689,11,G3921348697,,EXC 2056,F4320308269,Alexander von Humboldt-Stiftung,
W4226262689,12,G4467004105,,5710004174,F4320337395,Division of Emerging Frontiers in Research and Innovation,
W4226262689,13,G4973792023,Graduate Research Fellowship Program (GRFP),1745303,F4320306076,National Science Foundation,
W4226262689,14,G5128061910,,1541959,F4320333566,National Defense Science and Engineering Graduate,
W4226262689,15,G5295208202,,FA9550171002,F4320333591,Multidisciplinary University Research Initiative,
W4226262689,16,G5937005037,Physics and Applications of Quantum Nanophotonics Systems,2012023,F4320306076,National Science Foundation,
W4226262689,17,G5970606412,NNCI: The Center for Nanoscale System (CNS) at Harvard University,1541959,F4320306076,National Science Foundation,
W4226262689,18,G6100342675,,1541959,F4320309622,Harvard University,
W4226262689,19,G7166665977,Center for Ultracold Atoms,1734011,F4320306076,National Science Foundation,
W4226262689,20,G7576470222,NSF Engineering Research Center for Quantum Networks (CQN),1941583,F4320306076,National Science Foundation,
W4226262689,21,G7754291838,,5710004174,F4320306076,National Science Foundation,
W4226262689,22,G8874346506,,DGE1745303,F4320309622,Harvard University,
W4226262689,23,G8925520787,,1541959,F4320320696,"Agency for Science, Technology and Research",
W4387560812,1,G1162011400,,W911NF1810432,F4320338281,Army Research Office,
W4387560812,2,G1639952346,,1231319,F4320337367,Division of Materials Research,
W4387560812,3,G2183085053,,840968,F4320338281,Army Research Office,
W4387560812,4,G2919862584,,840968,F4320306076,National Science Foundation,
W4387560812,5,G3311699245,Center for Integrated Quantum Materials,1231319,F4320306076,National Science Foundation,
W4387560812,6,G3582326853,,W911NF1810432,F4320333591,Multidisciplinary University Research Initiative,
W4387560812,7,G3908502130,,N00014-20-1-2425,F4320337345,Office of Naval Research,
W4387560812,8,G434337789,,HORIZON2020,F4320320300,European Commission,
W4387560812,9,G475327532,,840968,F4320337345,Office of Naval Research,
W4387560812,10,G5656270699,,202160592,F4320334764,Japan Society for the Promotion of Science,
W4387560812,11,G7576470222,NSF Engineering Research Center for Quantum Networks (CQN),1941583,F4320306076,National Science Foundation,
W4387560812,12,G8270899765,Coherent Optomechanical and Hyperfine interactions Engineering with Silicon-Vacancy impurities in diamond for quantum networks,840968,F4320320300,European Commission,
W4387560812,13,G8640644076,,DMR-12313 19,F4320306076,National Science Foundation,
W4387560812,14,G875209366,,DMR-1231319,F4320337367,Division of Materials Research,
W4387560812,15,G8876996369,,N00014,F4320337345,Office of Naval Research,
W4384643998,1,G11630931,,DENA0003525,F4320306084,U.S. Department of Energy,
W4384643998,2,G288067973,,0003525,F4320306084,U.S. Department of Energy,
W4384643998,3,G413247060,,"DE‐NA,0003525",F4320338291,Sandia National Laboratories,
W4384643998,4,G4176796873,,DENA0003525,F4320332180,Defense Advanced Research Projects Agency,
W4384643998,5,G855168022,,DENA-0003525,F4320332369,National Nuclear Security Administration,
W4389260808,1,G1404049065,,FA9550-21-1-0209,F4320338279,Air Force Office of Scientific Research,
W4389260808,2,G1432373144,,W911NF-21-1-,F4320338281,Army Research Office,
W4389260808,3,G1442400458,QuSeC-TAQS: Nanoscale Covariance Magnetometry with Diamond Quantum Sensors,2326767,F4320306076,National Science Foundation,
W4389260808,4,G1523888516,,FA9550-,F4320338279,Air Force Office of Scientific Research,
W4389260808,5,G1872762428,,N000142312296,F4320337345,Office of Naval Research,
W4389260808,6,G2882288540,,W911NF2310077,F4320338281,Army Research Office,
W4389260808,7,G3162985271,,W911NF2110325,F4320333591,Multidisciplinary University Research Initiative,
W4389260808,8,G3722242190,,OMA-2137642,F4320338279,Air Force Office of Scientific Research,
W4389260808,9,G3990184095,,FA9550-21-1-0209,F4320309626,University of Chicago,
W4389260808,10,G431725244,,FA9550-21-1-0209,F4320333591,Multidisciplinary University Research Initiative,
W4389260808,11,G4516736450,,-21-1-,F4320338279,Air Force Office of Scientific Research,
W4389260808,12,G4629941602,QuIC - TaQS: Interconnects for a Superconducting-Atomic Hybrid Quantum Network,2137642,F4320306076,National Science Foundation,
W4389260808,13,G4848018484,,FA9550-23- 1-0338,F4320338279,Air Force Office of Scientific Research,
W4389260808,14,G4876042962,,OMA-1936118,F4320338279,Air Force Office of Scientific Research,
W4389260808,15,G5659690140,,FA9550-19-1-0399,F4320306076,National Science Foundation,
W4389260808,16,G6098521345,,FA9550,F4320337345,Office of Naval Research,
W4389260808,17,G6167497367,,FA9550-19-1-0399,F4320338279,Air Force Office of Scientific Research,
W4389260808,18,G6518383159,,W911NF2110325,F4320338281,Army Research Office,
W4389260808,19,G6526646931,,FA9550-19-1-0399,F4320333591,Multidisciplinary University Research Initiative,
W4389260808,20,G6547089213,,OSI-2326767,F4320338279,Air Force Office of Scientific Research,
W4389260808,21,G6671297155,,CAREER,F4320306076,National Science Foundation,
W4389260808,22,G69013661,QuSeC-TAQS: Sensing-Intelligence on The Move: Quantum-Enhanced Optical Diagnosis of Crop Diseases,2326746,F4320306076,National Science Foundation,
W4389260808,23,G6941843737,CAREER: Using Entanglement to Enhance Communication and Sensing in the Presence of Noise,2240641,F4320306076,National Science Foundation,
W4389260808,24,G7219164951,,651440,F4320309626,University of Chicago,
W4389260808,25,G7420521838,,CCF-2312755,F4320338279,Air Force Office of Scientific Research,
W4389260808,26,G7452299184,,W911NF,F4320338281,Army Research Office,
W4389260808,27,G7576470222,NSF Engineering Research Center for Quantum Networks (CQN),1941583,F4320306076,National Science Foundation,
W4389260808,28,G7732310820,,FA9550-23-1-0338,F4320337345,Office of Naval Research,
W4389260808,29,G8232580466,Collaborative Research: FET: Medium: Design and Implementation of Quantum Databases,2312755,F4320306076,National Science Foundation,
W4389260808,30,G8876996369,,N00014,F4320337345,Office of Naval Research,
W4389260808,31,G922915270,QII-TAQS: Quantum Metrological Platform for Single-Molecule Bio-Sensing,1936118,F4320306076,National Science Foundation,
W4399115570,1,G1639952346,,1231319,F4320337367,Division of Materials Research,
W4399115570,2,G3162985271,,W911NF2110325,F4320333591,Multidisciplinary University Research Initiative,
W4399115570,3,G3311699245,Center for Integrated Quantum Materials,1231319,F4320306076,National Science Foundation,
W4399115570,4,G6518383159,,W911NF2110325,F4320338281,Army Research Office,
W4399115570,5,G7576470222,NSF Engineering Research Center for Quantum Networks (CQN),1941583,F4320306076,National Science Foundation,
W4399115570,6,G8640644076,,DMR-12313 19,F4320306076,National Science Foundation,
W4399115570,7,G875209366,,DMR-1231319,F4320337367,Division of Materials Research,
W4379919473,1,G3162985271,,W911NF2110325,F4320333591,Multidisciplinary University Research Initiative,
W4379919473,2,G6518383159,,W911NF2110325,F4320338281,Army Research Office,
W4379919473,3,G7576470222,NSF Engineering Research Center for Quantum Networks (CQN),1941583,F4320306076,National Science Foundation,
W4382204829,1,G701794482,,FA9550-18-1-0436,F4320338279,Air Force Office of Scientific Research,
W4384268452,1,G1033536461,,TK133,F4320321090,Eesti Teadusagentuur,
W4384268452,2,G1905236827,Midisuperspace Laboratories for the Dynamics of Loop Quantum Gravity,1903799,F4320306076,National Science Foundation,
W4384268452,3,G2469973041,,N660012014029,F4320332180,Defense Advanced Research Projects Agency,
W4384268452,4,G4006026319,Quantum Aspects of Matter Fields and Gravity,2110273,F4320306076,National Science Foundation,
W4384268452,5,G4723197900,Midisuperspace Laboratories for Loop Quantum Gravity,2206557,F4320306076,National Science Foundation,
W4384268452,6,G4772328477,,TK 133,F4320335322,European Regional Development Fund,
W4384268452,7,G5671246060,"Gauge gravity: unification, extensions and phenomenology",PRG356,F4320321090,Eesti Teadusagentuur,
W4384268452,8,G981789939,,PRG356,F4320335322,European Regional Development Fund,
W4386907233,1,G116673414,Materials Research Science and Engineering Centers,1420709,F4320306076,National Science Foundation,
W4386907233,2,G1276186940,,1542205,F4320337392,"Division of Electrical, Communications and Cyber Systems",
W4386907233,3,G1404049065,,FA9550-21-1-0209,F4320338279,Air Force Office of Scientific Research,
W4386907233,4,G1432373144,,W911NF-21-1-,F4320338281,Army Research Office,
W4386907233,5,G1523888516,,FA9550-,F4320338279,Air Force Office of Scientific Research,
W4386907233,6,G165179637,,W911NF1610349,F4320333591,Multidisciplinary University Research Initiative,
W4386907233,7,G1770223817,,FA864921P0781,F4320338294,Air Force Research Laboratory,
W4386907233,8,G209774301,,W911NF-15-1-0397,F4320333591,Multidisciplinary University Research Initiative,
W4386907233,9,G2598085392,,W911NF-16-1-0349,F4320338279,Air Force Office of Scientific Research,
W4386907233,10,G2867976162,,1420709.,F4320337367,Division of Materials Research,
W4386907233,11,G2882288540,,W911NF2310077,F4320338281,Army Research Office,
W4386907233,12,G3068461594,,W911NF15-1-0397,F4320338281,Army Research Office,
W4386907233,13,G3162985271,,W911NF2110325,F4320333591,Multidisciplinary University Research Initiative,
W4386907233,14,G336680401,,ECCS-1542205,F4320337392,"Division of Electrical, Communications and Cyber Systems",
W4386907233,15,G3392305090,,-16-1-,F4320338279,Air Force Office of Scientific Research,
W4386907233,16,G3663418429,,2013-39273,F4320306076,National Science Foundation,
W4386907233,17,G3722242190,,OMA-2137642,F4320338279,Air Force Office of Scientific Research,
W4386907233,18,G431725244,,FA9550-21-1-0209,F4320333591,Multidisciplinary University Research Initiative,
W4386907233,19,G4516736450,,-21-1-,F4320338279,Air Force Office of Scientific Research,
W4386907233,20,G4629941602,QuIC - TaQS: Interconnects for a Superconducting-Atomic Hybrid Quantum Network,2137642,F4320306076,National Science Foundation,
W4386907233,21,G4876042962,,OMA-1936118,F4320338279,Air Force Office of Scientific Research,
W4386907233,22,G5298762856,,FA9550-21-1-0209,F4320338294,Air Force Research Laboratory,
W4386907233,23,G5385673730,,W911NF-15-1-,F4320338281,Army Research Office,
W4386907233,24,G5659690140,,FA9550-19-1-0399,F4320306076,National Science Foundation,
W4386907233,25,G5815712311,NNCI: Soft and Hybrid Nanotechnology Experimental (SHyNE) Resource,1542205,F4320306076,National Science Foundation,
W4386907233,26,G6167497367,,FA9550-19-1-0399,F4320338279,Air Force Office of Scientific Research,
W4386907233,27,G6518383159,,W911NF2110325,F4320338281,Army Research Office,
W4386907233,28,G6526646931,,FA9550-19-1-0399,F4320333591,Multidisciplinary University Research Initiative,
W4386907233,29,G657448715,,W911NF-16-1-,F4320338281,Army Research Office,
W4386907233,30,G7452299184,,W911NF,F4320338281,Army Research Office,
W4386907233,31,G7576470222,NSF Engineering Research Center for Quantum Networks (CQN),1941583,F4320306076,National Science Foundation,
W4386907233,32,G7900882,,W911NF-16- 1-0349,F4320338281,Army Research Office,
W4386907233,33,G8183070802,,W911NF-15-1-0397,F4320338279,Air Force Office of Scientific Research,
W4386907233,34,G818377809,,W911NF-15-1-0397,F4320332359,Office of Science,
W4386907233,35,G8289759875,,FA9550,F4320338294,Air Force Research Laboratory,
W4386907233,36,G837711380,,DMR 14- 20709,F4320337367,Division of Materials Research,
W4386907233,37,G902573048,Collaborative Research: EPiQC: Enabling Practical-Scale Quantum Computation,1730449,F4320306076,National Science Foundation,
W4386907233,38,G922915270,QII-TAQS: Quantum Metrological Platform for Single-Molecule Bio-Sensing,1936118,F4320306076,National Science Foundation,
W4388733159,1,G1453181110,,#2138286,F4320337377,Office of Advanced Cyberinfrastructure,
W4388733159,2,G1770223817,,FA864921P0781,F4320338294,Air Force Research Laboratory,
W4388733159,3,G1912064254,Track 4:  Advanced CI Coordination Ecosystem: Monitoring and Measurement Services,2137603,F4320306076,National Science Foundation,
W4388733159,4,G1960553131,Magnetic-field Control of Ionic Bonds on Polar Surfaces by Design,2006028,F4320306076,National Science Foundation,
W4388733159,5,G2022316211,,TG-DMR180076,F4320306076,National Science Foundation,
W4388733159,6,G2027916244,,CBET-2006028,F4320337390,"Division of Chemical, Bioengineering, Environmental, and Transport Systems",
W4388733159,7,G3406661761,,2138296,F4320337367,Division of Materials Research,
W4388733159,8,G3562386289,,#2138296,F4320337377,Office of Advanced Cyberinfrastructure,
W4388733159,9,G4006316252,Track 1: ACCESS Resource Allocations Marketplace and Platform Services (RAMPS),2138259,F4320306076,National Science Foundation,
W4388733159,10,G4010157413,,2138259,F4320337377,Office of Advanced Cyberinfrastructure,
W4388733159,11,G4590128248,,2006028,F4320337390,"Division of Chemical, Bioengineering, Environmental, and Transport Systems",
W4388733159,12,G4629941602,QuIC - TaQS: Interconnects for a Superconducting-Atomic Hybrid Quantum Network,2137642,F4320306076,National Science Foundation,
W4388733159,13,G509285653,Track 3: COre National Ecosystem for CyberinfrasTructure (CONECT),2138307,F4320306076,National Science Foundation,
W4388733159,14,G5212984984,,2138286,F4320337367,Division of Materials Research,
W4388733159,15,G5367127336,,#2138307,F4320337377,Office of Advanced Cyberinfrastructure,
W4388733159,16,G5464919783,,2137603,F4320337377,Office of Advanced Cyberinfrastructure,
W4388733159,17,G6121277264,,2137603,F4320337367,Division of Materials Research,
W4388733159,18,G6965887028,,2138259,F4320337367,Division of Materials Research,
W4388733159,19,G7576470222,NSF Engineering Research Center for Quantum Networks (CQN),1941583,F4320306076,National Science Foundation,
W4388733159,20,G8174472116,,2138307,F4320337367,Division of Materials Research,
W4388733159,21,G8300691027,"Track 2: Customized Multi-tier Assistance, Training, and Computational Help (MATCH) for End User ACCESS to CI",2138286,F4320306076,National Science Foundation,
W4388733159,22,G8349544598,CAREER: Hidden Topological Polar Phases Created by Ultrafast Acoustic Excitation,2237884,F4320306076,National Science Foundation,
W4388733159,23,G8936547428,,2237884,F4320337367,Division of Materials Research,
W4391244993,1,G1638471481,2021 BUDGET REQUEST FOR THE DOE COMPUTATIONAL SCIENCE GRADUATE FELLOWSHIP (CSGF) GRANT,DESC0022158,F4320306084,U.S. Department of Energy,
W4391244993,2,G1974070018,PROGRAMMABLE QUANTUM SIMULATORS FOR LATTICE GAUGE THEORIES AND GAUGE-GRAVITY CORRESPONDENCE,DESC0021013,F4320306084,U.S. Department of Energy,
W4391244993,3,G2916627489,,W911NF-20-1-0082,F4320338281,Army Research Office,
W4391244993,4,G4194043382,2021 BUDGET REQUEST FOR THE DOE COMPUTATIONAL SCIENCE GRADUATE FELLOWSHIP (CSGF) GRANT,DESC0022158,F4320332359,Office of Science,
W4391244993,5,G586693022,,W911NF2010082,F4320333591,Multidisciplinary University Research Initiative,
W4391244993,6,G6183517682,,7568717,F4320306084,U.S. Department of Energy,
W4396650928,1,G1954895400,CIF: Medium: Iterative Quantum LDPC Decoders,1855879,F4320306076,National Science Foundation,
W4396650928,2,G2569120085,Collaborative Research: CIF: Medium: QODED: Quantum codes Optimized for the Dynamics between Encoded Computation and Decoding using Classical Coding Techniques,2106189,F4320306076,National Science Foundation,
W4396650928,3,G2793524870,ECCS/CCSS: Neural Network Nonlinear Iterative LDPC Decoders with Guaranteed Error Performance and Fast Convergence,2027844,F4320306076,National Science Foundation,
W4396650928,4,G3559249381,,CCSS-2027844,F4320337392,"Division of Electrical, Communications and Cyber Systems",
W4396650928,5,G7576470222,NSF Engineering Research Center for Quantum Networks (CQN),1941583,F4320306076,National Science Foundation,
W4396650928,6,G7789950527,CIF: Small: Learning To Correct Errors,2100013,F4320306076,National Science Foundation,
W4399912959,1,G7576470222,NSF Engineering Research Center for Quantum Networks (CQN),1941583,F4320306076,National Science Foundation,
W4403322267,1,G1432373144,,W911NF-21-1-,F4320338281,Army Research Office,
W4403322267,2,G2882288540,,W911NF2310077,F4320338281,Army Research Office,
W4403322267,3,G3162985271,,W911NF2110325,F4320333591,Multidisciplinary University Research Initiative,
W4403322267,4,G6518383159,,W911NF2110325,F4320338281,Army Research Office,
W4403322267,5,G7452299184,,W911NF,F4320338281,Army Research Office,
W4406975230,1,G1665575404,,601.QT.001,F4320321800,Nederlandse Organisatie voor Wetenschappelijk Onderzoek,
W4406975230,2,G2272854739,,FA8750-20-2-1007,F4320338294,Air Force Research Laboratory,
W4406975230,3,G4359690165,NSF Convergence Accelerator Track C: Interconnecting Quantum Computers for the Next-Generation Internet,2040695,F4320306076,National Science Foundation,
W4406975230,4,G7576470222,NSF Engineering Research Center for Quantum Networks (CQN),1941583,F4320306076,National Science Foundation,
W4307786425,1,G1430011754,C: Quantum-Enhanced Inertial Measurement Unit (QEIMU),2134830,F4320306076,National Science Foundation,
W4307786425,2,G1549524776,CAREER: Using Entanglement to Enhance Communication and Sensing in the Presence of Noise,2142882,F4320306076,National Science Foundation,
W4307786425,3,G2469973041,,N660012014029,F4320332180,Defense Advanced Research Projects Agency,
W4307786425,4,G5003045098,,N00014- 19-1-2190,F4320337345,Office of Naval Research,
W4307786425,5,G5876080242,NSF Convergence Accelerator-Track C: Quantum-Interconnected Optomechanical Transducers for Entanglement-Enhanced Force and Inertial Sensing,2040575,F4320306076,National Science Foundation,
W4307786425,6,G86560745,,DE‐AC02‐07CH11359,F4320306084,U.S. Department of Energy,
W4317040441,1,G1361510568,,WK2340000083,F4320335787,Fundamental Research Funds for the Central Universities,
W4317040441,2,G1708830771,,2019QY0702,F4320335777,National Key Research and Development Program of China,
W4317040441,3,G1977969085,,11875173,F4320321001,National Natural Science Foundation of China,
W4317040441,4,G2927276630,,61875182,F4320321001,National Natural Science Foundation of China,
W4317040441,5,G5656998440,,12174216,F4320321001,National Natural Science Foundation of China,
W4317040441,6,G8244458772,,2017YFA0303903,F4320335777,National Key Research and Development Program of China,
W4392032698,1,G1872762428,,N000142312296,F4320337345,Office of Naval Research,
W4392032698,2,G2469973041,,N660012014029,F4320332180,Defense Advanced Research Projects Agency,
W4392032698,3,G3256638649,,W911NF-22-1-0088,F4320338281,Army Research Office,
W4392032698,4,G4535809364,Boosting Quantum Integrated Quantum Optics with Structured Photons (BIQOS),332399,F4320321108,Academy of Finland,
W4392032698,5,G7070754292,MULTIPHOTON QUANTUM SIMULATION THROUGH THE CONTROL OF ELECTROMAGNETIC NEAR-FIELDS IN PHOTONIC NETWORKS,DESC0021069,F4320306084,U.S. Department of Energy,
W4392032698,6,G768571069,Cooling and entanglement of ultra-coherent mechanical oscillators with squeezed light (CONSULT),216987,F4320320924,Schweizerischer Nationalfonds zur Förderung der Wissenschaftlichen Forschung,
W4386065204,1,G2191957979,"Etude de la pile quantique : Algorithmes, modèles de calcul et simulation pour l’informatique quantique",ANR-22-PETQ-0007,F4320320883,Agence Nationale de la Recherche,
W4386065204,2,G4203362812,Qubits à Atomes Froids pour la Simulation et le Calcul Quantiques,ANR-22-PETQ-0004,F4320320883,Agence Nationale de la Recherche,
W4317211314,1,G1735345834,,FA9550-20- 1-0115,F4320338279,Air Force Office of Scientific Research,
W4317211314,2,G4612339345,,FA9550-21-1-0299,F4320338279,Air Force Office of Scientific Research,
W4317211314,3,G805375031,,W911NF1820048,F4320338281,Army Research Office,
W4317211314,4,G8368414854,,W911NF-18-2-0048,F4320332447,U.S. Army,
W3125956605,1,G2469973041,,N660012014029,F4320332180,Defense Advanced Research Projects Agency,
W3125956605,2,G6367525870,MRI: Development of Integrated Multi-Access Entangled-Photon Sources and Single-Photon Detector Array Instrument for Interdisciplinary Quantum Information Research,1828132,F4320306076,National Science Foundation,
W3125956605,3,G7576470222,NSF Engineering Research Center for Quantum Networks (CQN),1941583,F4320306076,National Science Foundation,
W3125956605,4,G8037367148,FET: Small: Spectrally Efficient High-dimensional Quantum Communications in an Integrated Quantum Photonic Platform,1907918,F4320306076,National Science Foundation,
W4386373244,1,G1430011754,C: Quantum-Enhanced Inertial Measurement Unit (QEIMU),2134830,F4320306076,National Science Foundation,
W4386373244,2,G1549524776,CAREER: Using Entanglement to Enhance Communication and Sensing in the Presence of Noise,2142882,F4320306076,National Science Foundation,
W4386373244,3,G1608222887,,N00014-18-1-2370,F4320306193,John Templeton Foundation,
W4386373244,4,G2276445679,,DE-AC02-07CH11359,F4320306193,John Templeton Foundation,
W4386373244,5,G2469973041,,N660012014029,F4320332180,Defense Advanced Research Projects Agency,
W4386373244,6,G4636210509,PM: Optomechanical Dark Matter Detectors,2209473,F4320306076,National Science Foundation,
W4386373244,7,G498139845,,DE-AC02,F4320332359,Office of Science,
W4386373244,8,G5616713406,,DE-AC02-07CH11359,F4320306076,National Science Foundation,
W4386373244,9,G585908603,,AC02-07CH11359,F4320306084,U.S. Department of Energy,
W4386373244,10,G5876080242,NSF Convergence Accelerator-Track C: Quantum-Interconnected Optomechanical Transducers for Entanglement-Enhanced Force and Inertial Sensing,2040575,F4320306076,National Science Foundation,
W4386373244,11,G6114343852,,N00014-18- 1-2370,F4320337345,Office of Naval Research,
W4386373244,12,G6538254113,,No. N660012014029,F4320332180,Defense Advanced Research Projects Agency,
W4386373244,13,G6671297155,,CAREER,F4320306076,National Science Foundation,
W4386373244,14,G716412294,,DE–AC02–07CH11359,F4320332359,Office of Science,
W4386373244,15,G7576470222,NSF Engineering Research Center for Quantum Networks (CQN),1941583,F4320306076,National Science Foundation,
W4386373244,16,G86560745,,DE‐AC02‐07CH11359,F4320306084,U.S. Department of Energy,
W4386373244,17,G8876996369,,N00014,F4320337345,Office of Naval Research,
W4386373244,18,G969889393,,DE-AC02-,F4320306084,U.S. Department of Energy,
W4396766112,1,G1523888516,,FA9550-,F4320338279,Air Force Office of Scientific Research,
W4396766112,2,G2027002873,NNCI: Center for Nanoscale Systems (CNS),2025158,F4320306076,National Science Foundation,
W4396766112,3,G2347808973,,ECCS-2025158,F4320337392,"Division of Electrical, Communications and Cyber Systems",
W4396766112,4,G3066335313,,FA9550‐19‐1‐0376,F4320338279,Air Force Office of Scientific Research,
W4396766112,5,G4671203234,,2025158,F4320337392,"Division of Electrical, Communications and Cyber Systems",
W4396766112,6,G4720003262,,N00014-22,F4320337345,Office of Naval Research,
W4396766112,7,G6082771128,,N00014-18-C-1043,F4320337345,Office of Naval Research,
W4396766112,8,G6098521345,,FA9550,F4320337345,Office of Naval Research,
W4396766112,9,G650199722,,HR0011-20-C-0137,F4320306078,U.S. Department of Defense,
W4396766112,10,G763165814,,HR0011‐20‐C‐0137,F4320332180,Defense Advanced Research Projects Agency,
W4396766112,11,G8876996369,,N00014,F4320337345,Office of Naval Research,
W4396766112,12,G8883787402,,N00014-22-C-1041,F4320337345,Office of Naval Research,
W4367676008,1,G4315796838,ENHANCING PERFORMANCE OF BOSONIC QUBITS IN CIRCUIT QED WITH RESERVOIR ENGINEERING,DESC0021099,F4320306084,U.S. Department of Energy,
W4367676008,2,G4632800372,,FA9550-18-1-0092,F4320338279,Air Force Office of Scientific Research,
W4367676008,3,G6167497367,,FA9550-19-1-0399,F4320338279,Air Force Office of Scientific Research,
W4367676008,4,G7500482128,,W911NF-18-1-0212,F4320338279,Air Force Office of Scientific Research,
W4367676008,5,G8672390710,,2020-71479,F4320306079,David and Lucile Packard Foundation,
W4401252007,1,G1034473731,,2022M3K4A1097117,F4320322120,National Research Foundation of Korea,
W4401252007,2,G1404049065,,FA9550-21-1-0209,F4320338279,Air Force Office of Scientific Research,
W4401252007,3,G1432373144,,W911NF-21-1-,F4320338281,Army Research Office,
W4401252007,4,G1442400458,QuSeC-TAQS: Nanoscale Covariance Magnetometry with Diamond Quantum Sensors,2326767,F4320306076,National Science Foundation,
W4401252007,5,G1523888516,,FA9550-,F4320338279,Air Force Office of Scientific Research,
W4401252007,6,G2882288540,,W911NF2310077,F4320338281,Army Research Office,
W4401252007,7,G3162985271,,W911NF2110325,F4320333591,Multidisciplinary University Research Initiative,
W4401252007,8,G3671239375,,2022M3K4A1094774,F4320322120,National Research Foundation of Korea,
W4401252007,9,G3722242190,,OMA-2137642,F4320338279,Air Force Office of Scientific Research,
W4401252007,10,G431725244,,FA9550-21-1-0209,F4320333591,Multidisciplinary University Research Initiative,
W4401252007,11,G4516736450,,-21-1-,F4320338279,Air Force Office of Scientific Research,
W4401252007,12,G4629941602,QuIC - TaQS: Interconnects for a Superconducting-Atomic Hybrid Quantum Network,2137642,F4320306076,National Science Foundation,
W4401252007,13,G4848018484,,FA9550-23- 1-0338,F4320338279,Air Force Office of Scientific Research,
W4401252007,14,G4876042962,,OMA-1936118,F4320338279,Air Force Office of Scientific Research,
W4401252007,15,G5455160654,,2021-0-01059,F4320335489,Institute for Information and Communications Technology Promotion,
W4401252007,16,G5659690140,,FA9550-19-1-0399,F4320306076,National Science Foundation,
W4401252007,17,G5729792277,,IITP‐2023‐2020‐0‐01606,F4320328359,"Ministry of Science and ICT, South Korea",
W4401252007,18,G5894882368,,IITP-2021-0-01059,F4320335489,Institute for Information and Communications Technology Promotion,
W4401252007,19,G6167497367,,FA9550-19-1-0399,F4320338279,Air Force Office of Scientific Research,
W4401252007,20,G6518383159,,W911NF2110325,F4320338281,Army Research Office,
W4401252007,21,G6526646931,,FA9550-19-1-0399,F4320333591,Multidisciplinary University Research Initiative,
W4401252007,22,G6547089213,,OSI-2326767,F4320338279,Air Force Office of Scientific Research,
W4401252007,23,G7384313179,,2E32941,F4320322091,Korea Institute of Science and Technology,
W4401252007,24,G7420521838,,CCF-2312755,F4320338279,Air Force Office of Scientific Research,
W4401252007,25,G7452299184,,W911NF,F4320338281,Army Research Office,
W4401252007,26,G7576470222,NSF Engineering Research Center for Quantum Networks (CQN),1941583,F4320306076,National Science Foundation,
W4401252007,27,G780170576,,IITP-2021-0-01059,F4320328359,"Ministry of Science and ICT, South Korea",
W4401252007,28,G793425364,,2023R1A2C1006115,F4320322120,National Research Foundation of Korea,
W4401252007,29,G8232580466,Collaborative Research: FET: Medium: Design and Implementation of Quantum Databases,2312755,F4320306076,National Science Foundation,
W4401252007,30,G8672390710,,2020-71479,F4320306079,David and Lucile Packard Foundation,
W4401252007,31,G8716259581,,2023-2020-0-01606,F4320335489,Institute for Information and Communications Technology Promotion,
W4401252007,32,G922915270,QII-TAQS: Quantum Metrological Platform for Single-Molecule Bio-Sensing,1936118,F4320306076,National Science Foundation,
W4401252007,33,G950438122,,IITP-2023-2020-0-01606,F4320335489,Institute for Information and Communications Technology Promotion,
W3212937333,1,G1404049065,,FA9550-21-1-0209,F4320338279,Air Force Office of Scientific Research,
W3212937333,2,G1432373144,,W911NF-21-1-,F4320338281,Army Research Office,
W3212937333,3,G1482135624,,W911NF-18-1-0020,F4320338279,Air Force Office of Scientific Research,
W3212937333,4,G1523888516,,FA9550-,F4320338279,Air Force Office of Scientific Research,
W3212937333,5,G165179637,,W911NF1610349,F4320333591,Multidisciplinary University Research Initiative,
W3212937333,6,G1770223817,,FA864921P0781,F4320338294,Air Force Research Laboratory,
W3212937333,7,G1799408541,,EEC-1941583,F4320338279,Air Force Office of Scientific Research,
W3212937333,8,G1954895400,CIF: Medium: Iterative Quantum LDPC Decoders,1855879,F4320306076,National Science Foundation,
W3212937333,9,G2569120085,Collaborative Research: CIF: Medium: QODED: Quantum codes Optimized for the Dynamics between Encoded Computation and Decoding using Classical Coding Techniques,2106189,F4320306076,National Science Foundation,
W3212937333,10,G2598085392,,W911NF-16-1-0349,F4320338279,Air Force Office of Scientific Research,
W3212937333,11,G2793524870,ECCS/CCSS: Neural Network Nonlinear Iterative LDPC Decoders with Guaranteed Error Performance and Fast Convergence,2027844,F4320306076,National Science Foundation,
W3212937333,12,G3067963855,,W911NF-18-1-0020,F4320338281,Army Research Office,
W3212937333,13,G3162985271,,W911NF2110325,F4320333591,Multidisciplinary University Research Initiative,
W3212937333,14,G3392305090,,-16-1-,F4320338279,Air Force Office of Scientific Research,
W3212937333,15,G3516030815,,FA9550-19-1-0399; FA9550-21-1-0209,F4320338279,Air Force Office of Scientific Research,
W3212937333,16,G3559249381,,CCSS-2027844,F4320337392,"Division of Electrical, Communications and Cyber Systems",
W3212937333,17,G3722242190,,OMA-2137642,F4320338279,Air Force Office of Scientific Research,
W3212937333,18,G3990184095,,FA9550-21-1-0209,F4320309626,University of Chicago,
W3212937333,19,G431725244,,FA9550-21-1-0209,F4320333591,Multidisciplinary University Research Initiative,
W3212937333,20,G4516736450,,-21-1-,F4320338279,Air Force Office of Scientific Research,
W3212937333,21,G4629941602,QuIC - TaQS: Interconnects for a Superconducting-Atomic Hybrid Quantum Network,2137642,F4320306076,National Science Foundation,
W3212937333,22,G4876042962,,OMA-1936118,F4320338279,Air Force Office of Scientific Research,
W3212937333,23,G4962106257,,W911NF-18-1-0212,F4320338281,Army Research Office,
W3212937333,24,G5298762856,,FA9550-21-1-0209,F4320338294,Air Force Research Laboratory,
W3212937333,25,G5659690140,,FA9550-19-1-0399,F4320306076,National Science Foundation,
W3212937333,26,G6167497367,,FA9550-19-1-0399,F4320338279,Air Force Office of Scientific Research,
W3212937333,27,G6518383159,,W911NF2110325,F4320338281,Army Research Office,
W3212937333,28,G6526646931,,FA9550-19-1-0399,F4320333591,Multidisciplinary University Research Initiative,
W3212937333,29,G657448715,,W911NF-16-1-,F4320338281,Army Research Office,
W3212937333,30,G7452299184,,W911NF,F4320338281,Army Research Office,
W3212937333,31,G7500482128,,W911NF-18-1-0212,F4320338279,Air Force Office of Scientific Research,
W3212937333,32,G7576470222,NSF Engineering Research Center for Quantum Networks (CQN),1941583,F4320306076,National Science Foundation,
W3212937333,33,G7789950527,CIF: Small: Learning To Correct Errors,2100013,F4320306076,National Science Foundation,
W3212937333,34,G7900882,,W911NF-16- 1-0349,F4320338281,Army Research Office,
W3212937333,35,G8289759875,,FA9550,F4320338294,Air Force Research Laboratory,
W3212937333,36,G8672390710,,2020-71479,F4320306079,David and Lucile Packard Foundation,
W3212937333,37,G922915270,QII-TAQS: Quantum Metrological Platform for Single-Molecule Bio-Sensing,1936118,F4320306076,National Science Foundation,
W4386844791,1,G1549524776,CAREER: Using Entanglement to Enhance Communication and Sensing in the Presence of Noise,2142882,F4320306076,National Science Foundation,
W4386844791,2,G1872762428,,N000142312296,F4320337345,Office of Naval Research,
W4386844791,3,G3410377079,CAREER: Photonic Quantum Machine Learning: From Architecture to Applications,2144057,F4320306076,National Science Foundation,
W4386844791,4,G6533748316,,ECCS-1920742,F4320337392,"Division of Electrical, Communications and Cyber Systems",
W4386844791,5,G6671297155,,CAREER,F4320306076,National Science Foundation,
W4386844791,6,G7576470222,NSF Engineering Research Center for Quantum Networks (CQN),1941583,F4320306076,National Science Foundation,
W4386844791,7,G8504488424,Collaborative Research:  Programmable Chip-Scale Quantum-Photonics Platform Based on Frequency-Comb Cluster-States for Multicasting Quantum Networks,1920742,F4320306076,National Science Foundation,
W4386844791,8,G8876996369,,N00014,F4320337345,Office of Naval Research,
W3140954493,1,G2469973041,,N660012014029,F4320332180,Defense Advanced Research Projects Agency,
W3140954493,2,G5876080242,NSF Convergence Accelerator-Track C: Quantum-Interconnected Optomechanical Transducers for Entanglement-Enhanced Force and Inertial Sensing,2040575,F4320306076,National Science Foundation,
W3140954493,3,G5954129427,,Young Faculty Award (YFA) Grant No. N660012014029,F4320332180,Defense Advanced Research Projects Agency,
W3140954493,4,G6533748316,,ECCS-1920742,F4320337392,"Division of Electrical, Communications and Cyber Systems",
W3140954493,5,G6538254113,,No. N660012014029,F4320332180,Defense Advanced Research Projects Agency,
W3140954493,6,G7576470222,NSF Engineering Research Center for Quantum Networks (CQN),1941583,F4320306076,National Science Foundation,
W3140954493,7,G8037367148,FET: Small: Spectrally Efficient High-dimensional Quantum Communications in an Integrated Quantum Photonic Platform,1907918,F4320306076,National Science Foundation,
W3140954493,8,G8504488424,Collaborative Research:  Programmable Chip-Scale Quantum-Photonics Platform Based on Frequency-Comb Cluster-States for Multicasting Quantum Networks,1920742,F4320306076,National Science Foundation,
W4389993742,1,G2013811626,ULTRAFAST ALL-OPTICAL SPATIO-TEMPORAL ELECTRON MODULATORS: OPENING NEW FRONTIERS IN ELECTRON MICROSCOPY,964591,F4320320300,European Commission,
W4389993742,2,G3259793177,Imaging Quantum Coherence with Shaped Electrons (iQCE),GBMF11473,F4320306202,Gordon and Betty Moore Foundation,
W4389993742,3,G434337789,,HORIZON2020,F4320320300,European Commission,
W4389993742,4,G6032504452,,964591,F4320338335,H2020 European Research Council,
W4389993742,5,G7849548699,,851780,F4320320300,European Commission,
W4389993742,6,G919562265,,851780-NanoEP,F4320338335,H2020 European Research Council,
W4386380034,1,G7576470222,NSF Engineering Research Center for Quantum Networks (CQN),1941583,F4320306076,National Science Foundation,
W4405108461,1,G11630931,,DENA0003525,F4320306084,U.S. Department of Energy,
W4405108461,2,G1404049065,,FA9550-21-1-0209,F4320338279,Air Force Office of Scientific Research,
W4405108461,3,G2882288540,,W911NF2310077,F4320338281,Army Research Office,
W4405108461,4,G3162985271,,W911NF2110325,F4320333591,Multidisciplinary University Research Initiative,
W4405108461,5,G4418629224,,1063-00046A,F4320320943,Danmarks Grundforskningsfond,
W4405108461,6,G4629941602,QuIC - TaQS: Interconnects for a Superconducting-Atomic Hybrid Quantum Network,2137642,F4320306076,National Science Foundation,
W4405108461,7,G6167497367,,FA9550-19-1-0399,F4320338279,Air Force Office of Scientific Research,
W4405108461,8,G6509661573,,DNRF 142,F4320320943,Danmarks Grundforskningsfond,
W4405108461,9,G7576470222,NSF Engineering Research Center for Quantum Networks (CQN),1941583,F4320306076,National Science Foundation,
W4405108461,10,G7609169366,,ClusterQ ERC-101055224,F4320338335,H2020 European Research Council,
W4405108461,11,G8312103549,FUNDAMENTAL ALGORITHMIC RESEARCH FOR QUANTUM COMPUTING(FAR-QC),DESC0020290,F4320306084,U.S. Department of Energy,
W4405108461,12,G8374686151,,GTGBS MC-101106833,F4320338335,H2020 European Research Council,
W4405108461,13,G8672390710,,2020-71479,F4320306079,David and Lucile Packard Foundation,
W4405108461,14,G922915270,QII-TAQS: Quantum Metrological Platform for Single-Molecule Bio-Sensing,1936118,F4320306076,National Science Foundation,
W3016061339,1,G1829052184,,N00014-19-1-2189,F4320337345,Office of Naval Research,
W3016061339,2,G8876996369,,N00014,F4320337345,Office of Naval Research,
W4410596037,1,G1404049065,,FA9550-21-1-0209,F4320338279,Air Force Office of Scientific Research,
W4410596037,2,G1442400458,QuSeC-TAQS: Nanoscale Covariance Magnetometry with Diamond Quantum Sensors,2326767,F4320306076,National Science Foundation,
W4410596037,3,G1932254719,,HR0011-24-9-0361,F4320332180,Defense Advanced Research Projects Agency,
W4410596037,4,G2882288540,,W911NF2310077,F4320338281,Army Research Office,
W4410596037,5,G3162985271,,W911NF2110325,F4320333591,Multidisciplinary University Research Initiative,
W4410596037,6,G3719423973,,W911NF-23-2-0219,F4320333051,Intelligence Advanced Research Projects Activity,
W4410596037,7,G42916606,,DE AC02 05CH11231,F4320306084,U.S. Department of Energy,
W4410596037,8,G4629941602,QuIC - TaQS: Interconnects for a Superconducting-Atomic Hybrid Quantum Network,2137642,F4320306076,National Science Foundation,
W4410596037,9,G4848018484,,FA9550-23- 1-0338,F4320338279,Air Force Office of Scientific Research,
W4410596037,10,G4973792023,Graduate Research Fellowship Program (GRFP),1745303,F4320306076,National Science Foundation,
W4410596037,11,G5277982431,Collaborative Research: FET: Medium: Efficient Compilation for Dynamically Reconfigurable Atom Arrays,2313084,F4320306076,National Science Foundation,
W4410596037,12,G586693022,,W911NF2010082,F4320333591,Multidisciplinary University Research Initiative,
W4410596037,13,G5937005037,Physics and Applications of Quantum Nanophotonics Systems,2012023,F4320306076,National Science Foundation,
W4410596037,14,G6167497367,,FA9550-19-1-0399,F4320338279,Air Force Office of Scientific Research,
W4410596037,15,G7166665977,Center for Ultracold Atoms,1734011,F4320306076,National Science Foundation,
W4410596037,16,G7576470222,NSF Engineering Research Center for Quantum Networks (CQN),1941583,F4320306076,National Science Foundation,
W4410596037,17,G7796153478,,HR0011-24-9-0359,F4320332180,Defense Advanced Research Projects Agency,
W4410596037,18,G8232580466,Collaborative Research: FET: Medium: Design and Implementation of Quantum Databases,2312755,F4320306076,National Science Foundation,
W4410596037,19,G8672390710,,2020-71479,F4320306079,David and Lucile Packard Foundation,
W4410596037,20,G922915270,QII-TAQS: Quantum Metrological Platform for Single-Molecule Bio-Sensing,1936118,F4320306076,National Science Foundation,
W4401117320,1,G1404049065,,FA9550-21-1-0209,F4320338279,Air Force Office of Scientific Research,
W4401117320,2,G1432373144,,W911NF-21-1-,F4320338281,Army Research Office,
W4401117320,3,G1442400458,QuSeC-TAQS: Nanoscale Covariance Magnetometry with Diamond Quantum Sensors,2326767,F4320306076,National Science Foundation,
W4401117320,4,G1523888516,,FA9550-,F4320338279,Air Force Office of Scientific Research,
W4401117320,5,G1932254719,,HR0011-24-9-0361,F4320332180,Defense Advanced Research Projects Agency,
W4401117320,6,G2882288540,,W911NF2310077,F4320338281,Army Research Office,
W4401117320,7,G3162985271,,W911NF2110325,F4320333591,Multidisciplinary University Research Initiative,
W4401117320,8,G3722242190,,OMA-2137642,F4320338279,Air Force Office of Scientific Research,
W4401117320,9,G431725244,,FA9550-21-1-0209,F4320333591,Multidisciplinary University Research Initiative,
W4401117320,10,G4516736450,,-21-1-,F4320338279,Air Force Office of Scientific Research,
W4401117320,11,G4629941602,QuIC - TaQS: Interconnects for a Superconducting-Atomic Hybrid Quantum Network,2137642,F4320306076,National Science Foundation,
W4401117320,12,G4848018484,,FA9550-23- 1-0338,F4320338279,Air Force Office of Scientific Research,
W4401117320,13,G4876042962,,OMA-1936118,F4320338279,Air Force Office of Scientific Research,
W4401117320,14,G5659690140,,FA9550-19-1-0399,F4320306076,National Science Foundation,
W4401117320,15,G6167497367,,FA9550-19-1-0399,F4320338279,Air Force Office of Scientific Research,
W4401117320,16,G6518383159,,W911NF2110325,F4320338281,Army Research Office,
W4401117320,17,G6526646931,,FA9550-19-1-0399,F4320333591,Multidisciplinary University Research Initiative,
W4401117320,18,G6547089213,,OSI-2326767,F4320338279,Air Force Office of Scientific Research,
W4401117320,19,G7420521838,,CCF-2312755,F4320338279,Air Force Office of Scientific Research,
W4401117320,20,G7452299184,,W911NF,F4320338281,Army Research Office,
W4401117320,21,G7576470222,NSF Engineering Research Center for Quantum Networks (CQN),1941583,F4320306076,National Science Foundation,
W4401117320,22,G7796153478,,HR0011-24-9-0359,F4320332180,Defense Advanced Research Projects Agency,
W4401117320,23,G8232580466,Collaborative Research: FET: Medium: Design and Implementation of Quantum Databases,2312755,F4320306076,National Science Foundation,
W4401117320,24,G922915270,QII-TAQS: Quantum Metrological Platform for Single-Molecule Bio-Sensing,1936118,F4320306076,National Science Foundation,
W4396692717,1,G1273934705,,NRF-2022M3K4A1097117,F4320322120,National Research Foundation of Korea,
W4396692717,2,G1404049065,,FA9550-21-1-0209,F4320338279,Air Force Office of Scientific Research,
W4396692717,3,G1770223817,,FA864921P0781,F4320338294,Air Force Research Laboratory,
W4396692717,4,G2882288540,,W911NF2310077,F4320338281,Army Research Office,
W4396692717,5,G326219201,,NRF-2023R1A2C1006115,F4320322120,National Research Foundation of Korea,
W4396692717,6,G4419116167,,NRF-2022M3E4A1076099,F4320322120,National Research Foundation of Korea,
W4396692717,7,G4629941602,QuIC - TaQS: Interconnects for a Superconducting-Atomic Hybrid Quantum Network,2137642,F4320306076,National Science Foundation,
W4396692717,8,G5729792277,,IITP‐2023‐2020‐0‐01606,F4320328359,"Ministry of Science and ICT, South Korea",
W4396692717,9,G6167497367,,FA9550-19-1-0399,F4320338279,Air Force Office of Scientific Research,
W4396692717,10,G6518383159,,W911NF2110325,F4320338281,Army Research Office,
W4396692717,11,G7576470222,NSF Engineering Research Center for Quantum Networks (CQN),1941583,F4320306076,National Science Foundation,
W4396692717,12,G780170576,,IITP-2021-0-01059,F4320328359,"Ministry of Science and ICT, South Korea",
W4396692717,13,G8672390710,,2020-71479,F4320306079,David and Lucile Packard Foundation,
W4396692717,14,G922915270,QII-TAQS: Quantum Metrological Platform for Single-Molecule Bio-Sensing,1936118,F4320306076,National Science Foundation,
W4367302222,1,G1549524776,CAREER: Using Entanglement to Enhance Communication and Sensing in the Presence of Noise,2142882,F4320306076,National Science Foundation,
W4367302222,2,G6671297155,,CAREER,F4320306076,National Science Foundation,
W4390580672,1,G2319941891,,YFA D19AP00042,F4320332180,Defense Advanced Research Projects Agency,
W4390580672,2,G7488463766,,FA9550-21-1-0322,F4320338279,Air Force Office of Scientific Research,
W4406261643,1,G4413222662,Collaborative Research: CNS Core: Medium: Design and Analysis of Quantum Networks for Entanglement Distribution,1955744,F4320306076,National Science Foundation,
W4406715171,1,G7576470222,NSF Engineering Research Center for Quantum Networks (CQN),1941583,F4320306076,National Science Foundation,
W3119078360,1,G1639952346,,1231319,F4320337367,Division of Materials Research,
W3119078360,2,G3132760473,,HR001118S0024,F4320332180,Defense Advanced Research Projects Agency,
W3119078360,3,G3311699245,Center for Integrated Quantum Materials,1231319,F4320306076,National Science Foundation,
W3119078360,4,G4124445083,,00037417,F4320310490,Villum Fonden,
W3119078360,5,G4746202754,,FA9550-14-1-0052,F4320333591,Multidisciplinary University Research Initiative,
W3119078360,6,G4800547303,,1747426,F4320337367,Division of Materials Research,
W3119078360,7,G4911808732,,1641064,F4320337395,Division of Emerging Frontiers in Research and Innovation,
W3119078360,8,G4944074465,Convergence QL: Workshop Series: Cross- Sector Connections in Quantum Leap,1747426,F4320306076,National Science Foundation,
W3119078360,9,G5298095028,,DMR-1747426,F4320337367,Division of Materials Research,
W3119078360,10,G5488723185,,FA9550-14-1-0052,F4320338279,Air Force Office of Scientific Research,
W3119078360,11,G646168239,EFRI ACQUIRE: Scalable Quantum Communications with Error-Corrected Semiconductor Qubits,1641064,F4320306076,National Science Foundation,
W3119078360,12,G7576470222,NSF Engineering Research Center for Quantum Networks (CQN),1941583,F4320306076,National Science Foundation,
W3119078360,13,G8640644076,,DMR-12313 19,F4320306076,National Science Foundation,
W3119078360,14,G875209366,,DMR-1231319,F4320337367,Division of Materials Research,
W4379390128,1,G1430011754,C: Quantum-Enhanced Inertial Measurement Unit (QEIMU),2134830,F4320306076,National Science Foundation,
W4379390128,2,G1549524776,CAREER: Using Entanglement to Enhance Communication and Sensing in the Presence of Noise,2142882,F4320306076,National Science Foundation,
W4379390128,3,G5876080242,NSF Convergence Accelerator-Track C: Quantum-Interconnected Optomechanical Transducers for Entanglement-Enhanced Force and Inertial Sensing,2040575,F4320306076,National Science Foundation,
W4379390128,4,G6671297155,,CAREER,F4320306076,National Science Foundation,
W4379390128,5,G7576470222,NSF Engineering Research Center for Quantum Networks (CQN),1941583,F4320306076,National Science Foundation,
W4391331711,1,G5537139917,Lean-6G: Learning to Network the Edge in 6G,345008,F4320321108,Academy of Finland,
W4386861644,1,G1417231415,QII-TAQS: Quantum Machine Learning with Photonics,1936314,F4320306076,National Science Foundation,
W4386861644,2,G2697164521,QLCI-CI: NSF Quantum Leap Challenge Institute for Robust Quantum Simulation,2120757,F4320306076,National Science Foundation,
W4386861644,3,G3093891788,,W911NF1920181,F4320338295,Army Research Laboratory,
W4386861644,4,G3184080033,,#FA23862014072,F4320338279,Air Force Office of Scientific Research,
W4386861644,5,G5841780227,,UWSC12985,F4320338279,Air Force Office of Scientific Research,
W4386861644,6,G8297815794,Collaborative research: Quantum Communication with Loss-Protected Photonic Encoding,1933546,F4320306076,National Science Foundation,
W4386385057,1,G1046987290,Collaborative Research: CNS Core: Medium: A Stateful Switch Architecture for In-Network Compute,2211382,F4320306076,National Science Foundation,
W4386385057,2,G1719372296,,DE‐AR0000843,F4320332276,Advanced Research Projects Agency - Energy,
W4386385057,3,G2433552189,CAREER: Large-scale Dynamic Reconfigurable Networks,2144766,F4320306076,National Science Foundation,
W4386385057,4,G304933627,,4202290027,F4320332180,Defense Advanced Research Projects Agency,
W4386385057,5,G3279571212,"FuSe-TG: Electronic-Photonic Systems-on-Chip for Computation, Communication and Sensing",2235466,F4320306076,National Science Foundation,
W4386385057,6,G4175439218,Collaborative Research: SHF: Medium: Spatial Multi-Tenant Neural Acceleration for Next Generation Datacenters,2107244,F4320306076,National Science Foundation,
W4386385057,7,G6671297155,,CAREER,F4320306076,National Science Foundation,
W4386385057,8,G7222557646,ASCENT: Collaborative Research: Scaling Distributed AI Systems based on Universal Optical I/O,2023468,F4320306076,National Science Foundation,
W4386385057,9,G7452299184,,W911NF,F4320338281,Army Research Office,
W4386385057,10,G805375031,,W911NF1820048,F4320338281,Army Research Office,
W4386385057,11,G8598912940,Collaborative Research: PPoSS: LARGE: A Full-Stack Architecture for Sparse Computation,2217099,F4320306076,National Science Foundation,
W4386385057,12,G882022454,Collaborative Research: CNS Core: Small: A Principled Framework for Workload Distribution Techniques in Large-Scale Networks,2008624,F4320306076,National Science Foundation,
W4393924497,1,G134943510,Collaborative Research: CISE MSI: RCBP: RI: Explainable Multi-modality Time Series Question Answering System,2431504,F4320306076,National Science Foundation,
W4388184984,1,G1404049065,,FA9550-21-1-0209,F4320338279,Air Force Office of Scientific Research,
W4388184984,2,G1432373144,,W911NF-21-1-,F4320338281,Army Research Office,
W4388184984,3,G1523888516,,FA9550-,F4320338279,Air Force Office of Scientific Research,
W4388184984,4,G2882288540,,W911NF2310077,F4320338281,Army Research Office,
W4388184984,5,G3162985271,,W911NF2110325,F4320333591,Multidisciplinary University Research Initiative,
W4388184984,6,G3722242190,,OMA-2137642,F4320338279,Air Force Office of Scientific Research,
W4388184984,7,G431725244,,FA9550-21-1-0209,F4320333591,Multidisciplinary University Research Initiative,
W4388184984,8,G4516736450,,-21-1-,F4320338279,Air Force Office of Scientific Research,
W4388184984,9,G4629941602,QuIC - TaQS: Interconnects for a Superconducting-Atomic Hybrid Quantum Network,2137642,F4320306076,National Science Foundation,
W4388184984,10,G4876042962,,OMA-1936118,F4320338279,Air Force Office of Scientific Research,
W4388184984,11,G5659690140,,FA9550-19-1-0399,F4320306076,National Science Foundation,
W4388184984,12,G6167497367,,FA9550-19-1-0399,F4320338279,Air Force Office of Scientific Research,
W4388184984,13,G6518383159,,W911NF2110325,F4320338281,Army Research Office,
W4388184984,14,G6526646931,,FA9550-19-1-0399,F4320333591,Multidisciplinary University Research Initiative,
W4388184984,15,G7452299184,,W911NF,F4320338281,Army Research Office,
W4388184984,16,G7576470222,NSF Engineering Research Center for Quantum Networks (CQN),1941583,F4320306076,National Science Foundation,
W4388184984,17,G922915270,QII-TAQS: Quantum Metrological Platform for Single-Molecule Bio-Sensing,1936118,F4320306076,National Science Foundation,
W4323650316,1,G7576470222,NSF Engineering Research Center for Quantum Networks (CQN),1941583,F4320306076,National Science Foundation,
W4394866504,1,G1770695805,,HR0011-24-9-0362,F4320332180,Defense Advanced Research Projects Agency,
W4394866504,2,G1872762428,,N000142312296,F4320337345,Office of Naval Research,
W4394866504,3,G498139845,,DE-AC02,F4320332359,Office of Science,
W4394866504,4,G5616713406,,DE-AC02-07CH11359,F4320306076,National Science Foundation,
W4394866504,5,G585908603,,AC02-07CH11359,F4320306084,U.S. Department of Energy,
W4394866504,6,G6671297155,,CAREER,F4320306076,National Science Foundation,
W4394866504,7,G69013661,QuSeC-TAQS: Sensing-Intelligence on The Move: Quantum-Enhanced Optical Diagnosis of Crop Diseases,2326746,F4320306076,National Science Foundation,
W4394866504,8,G6941843737,CAREER: Using Entanglement to Enhance Communication and Sensing in the Presence of Noise,2240641,F4320306076,National Science Foundation,
W4394866504,9,G716412294,,DE–AC02–07CH11359,F4320332359,Office of Science,
W4394866504,10,G7576470222,NSF Engineering Research Center for Quantum Networks (CQN),1941583,F4320306076,National Science Foundation,
W4394866504,11,G86560745,,DE‐AC02‐07CH11359,F4320306084,U.S. Department of Energy,
W4394866504,12,G8876996369,,N00014,F4320337345,Office of Naval Research,
W4394866504,13,G969889393,,DE-AC02-,F4320306084,U.S. Department of Energy,
W4396600035,1,G1264789558,,W911NF2010021,F4320332180,Defense Advanced Research Projects Agency,
W4396600035,2,G149988304,,PHY-1734011,F4320334437,"Center for Ultracold Atoms, Massachusetts Institute of Technology",
W4396600035,3,G1938338418,,OMA-2120757,F4320306084,U.S. Department of Energy,
W4396600035,4,G2072961586,,#FP00010905,F4320306084,U.S. Department of Energy,
W4396600035,5,G2697164521,QLCI-CI: NSF Quantum Leap Challenge Institute for Robust Quantum Simulation,2120757,F4320306076,National Science Foundation,
W4396600035,6,G2916627489,,W911NF-20-1-0082,F4320338281,Army Research Office,
W4396600035,7,G3056001529,Center: JILA-PFC: Comprehension and Control of Emerging Complexity at the Quantum Frontier,2317149,F4320306076,National Science Foundation,
W4396600035,8,G3719423973,,W911NF-23-2-0219,F4320333051,Intelligence Advanced Research Projects Activity,
W4396600035,9,G5188000133,,HR0011-23-3-0012,F4320332180,Defense Advanced Research Projects Agency,
W4396600035,10,G5277982431,Collaborative Research: FET: Medium: Efficient Compilation for Dynamically Reconfigurable Atom Arrays,2313084,F4320306076,National Science Foundation,
W4396600035,11,G5723341926,,W911NF2320219,F4320338281,Army Research Office,
W4396600035,12,G586693022,,W911NF2010082,F4320333591,Multidisciplinary University Research Initiative,
W4396600035,13,G5868295057,,FP00010905,F4320306076,National Science Foundation,
W4396600035,14,G5937005037,Physics and Applications of Quantum Nanophotonics Systems,2012023,F4320306076,National Science Foundation,
W4396600035,15,G7166665977,Center for Ultracold Atoms,1734011,F4320306076,National Science Foundation,
W4396600035,16,G7452299184,,W911NF,F4320338281,Army Research Office,
W4399454884,1,G1404049065,,FA9550-21-1-0209,F4320338279,Air Force Office of Scientific Research,
W4399454884,2,G1442400458,QuSeC-TAQS: Nanoscale Covariance Magnetometry with Diamond Quantum Sensors,2326767,F4320306076,National Science Foundation,
W4399454884,3,G1523888516,,FA9550-,F4320338279,Air Force Office of Scientific Research,
W4399454884,4,G1932254719,,HR0011-24-9-0361,F4320332180,Defense Advanced Research Projects Agency,
W4399454884,5,G3722242190,,OMA-2137642,F4320338279,Air Force Office of Scientific Research,
W4399454884,6,G431725244,,FA9550-21-1-0209,F4320333591,Multidisciplinary University Research Initiative,
W4399454884,7,G4516736450,,-21-1-,F4320338279,Air Force Office of Scientific Research,
W4399454884,8,G4629941602,QuIC - TaQS: Interconnects for a Superconducting-Atomic Hybrid Quantum Network,2137642,F4320306076,National Science Foundation,
W4399454884,9,G4848018484,,FA9550-23- 1-0338,F4320338279,Air Force Office of Scientific Research,
W4399454884,10,G4876042962,,OMA-1936118,F4320338279,Air Force Office of Scientific Research,
W4399454884,11,G5659690140,,FA9550-19-1-0399,F4320306076,National Science Foundation,
W4399454884,12,G6167497367,,FA9550-19-1-0399,F4320338279,Air Force Office of Scientific Research,
W4399454884,13,G6526646931,,FA9550-19-1-0399,F4320333591,Multidisciplinary University Research Initiative,
W4399454884,14,G6547089213,,OSI-2326767,F4320338279,Air Force Office of Scientific Research,
W4399454884,15,G7420521838,,CCF-2312755,F4320338279,Air Force Office of Scientific Research,
W4399454884,16,G7576470222,NSF Engineering Research Center for Quantum Networks (CQN),1941583,F4320306076,National Science Foundation,
W4399454884,17,G7796153478,,HR0011-24-9-0359,F4320332180,Defense Advanced Research Projects Agency,
W4399454884,18,G8232580466,Collaborative Research: FET: Medium: Design and Implementation of Quantum Databases,2312755,F4320306076,National Science Foundation,
W4399454884,19,G922915270,QII-TAQS: Quantum Metrological Platform for Single-Molecule Bio-Sensing,1936118,F4320306076,National Science Foundation,
W4403576220,1,G11630931,,DENA0003525,F4320306084,U.S. Department of Energy,
W4403576220,2,G1166951225,,DE-NA-0003525,F4320337506,Advanced Scientific Computing Research,
W4403576220,3,G1404049065,,FA9550-21-1-0209,F4320338279,Air Force Office of Scientific Research,
W4403576220,4,G1432373144,,W911NF-21-1-,F4320338281,Army Research Office,
W4403576220,5,G1523888516,,FA9550-,F4320338279,Air Force Office of Scientific Research,
W4403576220,6,G2403330605,,PHY-1733907,F4320334224,"Institute for Quantum Information and Matter, California Institute of Technology",
W4403576220,7,G280414146,,DE-NA0003525,F4320332359,Office of Science,
W4403576220,8,G2882288540,,W911NF2310077,F4320338281,Army Research Office,
W4403576220,9,G3162985271,,W911NF2110325,F4320333591,Multidisciplinary University Research Initiative,
W4403576220,10,G3722242190,,OMA-2137642,F4320338279,Air Force Office of Scientific Research,
W4403576220,11,G431725244,,FA9550-21-1-0209,F4320333591,Multidisciplinary University Research Initiative,
W4403576220,12,G4418629224,,1063-00046A,F4320320943,Danmarks Grundforskningsfond,
W4403576220,13,G4516736450,,-21-1-,F4320338279,Air Force Office of Scientific Research,
W4403576220,14,G4629941602,QuIC - TaQS: Interconnects for a Superconducting-Atomic Hybrid Quantum Network,2137642,F4320306076,National Science Foundation,
W4403576220,15,G4771968897,,NA0003525,F4320306076,National Science Foundation,
W4403576220,16,G4876042962,,OMA-1936118,F4320338279,Air Force Office of Scientific Research,
W4403576220,17,G4903105778,,NA0003525,F4320306084,U.S. Department of Energy,
W4403576220,18,G507237395,The Institute for Quantum Information and Matter: Advancing the Entanglement Frontier,1733907,F4320306076,National Science Foundation,
W4403576220,19,G5556147165,,DE-NA0003525,F4320338279,Air Force Office of Scientific Research,
W4403576220,20,G5659690140,,FA9550-19-1-0399,F4320306076,National Science Foundation,
W4403576220,21,G6167497367,,FA9550-19-1-0399,F4320338279,Air Force Office of Scientific Research,
W4403576220,22,G6338696783,,DE‐NA0003525,F4320306076,National Science Foundation,
W4403576220,23,G6492584721,FUNDAMENTAL ALGORITHMIC RESEARCH FOR QUANTUM COMPUTING(FAR-QC),DESC0020290,F4320332359,Office of Science,
W4403576220,24,G6509661573,,DNRF 142,F4320320943,Danmarks Grundforskningsfond,
W4403576220,25,G6518383159,,W911NF2110325,F4320338281,Army Research Office,
W4403576220,26,G6526374922,,DE-NA0003525,F4320338281,Army Research Office,
W4403576220,27,G6526646931,,FA9550-19-1-0399,F4320333591,Multidisciplinary University Research Initiative,
W4403576220,28,G7033135252,,RS-2024-00431768,F4320328359,"Ministry of Science and ICT, South Korea",
W4403576220,29,G7452299184,,W911NF,F4320338281,Army Research Office,
W4403576220,30,G7576470222,NSF Engineering Research Center for Quantum Networks (CQN),1941583,F4320306076,National Science Foundation,
W4403576220,31,G7976472028,,DE-SC0020290,F4320337506,Advanced Scientific Computing Research,
W4403576220,32,G8312103549,FUNDAMENTAL ALGORITHMIC RESEARCH FOR QUANTUM COMPUTING(FAR-QC),DESC0020290,F4320306084,U.S. Department of Energy,
W4403576220,33,G922915270,QII-TAQS: Quantum Metrological Platform for Single-Molecule Bio-Sensing,1936118,F4320306076,National Science Foundation,
W4387542025,1,G1264789558,,W911NF2010021,F4320332180,Defense Advanced Research Projects Agency,
W4387542025,2,G1974070018,PROGRAMMABLE QUANTUM SIMULATORS FOR LATTICE GAUGE THEORIES AND GAUGE-GRAVITY CORRESPONDENCE,DESC0021013,F4320306084,U.S. Department of Energy,
W4387542025,3,G2916627489,,W911NF-20-1-0082,F4320338281,Army Research Office,
W4387542025,4,G3388975023,2020 BUDGET REQUEST FOR THE DOE COMPUTATIONAL SCIENCE GRADUATE FELLOWSHIP (CSGF) GRANT,DESC0021110,F4320306084,U.S. Department of Energy,
W4387542025,5,G4973792023,Graduate Research Fellowship Program (GRFP),1745303,F4320306076,National Science Foundation,
W4387542025,6,G586693022,,W911NF2010082,F4320333591,Multidisciplinary University Research Initiative,
W4387542025,7,G616689113,,W911NF-20-1-0082,F4320306076,National Science Foundation,
W4387542025,8,G6183517682,,7568717,F4320306084,U.S. Department of Energy,
W4387542025,9,G7452299184,,W911NF,F4320338281,Army Research Office,
W4392453999,1,G5173159065,CAREER: Computer-Intensive Statistical Inference on High-Dimensional and Massive Data: From Theoretical Foundations to Practical Computations,2347760,F4320306076,National Science Foundation,
W4392453999,2,G6667866919,,ONR N00014-23-1-2296,F4320306076,National Science Foundation,
W4392453999,3,G6941843737,CAREER: Using Entanglement to Enhance Communication and Sensing in the Presence of Noise,2240641,F4320306076,National Science Foundation,
W4401062727,1,G1162011400,,W911NF1810432,F4320338281,Army Research Office,
W4401062727,2,G1235551788,NNCI: Soft Hybrid Nanotechnology Experimental (SHyNE) Resource,2025633,F4320306076,National Science Foundation,
W4401062727,3,G1523888516,,FA9550-,F4320338279,Air Force Office of Scientific Research,
W4401062727,4,G1799408541,,EEC-1941583,F4320338279,Air Force Office of Scientific Research,
W4401062727,5,G2233802770,,ECCS-2025633,F4320337367,Division of Materials Research,
W4401062727,6,G3010471893,,ECCS-2025633,F4320337392,"Division of Electrical, Communications and Cyber Systems",
W4401062727,7,G3028541427,Materials Research Science and Engineering Center,2011854,F4320306076,National Science Foundation,
W4401062727,8,G3032896889,EAGER: Quantum Manufacturing: Manufacturing Integrated Quantum Sensing and Quantum Photonic Technologies Through Direct Bonding of Diamond Membranes,2240399,F4320306076,National Science Foundation,
W4401062727,9,G3431638231,,W911NF1810432,F4320338279,Air Force Office of Scientific Research,
W4401062727,10,G3582326853,,W911NF1810432,F4320333591,Multidisciplinary University Research Initiative,
W4401062727,11,G36446433,,FA9550-20-1,F4320338279,Air Force Office of Scientific Research,
W4401062727,12,G3908502130,,N00014-20-1-2425,F4320337345,Office of Naval Research,
W4401062727,13,G4292335413,,AM-2240399,F4320337367,Division of Materials Research,
W4401062727,14,G4657484576,,2011854,F4320337367,Division of Materials Research,
W4401062727,15,G4958141111,,2025633,F4320337392,"Division of Electrical, Communications and Cyber Systems",
W4401062727,16,G5569641376,,FA9550-20-1-0105,F4320338279,Air Force Office of Scientific Research,
W4401062727,17,G5729145195,,FA9550-20,F4320338279,Air Force Office of Scientific Research,
W4401062727,18,G6098521345,,FA9550,F4320337345,Office of Naval Research,
W4401062727,19,G7444832178,,EEC-1941583,F4320306084,U.S. Department of Energy,
W4401062727,20,G7576470222,NSF Engineering Research Center for Quantum Networks (CQN),1941583,F4320306076,National Science Foundation,
W4401062727,21,G8048112891,,DMR-2011854,F4320337367,Division of Materials Research,
W4401062727,22,G8876996369,,N00014,F4320337345,Office of Naval Research,
W4385276847,1,G11630931,,DENA0003525,F4320306084,U.S. Department of Energy,
W4385276847,2,G1166951225,,DE-NA-0003525,F4320337506,Advanced Scientific Computing Research,
W4385276847,3,G2214935549,,NA0003525,F4320338291,Sandia National Laboratories,
W4385276847,4,G280414146,,DE-NA0003525,F4320332359,Office of Science,
W4385276847,5,G413247060,,"DE‐NA,0003525",F4320338291,Sandia National Laboratories,
W4385276847,6,G4903105778,,NA0003525,F4320306084,U.S. Department of Energy,
W4385276847,7,G5339743583,,NA0003525,F4320332369,National Nuclear Security Administration,
W4385276847,8,G8178004050,,contract DE-NA0003525,F4320332369,National Nuclear Security Administration,
W4385276847,9,G855168022,,DENA-0003525,F4320332369,National Nuclear Security Administration,
W4287064357,1,G5353372809,,1941583,F4320333162,Maryland Technology Enterprise Institute,
W4287064357,2,G5858739473,,80NSSC20K0629,F4320306101,National Aeronautics and Space Administration,
W4287064357,3,G7576470222,NSF Engineering Research Center for Quantum Networks (CQN),1941583,F4320306076,National Science Foundation,
W4391263059,1,G1332003815,QUANTUM COMMUNICATION CHANNELS FOR FUNDAMENTAL PHYSICS (QCCFP),DESC0019219,F4320306084,U.S. Department of Energy,
W4391263059,2,G2676722403,,80NM0018D0004,F4320332375,Jet Propulsion Laboratory,
W4391263059,3,G5361369705,,SC002376,F4320306084,U.S. Department of Energy,
W4407253470,1,G3713507969,,HR0011-20-C-0137,F4320337531,"Defense Sciences Office, DARPA",
W4407253470,2,G4198572546,QuIC-TAQS: Integrated Lithium Niobate Quantum Photonics Platform,2137723,F4320306076,National Science Foundation,
W4407253470,3,G4720003262,,N00014-22,F4320337345,Office of Naval Research,
W4407253470,4,G7576470222,NSF Engineering Research Center for Quantum Networks (CQN),1941583,F4320306076,National Science Foundation,
W4407253470,5,G763165814,,HR0011‐20‐C‐0137,F4320332180,Defense Advanced Research Projects Agency,
W4407253470,6,G8876996369,,N00014,F4320337345,Office of Naval Research,
W4407253470,7,G8883787402,,N00014-22-C-1041,F4320337345,Office of Naval Research,
W4396614991,1,G1191009291,,D23AP00174-00,F4320332180,Defense Advanced Research Projects Agency,
W4396614991,2,G6203191230,,D23AP00174-00,F4320306078,U.S. Department of Defense,
W4322492879,1,G1290610125,,37417,F4320310490,Villum Fonden,
W4322492879,2,G1975840056,,W911NF2120106,F4320338281,Army Research Office,
W4322492879,3,G264844012,,70NANB10H193,F4320310578,University of Maryland,
W4322492879,4,G6751601004,NIST NANOSCALE SCIENCE AND TECHNOLOGY POSTDOCTORAL AND VISITING SENIOR FELLOWSHIP PROGRAM,70NANB10H193,F4320332178,National Institute of Standards and Technology,
W4322492879,5,G7452299184,,W911NF,F4320338281,Army Research Office,
W4322492879,6,G7906128651,,70NANB10H193,F4320332180,Defense Advanced Research Projects Agency,
W3127241871,1,G1410460820,,DSTLX- 100092545,F4320332972,Defence Science and Technology Laboratory,
W3127241871,2,G3178919060,,665148,F4320332999,Horizon 2020 Framework Programme,
W3127241871,3,G838980356,RAISE-TAQS: Quantum Advantage of Broadband Entangled Photon Pairs in Spectroscopy and Metrology,1839216,F4320306076,National Science Foundation,
W4379877409,1,G5569641376,,FA9550-20-1-0105,F4320338279,Air Force Office of Scientific Research,
W4379877409,2,G7576470222,NSF Engineering Research Center for Quantum Networks (CQN),1941583,F4320306076,National Science Foundation,
W4399166326,1,G1162011400,,W911NF1810432,F4320338281,Army Research Office,
W4399166326,2,G3908502130,,N00014-20-1-2425,F4320337345,Office of Naval Research,
W4399166326,3,G3964890580,,FA9550-20-1-01015,F4320338279,Air Force Office of Scientific Research,
W4399166326,4,G5656270699,,202160592,F4320334764,Japan Society for the Promotion of Science,
W4399166326,5,G695208427,Coherent Optomechanical and Hyperfine interactions Engineering with Silicon-Vacancy impurities in diamond for quantum networks,840968,F4320338337,H2020 Marie Skłodowska-Curie Actions,
W4399166326,6,G7576470222,NSF Engineering Research Center for Quantum Networks (CQN),1941583,F4320306076,National Science Foundation,
W4399166326,7,G8544953645,,FA9550-23-1-0333,F4320338279,Air Force Office of Scientific Research,
W4399166326,8,G8640644076,,DMR-12313 19,F4320306076,National Science Foundation,
W4389246439,1,G4396585074,OP: Quantum Optical Physics with Nanophotonics Systems,1506284,F4320306076,National Science Foundation,
W4389246439,2,G8121721066,Moore Scholars in Theory of Quantum Materials,GBMF4306,F4320306202,Gordon and Betty Moore Foundation,
W4410302116,1,G1404049065,,FA9550-21-1-0209,F4320338279,Air Force Office of Scientific Research,
W4410302116,2,G1442400458,QuSeC-TAQS: Nanoscale Covariance Magnetometry with Diamond Quantum Sensors,2326767,F4320306076,National Science Foundation,
W4410302116,3,G1932254719,,HR0011-24-9-0361,F4320332180,Defense Advanced Research Projects Agency,
W4410302116,4,G2882288540,,W911NF2310077,F4320338281,Army Research Office,
W4410302116,5,G3162985271,,W911NF2110325,F4320333591,Multidisciplinary University Research Initiative,
W4410302116,6,G4629941602,QuIC - TaQS: Interconnects for a Superconducting-Atomic Hybrid Quantum Network,2137642,F4320306076,National Science Foundation,
W4410302116,7,G4848018484,,FA9550-23- 1-0338,F4320338279,Air Force Office of Scientific Research,
W4410302116,8,G6167497367,,FA9550-19-1-0399,F4320338279,Air Force Office of Scientific Research,
W4410302116,9,G7576470222,NSF Engineering Research Center for Quantum Networks (CQN),1941583,F4320306076,National Science Foundation,
W4410302116,10,G7796153478,,HR0011-24-9-0359,F4320332180,Defense Advanced Research Projects Agency,
W4410302116,11,G8232580466,Collaborative Research: FET: Medium: Design and Implementation of Quantum Databases,2312755,F4320306076,National Science Foundation,
W4410302116,12,G922915270,QII-TAQS: Quantum Metrological Platform for Single-Molecule Bio-Sensing,1936118,F4320306076,National Science Foundation,
W4392539742,1,G1823173179,Quantum Internet Alliance - Phase1,101102140,F4320320300,European Commission,
W4406422040,1,G111448035,,2311733,F4320306084,U.S. Department of Energy,
W4406422040,2,G1442400458,QuSeC-TAQS: Nanoscale Covariance Magnetometry with Diamond Quantum Sensors,2326767,F4320306076,National Science Foundation,
W4406422040,3,G1932254719,,HR0011-24-9-0361,F4320332180,Defense Advanced Research Projects Agency,
W4406422040,4,G2882288540,,W911NF2310077,F4320338281,Army Research Office,
W4406422040,5,G4629941602,QuIC - TaQS: Interconnects for a Superconducting-Atomic Hybrid Quantum Network,2137642,F4320306076,National Science Foundation,
W4406422040,6,G7456145480,,DE-SC0024124,F4320306084,U.S. Department of Energy,
W4406422040,7,G7576470222,NSF Engineering Research Center for Quantum Networks (CQN),1941583,F4320306076,National Science Foundation,
W4406422040,8,G7796153478,,HR0011-24-9-0359,F4320332180,Defense Advanced Research Projects Agency,
W4406422040,9,G8232580466,Collaborative Research: FET: Medium: Design and Implementation of Quantum Databases,2312755,F4320306076,National Science Foundation,
W4406422040,10,G8672390710,,2020-71479,F4320306079,David and Lucile Packard Foundation,
W4406422040,11,G922915270,QII-TAQS: Quantum Metrological Platform for Single-Molecule Bio-Sensing,1936118,F4320306076,National Science Foundation,
W4283764485,1,G2469973041,,N660012014029,F4320332180,Defense Advanced Research Projects Agency,
W4283764485,2,G5003045098,,N00014- 19-1-2190,F4320337345,Office of Naval Research,
W4283764485,3,G7576470222,NSF Engineering Research Center for Quantum Networks (CQN),1941583,F4320306076,National Science Foundation,
W4283764485,4,G8037367148,FET: Small: Spectrally Efficient High-dimensional Quantum Communications in an Integrated Quantum Photonic Platform,1907918,F4320306076,National Science Foundation,
W4385192310,1,G7576470222,NSF Engineering Research Center for Quantum Networks (CQN),1941583,F4320306076,National Science Foundation,
W3196790258,1,G2316705563,FET: Small: Quantum-secure quantum-enhanced covert networks over generalized bosonic channels,2006679,F4320306076,National Science Foundation,
W3196790258,2,G6061005260,,W911NF-19-1-0412,F4320338281,Army Research Office,
W4388449015,1,G30714459,,DE-AC02-05CH11231.,F4320337480,Basic Energy Sciences,
W4406870466,1,G4198572546,QuIC-TAQS: Integrated Lithium Niobate Quantum Photonics Platform,2137723,F4320306076,National Science Foundation,
W4406870466,2,G6266366442,,A9550-20-1-0105,F4320338279,Air Force Office of Scientific Research,
W4406870466,3,G7576470222,NSF Engineering Research Center for Quantum Networks (CQN),1941583,F4320306076,National Science Foundation,
W3107115907,1,G1747787043,,ERKCK47,F4320337480,Basic Energy Sciences,
W3107115907,2,G346992751,,FWP ERKCK47,F4320306084,U.S. Department of Energy,
W3107115907,3,G4391555091,,FWP ERKCK47,F4320337480,Basic Energy Sciences,
W3107115907,4,G7001133811,,FWP ERKCK47,F4320338483,Division of Materials Sciences and Engineering,
W3107115907,5,G8676588572,Prineha Narang Moore Inventor Fellow Award,GBMF8048,F4320306202,Gordon and Betty Moore Foundation,
W3196448755,1,G1120288703,,CCF-2045530,F4320321001,National Natural Science Foundation of China,
W3196448755,2,G1829052184,,N00014-19-1-2189,F4320337345,Office of Naval Research,
W4365801639,1,G2864954093,Collaborative Research: SWIFT: SMALL: Enabling Seamless Coexistence between Passive and Active Networks using Reconfigurable Reflecting Surfaces,2030215,F4320306076,National Science Foundation,
W4365801639,2,G8182194275,NSF-AoF: CNS Core Small: Lean-NextG: Learning to Network the Edge in Next Generation Wireless Networks,2132573,F4320306076,National Science Foundation,
W4365801639,3,G8843817667,,W911NF-23-1-0088,F4320338281,Army Research Office,
W4387244629,1,G7740375562,,2324819,F4320306076,National Science Foundation,
W4412801669,1,G3531872738,,#1745302,F4562087700,National Science Foundation Graduate Research Fellowship Program,
W4391985783,1,G4198572546,QuIC-TAQS: Integrated Lithium Niobate Quantum Photonics Platform,2137723,F4320306076,National Science Foundation,
W4391985783,2,G4720003262,,N00014-22,F4320337345,Office of Naval Research,
W4391985783,3,G6906440423,QuIC-TAQS: Implementation of a Neutral-Atom-Photonic-Cluster State,2138068,F4320306076,National Science Foundation,
W4391985783,4,G8876996369,,N00014,F4320337345,Office of Naval Research,
W4391985783,5,G8883787402,,N00014-22-C-1041,F4320337345,Office of Naval Research,
W4285597640,1,G1549524776,CAREER: Using Entanglement to Enhance Communication and Sensing in the Presence of Noise,2142882,F4320306076,National Science Foundation,
W4285597640,2,G1872762428,,N000142312296,F4320337345,Office of Naval Research,
W4285597640,3,G2469973041,,N660012014029,F4320332180,Defense Advanced Research Projects Agency,
W4285597640,4,G6671297155,,CAREER,F4320306076,National Science Foundation,
W4285597640,5,G7576470222,NSF Engineering Research Center for Quantum Networks (CQN),1941583,F4320306076,National Science Foundation,
W4285597640,6,G8876996369,,N00014,F4320337345,Office of Naval Research,
W4385292620,1,G102163711,,DE‐ AC02‐06CH11357,F4320306084,U.S. Department of Energy,
W4385292620,2,G1055550527,,DE-AC02-06CH11357,F4320309626,University of Chicago,
W4385292620,3,G107522343,PFCQC: STAQ: Software-Tailored Architecture for Quantum co-design,1818914,F4320306076,National Science Foundation,
W4385292620,4,G1404049065,,FA9550-21-1-0209,F4320338279,Air Force Office of Scientific Research,
W4385292620,5,G1432373144,,W911NF-21-1-,F4320338281,Army Research Office,
W4385292620,6,G1523888516,,FA9550-,F4320338279,Air Force Office of Scientific Research,
W4385292620,7,G2287611682,,AC02‐06CH11357,F4320332359,Office of Science,
W4385292620,8,G262962599,,AC02‐06CH11357,F4320306084,U.S. Department of Energy,
W4385292620,9,G2882288540,,W911NF2310077,F4320338281,Army Research Office,
W4385292620,10,G3162985271,,W911NF2110325,F4320333591,Multidisciplinary University Research Initiative,
W4385292620,11,G3722242190,,OMA-2137642,F4320338279,Air Force Office of Scientific Research,
W4385292620,12,G3990184095,,FA9550-21-1-0209,F4320309626,University of Chicago,
W4385292620,13,G431725244,,FA9550-21-1-0209,F4320333591,Multidisciplinary University Research Initiative,
W4385292620,14,G4498848053,SBIR Phase I:  End-to-End Compilation of Quantum Applications,2110860,F4320306076,National Science Foundation,
W4385292620,15,G4516736450,,-21-1-,F4320338279,Air Force Office of Scientific Research,
W4385292620,16,G4629941602,QuIC - TaQS: Interconnects for a Superconducting-Atomic Hybrid Quantum Network,2137642,F4320306076,National Science Foundation,
W4385292620,17,G4876042962,,OMA-1936118,F4320338279,Air Force Office of Scientific Research,
W4385292620,18,G498139845,,DE-AC02,F4320332359,Office of Science,
W4385292620,19,G513797252,,DE-AC02–06CH11357,F4320306076,National Science Foundation,
W4385292620,20,G5476995083,QLCI-CI: NSF Quantum Leap Challenge Institute for Hybrid Quantum Architectures and Networks,2016136,F4320306076,National Science Foundation,
W4385292620,21,G5659690140,,FA9550-19-1-0399,F4320306076,National Science Foundation,
W4385292620,22,G6167497367,,FA9550-19-1-0399,F4320338279,Air Force Office of Scientific Research,
W4385292620,23,G6518383159,,W911NF2110325,F4320338281,Army Research Office,
W4385292620,24,G6526646931,,FA9550-19-1-0399,F4320333591,Multidisciplinary University Research Initiative,
W4385292620,25,G6848031779,,06CH11357,F4320306084,U.S. Department of Energy,
W4385292620,26,G6918803902,,06CH11357,F4320332359,Office of Science,
W4385292620,27,G741291543,,DE-AC02-06CH11357,F4320338279,Air Force Office of Scientific Research,
W4385292620,28,G7452299184,,W911NF,F4320338281,Army Research Office,
W4385292620,29,G7576470222,NSF Engineering Research Center for Quantum Networks (CQN),1941583,F4320306076,National Science Foundation,
W4385292620,30,G878601127,,DE-AC02-06CH11357,F4320337506,Advanced Scientific Computing Research,
W4385292620,31,G902573048,Collaborative Research: EPiQC: Enabling Practical-Scale Quantum Computation,1730449,F4320306076,National Science Foundation,
W4385292620,32,G922915270,QII-TAQS: Quantum Metrological Platform for Single-Molecule Bio-Sensing,1936118,F4320306076,National Science Foundation,
W4385292620,33,G969889393,,DE-AC02-,F4320306084,U.S. Department of Energy,
W4385292620,34,G993149817,,DE-AC02-06CH11357 ,F4320332359,Office of Science,
W4400267234,1,G4198572546,QuIC-TAQS: Integrated Lithium Niobate Quantum Photonics Platform,2137723,F4320306076,National Science Foundation,
W4400267234,2,G4720003262,,N00014-22,F4320337345,Office of Naval Research,
W4400267234,3,G7576470222,NSF Engineering Research Center for Quantum Networks (CQN),1941583,F4320306076,National Science Foundation,
W4400267234,4,G763165814,,HR0011‐20‐C‐0137,F4320332180,Defense Advanced Research Projects Agency,
W4400267234,5,G8876996369,,N00014,F4320337345,Office of Naval Research,
W4400267234,6,G8883787402,,N00014-22-C-1041,F4320337345,Office of Naval Research,
W4387634914,1,G1285306620,,SC0012704,F4320338289,Brookhaven National Laboratory,
W4387634914,2,G1290610125,,37417,F4320310490,Villum Fonden,
W4387634914,3,G1847291448,,DE- SC0012704,F4320337480,Basic Energy Sciences,
W4387634914,4,G241279073,,DE‐SC0012704,F4320306084,U.S. Department of Energy,
W4387634914,5,G3262563802,,DE- SC0012704,F4320338289,Brookhaven National Laboratory,
W4387634914,6,G357145406,,DE-SC-0012704,F4320332359,Office of Science,
W4387634914,7,G5765906131,,SC0012704.,F4320306084,U.S. Department of Energy,
W4387634914,8,G6965541988,,SC0012704,F4320337480,Basic Energy Sciences,
W4387634914,9,G7463374569,,SC0012704,F4320332359,Office of Science,
W4387634914,10,G872144517,,DE-SC0012704,F4320306076,National Science Foundation,
W4414939253,1,G1639952346,,1231319,F4320337367,Division of Materials Research,
W4414939253,2,G2198041244,,FA8702-15-D-0001,F4320333566,National Defense Science and Engineering Graduate,
W4414939253,3,G3311699245,Center for Integrated Quantum Materials,1231319,F4320306076,National Science Foundation,
W4414939253,4,G434337789,,HORIZON2020,F4320320300,European Commission,
W4414939253,5,G4694536500,,FA8702-15-D-0001,F4320309369,Massachusetts Institute of Technology,
W4414939253,6,G5639706416,INTEGRATED MECHANICS FOR MODULAR QUANTUM RECONFIGURABLE CIRCUITS,896401,F4320320300,European Commission,
W4414939253,7,G7576470222,NSF Engineering Research Center for Quantum Networks (CQN),1941583,F4320306076,National Science Foundation,
W4414939253,8,G8640644076,,DMR-12313 19,F4320306076,National Science Foundation,
W4414939253,9,G875209366,,DMR-1231319,F4320337367,Division of Materials Research,
W4385930038,1,G1639952346,,1231319,F4320337367,Division of Materials Research,
W4385930038,2,G3162985271,,W911NF2110325,F4320333591,Multidisciplinary University Research Initiative,
W4385930038,3,G3311699245,Center for Integrated Quantum Materials,1231319,F4320306076,National Science Foundation,
W4385930038,4,G434337789,,HORIZON2020,F4320320300,European Commission,
W4385930038,5,G4800547303,,1747426,F4320337367,Division of Materials Research,
W4385930038,6,G4944074465,Convergence QL: Workshop Series: Cross- Sector Connections in Quantum Leap,1747426,F4320306076,National Science Foundation,
W4385930038,7,G5041541209,RAISE TAQS: Very Large Scale Integrated Electronics and Phontonics Platform for Scaleable Quantum Information Processing,1839159,F4320306076,National Science Foundation,
W4385930038,8,G5298095028,,DMR-1747426,F4320337367,Division of Materials Research,
W4385930038,9,G5639706416,INTEGRATED MECHANICS FOR MODULAR QUANTUM RECONFIGURABLE CIRCUITS,896401,F4320320300,European Commission,
W4385930038,10,G6518383159,,W911NF2110325,F4320338281,Army Research Office,
W4385930038,11,G6629006974,Integrated multi-qubit devices for scalable quantum networks,840393,F4320320300,European Commission,
W4385930038,12,G7576470222,NSF Engineering Research Center for Quantum Networks (CQN),1941583,F4320306076,National Science Foundation,
W4385930038,13,G8640644076,,DMR-12313 19,F4320306076,National Science Foundation,
W4385930038,14,G875209366,,DMR-1231319,F4320337367,Division of Materials Research,
W4387491079,1,G1954895400,CIF: Medium: Iterative Quantum LDPC Decoders,1855879,F4320306076,National Science Foundation,
W4387491079,2,G2569120085,Collaborative Research: CIF: Medium: QODED: Quantum codes Optimized for the Dynamics between Encoded Computation and Decoding using Classical Coding Techniques,2106189,F4320306076,National Science Foundation,
W4387491079,3,G2793524870,ECCS/CCSS: Neural Network Nonlinear Iterative LDPC Decoders with Guaranteed Error Performance and Fast Convergence,2027844,F4320306076,National Science Foundation,
W4387491079,4,G3559249381,,CCSS-2027844,F4320337392,"Division of Electrical, Communications and Cyber Systems",
W4387491079,5,G7576470222,NSF Engineering Research Center for Quantum Networks (CQN),1941583,F4320306076,National Science Foundation,
W4387491079,6,G7789950527,CIF: Small: Learning To Correct Errors,2100013,F4320306076,National Science Foundation,
W4389073420,1,G1622782223,,MCIN/AEI/10,F4320335322,European Regional Development Fund,
W4389073420,2,G1872762428,,N000142312296,F4320337345,Office of Naval Research,
W4389073420,3,G2351066264,,PIF21/289,F4320321919,Euskal Herriko Unibertsitatea,
W4389073420,4,G3480869486,,13039,F4320335598,Agencia Estatal de Investigación,
W4389073420,5,G3987967833,,PID2021-125823NA-I00,F4320321705,Eusko Jaurlaritza,
W4389073420,6,G4484594549,,RYC-2020-030503-I,F4320321705,Eusko Jaurlaritza,
W4389073420,7,G6351756048,,PID2021-125823NA-I00,F4320335598,Agencia Estatal de Investigación,
W4389073420,8,G6604905309,,899368,F4320335322,European Regional Development Fund,
W4389073420,9,G67347242,,IT1470- 22,F4320321705,Eusko Jaurlaritza,
W4389073420,10,G69013661,QuSeC-TAQS: Sensing-Intelligence on The Move: Quantum-Enhanced Optical Diagnosis of Crop Diseases,2326746,F4320306076,National Science Foundation,
W4389073420,11,G6941843737,CAREER: Using Entanglement to Enhance Communication and Sensing in the Presence of Noise,2240641,F4320306076,National Science Foundation,
W4389073420,12,G7084143925,,AEI/10,F4320335598,Agencia Estatal de Investigación,
W4389073420,13,G7421034968,,PID2021-125823NA-I00,F4320335322,European Regional Development Fund,
W4389073420,14,G8876996369,,N00014,F4320337345,Office of Naval Research,
W4389073420,15,G8953647516,,IT1470-22,F4320335322,European Regional Development Fund,
W4396820428,1,G2569120085,Collaborative Research: CIF: Medium: QODED: Quantum codes Optimized for the Dynamics between Encoded Computation and Decoding using Classical Coding Techniques,2106189,F4320306076,National Science Foundation,
W4400342758,1,G1404049065,,FA9550-21-1-0209,F4320338279,Air Force Office of Scientific Research,
W4400342758,2,G1432373144,,W911NF-21-1-,F4320338281,Army Research Office,
W4400342758,3,G1442400458,QuSeC-TAQS: Nanoscale Covariance Magnetometry with Diamond Quantum Sensors,2326767,F4320306076,National Science Foundation,
W4400342758,4,G1523888516,,FA9550-,F4320338279,Air Force Office of Scientific Research,
W4400342758,5,G1932254719,,HR0011-24-9-0361,F4320332180,Defense Advanced Research Projects Agency,
W4400342758,6,G2882288540,,W911NF2310077,F4320338281,Army Research Office,
W4400342758,7,G3162985271,,W911NF2110325,F4320333591,Multidisciplinary University Research Initiative,
W4400342758,8,G3722242190,,OMA-2137642,F4320338279,Air Force Office of Scientific Research,
W4400342758,9,G431725244,,FA9550-21-1-0209,F4320333591,Multidisciplinary University Research Initiative,
W4400342758,10,G4516736450,,-21-1-,F4320338279,Air Force Office of Scientific Research,
W4400342758,11,G4629941602,QuIC - TaQS: Interconnects for a Superconducting-Atomic Hybrid Quantum Network,2137642,F4320306076,National Science Foundation,
W4400342758,12,G4848018484,,FA9550-23- 1-0338,F4320338279,Air Force Office of Scientific Research,
W4400342758,13,G4876042962,,OMA-1936118,F4320338279,Air Force Office of Scientific Research,
W4400342758,14,G5659690140,,FA9550-19-1-0399,F4320306076,National Science Foundation,
W4400342758,15,G6167497367,,FA9550-19-1-0399,F4320338279,Air Force Office of Scientific Research,
W4400342758,16,G6518383159,,W911NF2110325,F4320338281,Army Research Office,
W4400342758,17,G6526646931,,FA9550-19-1-0399,F4320333591,Multidisciplinary University Research Initiative,
W4400342758,18,G6547089213,,OSI-2326767,F4320338279,Air Force Office of Scientific Research,
W4400342758,19,G7420521838,,CCF-2312755,F4320338279,Air Force Office of Scientific Research,
W4400342758,20,G7452299184,,W911NF,F4320338281,Army Research Office,
W4400342758,21,G7576470222,NSF Engineering Research Center for Quantum Networks (CQN),1941583,F4320306076,National Science Foundation,
W4400342758,22,G7796153478,,HR0011-24-9-0359,F4320332180,Defense Advanced Research Projects Agency,
W4400342758,23,G8232580466,Collaborative Research: FET: Medium: Design and Implementation of Quantum Databases,2312755,F4320306076,National Science Foundation,
W4400342758,24,G922915270,QII-TAQS: Quantum Metrological Platform for Single-Molecule Bio-Sensing,1936118,F4320306076,National Science Foundation,
W4406219593,1,G2422073433,,CCSS-2052751,F4320337392,"Division of Electrical, Communications and Cyber Systems",
W4406219593,2,G2569120085,Collaborative Research: CIF: Medium: QODED: Quantum codes Optimized for the Dynamics between Encoded Computation and Decoding using Classical Coding Techniques,2106189,F4320306076,National Science Foundation,
W4406219593,3,G2793524870,ECCS/CCSS: Neural Network Nonlinear Iterative LDPC Decoders with Guaranteed Error Performance and Fast Convergence,2027844,F4320306076,National Science Foundation,
W4406219593,4,G3559249381,,CCSS-2027844,F4320337392,"Division of Electrical, Communications and Cyber Systems",
W4406219593,5,G7377101850,,7750284,F4320329307,Science Fund of the Republic of Serbia,
W4406219593,6,G7576470222,NSF Engineering Research Center for Quantum Networks (CQN),1941583,F4320306076,National Science Foundation,
W4406219593,7,G767368701,Collaborative Research: Secure and Efficient Post-quantum Cryptography: from Coding Theory to Hardware Architecture,2052751,F4320306076,National Science Foundation,
W4406219593,8,G7789950527,CIF: Small: Learning To Correct Errors,2100013,F4320306076,National Science Foundation,
W4414769344,1,G7576470222,NSF Engineering Research Center for Quantum Networks (CQN),1941583,F4320306076,National Science Foundation,
W4366986365,1,G2272854739,,FA8750-20-2-1007,F4320338294,Air Force Research Laboratory,
W4366986365,2,G434337789,,HORIZON2020,F4320320300,European Commission,
W4366986365,3,G4359690165,NSF Convergence Accelerator Track C: Interconnecting Quantum Computers for the Next-Generation Internet,2040695,F4320306076,National Science Foundation,
W4366986365,4,G4800547303,,1747426,F4320337367,Division of Materials Research,
W4366986365,5,G4944074465,Convergence QL: Workshop Series: Cross- Sector Connections in Quantum Leap,1747426,F4320306076,National Science Foundation,
W4366986365,6,G5298095028,,DMR-1747426,F4320337367,Division of Materials Research,
W4366986365,7,G5639706416,INTEGRATED MECHANICS FOR MODULAR QUANTUM RECONFIGURABLE CIRCUITS,896401,F4320320300,European Commission,
W4366986365,8,G6629006974,Integrated multi-qubit devices for scalable quantum networks,840393,F4320320300,European Commission,
W4366986365,9,G948246723,INTEGRATION OF STRONG SECOND-ORDER NONLINEARITIES WITH LARGE-SCALE SILICON PHOTONICS,FA87502021007,F4320306078,U.S. Department of Defense,
W4388833806,1,G1430011754,C: Quantum-Enhanced Inertial Measurement Unit (QEIMU),2134830,F4320306076,National Science Foundation,
W4388833806,2,G227164890,,FA9550-21-1-0225,F4320338279,Air Force Office of Scientific Research,
W4413885812,1,G1592605995,,NRF2022‐ QEP2‐01‐P07,F4320320709,National Research Foundation Singapore,
W4413885812,2,G1934589161,,NRF-NRFF15-2023-0005,F4320320709,National Research Foundation Singapore,
W4413885812,3,G2409395093,,N00014-22-C-1041,F4320306078,U.S. Department of Defense,
W4413885812,4,G2515541506,,HR0011,F4320332180,Defense Advanced Research Projects Agency,
W4413885812,5,G4147610361,,231180A/80NSSC22K0262,F4320306101,National Aeronautics and Space Administration,
W4413885812,6,G4198572546,QuIC-TAQS: Integrated Lithium Niobate Quantum Photonics Platform,2137723,F4320306076,National Science Foundation,
W4413885812,7,G4720003262,,N00014-22,F4320337345,Office of Naval Research,
W4413885812,8,G6223813265,,N00014-22-C-1041,F4320338298,Office of Naval Research Global,
W4413885812,9,G650199722,,HR0011-20-C-0137,F4320306078,U.S. Department of Defense,
W4413885812,10,G6906440423,QuIC-TAQS: Implementation of a Neutral-Atom-Photonic-Cluster State,2138068,F4320306076,National Science Foundation,
W4413885812,11,G7576470222,NSF Engineering Research Center for Quantum Networks (CQN),1941583,F4320306076,National Science Foundation,
W4413885812,12,G763165814,,HR0011‐20‐C‐0137,F4320332180,Defense Advanced Research Projects Agency,
W4413885812,13,G8862277691,,80NSSC22K0262,F4320306101,National Aeronautics and Space Administration,
W4413885812,14,G8876996369,,N00014,F4320337345,Office of Naval Research,
W4413885812,15,G8883787402,,N00014-22-C-1041,F4320337345,Office of Naval Research,
W3194325089,1,G5076427417,,ECCS102000743,F4320306076,National Science Foundation,
W4388858834,1,G1076816386,,193632,F4320306076,National Science Foundation,
W4388858834,2,G5388464240,,193632—QII-TAQS,F4320306076,National Science Foundation,
W4307244295,1,G2463917466,,HR00112090128,F4320332180,Defense Advanced Research Projects Agency,
W4386365329,1,G1046987290,Collaborative Research: CNS Core: Medium: A Stateful Switch Architecture for In-Network Compute,2211382,F4320306076,National Science Foundation,
W4386365329,2,G1719372296,,DE‐AR0000843,F4320332276,Advanced Research Projects Agency - Energy,
W4386365329,3,G2433552189,CAREER: Large-scale Dynamic Reconfigurable Networks,2144766,F4320306076,National Science Foundation,
W4386365329,4,G3279571212,"FuSe-TG: Electronic-Photonic Systems-on-Chip for Computation, Communication and Sensing",2235466,F4320306076,National Science Foundation,
W4386365329,5,G4175439218,Collaborative Research: SHF: Medium: Spatial Multi-Tenant Neural Acceleration for Next Generation Datacenters,2107244,F4320306076,National Science Foundation,
W4386365329,6,G6069956957,,FastNICs 4202290027,F4320332180,Defense Advanced Research Projects Agency,
W4386365329,7,G6671297155,,CAREER,F4320306076,National Science Foundation,
W4386365329,8,G7222557646,ASCENT: Collaborative Research: Scaling Distributed AI Systems based on Universal Optical I/O,2023468,F4320306076,National Science Foundation,
W4386365329,9,G7452299184,,W911NF,F4320338281,Army Research Office,
W4386365329,10,G805375031,,W911NF1820048,F4320338281,Army Research Office,
W4386365329,11,G8598912940,Collaborative Research: PPoSS: LARGE: A Full-Stack Architecture for Sparse Computation,2217099,F4320306076,National Science Foundation,
W4386365329,12,G882022454,Collaborative Research: CNS Core: Small: A Principled Framework for Workload Distribution Techniques in Large-Scale Networks,2008624,F4320306076,National Science Foundation,
W4389494263,1,G1019936685,,DMR-2128556,F4320337367,Division of Materials Research,
W4389494263,2,G1235551788,NNCI: Soft Hybrid Nanotechnology Experimental (SHyNE) Resource,2025633,F4320306076,National Science Foundation,
W4389494263,3,G2233802770,,ECCS-2025633,F4320337367,Division of Materials Research,
W4389494263,4,G3010471893,,ECCS-2025633,F4320337392,"Division of Electrical, Communications and Cyber Systems",
W4389494263,5,G4958141111,,2025633,F4320337392,"Division of Electrical, Communications and Cyber Systems",
W4389494263,6,G6540817556,,ECCS-2025633,F4320309475,Northwestern University,
W4389494263,7,G6616296469,,W911NF2210120,F4320338281,Army Research Office,
W4389494263,8,G7197141446,National High Magnetic Field Laboratory Renewal 2023-2027,2128556,F4320306076,National Science Foundation,
W4389494263,9,G742574937,,2128556,F4320337367,Division of Materials Research,
W4389494263,10,G8152425740,,DMR-2128556,F4320313883,National High Magnetic Field Laboratory,
W4389494263,11,G8618556185,,DMR-2128556,F4320306084,U.S. Department of Energy,
W4413506887,1,G106785709,,P41EB- 015903,F4320337363,National Institute of Biomedical Imaging and Bioengineering,
W4413506887,2,G1559467220,,R21 EY031895,F4320337350,National Eye Institute,
W4380876607,1,G1146855974,,KA2401032,F4320337511,High Energy Physics,
W4380876607,2,G124228508,,KA2401032,F4320306084,U.S. Department of Energy,
W4380876607,3,G2676722403,,80NM0018D0004,F4320332375,Jet Propulsion Laboratory,
W4380876607,4,G3648211085,,80NM0018D0004,F4320306101,National Aeronautics and Space Administration,
W4382463413,1,G1569830949,Nano-mechanical quantum photonic circuits,949043,F4320338335,H2020 European Research Council,
W4382463413,2,G3729718828,,DNRF139,F4320320943,Danmarks Grundforskningsfond,
W4382463413,3,G3895583001,,Center of Excellence Hy-Q DNRF139,F4320320943,Danmarks Grundforskningsfond,
W4382463413,4,G434337789,,HORIZON2020,F4320320300,European Commission,
W4382463413,5,G542354333,,949043,F4320320300,European Commission,
W4382463413,6,G6165621683,,9090-00031B,F4320313796,Innovationsfonden,
W4382463413,7,G71801970,,TRR 160,F4320320879,Deutsche Forschungsgemeinschaft,
W4382463413,8,G7597656330,Augerprozesse in selbstorganisierten Quantenpunkten,383065199,F4320320879,Deutsche Forschungsgemeinschaft,
W4382463413,9,G7649457221,,TRR 160/2,F4320320879,Deutsche Forschungsgemeinschaft,
W4382463413,10,G777261295,,16KISQ009,F4320321114,Bundesministerium für Bildung und Forschung,
W4382463413,11,G8385092940,,Project B04,F4320320879,Deutsche Forschungsgemeinschaft,
W4387253080,1,G11630931,,DENA0003525,F4320306084,U.S. Department of Energy,
W4387253080,2,G138837881,,DE-NA-0003525,F4320306101,National Aeronautics and Space Administration,
W4387253080,3,G1639952346,,1231319,F4320337367,Division of Materials Research,
W4387253080,4,G280414146,,DE-NA0003525,F4320332359,Office of Science,
W4387253080,5,G288067973,,0003525,F4320306084,U.S. Department of Energy,
W4387253080,6,G3311699245,Center for Integrated Quantum Materials,1231319,F4320306076,National Science Foundation,
W4387253080,7,G413247060,,"DE‐NA,0003525",F4320338291,Sandia National Laboratories,
W4387253080,8,G6075373719,,DMR-1231319,F4320306084,U.S. Department of Energy,
W4387253080,9,G6338696783,,DE‐NA0003525,F4320306076,National Science Foundation,
W4387253080,10,G7576470222,NSF Engineering Research Center for Quantum Networks (CQN),1941583,F4320306076,National Science Foundation,
W4387253080,11,G855168022,,DENA-0003525,F4320332369,National Nuclear Security Administration,
W4387253080,12,G8640644076,,DMR-12313 19,F4320306076,National Science Foundation,
W4387253080,13,G872931124,,DE‐NA0003525,F4320315466,Center for Integrated Nanotechnologies,
W4387253080,14,G875209366,,DMR-1231319,F4320337367,Division of Materials Research,
W4387253080,15,G909421429,"Photon-photon and spin-spin Entanglement using Diamond-based impurity Elements: Silicon, Tin And Lead",884745,F4320338335,H2020 European Research Council,
W4387544196,1,G8222963720,,62271434,F4320321001,National Natural Science Foundation of China,
W4387544196,2,G8843817667,,W911NF-23-1-0088,F4320338281,Army Research Office,
W4385094095,1,G3729718828,,DNRF139,F4320320943,Danmarks Grundforskningsfond,
W4385094095,2,G6256534707,,824140,F4320332999,Horizon 2020 Framework Programme,
W4385094095,3,G7781592127,,FETPROACT-01-2018,F4320332999,Horizon 2020 Framework Programme,
W4391024070,1,G1215933255,,W911NF-23-1-0235,F4320338279,Air Force Office of Scientific Research,
W4391024070,2,G1639952346,,1231319,F4320337367,Division of Materials Research,
W4391024070,3,G1799408541,,EEC-1941583,F4320338279,Air Force Office of Scientific Research,
W4391024070,4,G2183085053,,840968,F4320338281,Army Research Office,
W4391024070,5,G2919862584,,840968,F4320306076,National Science Foundation,
W4391024070,6,G3311699245,Center for Integrated Quantum Materials,1231319,F4320306076,National Science Foundation,
W4391024070,7,G3908502130,,N00014-20-1-2425,F4320337345,Office of Naval Research,
W4391024070,8,G434337789,,HORIZON2020,F4320320300,European Commission,
W4391024070,9,G468436599,,840968,F4320338279,Air Force Office of Scientific Research,
W4391024070,10,G475327532,,840968,F4320337345,Office of Naval Research,
W4391024070,11,G695208427,Coherent Optomechanical and Hyperfine interactions Engineering with Silicon-Vacancy impurities in diamond for quantum networks,840968,F4320338337,H2020 Marie Skłodowska-Curie Actions,
W4391024070,12,G7452299184,,W911NF,F4320338281,Army Research Office,
W4391024070,13,G7576470222,NSF Engineering Research Center for Quantum Networks (CQN),1941583,F4320306076,National Science Foundation,
W4391024070,14,G8270899765,Coherent Optomechanical and Hyperfine interactions Engineering with Silicon-Vacancy impurities in diamond for quantum networks,840968,F4320320300,European Commission,
W4391024070,15,G8437471562,,DMR N00014-20-1-2425,F4320337345,Office of Naval Research,
W4391024070,16,G8640644076,,DMR-12313 19,F4320306076,National Science Foundation,
W4391024070,17,G875209366,,DMR-1231319,F4320337367,Division of Materials Research,
W4391024070,18,G8876996369,,N00014,F4320337345,Office of Naval Research,
W4394891265,1,G3648211085,,80NM0018D0004,F4320306101,National Aeronautics and Space Administration,
W4400324036,1,G1523888516,,FA9550-,F4320338279,Air Force Office of Scientific Research,
W4400324036,2,G2554244226,,1541959,F4320338279,Air Force Office of Scientific Research,
W4400324036,3,G3066335313,,FA9550‐19‐1‐0376,F4320338279,Air Force Office of Scientific Research,
W4400324036,4,G3154242966,,40007560,F4320321730,Fonds Wetenschappelijk Onderzoek,
W4400324036,5,G3713507969,,HR0011-20-C-0137,F4320337531,"Defense Sciences Office, DARPA",
W4400324036,6,G4441018523,,40007560,F4320321390,Fonds De La Recherche Scientifique - FNRS,
W4400324036,7,G5970606412,NNCI: The Center for Nanoscale System (CNS) at Harvard University,1541959,F4320306076,National Science Foundation,
W4400324036,8,G763165814,,HR0011‐20‐C‐0137,F4320332180,Defense Advanced Research Projects Agency,
W4400324036,9,G7903679698,,759483,F4320334678,European Research Council,
W4400324036,10,G8143678247,,101069447,F4320334678,European Research Council,
W4200398768,1,G4360825345,FET: Small: Establishing an efficient framework for non-Gaussian states engineering and optical implementation of measurements,2122337,F4320306076,National Science Foundation,
W4323310755,1,G1404049065,,FA9550-21-1-0209,F4320338279,Air Force Office of Scientific Research,
W4323310755,2,G1432373144,,W911NF-21-1-,F4320338281,Army Research Office,
W4323310755,3,G1482135624,,W911NF-18-1-0020,F4320338279,Air Force Office of Scientific Research,
W4323310755,4,G1523888516,,FA9550-,F4320338279,Air Force Office of Scientific Research,
W4323310755,5,G165179637,,W911NF1610349,F4320333591,Multidisciplinary University Research Initiative,
W4323310755,6,G1770223817,,FA864921P0781,F4320338294,Air Force Research Laboratory,
W4323310755,7,G1799408541,,EEC-1941583,F4320338279,Air Force Office of Scientific Research,
W4323310755,8,G2598085392,,W911NF-16-1-0349,F4320338279,Air Force Office of Scientific Research,
W4323310755,9,G3067963855,,W911NF-18-1-0020,F4320338281,Army Research Office,
W4323310755,10,G3162985271,,W911NF2110325,F4320333591,Multidisciplinary University Research Initiative,
W4323310755,11,G3392305090,,-16-1-,F4320338279,Air Force Office of Scientific Research,
W4323310755,12,G3516030815,,FA9550-19-1-0399; FA9550-21-1-0209,F4320338279,Air Force Office of Scientific Research,
W4323310755,13,G3722242190,,OMA-2137642,F4320338279,Air Force Office of Scientific Research,
W4323310755,14,G431725244,,FA9550-21-1-0209,F4320333591,Multidisciplinary University Research Initiative,
W4323310755,15,G4516736450,,-21-1-,F4320338279,Air Force Office of Scientific Research,
W4323310755,16,G4629941602,QuIC - TaQS: Interconnects for a Superconducting-Atomic Hybrid Quantum Network,2137642,F4320306076,National Science Foundation,
W4323310755,17,G4876042962,,OMA-1936118,F4320338279,Air Force Office of Scientific Research,
W4323310755,18,G4962106257,,W911NF-18-1-0212,F4320338281,Army Research Office,
W4323310755,19,G5298762856,,FA9550-21-1-0209,F4320338294,Air Force Research Laboratory,
W4323310755,20,G5659690140,,FA9550-19-1-0399,F4320306076,National Science Foundation,
W4323310755,21,G6167497367,,FA9550-19-1-0399,F4320338279,Air Force Office of Scientific Research,
W4323310755,22,G6518383159,,W911NF2110325,F4320338281,Army Research Office,
W4323310755,23,G6526646931,,FA9550-19-1-0399,F4320333591,Multidisciplinary University Research Initiative,
W4323310755,24,G657448715,,W911NF-16-1-,F4320338281,Army Research Office,
W4323310755,25,G7452299184,,W911NF,F4320338281,Army Research Office,
W4323310755,26,G7500482128,,W911NF-18-1-0212,F4320338279,Air Force Office of Scientific Research,
W4323310755,27,G7576470222,NSF Engineering Research Center for Quantum Networks (CQN),1941583,F4320306076,National Science Foundation,
W4323310755,28,G7900882,,W911NF-16- 1-0349,F4320338281,Army Research Office,
W4323310755,29,G8289759875,,FA9550,F4320338294,Air Force Research Laboratory,
W4323310755,30,G8672390710,,2020-71479,F4320306079,David and Lucile Packard Foundation,
W4323310755,31,G922915270,QII-TAQS: Quantum Metrological Platform for Single-Molecule Bio-Sensing,1936118,F4320306076,National Science Foundation,
W4410294653,1,G2440439349,,CNS-195574,F4320306076,National Science Foundation,
W4410294653,2,G2618903147,,AK0000000018297,F4320306084,U.S. Department of Energy,
W2998746191,1,G2279853913,,W911NF-19-1,F4320338281,Army Research Office,
W2998746191,2,G2515541506,,HR0011,F4320332180,Defense Advanced Research Projects Agency,
W2998746191,3,G6061005260,,W911NF-19-1-0412,F4320338281,Army Research Office,
W2998746191,4,G7452299184,,W911NF,F4320338281,Army Research Office,
W2998746191,5,G7591064173,,W911NF-19-1-0418,F4320338281,Army Research Office,
W2998746191,6,G8415477955,,W911NF-19,F4320338281,Army Research Office,
W2998746191,7,G8570540004,,HR0011-10-C-0159,F4320332180,Defense Advanced Research Projects Agency,
W4394709678,1,G1162011400,,W911NF1810432,F4320338281,Army Research Office,
W4394709678,2,G2094394093,,80NSSC23PB442,F4320306101,National Aeronautics and Space Administration,
W4394709678,3,G2322063371,,N00014-20,F4320332923,U.S. Navy,
W4394709678,4,G3582326853,,W911NF1810432,F4320333591,Multidisciplinary University Research Initiative,
W4394709678,5,G3663437387,,FA9550-23-1-0333,F4320337345,Office of Naval Research,
W4394709678,6,G3908502130,,N00014-20-1-2425,F4320337345,Office of Naval Research,
W4394709678,7,G4198572546,QuIC-TAQS: Integrated Lithium Niobate Quantum Photonics Platform,2137723,F4320306076,National Science Foundation,
W4394709678,8,G4720003262,,N00014-22,F4320337345,Office of Naval Research,
W4394709678,9,G485488592,,A50791,F4320310598,Amazon Web Services,
W4394709678,10,G4973792023,Graduate Research Fellowship Program (GRFP),1745303,F4320306076,National Science Foundation,
W4394709678,11,G6098521345,,FA9550,F4320337345,Office of Naval Research,
W4394709678,12,G6906440423,QuIC-TAQS: Implementation of a Neutral-Atom-Photonic-Cluster State,2138068,F4320306076,National Science Foundation,
W4394709678,13,G7576470222,NSF Engineering Research Center for Quantum Networks (CQN),1941583,F4320306076,National Science Foundation,
W4394709678,14,G8862277691,,80NSSC22K0262,F4320306101,National Aeronautics and Space Administration,
W4394709678,15,G8876996369,,N00014,F4320337345,Office of Naval Research,
W4394709678,16,G8883787402,,N00014-22-C-1041,F4320337345,Office of Naval Research,
W4394709678,17,G916337101,"Lithium Niobate on Insolator (LNOI) Photonic Circuit Lasers for High-Speed, Wide-field OCT",5r21ey031895-02,F4320332161,National Institutes of Health,
W4400519208,1,G4611582664,Graduate Research Fellowship Program (GRFP),2137419,F4320306076,National Science Foundation,
W4400519208,2,G8472135859,CAREER: Torsional Quantum Optomechanics,2239735,F4320306076,National Science Foundation,
W4221151848,1,G1366616369,,GBMF8048,F4320337480,Basic Energy Sciences,
W4221151848,2,G1673814530,,"DE-SC0019215,",F4320337480,Basic Energy Sciences,
W4221151848,3,G1893622800,,NSF-ECCS-1944085,F4320337392,"Division of Electrical, Communications and Cyber Systems",
W4221151848,4,G2298080521,RAISE-QAC-QSA: Open Quantum Systems on Noisy Intermediate-Scale Quantum Devices,2037783,F4320306076,National Science Foundation,
W4221151848,5,G2689597472,,GBMF8048,F4320306076,National Science Foundation,
W4221151848,6,G3036698953,,GBMF8048,F4320306084,U.S. Department of Energy,
W4221151848,7,G3422769415,CAREER: First Principles Design of Error-Corrected Solid-State Quantum Repeaters,1944085,F4320306076,National Science Foundation,
W4221151848,8,G3453618043,,NSF-ECCS-1944085,F4320306202,Gordon and Betty Moore Foundation,
W4221151848,9,G478549624,,1944085,F4320337392,"Division of Electrical, Communications and Cyber Systems",
W4221151848,10,G518131803,,DMR-2037783,F4320337367,Division of Materials Research,
W4221151848,11,G6671297155,,CAREER,F4320306076,National Science Foundation,
W4221151848,12,G8668179966,,ECCS-1944085,F4320337392,"Division of Electrical, Communications and Cyber Systems",
W4221151848,13,G8676588572,Prineha Narang Moore Inventor Fellow Award,GBMF8048,F4320306202,Gordon and Betty Moore Foundation,
W4385316552,1,G2268053151,,ERKJ355,F4320306084,U.S. Department of Energy,
W4385316552,2,G2971268424,,ERKJ355,F4320337506,Advanced Scientific Computing Research,
W4385316552,3,G4079257765,RAISE-EQuIP: Quantum repeater for long-distance quantum communication enabled by non-Gaussian cluster states on a scalable hybrid aluminum nitride and silicon nanophotonic platform,1842559,F4320306076,National Science Foundation,
W4385316552,4,G5003045098,,N00014- 19-1-2190,F4320337345,Office of Naval Research,
W4385316552,5,G8876996369,,N00014,F4320337345,Office of Naval Research,
W4399455115,1,G1404049065,,FA9550-21-1-0209,F4320338279,Air Force Office of Scientific Research,
W4399455115,2,G1442400458,QuSeC-TAQS: Nanoscale Covariance Magnetometry with Diamond Quantum Sensors,2326767,F4320306076,National Science Foundation,
W4399455115,3,G1523888516,,FA9550-,F4320338279,Air Force Office of Scientific Research,
W4399455115,4,G1932254719,,HR0011-24-9-0361,F4320332180,Defense Advanced Research Projects Agency,
W4399455115,5,G3722242190,,OMA-2137642,F4320338279,Air Force Office of Scientific Research,
W4399455115,6,G431725244,,FA9550-21-1-0209,F4320333591,Multidisciplinary University Research Initiative,
W4399455115,7,G4516736450,,-21-1-,F4320338279,Air Force Office of Scientific Research,
W4399455115,8,G4629941602,QuIC - TaQS: Interconnects for a Superconducting-Atomic Hybrid Quantum Network,2137642,F4320306076,National Science Foundation,
W4399455115,9,G4848018484,,FA9550-23- 1-0338,F4320338279,Air Force Office of Scientific Research,
W4399455115,10,G4876042962,,OMA-1936118,F4320338279,Air Force Office of Scientific Research,
W4399455115,11,G5659690140,,FA9550-19-1-0399,F4320306076,National Science Foundation,
W4399455115,12,G6167497367,,FA9550-19-1-0399,F4320338279,Air Force Office of Scientific Research,
W4399455115,13,G6526646931,,FA9550-19-1-0399,F4320333591,Multidisciplinary University Research Initiative,
W4399455115,14,G6547089213,,OSI-2326767,F4320338279,Air Force Office of Scientific Research,
W4399455115,15,G7420521838,,CCF-2312755,F4320338279,Air Force Office of Scientific Research,
W4399455115,16,G7576470222,NSF Engineering Research Center for Quantum Networks (CQN),1941583,F4320306076,National Science Foundation,
W4399455115,17,G7796153478,,HR0011-24-9-0359,F4320332180,Defense Advanced Research Projects Agency,
W4399455115,18,G8232580466,Collaborative Research: FET: Medium: Design and Implementation of Quantum Databases,2312755,F4320306076,National Science Foundation,
W4399455115,19,G922915270,QII-TAQS: Quantum Metrological Platform for Single-Molecule Bio-Sensing,1936118,F4320306076,National Science Foundation,
W4389373471,1,G1264789558,,W911NF2010021,F4320332180,Defense Advanced Research Projects Agency,
W4389373471,2,G1938338418,,OMA-2120757,F4320306084,U.S. Department of Energy,
W4389373471,3,G2697164521,QLCI-CI: NSF Quantum Leap Challenge Institute for Robust Quantum Simulation,2120757,F4320306076,National Science Foundation,
W4389373471,4,G2916627489,,W911NF-20-1-0082,F4320338281,Army Research Office,
W4389373471,5,G3388975023,2020 BUDGET REQUEST FOR THE DOE COMPUTATIONAL SCIENCE GRADUATE FELLOWSHIP (CSGF) GRANT,DESC0021110,F4320306084,U.S. Department of Energy,
W4389373471,6,G3719423973,,W911NF-23-2-0219,F4320333051,Intelligence Advanced Research Projects Activity,
W4389373471,7,G3994498848,2019 BUDGET REQUEST FOR THE DOE COMPUTATIONAL SCIENCE GRADUATE FELLOWSHIP (CSGF) GRANT,DESC0020347,F4320306084,U.S. Department of Energy,
W4389373471,8,G4973792023,Graduate Research Fellowship Program (GRFP),1745303,F4320306076,National Science Foundation,
W4389373471,9,G5372923749,,OMA-2120757,F4320332178,National Institute of Standards and Technology,
W4389373471,10,G5723341926,,W911NF2320219,F4320338281,Army Research Office,
W4389373471,11,G586693022,,W911NF2010082,F4320333591,Multidisciplinary University Research Initiative,
W4389373471,12,G616689113,,W911NF-20-1-0082,F4320306076,National Science Foundation,
W4389373471,13,G7452299184,,W911NF,F4320338281,Army Research Office,
W4324056546,1,G1772380573,,EP/R00188X/1,F4320334627,Engineering and Physical Sciences Research Council,
W4324056546,2,G2913903689,,2021M3H4A1A03049662,F4320328359,"Ministry of Science and ICT, South Korea",
W4324056546,3,G3580962534,,'2021R1A3B1068920',F4320328359,"Ministry of Science and ICT, South Korea",
W4324056546,4,G4230368278,,2021M3H4A1A03049662,F4320322120,National Research Foundation of Korea,
W4324056546,5,G6056682275,,2021R1A3B1068920,F4320322120,National Research Foundation of Korea,
W4324056546,6,G809686608,,2021220002,F4320321314,Yonsei University,
W3174325912,1,G160464177,,FA9550-15- 1-0015,F4320338279,Air Force Office of Scientific Research,
W3174325912,2,G3067963855,,W911NF-18-1-0020,F4320338281,Army Research Office,
W3174325912,3,G4211410756,,2013-39273,F4320306079,David and Lucile Packard Foundation,
W3174325912,4,G6126226186,,(FA9550-15-1-0029,F4320338279,Air Force Office of Scientific Research,
W3174325912,5,G8778025950,EFRI ACQUIRE: Integrated Nanophotonic Solid State Memories for Telecom Wavelength Quantum Repeaters,1640959,F4320306076,National Science Foundation,
W3174325912,6,G993149817,,DE-AC02-06CH11357 ,F4320332359,Office of Science,
W3044598970,1,G2999910790,,W911NF-18-1-0431,F4320338281,Army Research Office,
W3044598970,2,G7001133811,,FWP ERKCK47,F4320338483,Division of Materials Sciences and Engineering,
W3044598970,3,G8434747894,PHOTONICS AT THERMODYNAMIC LIMITS,DESC0019140,F4320306084,U.S. Department of Energy,
W3044598970,4,G8676588572,Prineha Narang Moore Inventor Fellow Award,GBMF8048,F4320306202,Gordon and Betty Moore Foundation,
W4392284845,1,G1264789558,,W911NF2010021,F4320332180,Defense Advanced Research Projects Agency,
W4392284845,2,G4415344967,,TRT0159,F4320327997,Templeton Religion Trust,
W4392284845,3,G4908881666,"AF: Large: Collaborative Research: Algebraic Proof Systems, Convexity, and Algorithms",1565264,F4320306076,National Science Foundation,
W4392284845,4,G722875235,,TRT 0159,F4320306076,National Science Foundation,
W4387165286,1,G6852664474,,No.12027806,F4320321001,National Natural Science Foundation of China,
W4387165286,2,G6996473801,,No.12027806,F4320335595,National Natural Science Foundation of China-Yunnan Joint Fund,
W4387165286,3,G7690338398,,12027806,F4320321001,National Natural Science Foundation of China,
W4390901505,1,G1910132285,RAISE-TAQS: Room-Temperature Quantum Sensing and Computation using DNA-based Excitonic Circuits,1839155,F4320306076,National Science Foundation,
W4390901505,2,G3162985271,,W911NF2110325,F4320333591,Multidisciplinary University Research Initiative,
W4390901505,3,G4800547303,,1747426,F4320337367,Division of Materials Research,
W4390901505,4,G4944074465,Convergence QL: Workshop Series: Cross- Sector Connections in Quantum Leap,1747426,F4320306076,National Science Foundation,
W4390901505,5,G5298095028,,DMR-1747426,F4320337367,Division of Materials Research,
W4390901505,6,G6518383159,,W911NF2110325,F4320338281,Army Research Office,
W4390901505,7,G7576470222,NSF Engineering Research Center for Quantum Networks (CQN),1941583,F4320306076,National Science Foundation,
W4390901505,8,G8802928090,,1941583,F4320337394,Division of Engineering Education and Centers,
W4317501556,1,G1974070018,PROGRAMMABLE QUANTUM SIMULATORS FOR LATTICE GAUGE THEORIES AND GAUGE-GRAVITY CORRESPONDENCE,DESC0021013,F4320306084,U.S. Department of Energy,
W4317501556,2,G291698150,,DE-SC002034,F4320306084,U.S. Department of Energy,
W4317501556,3,G4681908025,DYNAMICS OF MANY-BODY QUANTUM ENTANGLEMENT,DESC0019030,F4320306084,U.S. Department of Energy,
W4317501556,4,G5415176730,Collaborative Research: Understanding Subatomic-Scale Quantum Matter Data Using Machine Learning Tools,1934714,F4320306076,National Science Foundation,
W4327573067,1,G1205195086,,DMR- 1719875,F4320333422,"Materials Research Science and Engineering Center, Harvard University",
W4327573067,2,G1286236842,,-AC02-05CH11231,F4320306084,U.S. Department of Energy,
W4327573067,3,G1286251239,,DE-AC02,F4320337480,Basic Energy Sciences,
W4327573067,4,G1321126357,,DMR‐1719875,F4320332708,Cornell Center for Materials Research,
W4327573067,5,G1414775356,,No. DE-AC02- 05-CH11231,F4320332359,Office of Science,
W4327573067,6,G1639952346,,1231319,F4320337367,Division of Materials Research,
W4327573067,7,G1863003419,,DEAC02-05CH11231,F4320306076,National Science Foundation,
W4327573067,8,G2027002873,NNCI: Center for Nanoscale Systems (CNS),2025158,F4320306076,National Science Foundation,
W4327573067,9,G237429762,,DE-AC02,F4320338483,Division of Materials Sciences and Engineering,
W4327573067,10,G2414013413,,2039380,F4320337367,Division of Materials Research,
W4327573067,11,G2415270547,,DMR-1719875,F4320337367,Division of Materials Research,
W4327573067,12,G2810384502,,AC02-05CH11231,F4320338483,Division of Materials Sciences and Engineering,
W4327573067,13,G30714459,,DE-AC02-05CH11231.,F4320337480,Basic Energy Sciences,
W4327573067,14,G3083819904,,05CH11231,F4320306084,U.S. Department of Energy,
W4327573067,15,G3311699245,Center for Integrated Quantum Materials,1231319,F4320306076,National Science Foundation,
W4327573067,16,G3514745881,"Julia Mundy, Moore Fellow in Materials Synthesis",GBMF6760,F4320306202,Gordon and Betty Moore Foundation,
W4327573067,17,G365575497,,No. DE-AC02-05-CH11231,F4320306084,U.S. Department of Energy,
W4327573067,18,G3665354792,,No. DMR-1719875,F4320332708,Cornell Center for Materials Research,
W4327573067,19,G4064232043,Cornell Center for Materials Research - MRSEC,1719875,F4320306076,National Science Foundation,
W4327573067,20,G419881185,,DEAC02–05CH11231,F4320332359,Office of Science,
W4327573067,21,G42916606,,DE AC02 05CH11231,F4320306084,U.S. Department of Energy,
W4327573067,22,G4303070870,,DMR-2039380,F4320337367,Division of Materials Research,
W4327573067,23,G4501827968,,AC02-05CH11231,F4320332359,Office of Science,
W4327573067,24,G46076208,,DMR-2045826,F4320337367,Division of Materials Research,
W4327573067,25,G4671203234,,2025158,F4320337392,"Division of Electrical, Communications and Cyber Systems",
W4327573067,26,G4796240486,,DE-AC02-05CH11231,F4320333422,"Materials Research Science and Engineering Center, Harvard University",
W4327573067,27,G4973792023,Graduate Research Fellowship Program (GRFP),1745303,F4320306076,National Science Foundation,
W4327573067,28,G498139845,,DE-AC02,F4320332359,Office of Science,
W4327573067,29,G5849692847,,No. DE-AC02-05-CH11231,F4320337480,Basic Energy Sciences,
W4327573067,30,G5917061246,,1719875,F4320337367,Division of Materials Research,
W4327573067,31,G6075373719,,DMR-1231319,F4320306084,U.S. Department of Energy,
W4327573067,32,G6211938059,CAREER:  Discovering and Understanding Layered Nickelate Superconductors,2045826,F4320306076,National Science Foundation,
W4327573067,33,G6277464118,,DE-SC0021925,F4320338483,Division of Materials Sciences and Engineering,
W4327573067,34,G6351810044,,1719875,F4320333422,"Materials Research Science and Engineering Center, Harvard University",
W4327573067,35,G650090426,,AC02–05CH11231,F4320337480,Basic Energy Sciences,
W4327573067,36,G7457268809,"EPITAXIAL STABILIZATION OF NOVEL SUPERCONDUCTORS FOR ENERGY GENERATION, STORAGE AND DISTRIBUTION",DESC0021925,F4320306084,U.S. Department of Energy,
W4327573067,37,G7767248047,,1719875,F4320332708,Cornell Center for Materials Research,
W4327573067,38,G791371132,,DE‐AC02‐05‐CH11231,F4320338483,Division of Materials Sciences and Engineering,
W4327573067,39,G8108395467,"MIP: Platform for the Accelerated Realization, Analysis, and Discovery of Interface Materials (PARADIM)",2039380,F4320306076,National Science Foundation,
W4327573067,40,G832140395,,1745303,F4320306084,U.S. Department of Energy,
W4327573067,41,G836018179,,2039380,F4320337480,Basic Energy Sciences,
W4327573067,42,G8640644076,,DMR-12313 19,F4320306076,National Science Foundation,
W4327573067,43,G875209366,,DMR-1231319,F4320337367,Division of Materials Research,
W4327573067,44,G969889393,,DE-AC02-,F4320306084,U.S. Department of Energy,
W3160572560,1,G2720515439,,W911NF1910296,F4320338281,Army Research Office,
W3160572560,2,G4359690165,NSF Convergence Accelerator Track C: Interconnecting Quantum Computers for the Next-Generation Internet,2040695,F4320306076,National Science Foundation,
W3160572560,3,G7576470222,NSF Engineering Research Center for Quantum Networks (CQN),1941583,F4320306076,National Science Foundation,
W4293085752,1,G1162011400,,W911NF1810432,F4320338281,Army Research Office,
W4293085752,2,G1268556693,"HYBRID ELECTRO- AND ACOUSTO-DYNAMICAL SYSTEMS FOR QUANTUM 
OPTICAL NETWORKS (HEADS-QON)",DESC0020376,F4320306084,U.S. Department of Energy,
W4293085752,3,G1523888516,,FA9550-,F4320338279,Air Force Office of Scientific Research,
W4293085752,4,G1639952346,,1231319,F4320337367,Division of Materials Research,
W4293085752,5,G1799408541,,EEC-1941583,F4320338279,Air Force Office of Scientific Research,
W4293085752,6,G2027002873,NNCI: Center for Nanoscale Systems (CNS),2025158,F4320306076,National Science Foundation,
W4293085752,7,G3180581135,,1838976,F4320337392,"Division of Electrical, Communications and Cyber Systems",
W4293085752,8,G3311699245,Center for Integrated Quantum Materials,1231319,F4320306076,National Science Foundation,
W4293085752,9,G3431638231,,W911NF1810432,F4320338279,Air Force Office of Scientific Research,
W4293085752,10,G3582326853,,W911NF1810432,F4320333591,Multidisciplinary University Research Initiative,
W4293085752,11,G36446433,,FA9550-20-1,F4320338279,Air Force Office of Scientific Research,
W4293085752,12,G3908502130,,N00014-20-1-2425,F4320337345,Office of Naval Research,
W4293085752,13,G3998252677,,N00014-15-1-2761,F4320337345,Office of Naval Research,
W4293085752,14,G5569641376,,FA9550-20-1-0105,F4320338279,Air Force Office of Scientific Research,
W4293085752,15,G5729145195,,FA9550-20,F4320338279,Air Force Office of Scientific Research,
W4293085752,16,G5734303726,,ECCS-1838976,F4320337392,"Division of Electrical, Communications and Cyber Systems",
W4293085752,17,G6075373719,,DMR-1231319,F4320306084,U.S. Department of Energy,
W4293085752,18,G6098521345,,FA9550,F4320337345,Office of Naval Research,
W4293085752,19,G695208427,Coherent Optomechanical and Hyperfine interactions Engineering with Silicon-Vacancy impurities in diamond for quantum networks,840968,F4320338337,H2020 Marie Skłodowska-Curie Actions,
W4293085752,20,G6987858779,"RAISE: TAQS: Engineering high quality, practical qubits in diamond",1838976,F4320306076,National Science Foundation,
W4293085752,21,G7444832178,,EEC-1941583,F4320306084,U.S. Department of Energy,
W4293085752,22,G7576470222,NSF Engineering Research Center for Quantum Networks (CQN),1941583,F4320306076,National Science Foundation,
W4293085752,23,G8640644076,,DMR-12313 19,F4320306076,National Science Foundation,
W4293085752,24,G875209366,,DMR-1231319,F4320337367,Division of Materials Research,
W4293085752,25,G8876996369,,N00014,F4320337345,Office of Naval Research,
W4366519842,1,G1285306620,,SC0012704,F4320338289,Brookhaven National Laboratory,
W4366519842,2,G1847291448,,DE- SC0012704,F4320337480,Basic Energy Sciences,
W4366519842,3,G241279073,,DE‐SC0012704,F4320306084,U.S. Department of Energy,
W4366519842,4,G3262563802,,DE- SC0012704,F4320338289,Brookhaven National Laboratory,
W4366519842,5,G357145406,,DE-SC-0012704,F4320332359,Office of Science,
W4366519842,6,G5765906131,,SC0012704.,F4320306084,U.S. Department of Energy,
W4366519842,7,G6965541988,,SC0012704,F4320337480,Basic Energy Sciences,
W4366519842,8,G7463374569,,SC0012704,F4320332359,Office of Science,
W4366519842,9,G872144517,,DE-SC0012704,F4320306076,National Science Foundation,
W4313814437,1,G758210746,,D18AC00014,F4320332180,Defense Advanced Research Projects Agency,
W4378904229,1,G87932940,,EP/T001011/1,F4320334627,Engineering and Physical Sciences Research Council,
W4390929033,1,G1396759388,,ECCS102137723,F4320337392,"Division of Electrical, Communications and Cyber Systems",
W4393207125,1,G1668112243,,JPMJMS226C,F4320338247,Moonshot Research and Development Program,
W4393207125,2,G1693287877,,PPS2007,F4320314237,Rijksdienst voor Ondernemend Nederland,
W4393207125,3,G249262831,Quantum Software Consortium,024.003.037,F4320321800,Nederlandse Organisatie voor Wetenschappelijk Onderzoek,
W4393207125,4,G2578584357,,024.003.037/3368,F4320321800,Nederlandse Organisatie voor Wetenschappelijk Onderzoek,
W4393207125,5,G420050720,,024.003,F4320321800,Nederlandse Organisatie voor Wetenschappelijk Onderzoek,
W4393207125,6,G7392226337,,PPS2007,F4320321879,Fujitsu,
W4393207125,7,G7422664581,,PPS2007,F4320321012,Technische Universiteit Delft,
W4399736965,1,G1404049065,,FA9550-21-1-0209,F4320338279,Air Force Office of Scientific Research,
W4399736965,2,G1770223817,,FA864921P0781,F4320338294,Air Force Research Laboratory,
W4399736965,3,G2882288540,,W911NF2310077,F4320338281,Army Research Office,
W4399736965,4,G3162985271,,W911NF2110325,F4320333591,Multidisciplinary University Research Initiative,
W4399736965,5,G4629941602,QuIC - TaQS: Interconnects for a Superconducting-Atomic Hybrid Quantum Network,2137642,F4320306076,National Science Foundation,
W4399736965,6,G6167497367,,FA9550-19-1-0399,F4320338279,Air Force Office of Scientific Research,
W4399736965,7,G7576470222,NSF Engineering Research Center for Quantum Networks (CQN),1941583,F4320306076,National Science Foundation,
W4399736965,8,G8672390710,,2020-71479,F4320306079,David and Lucile Packard Foundation,
W4399736965,9,G922915270,QII-TAQS: Quantum Metrological Platform for Single-Molecule Bio-Sensing,1936118,F4320306076,National Science Foundation,
W4401421595,1,G7576470222,NSF Engineering Research Center for Quantum Networks (CQN),1941583,F4320306076,National Science Foundation,
W4401421595,2,G7675343242,,W911NF-21-2-0041,F4320338281,Army Research Office,
W4393105575,1,G4413222662,Collaborative Research: CNS Core: Medium: Design and Analysis of Quantum Networks for Entanglement Distribution,1955744,F4320306076,National Science Foundation,
W4393105575,2,G7576470222,NSF Engineering Research Center for Quantum Networks (CQN),1941583,F4320306076,National Science Foundation,
W4399671557,1,G3155092797,,W911NF-21-1-0184,F4320338281,Army Research Office,
W4399671557,2,G3460178702,Low dimensional quantum fluids,219400,F4320320924,Schweizerischer Nationalfonds zur Förderung der Wissenschaftlichen Forschung,
W4399671557,3,G5938965488,Low dimensional quantum fluids,188687,F4320320924,Schweizerischer Nationalfonds zur Förderung der Wissenschaftlichen Forschung,
W4399671557,4,G6369637627,Non-perturbative approaches to strongly correlated many-body systems,212899,F4320320924,Schweizerischer Nationalfonds zur Förderung der Wissenschaftlichen Forschung,
W4399671557,5,G6780731104,,FA9550-21-1-0216,F4320338279,Air Force Office of Scientific Research,
W3208949895,1,G855168022,,DENA-0003525,F4320332369,National Nuclear Security Administration,
W4417150983,1,G1821403746,"Nonlinear nanophotonics circuits: building blocks for optical frequency synthesis, filtering and signal processing",18/15577-5,F4320320997,Fundação de Amparo à Pesquisa do Estado de São Paulo,
W4417150983,2,G2094394093,,80NSSC23PB442,F4320306101,National Aeronautics and Space Administration,
W4417150983,3,G4198572546,QuIC-TAQS: Integrated Lithium Niobate Quantum Photonics Platform,2137723,F4320306076,National Science Foundation,
W4417150983,4,G4720003262,,N00014-22,F4320337345,Office of Naval Research,
W4417150983,5,G485488592,,A50791,F4320310598,Amazon Web Services,
W4417150983,6,G7425413337,,-0001,F4320337345,Office of Naval Research,
W4417150983,7,G7576470222,NSF Engineering Research Center for Quantum Networks (CQN),1941583,F4320306076,National Science Foundation,
W4417150983,8,G8862277691,,80NSSC22K0262,F4320306101,National Aeronautics and Space Administration,
W4417150983,9,G8876996369,,N00014,F4320337345,Office of Naval Research,
W4417150983,10,G8883787402,,N00014-22-C-1041,F4320337345,Office of Naval Research,
W4405367664,1,G1442400458,QuSeC-TAQS: Nanoscale Covariance Magnetometry with Diamond Quantum Sensors,2326767,F4320306076,National Science Foundation,
W4405367664,2,G1910969781,,11301224010717,F4320321169,Xi’an Jiaotong University,
W4405367664,3,G1932254719,,HR0011-24-9-0361,F4320332180,Defense Advanced Research Projects Agency,
W4405367664,4,G2882288540,,W911NF2310077,F4320338281,Army Research Office,
W4405367664,5,G3067963855,,W911NF-18-1-0020,F4320338281,Army Research Office,
W4405367664,6,G4629941602,QuIC - TaQS: Interconnects for a Superconducting-Atomic Hybrid Quantum Network,2137642,F4320306076,National Science Foundation,
W4405367664,7,G7576470222,NSF Engineering Research Center for Quantum Networks (CQN),1941583,F4320306076,National Science Foundation,
W4405367664,8,G7796153478,,HR0011-24-9-0359,F4320332180,Defense Advanced Research Projects Agency,
W4405367664,9,G8232580466,Collaborative Research: FET: Medium: Design and Implementation of Quantum Databases,2312755,F4320306076,National Science Foundation,
W4405367664,10,G8672390710,,2020-71479,F4320306079,David and Lucile Packard Foundation,
W4405367664,11,G922915270,QII-TAQS: Quantum Metrological Platform for Single-Molecule Bio-Sensing,1936118,F4320306076,National Science Foundation,
W4385769313,1,G1872762428,,N000142312296,F4320337345,Office of Naval Research,
W4385769313,2,G434337789,,HORIZON2020,F4320320300,European Commission,
W4385769313,3,G5443090575,,PE 0000023,F4320320300,European Commission,
W4385769313,4,G777498305,,PE0000023-NQSTI,F4320320300,European Commission,
W4403457891,1,G4513389840,,1941583,F4320332170,Directorate for Engineering,
W4416874420,1,G2322311946,,80NSSC25M7057,F4320306101,National Aeronautics and Space Administration,
W4416874420,2,G2882288540,,W911NF2310077,F4320338281,Army Research Office,
W4392158785,1,G1545169228,Collaborative Research: Connecting Professional and Educational Communities to Prepare Construction Engineering Students for the Workplace,2201641,F4320306076,National Science Foundation,
W4395026273,1,G1162011400,,W911NF1810432,F4320338281,Army Research Office,
W4395026273,2,G3328784144,EXC 2056: CUI: Advanced Imaging of Matter,390715994,F4320320879,Deutsche Forschungsgemeinschaft,
W4395026273,3,G3908502130,,N00014-20-1-2425,F4320337345,Office of Naval Research,
W4395026273,4,G5569641376,,FA9550-20-1-0105,F4320338279,Air Force Office of Scientific Research,
W4387485637,1,G1954895400,CIF: Medium: Iterative Quantum LDPC Decoders,1855879,F4320306076,National Science Foundation,
W4387485637,2,G2422073433,,CCSS-2052751,F4320337392,"Division of Electrical, Communications and Cyber Systems",
W4387485637,3,G2569120085,Collaborative Research: CIF: Medium: QODED: Quantum codes Optimized for the Dynamics between Encoded Computation and Decoding using Classical Coding Techniques,2106189,F4320306076,National Science Foundation,
W4387485637,4,G2793524870,ECCS/CCSS: Neural Network Nonlinear Iterative LDPC Decoders with Guaranteed Error Performance and Fast Convergence,2027844,F4320306076,National Science Foundation,
W4387485637,5,G3559249381,,CCSS-2027844,F4320337392,"Division of Electrical, Communications and Cyber Systems",
W4387485637,6,G767368701,Collaborative Research: Secure and Efficient Post-quantum Cryptography: from Coding Theory to Hardware Architecture,2052751,F4320306076,National Science Foundation,
W4387485637,7,G7789950527,CIF: Small: Learning To Correct Errors,2100013,F4320306076,National Science Foundation,
W4297412127,1,G1910132285,RAISE-TAQS: Room-Temperature Quantum Sensing and Computation using DNA-based Excitonic Circuits,1839155,F4320306076,National Science Foundation,
W4297412127,2,G3162985271,,W911NF2110325,F4320333591,Multidisciplinary University Research Initiative,
W4297412127,3,G4645358078,,W911NF-15-2-0067,F4320338281,Army Research Office,
W4297412127,4,G4800547303,,1747426,F4320337367,Division of Materials Research,
W4297412127,5,G4944074465,Convergence QL: Workshop Series: Cross- Sector Connections in Quantum Leap,1747426,F4320306076,National Science Foundation,
W4297412127,6,G5259331294,,W911NF,F4320338295,Army Research Laboratory,
W4297412127,7,G5298095028,,DMR-1747426,F4320337367,Division of Materials Research,
W4297412127,8,G5610834244,,W911NF-15,F4320338295,Army Research Laboratory,
W4297412127,9,G6518383159,,W911NF2110325,F4320338281,Army Research Office,
W4297412127,10,G7262863754,,1941583,F4320306084,U.S. Department of Energy,
W4297412127,11,G7452299184,,W911NF,F4320338281,Army Research Office,
W4297412127,12,G7576470222,NSF Engineering Research Center for Quantum Networks (CQN),1941583,F4320306076,National Science Foundation,
W4297412127,13,G8257659198,,W911NF-15,F4320338281,Army Research Office,
W4297412127,14,G867139975,,W911NF- 15-2-0067,F4320338295,Army Research Laboratory,
W4389261354,1,G1910132285,RAISE-TAQS: Room-Temperature Quantum Sensing and Computation using DNA-based Excitonic Circuits,1839155,F4320306076,National Science Foundation,
W4389261354,2,G2353280561,,CHE-1839155,F4320337393,Division of Chemistry,
W4389261354,3,G2999910790,,W911NF-18-1-0431,F4320338281,Army Research Office,
W4389261354,4,G3510308925,,JPMJCR15F3,F4320320912,"Ministry of Education, Culture, Sports, Science and Technology",
W4389261354,5,G369169853,,JPMJCR15F3,F4320338075,Core Research for Evolutional Science and Technology,
W4389261354,6,G4481661474,,W911NF-18-1-0431,F4320333591,Multidisciplinary University Research Initiative,
W4389261354,7,G5613623313,,CREST,F4320306076,National Science Foundation,
W4389261354,8,G7452299184,,W911NF,F4320338281,Army Research Office,
W4389261354,9,G7458620090,,1839155,F4320337393,Division of Chemistry,
W4389261354,10,G7879866177,,CREST,F4320320912,"Ministry of Education, Culture, Sports, Science and Technology",
W4393284065,1,G4627782676,The use of distributed ledger technology in climate governance,1932220,F4320306076,National Science Foundation,
W4394570175,1,G1125181430,,FA9550-23-1-0455,F4320338279,Air Force Office of Scientific Research,
W4394570175,2,G1336383939,,FA9550-23-1-0472,F4320338279,Air Force Office of Scientific Research,
W4394570175,3,G1523888516,,FA9550-,F4320338279,Air Force Office of Scientific Research,
W4394570175,4,G6149482855,,HR00112220011,F4320332180,Defense Advanced Research Projects Agency,
W4366999815,1,G4629353440,,LAB 21-2491,F4320306084,U.S. Department of Energy,
W4366999815,2,G7576470222,NSF Engineering Research Center for Quantum Networks (CQN),1941583,F4320306076,National Science Foundation,
W3127129994,1,G1851561202,,1640959,F4320308380,Yale University,
W3127129994,2,G4838541289,,CNS-1955834,F4320335353,National Science Foundation of Sri Lanka,
W3127129994,3,G5241618640,"NeTS: Small: Design, Management, and Optimization of Cache Networks",1617437,F4320306076,National Science Foundation,
W3127129994,4,G6715895681,Collaborative Research: CNS Core: Medium: Design and Analysis of Quantum Networks for Entanglement Distribution,1955834,F4320306076,National Science Foundation,
W3127129994,5,G6819440785,,CNS-1617437,F4320335353,National Science Foundation of Sri Lanka,
W3127129994,6,G7053240118,,ERC 1941583,F4320335353,National Science Foundation of Sri Lanka,
W3127129994,7,G7576470222,NSF Engineering Research Center for Quantum Networks (CQN),1941583,F4320306076,National Science Foundation,
W3127129994,8,G8778025950,EFRI ACQUIRE: Integrated Nanophotonic Solid State Memories for Telecom Wavelength Quantum Repeaters,1640959,F4320306076,National Science Foundation,
W4385003086,1,G1264789558,,W911NF2010021,F4320332180,Defense Advanced Research Projects Agency,
W4385003086,2,G1974070018,PROGRAMMABLE QUANTUM SIMULATORS FOR LATTICE GAUGE THEORIES AND GAUGE-GRAVITY CORRESPONDENCE,DESC0021013,F4320306084,U.S. Department of Energy,
W4385003086,3,G2916627489,,W911NF-20-1-0082,F4320338281,Army Research Office,
W4385003086,4,G3388975023,2020 BUDGET REQUEST FOR THE DOE COMPUTATIONAL SCIENCE GRADUATE FELLOWSHIP (CSGF) GRANT,DESC0021110,F4320306084,U.S. Department of Energy,
W4385003086,5,G586693022,,W911NF2010082,F4320333591,Multidisciplinary University Research Initiative,
W4385003086,6,G616689113,,W911NF-20-1-0082,F4320306076,National Science Foundation,
W4385003086,7,G6183517682,,7568717,F4320306084,U.S. Department of Energy,
W4385003086,8,G7452299184,,W911NF,F4320338281,Army Research Office,
W4392110534,1,G102163711,,DE‐ AC02‐06CH11357,F4320306084,U.S. Department of Energy,
W4392110534,2,G1770223817,,FA864921P0781,F4320338294,Air Force Research Laboratory,
W4392110534,3,G3009587448,,W911NF-18-1-0103,F4320338281,Army Research Office,
W4392110534,4,G3747832099,Institute for Quantum Information and Matter (IQIM),1125565,F4320306076,National Science Foundation,
W4392110534,5,G4629941602,QuIC - TaQS: Interconnects for a Superconducting-Atomic Hybrid Quantum Network,2137642,F4320306076,National Science Foundation,
W4392110534,6,G7576470222,NSF Engineering Research Center for Quantum Networks (CQN),1941583,F4320306076,National Science Foundation,
W4392110534,7,G8672390710,,2020-71479,F4320306079,David and Lucile Packard Foundation,
W4316507317,1,G11630931,,DENA0003525,F4320306084,U.S. Department of Energy,
W4316507317,2,G1859920734,,NA0003525,F4320337547,Laboratory Directed Research and Development,
W4316507317,3,G2214935549,,NA0003525,F4320338291,Sandia National Laboratories,
W4316507317,4,G280414146,,DE-NA0003525,F4320332359,Office of Science,
W4316507317,5,G413247060,,"DE‐NA,0003525",F4320338291,Sandia National Laboratories,
W4316507317,6,G4903105778,,NA0003525,F4320306084,U.S. Department of Energy,
W4316507317,7,G5339743583,,NA0003525,F4320332369,National Nuclear Security Administration,
W4316507317,8,G70797072,,DE-NA0003525,F4320337547,Laboratory Directed Research and Development,
W4316507317,9,G8178004050,,contract DE-NA0003525,F4320332369,National Nuclear Security Administration,
W4316507317,10,G855168022,,DENA-0003525,F4320332369,National Nuclear Security Administration,
W4316507317,11,G872931124,,DE‐NA0003525,F4320315466,Center for Integrated Nanotechnologies,
W4393539113,1,G11630931,,DENA0003525,F4320306084,U.S. Department of Energy,
W4393539113,2,G138837881,,DE-NA-0003525,F4320306101,National Aeronautics and Space Administration,
W4393539113,3,G288067973,,0003525,F4320306084,U.S. Department of Energy,
W4393539113,4,G413247060,,"DE‐NA,0003525",F4320338291,Sandia National Laboratories,
W4393539113,5,G4176796873,,DENA0003525,F4320332180,Defense Advanced Research Projects Agency,
W4393539113,6,G6220012268,,HR0011048577,F4320306078,U.S. Department of Defense,
W4393539113,7,G6338696783,,DE‐NA0003525,F4320306076,National Science Foundation,
W4393539113,8,G7846137418,QuIC ‐ TAQS: A Photon‐Phonon Quantum Interconnect via Brillouin‐Based Optomechanics in Quartz and Superfluid,2137740,F4320306076,National Science Foundation,
W4393539113,9,G855168022,,DENA-0003525,F4320332369,National Nuclear Security Administration,
W4393539113,10,G8812530638,,HR0011048577,F4320332180,Defense Advanced Research Projects Agency,
W3106735952,1,G5241618640,"NeTS: Small: Design, Management, and Optimization of Cache Networks",1617437,F4320306076,National Science Foundation,
W3106735952,2,G8778025950,EFRI ACQUIRE: Integrated Nanophotonic Solid State Memories for Telecom Wavelength Quantum Repeaters,1640959,F4320306076,National Science Foundation,
W4380630025,1,G2268053151,,ERKJ355,F4320306084,U.S. Department of Energy,
W4380630025,2,G2971268424,,ERKJ355,F4320337506,Advanced Scientific Computing Research,
W4380630025,3,G4079257765,RAISE-EQuIP: Quantum repeater for long-distance quantum communication enabled by non-Gaussian cluster states on a scalable hybrid aluminum nitride and silicon nanophotonic platform,1842559,F4320306076,National Science Foundation,
W4380630025,4,G5003045098,,N00014- 19-1-2190,F4320337345,Office of Naval Research,
W4380630025,5,G8876996369,,N00014,F4320337345,Office of Naval Research,
W3194728638,1,G1230266125,,EXC‐2056,F4320320879,Deutsche Forschungsgemeinschaft,
W3194728638,2,G3174456158,CONTROLLED SYNTHESIS OF SOLID-STATE QUANTUM EMITTER ARRAYS FOR QUANTUM COMPUTING AND SIMULATION,DESC0020115,F4320306084,U.S. Department of Energy,
W3194728638,3,G3328784144,EXC 2056: CUI: Advanced Imaging of Matter,390715994,F4320320879,Deutsche Forschungsgemeinschaft,
W3194728638,4,G4973792023,Graduate Research Fellowship Program (GRFP),1745303,F4320306076,National Science Foundation,
W3194728638,5,G5970606412,NNCI: The Center for Nanoscale System (CNS) at Harvard University,1541959,F4320306076,National Science Foundation,
W3194728638,6,G7532172575,,4342.01,F4320307021,Blanche Moore Foundation,
W4309561407,1,G1851561202,,1640959,F4320308380,Yale University,
W4309561407,2,G5241618640,"NeTS: Small: Design, Management, and Optimization of Cache Networks",1617437,F4320306076,National Science Foundation,
W4309561407,3,G6715895681,Collaborative Research: CNS Core: Medium: Design and Analysis of Quantum Networks for Entanglement Distribution,1955834,F4320306076,National Science Foundation,
W4309561407,4,G7576470222,NSF Engineering Research Center for Quantum Networks (CQN),1941583,F4320306076,National Science Foundation,
W4309561407,5,G8778025950,EFRI ACQUIRE: Integrated Nanophotonic Solid State Memories for Telecom Wavelength Quantum Repeaters,1640959,F4320306076,National Science Foundation,
W4385354211,1,G7790475835,,EP/W035995/1,F4320334627,Engineering and Physical Sciences Research Council,
W4385354211,2,G838579410,,EP/T019697/1,F4320334627,Engineering and Physical Sciences Research Council,
W4407770267,1,G1442400458,QuSeC-TAQS: Nanoscale Covariance Magnetometry with Diamond Quantum Sensors,2326767,F4320306076,National Science Foundation,
W4407770267,2,G1607302921,Harnessing Magnonic Nonreciprocity Through Dissipation Engineering,2337713,F4320306076,National Science Foundation,
W4407770267,3,G1912064254,Track 4:  Advanced CI Coordination Ecosystem: Monitoring and Measurement Services,2137603,F4320306076,National Science Foundation,
W4407770267,4,G2882288540,,W911NF2310077,F4320338281,Army Research Office,
W4407770267,5,G4006316252,Track 1: ACCESS Resource Allocations Marketplace and Platform Services (RAMPS),2138259,F4320306076,National Science Foundation,
W4407770267,6,G4629941602,QuIC - TaQS: Interconnects for a Superconducting-Atomic Hybrid Quantum Network,2137642,F4320306076,National Science Foundation,
W4407770267,7,G4676224565,ACO: An Open CI Ecosystem to Advance Scientific Discovery (OpenCI),2138296,F4320306076,National Science Foundation,
W4407770267,8,G509285653,Track 3: COre National Ecosystem for CyberinfrasTructure (CONECT),2138307,F4320306076,National Science Foundation,
W4407770267,9,G5109466094,,FA9550-23-1-0254,F4320338279,Air Force Office of Scientific Research,
W4407770267,10,G7576470222,NSF Engineering Research Center for Quantum Networks (CQN),1941583,F4320306076,National Science Foundation,
W4407770267,11,G8232580466,Collaborative Research: FET: Medium: Design and Implementation of Quantum Databases,2312755,F4320306076,National Science Foundation,
W4407770267,12,G8300691027,"Track 2: Customized Multi-tier Assistance, Training, and Computational Help (MATCH) for End User ACCESS to CI",2138286,F4320306076,National Science Foundation,
W4407770267,13,G8672390710,,2020-71479,F4320306079,David and Lucile Packard Foundation,
W4410492324,1,G102163711,,DE‐ AC02‐06CH11357,F4320306084,U.S. Department of Energy,
W4410492324,2,G1404049065,,FA9550-21-1-0209,F4320338279,Air Force Office of Scientific Research,
W4410492324,3,G1442400458,QuSeC-TAQS: Nanoscale Covariance Magnetometry with Diamond Quantum Sensors,2326767,F4320306076,National Science Foundation,
W4410492324,4,G1932254719,,HR0011-24-9-0361,F4320332180,Defense Advanced Research Projects Agency,
W4410492324,5,G2882288540,,W911NF2310077,F4320338281,Army Research Office,
W4410492324,6,G3162985271,,W911NF2110325,F4320333591,Multidisciplinary University Research Initiative,
W4410492324,7,G4629941602,QuIC - TaQS: Interconnects for a Superconducting-Atomic Hybrid Quantum Network,2137642,F4320306076,National Science Foundation,
W4410492324,8,G4848018484,,FA9550-23- 1-0338,F4320338279,Air Force Office of Scientific Research,
W4410492324,9,G6167497367,,FA9550-19-1-0399,F4320338279,Air Force Office of Scientific Research,
W4410492324,10,G7576470222,NSF Engineering Research Center for Quantum Networks (CQN),1941583,F4320306076,National Science Foundation,
W4410492324,11,G7796153478,,HR0011-24-9-0359,F4320332180,Defense Advanced Research Projects Agency,
W4410492324,12,G8232580466,Collaborative Research: FET: Medium: Design and Implementation of Quantum Databases,2312755,F4320306076,National Science Foundation,
W4410492324,13,G8672390710,,2020-71479,F4320306079,David and Lucile Packard Foundation,
W4410492324,14,G922915270,QII-TAQS: Quantum Metrological Platform for Single-Molecule Bio-Sensing,1936118,F4320306076,National Science Foundation,
W4410954891,1,G3817840624,Research Infrastructure: CIRC: New: Full-stack Codesign Tools for Quantum Hardware,2346089,F4320306076,National Science Foundation,
W4410954891,2,G6276915973,"Collaborative Research: NeTS: Medium: Design, Analysis, and Control of Quantum Networks",2402861,F4320306076,National Science Foundation,
W4410954891,3,G7576470222,NSF Engineering Research Center for Quantum Networks (CQN),1941583,F4320306076,National Science Foundation,
W4382372236,1,G6518383159,,W911NF2110325,F4320338281,Army Research Office,
W4382372236,2,G7576470222,NSF Engineering Research Center for Quantum Networks (CQN),1941583,F4320306076,National Science Foundation,
W4392381719,1,G1121709765,ExpandQISE: Track 1: Virtual Quantum Networks: From Foundations to Field Tests,2304118,F4320306076,National Science Foundation,
W4392381719,2,G1872762428,,N000142312296,F4320337345,Office of Naval Research,
W4392381719,3,G2398899454,CAREER: Photonic Quantum Machine Learning: From Architecture to Applications,2317471,F4320306076,National Science Foundation,
W4392381719,4,G2469973041,,N660012014029,F4320332180,Defense Advanced Research Projects Agency,
W4392381719,5,G7576470222,NSF Engineering Research Center for Quantum Networks (CQN),1941583,F4320306076,National Science Foundation,
W4385876664,1,G6538254113,,No. N660012014029,F4320332180,Defense Advanced Research Projects Agency,
W4389168356,1,G4413222662,Collaborative Research: CNS Core: Medium: Design and Analysis of Quantum Networks for Entanglement Distribution,1955744,F4320306076,National Science Foundation,
W3194218311,1,G1829052184,,N00014-19-1-2189,F4320337345,Office of Naval Research,
W3194218311,2,G203625172,,DE--AC05--00OR22725,F4320306084,U.S. Department of Energy,
W3194218311,3,G8629900746,,4000178321,F4320306084,U.S. Department of Energy,
W4389158986,1,G3162985271,,W911NF2110325,F4320333591,Multidisciplinary University Research Initiative,
W4389158986,2,G4413222662,Collaborative Research: CNS Core: Medium: Design and Analysis of Quantum Networks for Entanglement Distribution,1955744,F4320306076,National Science Foundation,
W4389158986,3,G6518383159,,W911NF2110325,F4320338281,Army Research Office,
W4389158986,4,G7576470222,NSF Engineering Research Center for Quantum Networks (CQN),1941583,F4320306076,National Science Foundation,
W4389192884,1,G1404049065,,FA9550-21-1-0209,F4320338279,Air Force Office of Scientific Research,
W4389192884,2,G1770223817,,FA864921P0781,F4320338294,Air Force Research Laboratory,
W4389192884,3,G2882288540,,W911NF2310077,F4320338281,Army Research Office,
W4389192884,4,G4629941602,QuIC - TaQS: Interconnects for a Superconducting-Atomic Hybrid Quantum Network,2137642,F4320306076,National Science Foundation,
W4389192884,5,G6167497367,,FA9550-19-1-0399,F4320338279,Air Force Office of Scientific Research,
W4389192884,6,G6518383159,,W911NF2110325,F4320338281,Army Research Office,
W4389192884,7,G7576470222,NSF Engineering Research Center for Quantum Networks (CQN),1941583,F4320306076,National Science Foundation,
W4389192884,8,G8672390710,,2020-71479,F4320306079,David and Lucile Packard Foundation,
W4389192884,9,G922915270,QII-TAQS: Quantum Metrological Platform for Single-Molecule Bio-Sensing,1936118,F4320306076,National Science Foundation,
W4400763243,1,G434337789,,HORIZON2020,F4320320300,European Commission,
W4400763243,2,G8354189447,Quantum Internet Alliance,820445,F4320320300,European Commission,
W4394620561,1,G3686263055,,FA9550-21-1-0429,F4320338294,Air Force Research Laboratory,
W4321491602,1,G1327561392,CAREER:Understanding the Effects of the Immediate Environment on Intrinsic Properties of 2D Crystals: From Fundamental Science to Real World Applications,1752840,F4320306076,National Science Foundation,
W4321491602,2,G3226045097,,ACI-1 548 562,F4320306076,National Science Foundation,
W4392490550,1,G4198572546,QuIC-TAQS: Integrated Lithium Niobate Quantum Photonics Platform,2137723,F4320306076,National Science Foundation,
W4392490550,2,G4720003262,,N00014-22,F4320337345,Office of Naval Research,
W4392490550,3,G5529980474,,N6833522C0413,F4320332923,U.S. Navy,
W4392490550,4,G6906440423,QuIC-TAQS: Implementation of a Neutral-Atom-Photonic-Cluster State,2138068,F4320306076,National Science Foundation,
W4392490550,5,G8876996369,,N00014,F4320337345,Office of Naval Research,
W4392490550,6,G8883787402,,N00014-22-C-1041,F4320337345,Office of Naval Research,
W4367060959,1,G1523888516,,FA9550-,F4320338279,Air Force Office of Scientific Research,
W4367060959,2,G2027002873,NNCI: Center for Nanoscale Systems (CNS),2025158,F4320306076,National Science Foundation,
W4367060959,3,G2347808973,,ECCS-2025158,F4320337392,"Division of Electrical, Communications and Cyber Systems",
W4367060959,4,G3066335313,,FA9550‐19‐1‐0376,F4320338279,Air Force Office of Scientific Research,
W4367060959,5,G4671203234,,2025158,F4320337392,"Division of Electrical, Communications and Cyber Systems",
W4367060959,6,G4720003262,,N00014-22,F4320337345,Office of Naval Research,
W4367060959,7,G6082771128,,N00014-18-C-1043,F4320337345,Office of Naval Research,
W4367060959,8,G6098521345,,FA9550,F4320337345,Office of Naval Research,
W4367060959,9,G8876996369,,N00014,F4320337345,Office of Naval Research,
W4367060959,10,G8883787402,,N00014-22-C-1041,F4320337345,Office of Naval Research,
W4281781274,1,G6715895681,Collaborative Research: CNS Core: Medium: Design and Analysis of Quantum Networks for Entanglement Distribution,1955834,F4320306076,National Science Foundation,
W4281781274,2,G7576470222,NSF Engineering Research Center for Quantum Networks (CQN),1941583,F4320306076,National Science Foundation,
W4310647961,1,G1851561202,,1640959,F4320308380,Yale University,
W4310647961,2,G5241618640,"NeTS: Small: Design, Management, and Optimization of Cache Networks",1617437,F4320306076,National Science Foundation,
W4310647961,3,G6715895681,Collaborative Research: CNS Core: Medium: Design and Analysis of Quantum Networks for Entanglement Distribution,1955834,F4320306076,National Science Foundation,
W4310647961,4,G7576470222,NSF Engineering Research Center for Quantum Networks (CQN),1941583,F4320306076,National Science Foundation,
W4310647961,5,G8778025950,EFRI ACQUIRE: Integrated Nanophotonic Solid State Memories for Telecom Wavelength Quantum Repeaters,1640959,F4320306076,National Science Foundation,
W4383989446,1,G22081376,,2020-2024,F4320321800,Nederlandse Organisatie voor Wetenschappelijk Onderzoek,
W4383989446,2,G3162985271,,W911NF2110325,F4320333591,Multidisciplinary University Research Initiative,
W4383989446,3,G4413222662,Collaborative Research: CNS Core: Medium: Design and Analysis of Quantum Networks for Entanglement Distribution,1955744,F4320306076,National Science Foundation,
W4383989446,4,G6518383159,,W911NF2110325,F4320338281,Army Research Office,
W4383989446,5,G7340979536,,BGR2 17.269,F4320321800,Nederlandse Organisatie voor Wetenschappelijk Onderzoek,
W4383989446,6,G7576470222,NSF Engineering Research Center for Quantum Networks (CQN),1941583,F4320306076,National Science Foundation,
W4383989446,7,G8156015469,,2020-2024,F4320306076,National Science Foundation,
W4390305795,1,G1872762428,,N000142312296,F4320337345,Office of Naval Research,
W4390305795,2,G6671297155,,CAREER,F4320306076,National Science Foundation,
W4390305795,3,G69013661,QuSeC-TAQS: Sensing-Intelligence on The Move: Quantum-Enhanced Optical Diagnosis of Crop Diseases,2326746,F4320306076,National Science Foundation,
W4390305795,4,G6941843737,CAREER: Using Entanglement to Enhance Communication and Sensing in the Presence of Noise,2240641,F4320306076,National Science Foundation,
W4390305795,5,G7576470222,NSF Engineering Research Center for Quantum Networks (CQN),1941583,F4320306076,National Science Foundation,
W4390305795,6,G8876996369,,N00014,F4320337345,Office of Naval Research,
W4401358932,1,G338358752,IUCRC Phase I Georgia Institute of Technology: Electronic-Photonic Integrated Circuits for Aerospace (EPICA),2052808,F4320306076,National Science Foundation,
W4404350123,1,G102163711,,DE‐ AC02‐06CH11357,F4320306084,U.S. Department of Energy,
W4404350123,2,G1404049065,,FA9550-21-1-0209,F4320338279,Air Force Office of Scientific Research,
W4404350123,3,G1432373144,,W911NF-21-1-,F4320338281,Army Research Office,
W4404350123,4,G1442400458,QuSeC-TAQS: Nanoscale Covariance Magnetometry with Diamond Quantum Sensors,2326767,F4320306076,National Science Foundation,
W4404350123,5,G1523888516,,FA9550-,F4320338279,Air Force Office of Scientific Research,
W4404350123,6,G1932254719,,HR0011-24-9-0361,F4320332180,Defense Advanced Research Projects Agency,
W4404350123,7,G2287611682,,AC02‐06CH11357,F4320332359,Office of Science,
W4404350123,8,G262962599,,AC02‐06CH11357,F4320306084,U.S. Department of Energy,
W4404350123,9,G2882288540,,W911NF2310077,F4320338281,Army Research Office,
W4404350123,10,G3162985271,,W911NF2110325,F4320333591,Multidisciplinary University Research Initiative,
W4404350123,11,G3722242190,,OMA-2137642,F4320338279,Air Force Office of Scientific Research,
W4404350123,12,G431725244,,FA9550-21-1-0209,F4320333591,Multidisciplinary University Research Initiative,
W4404350123,13,G4516736450,,-21-1-,F4320338279,Air Force Office of Scientific Research,
W4404350123,14,G4629941602,QuIC - TaQS: Interconnects for a Superconducting-Atomic Hybrid Quantum Network,2137642,F4320306076,National Science Foundation,
W4404350123,15,G4848018484,,FA9550-23- 1-0338,F4320338279,Air Force Office of Scientific Research,
W4404350123,16,G4876042962,,OMA-1936118,F4320338279,Air Force Office of Scientific Research,
W4404350123,17,G498139845,,DE-AC02,F4320332359,Office of Science,
W4404350123,18,G513797252,,DE-AC02–06CH11357,F4320306076,National Science Foundation,
W4404350123,19,G5659690140,,FA9550-19-1-0399,F4320306076,National Science Foundation,
W4404350123,20,G6167497367,,FA9550-19-1-0399,F4320338279,Air Force Office of Scientific Research,
W4404350123,21,G6518383159,,W911NF2110325,F4320338281,Army Research Office,
W4404350123,22,G6526646931,,FA9550-19-1-0399,F4320333591,Multidisciplinary University Research Initiative,
W4404350123,23,G6547089213,,OSI-2326767,F4320338279,Air Force Office of Scientific Research,
W4404350123,24,G6848031779,,06CH11357,F4320306084,U.S. Department of Energy,
W4404350123,25,G6918803902,,06CH11357,F4320332359,Office of Science,
W4404350123,26,G741291543,,DE-AC02-06CH11357,F4320338279,Air Force Office of Scientific Research,
W4404350123,27,G7420521838,,CCF-2312755,F4320338279,Air Force Office of Scientific Research,
W4404350123,28,G7452299184,,W911NF,F4320338281,Army Research Office,
W4404350123,29,G7576470222,NSF Engineering Research Center for Quantum Networks (CQN),1941583,F4320306076,National Science Foundation,
W4404350123,30,G7796153478,,HR0011-24-9-0359,F4320332180,Defense Advanced Research Projects Agency,
W4404350123,31,G8232580466,Collaborative Research: FET: Medium: Design and Implementation of Quantum Databases,2312755,F4320306076,National Science Foundation,
W4404350123,32,G878601127,,DE-AC02-06CH11357,F4320337506,Advanced Scientific Computing Research,
W4404350123,33,G922915270,QII-TAQS: Quantum Metrological Platform for Single-Molecule Bio-Sensing,1936118,F4320306076,National Science Foundation,
W4404350123,34,G969889393,,DE-AC02-,F4320306084,U.S. Department of Energy,
W4404350123,35,G993149817,,DE-AC02-06CH11357 ,F4320332359,Office of Science,
W3207755657,1,G5404777626,,EP/S005021/1,F4320334627,Engineering and Physical Sciences Research Council,
W3207755657,2,G8898188652,Prosperity Partnership in Quantum Software for Modeling and Simulation,EP/S005021/1,F4320334627,Engineering and Physical Sciences Research Council,
W2794488749,1,G3348498264,,CE 110001013,F4320334704,Australian Research Council,
W2794488749,2,G3631527538,ARC Centre of Excellence for Engineered Quantum Systems,CE170100009,F4320334704,Australian Research Council,
W4367182663,1,G1210759672,,Contract No. DE-SC0012704,F4320337480,Basic Energy Sciences,
W4367182663,2,G1285306620,,SC0012704,F4320338289,Brookhaven National Laboratory,
W4367182663,3,G1847291448,,DE- SC0012704,F4320337480,Basic Energy Sciences,
W4367182663,4,G1868695577,,No. DE-SC0012704,F4320338289,Brookhaven National Laboratory,
W4367182663,5,G241279073,,DE‐SC0012704,F4320306084,U.S. Department of Energy,
W4367182663,6,G3262563802,,DE- SC0012704,F4320338289,Brookhaven National Laboratory,
W4367182663,7,G357145406,,DE-SC-0012704,F4320332359,Office of Science,
W4367182663,8,G3850097093,,No. DE-SC0012704,F4320332359,Office of Science,
W4367182663,9,G4662383146,,No. DE-SC0012704,F4320337480,Basic Energy Sciences,
W4367182663,10,G4972998915,,Contract No: DESC0012704,F4320306084,U.S. Department of Energy,
W4367182663,11,G5417557083,,Contract No. DE-SC0012704,F4320338289,Brookhaven National Laboratory,
W4367182663,12,G5633341255,,No. DE-SC0012704,F4320306084,U.S. Department of Energy,
W4367182663,13,G5765906131,,SC0012704.,F4320306084,U.S. Department of Energy,
W4367182663,14,G599780147,,DE-SC0012704,F4320332180,Defense Advanced Research Projects Agency,
W4367182663,15,G6733788163,,Contract No. DE-SC0012704,F4320332359,Office of Science,
W4367182663,16,G6965541988,,SC0012704,F4320337480,Basic Energy Sciences,
W4367182663,17,G7463374569,,SC0012704,F4320332359,Office of Science,
W4367182663,18,G872144517,,DE-SC0012704,F4320306076,National Science Foundation,
W4392739745,1,G1515343450,EFRI ACQUIRE: An Integrated Quantum Communication Transmission Node,1640986,F4320306076,National Science Foundation,
W4392739745,2,G1523888516,,FA9550-,F4320338279,Air Force Office of Scientific Research,
W4392739745,3,G2027002873,NNCI: Center for Nanoscale Systems (CNS),2025158,F4320306076,National Science Foundation,
W4392739745,4,G2300460394,,1640986,F4320337395,Division of Emerging Frontiers in Research and Innovation,
W4392739745,5,G2347808973,,ECCS-2025158,F4320337392,"Division of Electrical, Communications and Cyber Systems",
W4392739745,6,G4516736450,,-21-1-,F4320338279,Air Force Office of Scientific Research,
W4392739745,7,G4671203234,,2025158,F4320337392,"Division of Electrical, Communications and Cyber Systems",
W4392739745,8,G7218365807,,ECCS-1542015,F4320338279,Air Force Office of Scientific Research,
W4392739745,9,G8392389417,,ECCS-1542015,F4320337392,"Division of Electrical, Communications and Cyber Systems",
W4392739745,10,G8657803787,,1542015,F4320337392,"Division of Electrical, Communications and Cyber Systems",
W4392739745,11,G999900475,,FA9550-21-1- 0312,F4320338279,Air Force Office of Scientific Research,
W4400040716,1,G3081678125,Single-Emitter Quantum Optics and Optomechanics,655369,F4320338337,H2020 Marie Skłodowska-Curie Actions,
W4400040716,2,G3663437387,,FA9550-23-1-0333,F4320337345,Office of Naval Research,
W4400040716,3,G5188405068,,13N16297,F4320321114,Bundesministerium für Bildung und Forschung,
W4400040716,4,G5970606412,NNCI: The Center for Nanoscale System (CNS) at Harvard University,1541959,F4320306076,National Science Foundation,
W4400040716,5,G6181177137,Graduate Research Fellowship Program (GRFP),2140743,F4320306076,National Science Foundation,
W4400040716,6,G6183517682,,7568717,F4320306084,U.S. Department of Energy,
W4400040716,7,G7576470222,NSF Engineering Research Center for Quantum Networks (CQN),1941583,F4320306076,National Science Foundation,
W4412796425,1,G3066335313,,FA9550‐19‐1‐0376,F4320338279,Air Force Office of Scientific Research,
W4412796425,2,G3420992565,,SFB1375,F4320320879,Deutsche Forschungsgemeinschaft,
W4412796425,3,G3582326853,,W911NF1810432,F4320333591,Multidisciplinary University Research Initiative,
W4412796425,4,G3908502130,,N00014-20-1-2425,F4320337345,Office of Naval Research,
W4412796425,5,G5569641376,,FA9550-20-1-0105,F4320338279,Air Force Office of Scientific Research,
W4412796425,6,G6987858779,"RAISE: TAQS: Engineering high quality, practical qubits in diamond",1838976,F4320306076,National Science Foundation,
W4412796425,7,G7010959040,,DE-SC0020376,F4320337480,Basic Energy Sciences,
W4412796425,8,G7576470222,NSF Engineering Research Center for Quantum Networks (CQN),1941583,F4320306076,National Science Foundation,
W4412796425,9,G8640644076,,DMR-12313 19,F4320306076,National Science Foundation,
W4390911086,1,G7576470222,NSF Engineering Research Center for Quantum Networks (CQN),1941583,F4320306076,National Science Foundation,
W4404691708,1,G1770695805,,HR0011-24-9-0362,F4320332180,Defense Advanced Research Projects Agency,
W4404691708,2,G1872762428,,N000142312296,F4320337345,Office of Naval Research,
W4404691708,3,G1976015983,,HR0011-24-9-0362,F4320337345,Office of Naval Research,
W4404691708,4,G498139845,,DE-AC02,F4320332359,Office of Science,
W4404691708,5,G5616713406,,DE-AC02-07CH11359,F4320306076,National Science Foundation,
W4404691708,6,G69013661,QuSeC-TAQS: Sensing-Intelligence on The Move: Quantum-Enhanced Optical Diagnosis of Crop Diseases,2326746,F4320306076,National Science Foundation,
W4404691708,7,G6941843737,CAREER: Using Entanglement to Enhance Communication and Sensing in the Presence of Noise,2240641,F4320306076,National Science Foundation,
W4404691708,8,G716412294,,DE–AC02–07CH11359,F4320332359,Office of Science,
W4404691708,9,G7576470222,NSF Engineering Research Center for Quantum Networks (CQN),1941583,F4320306076,National Science Foundation,
W4404691708,10,G8876996369,,N00014,F4320337345,Office of Naval Research,
W4409131457,1,G1404049065,,FA9550-21-1-0209,F4320338279,Air Force Office of Scientific Research,
W4409131457,2,G1932254719,,HR0011-24-9-0361,F4320332180,Defense Advanced Research Projects Agency,
W4409131457,3,G197951847,,ERC-1941583,F4320338335,H2020 European Research Council,
W4409131457,4,G2882288540,,W911NF2310077,F4320338281,Army Research Office,
W4409131457,5,G3162985271,,W911NF2110325,F4320333591,Multidisciplinary University Research Initiative,
W4409131457,6,G3713369394,,OMA-2137642,F4320338335,H2020 European Research Council,
W4409131457,7,G4848018484,,FA9550-23- 1-0338,F4320338279,Air Force Office of Scientific Research,
W4409131457,8,G6167497367,,FA9550-19-1-0399,F4320338279,Air Force Office of Scientific Research,
W4409131457,9,G7796153478,,HR0011-24-9-0359,F4320332180,Defense Advanced Research Projects Agency,
W4409131457,10,G8088177254,,OSI-2326767,F4320338335,H2020 European Research Council,
W4409131457,11,G8779547002,,CCF-2312755,F4320338335,H2020 European Research Council,
W4409131457,12,G922915270,QII-TAQS: Quantum Metrological Platform for Single-Molecule Bio-Sensing,1936118,F4320306076,National Science Foundation,
W4411864925,1,G1932254719,,HR0011-24-9-0361,F4320332180,Defense Advanced Research Projects Agency,
W4411864925,2,G7796153478,,HR0011-24-9-0359,F4320332180,Defense Advanced Research Projects Agency,
W4405630315,1,G102163711,,DE‐ AC02‐06CH11357,F4320306084,U.S. Department of Energy,
W4405630315,2,G1145442446,,"HR0011-24-9-0359, HR0011-24-9-0361",F4320323817,Universitas Brawijaya,
W4405630315,3,G1404049065,,FA9550-21-1-0209,F4320338279,Air Force Office of Scientific Research,
W4405630315,4,G1432373144,,W911NF-21-1-,F4320338281,Army Research Office,
W4405630315,5,G1442400458,QuSeC-TAQS: Nanoscale Covariance Magnetometry with Diamond Quantum Sensors,2326767,F4320306076,National Science Foundation,
W4405630315,6,G1523888516,,FA9550-,F4320338279,Air Force Office of Scientific Research,
W4405630315,7,G1932254719,,HR0011-24-9-0361,F4320332180,Defense Advanced Research Projects Agency,
W4405630315,8,G2145085266,,FA9550-23-1-0338,F4320333591,Multidisciplinary University Research Initiative,
W4405630315,9,G2230500305,,"OMA-1936118, ERC-1941583, OMA-2137642, OSI-2326767, CCF-231275",F4320323817,Universitas Brawijaya,
W4405630315,10,G2287611682,,AC02‐06CH11357,F4320332359,Office of Science,
W4405630315,11,G244681298,,2020-7147,F4320306079,David and Lucile Packard Foundation,
W4405630315,12,G2515541506,,HR0011,F4320332180,Defense Advanced Research Projects Agency,
W4405630315,13,G255235230,,DEAC02-06CH11357,F4320323817,Universitas Brawijaya,
W4405630315,14,G262962599,,AC02‐06CH11357,F4320306084,U.S. Department of Energy,
W4405630315,15,G2794182590,,DMS-1929348,F4320323817,Universitas Brawijaya,
W4405630315,16,G2882288540,,W911NF2310077,F4320338281,Army Research Office,
W4405630315,17,G3026456192,Institute for Mathematical and Statistical Innovation,1929348,F4320306076,National Science Foundation,
W4405630315,18,G3162985271,,W911NF2110325,F4320333591,Multidisciplinary University Research Initiative,
W4405630315,19,G3722242190,,OMA-2137642,F4320338279,Air Force Office of Scientific Research,
W4405630315,20,G431725244,,FA9550-21-1-0209,F4320333591,Multidisciplinary University Research Initiative,
W4405630315,21,G4516736450,,-21-1-,F4320338279,Air Force Office of Scientific Research,
W4405630315,22,G4629941602,QuIC - TaQS: Interconnects for a Superconducting-Atomic Hybrid Quantum Network,2137642,F4320306076,National Science Foundation,
W4405630315,23,G4848018484,,FA9550-23- 1-0338,F4320338279,Air Force Office of Scientific Research,
W4405630315,24,G4876042962,,OMA-1936118,F4320338279,Air Force Office of Scientific Research,
W4405630315,25,G498139845,,DE-AC02,F4320332359,Office of Science,
W4405630315,26,G513797252,,DE-AC02–06CH11357,F4320306076,National Science Foundation,
W4405630315,27,G5398989114,,AC02-06CH11357,F4320337506,Advanced Scientific Computing Research,
W4405630315,28,G5659690140,,FA9550-19-1-0399,F4320306076,National Science Foundation,
W4405630315,29,G6167497367,,FA9550-19-1-0399,F4320338279,Air Force Office of Scientific Research,
W4405630315,30,G6478756169,,FA9550-21,F4320338279,Air Force Office of Scientific Research,
W4405630315,31,G6518383159,,W911NF2110325,F4320338281,Army Research Office,
W4405630315,32,G6526646931,,FA9550-19-1-0399,F4320333591,Multidisciplinary University Research Initiative,
W4405630315,33,G6547089213,,OSI-2326767,F4320338279,Air Force Office of Scientific Research,
W4405630315,34,G6682489915,,"FA9550-19-1- 0399, FA9550-21-1-0209, FA9550-23-1-033",F4320323817,Universitas Brawijaya,
W4405630315,35,G6848031779,,06CH11357,F4320306084,U.S. Department of Energy,
W4405630315,36,G6918803902,,06CH11357,F4320332359,Office of Science,
W4405630315,37,G7262863754,,1941583,F4320306084,U.S. Department of Energy,
W4405630315,38,G741291543,,DE-AC02-06CH11357,F4320338279,Air Force Office of Scientific Research,
W4405630315,39,G7420521838,,CCF-2312755,F4320338279,Air Force Office of Scientific Research,
W4405630315,40,G7452299184,,W911NF,F4320338281,Army Research Office,
W4405630315,41,G7576470222,NSF Engineering Research Center for Quantum Networks (CQN),1941583,F4320306076,National Science Foundation,
W4405630315,42,G7796153478,,HR0011-24-9-0359,F4320332180,Defense Advanced Research Projects Agency,
W4405630315,43,G8232580466,Collaborative Research: FET: Medium: Design and Implementation of Quantum Databases,2312755,F4320306076,National Science Foundation,
W4405630315,44,G878601127,,DE-AC02-06CH11357,F4320337506,Advanced Scientific Computing Research,
W4405630315,45,G8905519976,,"W911NF-23-1-0077,W911NF-21-1-0325",F4320323817,Universitas Brawijaya,
W4405630315,46,G922915270,QII-TAQS: Quantum Metrological Platform for Single-Molecule Bio-Sensing,1936118,F4320306076,National Science Foundation,
W4405630315,47,G969889393,,DE-AC02-,F4320306084,U.S. Department of Energy,
W4405630315,48,G993149817,,DE-AC02-06CH11357 ,F4320332359,Office of Science,
W4382541735,1,G1549524776,CAREER: Using Entanglement to Enhance Communication and Sensing in the Presence of Noise,2142882,F4320306076,National Science Foundation,
W4382541735,2,G1872762428,,N000142312296,F4320337345,Office of Naval Research,
W4393768713,1,G1912064254,Track 4:  Advanced CI Coordination Ecosystem: Monitoring and Measurement Services,2137603,F4320306076,National Science Foundation,
W4393768713,2,G4006316252,Track 1: ACCESS Resource Allocations Marketplace and Platform Services (RAMPS),2138259,F4320306076,National Science Foundation,
W4393768713,3,G4676224565,ACO: An Open CI Ecosystem to Advance Scientific Discovery (OpenCI),2138296,F4320306076,National Science Foundation,
W4393768713,4,G509285653,Track 3: COre National Ecosystem for CyberinfrasTructure (CONECT),2138307,F4320306076,National Science Foundation,
W4393768713,5,G8235234025,Collaborative Research: Physics and Quantum Technology Applications of Defects in Silicon Carbide,1738076,F4320306076,National Science Foundation,
W4393768713,6,G8300691027,"Track 2: Customized Multi-tier Assistance, Training, and Computational Help (MATCH) for End User ACCESS to CI",2138286,F4320306076,National Science Foundation,
W4393768713,7,G8640644076,Center for Integrated Quantum Materials,DMR-12313 19,F4320306076,National Science Foundation,
W4402187310,1,G1954895400,CIF: Medium: Iterative Quantum LDPC Decoders,1855879,F4320306076,National Science Foundation,
W4402187310,2,G2569120085,Collaborative Research: CIF: Medium: QODED: Quantum codes Optimized for the Dynamics between Encoded Computation and Decoding using Classical Coding Techniques,2106189,F4320306076,National Science Foundation,
W4402187310,3,G2793524870,ECCS/CCSS: Neural Network Nonlinear Iterative LDPC Decoders with Guaranteed Error Performance and Fast Convergence,2027844,F4320306076,National Science Foundation,
W4402187310,4,G4429192037,,ECCS/CCSS-20527,F4320306076,National Science Foundation,
W4402187310,5,G7576470222,NSF Engineering Research Center for Quantum Networks (CQN),1941583,F4320306076,National Science Foundation,
W4402187310,6,G7591833153,,SFI/21/US-C2C/3750,F4320320847,Science Foundation Ireland,
W4402187310,7,G7789950527,CIF: Small: Learning To Correct Errors,2100013,F4320306076,National Science Foundation,
W4390579846,1,G1227339014,,W911NF-18- 1-043,F4320338281,Army Research Office,
W4390579846,2,G1359415466,,2021R1A6A1A10042944,F4320338281,Army Research Office,
W4390579846,3,G3300409410,,RS-2023-00207732,F4320338281,Army Research Office,
W4390579846,4,G7353113930,,2022M3H4A1A04074153,F4320338281,Army Research Office,
W4412108092,1,G4198572546,QuIC-TAQS: Integrated Lithium Niobate Quantum Photonics Platform,2137723,F4320306076,National Science Foundation,
W4413586186,1,G7452299184,,W911NF,F4320338281,Army Research Office,
W4413586186,2,G7576470222,NSF Engineering Research Center for Quantum Networks (CQN),1941583,F4320306076,National Science Foundation,
W4413586186,3,G7675343242,,W911NF-21-2-0041,F4320338281,Army Research Office,
W4385234149,1,G1885204820,CREST: Interdisciplinary Center for Research Excellence in Design of Intelligent Technologies for Smartgrids Phase II,1914635,F4320306076,National Science Foundation,
W4385234149,2,G1954895400,CIF: Medium: Iterative Quantum LDPC Decoders,1855879,F4320306076,National Science Foundation,
W4385234149,3,G2422073433,,CCSS-2052751,F4320337392,"Division of Electrical, Communications and Cyber Systems",
W4385234149,4,G2569120085,Collaborative Research: CIF: Medium: QODED: Quantum codes Optimized for the Dynamics between Encoded Computation and Decoding using Classical Coding Techniques,2106189,F4320306076,National Science Foundation,
W4385234149,5,G2793524870,ECCS/CCSS: Neural Network Nonlinear Iterative LDPC Decoders with Guaranteed Error Performance and Fast Convergence,2027844,F4320306076,National Science Foundation,
W4385234149,6,G3226147889,CAREER: Sparse Graph-Based Codes for Network Data Compression,2145917,F4320306076,National Science Foundation,
W4385234149,7,G3559249381,,CCSS-2027844,F4320337392,"Division of Electrical, Communications and Cyber Systems",
W4385234149,8,G5934598289,,CIF-1855879,F4320337387,Division of Computing and Communication Foundations,
W4385234149,9,G767368701,Collaborative Research: Secure and Efficient Post-quantum Cryptography: from Coding Theory to Hardware Architecture,2052751,F4320306076,National Science Foundation,
W4385234149,10,G7789950527,CIF: Small: Learning To Correct Errors,2100013,F4320306076,National Science Foundation,
W4385234149,11,G7907623797,,2100013,F4320337387,Division of Computing and Communication Foundations,
W4385234149,12,G8197859963,,2145917,F4320337387,Division of Computing and Communication Foundations,
W4385234149,13,G8327156714,,1914635,F4320337407,Division of Human Resource Development,
W4385234149,14,G8400092570,,CIF-2106189,F4320337387,Division of Computing and Communication Foundations,
W4387150051,1,G210790373,"Collaborative Research: SWIFT: SHIELD: A Software-Hardware Approach for Spectrum Coexistence with Rapid Interferer Learning, Detection, and Mitigation",2128530,F4320306076,National Science Foundation,
W4387150051,2,G3162985271,,W911NF2110325,F4320333591,Multidisciplinary University Research Initiative,
W4387150051,3,G5414273949,RINGS: Ensuring Reliability in mmWave Networks,2146838,F4320306076,National Science Foundation,
W4387150051,4,G5448222993,"Collaborative Research: SWIFT: SHIELD: A Software-Hardware Approach for Spectrum Coexistence with Rapid Interferer Learning, Detection, and Mitigation",2128638,F4320306076,National Science Foundation,
W4387150051,5,G6518383159,,W911NF2110325,F4320338281,Army Research Office,
W4387150051,6,G7720868400,Collaborative Research: CNS Core: Medium: Softwarizing Millimeter-wave Radio Access Networks (RANs) at the Edge,2211944,F4320306076,National Science Foundation,
W4387150051,7,G939910893,Collaborative Research: SII-NRDZ:Spectrum Sharing via Consumption Models and Telemetry - Prototyping and Field Testing in an Urban FCC Innovation Zone,2232458,F4320306076,National Science Foundation,
W4404388867,1,G102163711,,DE‐ AC02‐06CH11357,F4320306084,U.S. Department of Energy,
W4404388867,2,G1152039630,,FA9550-23-1-0330,F4320333591,Multidisciplinary University Research Initiative,
W4404388867,3,G1404049065,,FA9550-21-1-0209,F4320338279,Air Force Office of Scientific Research,
W4404388867,4,G1432373144,,W911NF-21-1-,F4320338281,Army Research Office,
W4404388867,5,G1442400458,QuSeC-TAQS: Nanoscale Covariance Magnetometry with Diamond Quantum Sensors,2326767,F4320306076,National Science Foundation,
W4404388867,6,G1523888516,,FA9550-,F4320338279,Air Force Office of Scientific Research,
W4404388867,7,G1932254719,,HR0011-24-9-0361,F4320332180,Defense Advanced Research Projects Agency,
W4404388867,8,G2287611682,,AC02‐06CH11357,F4320332359,Office of Science,
W4404388867,9,G262962599,,AC02‐06CH11357,F4320306084,U.S. Department of Energy,
W4404388867,10,G2882288540,,W911NF2310077,F4320338281,Army Research Office,
W4404388867,11,G3162985271,,W911NF2110325,F4320333591,Multidisciplinary University Research Initiative,
W4404388867,12,G3722242190,,OMA-2137642,F4320338279,Air Force Office of Scientific Research,
W4404388867,13,G431725244,,FA9550-21-1-0209,F4320333591,Multidisciplinary University Research Initiative,
W4404388867,14,G4516736450,,-21-1-,F4320338279,Air Force Office of Scientific Research,
W4404388867,15,G4629941602,QuIC - TaQS: Interconnects for a Superconducting-Atomic Hybrid Quantum Network,2137642,F4320306076,National Science Foundation,
W4404388867,16,G4848018484,,FA9550-23- 1-0338,F4320338279,Air Force Office of Scientific Research,
W4404388867,17,G4876042962,,OMA-1936118,F4320338279,Air Force Office of Scientific Research,
W4404388867,18,G498139845,,DE-AC02,F4320332359,Office of Science,
W4404388867,19,G513797252,,DE-AC02–06CH11357,F4320306076,National Science Foundation,
W4404388867,20,G5659690140,,FA9550-19-1-0399,F4320306076,National Science Foundation,
W4404388867,21,G6167497367,,FA9550-19-1-0399,F4320338279,Air Force Office of Scientific Research,
W4404388867,22,G6518383159,,W911NF2110325,F4320338281,Army Research Office,
W4404388867,23,G6526646931,,FA9550-19-1-0399,F4320333591,Multidisciplinary University Research Initiative,
W4404388867,24,G6547089213,,OSI-2326767,F4320338279,Air Force Office of Scientific Research,
W4404388867,25,G6848031779,,06CH11357,F4320306084,U.S. Department of Energy,
W4404388867,26,G6889440349,,FA9550-23-1-0330,F4320338279,Air Force Office of Scientific Research,
W4404388867,27,G6918803902,,06CH11357,F4320332359,Office of Science,
W4404388867,28,G741291543,,DE-AC02-06CH11357,F4320338279,Air Force Office of Scientific Research,
W4404388867,29,G7420521838,,CCF-2312755,F4320338279,Air Force Office of Scientific Research,
W4404388867,30,G7452299184,,W911NF,F4320338281,Army Research Office,
W4404388867,31,G7576470222,NSF Engineering Research Center for Quantum Networks (CQN),1941583,F4320306076,National Science Foundation,
W4404388867,32,G7796153478,,HR0011-24-9-0359,F4320332180,Defense Advanced Research Projects Agency,
W4404388867,33,G8232580466,Collaborative Research: FET: Medium: Design and Implementation of Quantum Databases,2312755,F4320306076,National Science Foundation,
W4404388867,34,G878601127,,DE-AC02-06CH11357,F4320337506,Advanced Scientific Computing Research,
W4404388867,35,G922915270,QII-TAQS: Quantum Metrological Platform for Single-Molecule Bio-Sensing,1936118,F4320306076,National Science Foundation,
W4404388867,36,G969889393,,DE-AC02-,F4320306084,U.S. Department of Energy,
W4404388867,37,G993149817,,DE-AC02-06CH11357 ,F4320332359,Office of Science,
W4389469935,1,G1264789558,,W911NF2010021,F4320332180,Defense Advanced Research Projects Agency,
W4389469935,2,G1929405449,NSF BSF: Nonlinear Photon Interactions in Cooperative Quantum Optical Systems,2207972,F4320306076,National Science Foundation,
W4389469935,3,G1974070018,PROGRAMMABLE QUANTUM SIMULATORS FOR LATTICE GAUGE THEORIES AND GAUGE-GRAVITY CORRESPONDENCE,DESC0021013,F4320306084,U.S. Department of Energy,
W4389469935,4,G2916627489,,W911NF-20-1-0082,F4320338281,Army Research Office,
W4389469935,5,G3388975023,2020 BUDGET REQUEST FOR THE DOE COMPUTATIONAL SCIENCE GRADUATE FELLOWSHIP (CSGF) GRANT,DESC0021110,F4320306084,U.S. Department of Energy,
W4389469935,6,G586693022,,W911NF2010082,F4320333591,Multidisciplinary University Research Initiative,
W4389469935,7,G5989920273,,HR0011-23-3-0030,F4320332180,Defense Advanced Research Projects Agency,
W4389469935,8,G6183517682,,7568717,F4320306084,U.S. Department of Energy,
W4386555426,1,G1404049065,,FA9550-21-1-0209,F4320338279,Air Force Office of Scientific Research,
W4386555426,2,G1432373144,,W911NF-21-1-,F4320338281,Army Research Office,
W4386555426,3,G1523888516,,FA9550-,F4320338279,Air Force Office of Scientific Research,
W4386555426,4,G1921562923,,11975222,F4320321001,National Natural Science Foundation of China,
W4386555426,5,G2882288540,,W911NF2310077,F4320338281,Army Research Office,
W4386555426,6,G3162985271,,W911NF2110325,F4320333591,Multidisciplinary University Research Initiative,
W4386555426,7,G3722242190,,OMA-2137642,F4320338279,Air Force Office of Scientific Research,
W4386555426,8,G4164594981,The EPSRC Quantum Communications Hub,EP/T001011/1,F4320334627,Engineering and Physical Sciences Research Council,
W4386555426,9,G431725244,,FA9550-21-1-0209,F4320333591,Multidisciplinary University Research Initiative,
W4386555426,10,G4516736450,,-21-1-,F4320338279,Air Force Office of Scientific Research,
W4386555426,11,G4629941602,QuIC - TaQS: Interconnects for a Superconducting-Atomic Hybrid Quantum Network,2137642,F4320306076,National Science Foundation,
W4386555426,12,G4876042962,,OMA-1936118,F4320338279,Air Force Office of Scientific Research,
W4386555426,13,G5656998440,,12174216,F4320321001,National Natural Science Foundation of China,
W4386555426,14,G5659690140,,FA9550-19-1-0399,F4320306076,National Science Foundation,
W4386555426,15,G6167497367,,FA9550-19-1-0399,F4320338279,Air Force Office of Scientific Research,
W4386555426,16,G6518383159,,W911NF2110325,F4320338281,Army Research Office,
W4386555426,17,G6526646931,,FA9550-19-1-0399,F4320333591,Multidisciplinary University Research Initiative,
W4386555426,18,G7452299184,,W911NF,F4320338281,Army Research Office,
W4386555426,19,G7576470222,NSF Engineering Research Center for Quantum Networks (CQN),1941583,F4320306076,National Science Foundation,
W4386555426,20,G87932940,,EP/T001011/1,F4320334627,Engineering and Physical Sciences Research Council,
W4386555426,21,G922915270,QII-TAQS: Quantum Metrological Platform for Single-Molecule Bio-Sensing,1936118,F4320306076,National Science Foundation,
W4385965501,1,G1404049065,,FA9550-21-1-0209,F4320338279,Air Force Office of Scientific Research,
W4385965501,2,G1523888516,,FA9550-,F4320338279,Air Force Office of Scientific Research,
W4385965501,3,G3990184095,,FA9550-21-1-0209,F4320309626,University of Chicago,
W4385965501,4,G431725244,,FA9550-21-1-0209,F4320333591,Multidisciplinary University Research Initiative,
W4385965501,5,G4516736450,,-21-1-,F4320338279,Air Force Office of Scientific Research,
W4391421136,1,G2882288540,,W911NF2310077,F4320338281,Army Research Office,
W4391421136,2,G7452299184,,W911NF,F4320338281,Army Research Office,
W4404310871,1,G11630931,,DENA0003525,F4320306084,U.S. Department of Energy,
W4404310871,2,G2214935549,,NA0003525,F4320338291,Sandia National Laboratories,
W4404310871,3,G280414146,,DE-NA0003525,F4320332359,Office of Science,
W4404310871,4,G413247060,,"DE‐NA,0003525",F4320338291,Sandia National Laboratories,
W4404310871,5,G4771968897,,NA0003525,F4320306076,National Science Foundation,
W4404310871,6,G4903105778,,NA0003525,F4320306084,U.S. Department of Energy,
W4404310871,7,G5339743583,,NA0003525,F4320332369,National Nuclear Security Administration,
W4404310871,8,G6338696783,,DE‐NA0003525,F4320306076,National Science Foundation,
W4404310871,9,G6526374922,,DE-NA0003525,F4320338281,Army Research Office,
W4404310871,10,G7452299184,,W911NF,F4320338281,Army Research Office,
W4404310871,11,G855168022,,DENA-0003525,F4320332369,National Nuclear Security Administration,
W4376122610,1,G7576470222,NSF Engineering Research Center for Quantum Networks (CQN),1941583,F4320306076,National Science Foundation,
W4391505378,1,G1523888516,,FA9550-,F4320338279,Air Force Office of Scientific Research,
W4391505378,2,G1829052184,,N00014-19-1-2189,F4320337345,Office of Naval Research,
W4391505378,3,G4360825345,FET: Small: Establishing an efficient framework for non-Gaussian states engineering and optical implementation of measurements,2122337,F4320306076,National Science Foundation,
W4391505378,4,G4949707386,,FA9550-22-1-0180,F4320338279,Air Force Office of Scientific Research,
W4391505378,5,G6098521345,,FA9550,F4320337345,Office of Naval Research,
W4391505378,6,G8472135859,CAREER: Torsional Quantum Optomechanics,2239735,F4320306076,National Science Foundation,
W4391505378,7,G8876996369,,N00014,F4320337345,Office of Naval Research,
W4392224017,1,G1954895400,CIF: Medium: Iterative Quantum LDPC Decoders,1855879,F4320306076,National Science Foundation,
W4392224017,2,G2422073433,,CCSS-2052751,F4320337392,"Division of Electrical, Communications and Cyber Systems",
W4392224017,3,G2569120085,Collaborative Research: CIF: Medium: QODED: Quantum codes Optimized for the Dynamics between Encoded Computation and Decoding using Classical Coding Techniques,2106189,F4320306076,National Science Foundation,
W4392224017,4,G2793524870,ECCS/CCSS: Neural Network Nonlinear Iterative LDPC Decoders with Guaranteed Error Performance and Fast Convergence,2027844,F4320306076,National Science Foundation,
W4392224017,5,G3559249381,,CCSS-2027844,F4320337392,"Division of Electrical, Communications and Cyber Systems",
W4392224017,6,G7576470222,NSF Engineering Research Center for Quantum Networks (CQN),1941583,F4320306076,National Science Foundation,
W4392224017,7,G7591833153,,SFI/21/US-C2C/3750,F4320320847,Science Foundation Ireland,
W4392224017,8,G7602799974,Convergent Quantum REsearchAlliance in Telecommunications (CoQREATE),21/US-C2C/3750,F4320320847,Science Foundation Ireland,
W4392224017,9,G767368701,Collaborative Research: Secure and Efficient Post-quantum Cryptography: from Coding Theory to Hardware Architecture,2052751,F4320306076,National Science Foundation,
W4392224017,10,G7789950527,CIF: Small: Learning To Correct Errors,2100013,F4320306076,National Science Foundation,
W4406512479,1,G3398406472,,W911NF24-2-0043,F4320338281,Army Research Office,
W4406512479,2,G3817840624,Research Infrastructure: CIRC: New: Full-stack Codesign Tools for Quantum Hardware,2346089,F4320306076,National Science Foundation,
W4406512479,3,G6276915973,"Collaborative Research: NeTS: Medium: Design, Analysis, and Control of Quantum Networks",2402861,F4320306076,National Science Foundation,
W4406512479,4,G7452299184,,W911NF,F4320338281,Army Research Office,
W4406512479,5,G7576470222,NSF Engineering Research Center for Quantum Networks (CQN),1941583,F4320306076,National Science Foundation,
W4415240921,1,G1665575404,,601.QT.001,F4320321800,Nederlandse Organisatie voor Wetenschappelijk Onderzoek,
W4415240921,2,G2036045937,NeTS: Small: Surrogate-Assisted Full-Stack Optimization of Quantum Networks with Reinforcement Learning,2522101,F4320306076,National Science Foundation,
W4415240921,3,G22081376,,2020-2024,F4320321800,Nederlandse Organisatie voor Wetenschappelijk Onderzoek,
W4415240921,4,G3162985271,,W911NF2110325,F4320333591,Multidisciplinary University Research Initiative,
W4415240921,5,G3817840624,Research Infrastructure: CIRC: New: Full-stack Codesign Tools for Quantum Hardware,2346089,F4320306076,National Science Foundation,
W4415240921,6,G490769153,,601.QT.001-1,F4320321800,Nederlandse Organisatie voor Wetenschappelijk Onderzoek,
W4415240921,7,G6276915973,"Collaborative Research: NeTS: Medium: Design, Analysis, and Control of Quantum Networks",2402861,F4320306076,National Science Foundation,
W4415240921,8,G6518383159,,W911NF2110325,F4320338281,Army Research Office,
W4415240921,9,G7340979536,,BGR2 17.269,F4320321800,Nederlandse Organisatie voor Wetenschappelijk Onderzoek,
W4415240921,10,G7576470222,NSF Engineering Research Center for Quantum Networks (CQN),1941583,F4320306076,National Science Foundation,
W4415240921,11,G8156015469,,2020-2024,F4320306076,National Science Foundation,
W4389990376,1,G1404049065,,FA9550-21-1-0209,F4320338279,Air Force Office of Scientific Research,
W4389990376,2,G1482135624,,W911NF-18-1-0020,F4320338279,Air Force Office of Scientific Research,
W4389990376,3,G1494490954,量子インターネットの理論的研究,JPMJPR1861,F4320334789,Japan Science and Technology Agency,
W4389990376,4,G1523888516,,FA9550-,F4320338279,Air Force Office of Scientific Research,
W4389990376,5,G165179637,,W911NF1610349,F4320333591,Multidisciplinary University Research Initiative,
W4389990376,6,G1668112243,,JPMJMS226C,F4320338247,Moonshot Research and Development Program,
W4389990376,7,G1799408541,,EEC-1941583,F4320338279,Air Force Office of Scientific Research,
W4389990376,8,G1962781947,,W911NF-21-2-0214,F4320338281,Army Research Office,
W4389990376,9,G249262831,Quantum Software Consortium,024.003.037,F4320321800,Nederlandse Organisatie voor Wetenschappelijk Onderzoek,
W4389990376,10,G2578584357,,024.003.037/3368,F4320321800,Nederlandse Organisatie voor Wetenschappelijk Onderzoek,
W4389990376,11,G2598085392,,W911NF-16-1-0349,F4320338279,Air Force Office of Scientific Research,
W4389990376,12,G3067963855,,W911NF-18-1-0020,F4320338281,Army Research Office,
W4389990376,13,G3357147613,グローバル量子ネットワーク,JPMJCR1671,F4320334789,Japan Science and Technology Agency,
W4389990376,14,G3392305090,,-16-1-,F4320338279,Air Force Office of Scientific Research,
W4389990376,15,G3663418429,,2013-39273,F4320306076,National Science Foundation,
W4389990376,16,G420050720,,024.003,F4320321800,Nederlandse Organisatie voor Wetenschappelijk Onderzoek,
W4389990376,17,G431725244,,FA9550-21-1-0209,F4320333591,Multidisciplinary University Research Initiative,
W4389990376,18,G4408006678,,GA 862035 QLUSTER,F4320332999,Horizon 2020 Framework Programme,
W4389990376,19,G4516736450,,-21-1-,F4320338279,Air Force Office of Scientific Research,
W4389990376,20,G45463316,,W911NF2120214,F4320333591,Multidisciplinary University Research Initiative,
W4389990376,21,G4876042962,,OMA-1936118,F4320338279,Air Force Office of Scientific Research,
W4389990376,22,G4962106257,,W911NF-18-1-0212,F4320338281,Army Research Office,
W4389990376,23,G5613623313,,CREST,F4320306076,National Science Foundation,
W4389990376,24,G5659690140,,FA9550-19-1-0399,F4320306076,National Science Foundation,
W4389990376,25,G5877704734,誤り耐性型量子コンピュータにおける理論・ソフトウェアの研究開発,JPMJMS2061,F4320334789,Japan Science and Technology Agency,
W4389990376,26,G6013234738,,21H05183,F4320334764,Japan Society for the Promotion of Science,
W4389990376,27,G6141599669,,EFMA-1640959,F4320338279,Air Force Office of Scientific Research,
W4389990376,28,G6167497367,,FA9550-19-1-0399,F4320338279,Air Force Office of Scientific Research,
W4389990376,29,G6526646931,,FA9550-19-1-0399,F4320333591,Multidisciplinary University Research Initiative,
W4389990376,30,G657448715,,W911NF-16-1-,F4320338281,Army Research Office,
W4389990376,31,G6718509927,,CREST,F4320334764,Japan Society for the Promotion of Science,
W4389990376,32,G695291353,スケーラブルで強靭な統合的量子通信システム,JPMJMS226C,F4320334789,Japan Science and Technology Agency,
W4389990376,33,G705261935,EFRI ACQUIRE: Deterministic photonic graph-state repeater networks from solid state emitters integrated in chiral photonic circuits,1741656,F4320306076,National Science Foundation,
W4389990376,34,G7090116110,,FA9550,F4320332467,U.S. Air Force,
W4389990376,35,G7444832178,,EEC-1941583,F4320306084,U.S. Department of Energy,
W4389990376,36,G7452299184,,W911NF,F4320338281,Army Research Office,
W4389990376,37,G7500482128,,W911NF-18-1-0212,F4320338279,Air Force Office of Scientific Research,
W4389990376,38,G7524849185,『カウティリヤ法典』の国家観にかんする思想史的研究,862035,F4320334764,Japan Society for the Promotion of Science,
W4389990376,39,G7576470222,NSF Engineering Research Center for Quantum Networks (CQN),1941583,F4320306076,National Science Foundation,
W4389990376,40,G7900882,,W911NF-16- 1-0349,F4320338281,Army Research Office,
W4389990376,41,G8576758990,,21H05183 JP,F4320334764,Japan Society for the Promotion of Science,
W4389990376,42,G8722205058,,-19-1-,F4320332467,U.S. Air Force,
W4389990376,43,G8778025950,EFRI ACQUIRE: Integrated Nanophotonic Solid State Memories for Telecom Wavelength Quantum Repeaters,1640959,F4320306076,National Science Foundation,
W4389990376,44,G922915270,QII-TAQS: Quantum Metrological Platform for Single-Molecule Bio-Sensing,1936118,F4320306076,National Science Foundation,
W4320724826,1,G1264789558,,W911NF2010021,F4320332180,Defense Advanced Research Projects Agency,
W4320724826,2,G1432373144,,W911NF-21-1-,F4320338281,Army Research Office,
W4320724826,3,G1974070018,PROGRAMMABLE QUANTUM SIMULATORS FOR LATTICE GAUGE THEORIES AND GAUGE-GRAVITY CORRESPONDENCE,DESC0021013,F4320306084,U.S. Department of Energy,
W4320724826,4,G2475912542,,101041435,F4320306084,U.S. Department of Energy,
W4320724826,5,G4162479895,,W911NF-21-1-0367,F4320338281,Army Research Office,
W4320724826,6,G6183517682,,7568717,F4320306084,U.S. Department of Energy,
W4320724826,7,G7452299184,,W911NF,F4320338281,Army Research Office,
W4353055370,1,G1160162850,,FA95501610323,F4320338279,Air Force Office of Scientific Research,
W4353055370,2,G4987006933,,W911NF2010136 A,F4320338281,Army Research Office,
W3216877328,1,G1639952346,,1231319,F4320337367,Division of Materials Research,
W3216877328,2,G1910132285,RAISE-TAQS: Room-Temperature Quantum Sensing and Computation using DNA-based Excitonic Circuits,1839155,F4320306076,National Science Foundation,
W3216877328,3,G2544518203,,EP/K017144/1,F4320334627,Engineering and Physical Sciences Research Council,
W3216877328,4,G2960223313,,EP/K01711X/1,F4320334627,Engineering and Physical Sciences Research Council,
W3216877328,5,G3172718891,Graphene Flexible Electronics and Optoelectronics,EP/K01711X/1,F4320334627,Engineering and Physical Sciences Research Council,
W3216877328,6,G3311699245,Center for Integrated Quantum Materials,1231319,F4320306076,National Science Foundation,
W3216877328,7,G4222956181,Integrated multi-qubit devices for scalable quantum networks,840393,F4320338337,H2020 Marie Skłodowska-Curie Actions,
W3216877328,8,G434337789,,HORIZON2020,F4320320300,European Commission,
W3216877328,9,G5073374355,EPSRC Centre for Doctoral Training in Graphene Technology,EP/L016087/1,F4320334627,Engineering and Physical Sciences Research Council,
W3216877328,10,G516966722,,EP/N010345,F4320334627,Engineering and Physical Sciences Research Council,
W3216877328,11,G6184553249,Graphene Flexible Electronics and Optoelectronics: Bridging The Gap Between Academia and Industry,EP/K017144/1,F4320334627,Engineering and Physical Sciences Research Council,
W3216877328,12,G6629006974,Integrated multi-qubit devices for scalable quantum networks,840393,F4320320300,European Commission,
W3216877328,13,G8430280503,,EP/N010345/1,F4320334627,Engineering and Physical Sciences Research Council,
W3216877328,14,G8640644076,,DMR-12313 19,F4320306076,National Science Foundation,
W3216877328,15,G875209366,,DMR-1231319,F4320337367,Division of Materials Research,
W3216877328,16,G909421429,"Photon-photon and spin-spin Entanglement using Diamond-based impurity Elements: Silicon, Tin And Lead",884745,F4320338335,H2020 European Research Council,
W3110343652,1,G1482135624,,W911NF-18-1-0020,F4320338279,Air Force Office of Scientific Research,
W3110343652,2,G1523888516,,FA9550-,F4320338279,Air Force Office of Scientific Research,
W3110343652,3,G165179637,,W911NF1610349,F4320333591,Multidisciplinary University Research Initiative,
W3110343652,4,G1799408541,,EEC-1941583,F4320338279,Air Force Office of Scientific Research,
W3110343652,5,G2598085392,,W911NF-16-1-0349,F4320338279,Air Force Office of Scientific Research,
W3110343652,6,G3067963855,,W911NF-18-1-0020,F4320338281,Army Research Office,
W3110343652,7,G3392305090,,-16-1-,F4320338279,Air Force Office of Scientific Research,
W3110343652,8,G3663418429,,2013-39273,F4320306076,National Science Foundation,
W3110343652,9,G4079257765,RAISE-EQuIP: Quantum repeater for long-distance quantum communication enabled by non-Gaussian cluster states on a scalable hybrid aluminum nitride and silicon nanophotonic platform,1842559,F4320306076,National Science Foundation,
W3110343652,10,G4211410756,,2013-39273,F4320306079,David and Lucile Packard Foundation,
W3110343652,11,G4876042962,,OMA-1936118,F4320338279,Air Force Office of Scientific Research,
W3110343652,12,G4962106257,,W911NF-18-1-0212,F4320338281,Army Research Office,
W3110343652,13,G5327073570,,DE-SC0019406,F4320338279,Air Force Office of Scientific Research,
W3110343652,14,G5659690140,,FA9550-19-1-0399,F4320306076,National Science Foundation,
W3110343652,15,G6141599669,,EFMA-1640959,F4320338279,Air Force Office of Scientific Research,
W3110343652,16,G6167497367,,FA9550-19-1-0399,F4320338279,Air Force Office of Scientific Research,
W3110343652,17,G6526646931,,FA9550-19-1-0399,F4320333591,Multidisciplinary University Research Initiative,
W3110343652,18,G657448715,,W911NF-16-1-,F4320338281,Army Research Office,
W3110343652,19,G7129326012,,4000178321,F4320338287,Oak Ridge National Laboratory,
W3110343652,20,G7262863754,,1941583,F4320306084,U.S. Department of Energy,
W3110343652,21,G7444832178,,EEC-1941583,F4320306084,U.S. Department of Energy,
W3110343652,22,G7452299184,,W911NF,F4320338281,Army Research Office,
W3110343652,23,G7500482128,,W911NF-18-1-0212,F4320338279,Air Force Office of Scientific Research,
W3110343652,24,G7576470222,NSF Engineering Research Center for Quantum Networks (CQN),1941583,F4320306076,National Science Foundation,
W3110343652,25,G7900882,,W911NF-16- 1-0349,F4320338281,Army Research Office,
W3110343652,26,G8209510840,"HYBRID QUANTUM SYSTEMS: SPINS, PHOTONS AND SUPERCONDUCTING QUBITS",DESC0019406,F4320306084,U.S. Department of Energy,
W3110343652,27,G8629900746,,4000178321,F4320306084,U.S. Department of Energy,
W3110343652,28,G8778025950,EFRI ACQUIRE: Integrated Nanophotonic Solid State Memories for Telecom Wavelength Quantum Repeaters,1640959,F4320306076,National Science Foundation,
W3110343652,29,G922915270,QII-TAQS: Quantum Metrological Platform for Single-Molecule Bio-Sensing,1936118,F4320306076,National Science Foundation,
W4386453323,1,G210096730,,W911NF-19-20181,F4320338281,Army Research Office,
W4386453323,2,G2645970597,,W911NF-15-1-0548,F4320338295,Army Research Laboratory,
W4402984414,1,G1770223817,,FA864921P0781,F4320338294,Air Force Research Laboratory,
W4402984414,2,G4629941602,QuIC - TaQS: Interconnects for a Superconducting-Atomic Hybrid Quantum Network,2137642,F4320306076,National Science Foundation,
W4402984414,3,G7576470222,NSF Engineering Research Center for Quantum Networks (CQN),1941583,F4320306076,National Science Foundation,
W4308304453,1,G1204937362,SUPERCONDUCTING PHOTONIC CAVITY WITH ENGINEERED CUBIC NONLINEARITY FOR MICROWAVE-TO-OPTICAL CONVERSION (X(2)-M2O),W911NF1810020,F4320306078,U.S. Department of Defense,
W4308304453,2,G1404049065,,FA9550-21-1-0209,F4320338279,Air Force Office of Scientific Research,
W4308304453,3,G1432373144,,W911NF-21-1-,F4320338281,Army Research Office,
W4308304453,4,G1482135624,,W911NF-18-1-0020,F4320338279,Air Force Office of Scientific Research,
W4308304453,5,G1523888516,,FA9550-,F4320338279,Air Force Office of Scientific Research,
W4308304453,6,G165179637,,W911NF1610349,F4320333591,Multidisciplinary University Research Initiative,
W4308304453,7,G1770223817,,FA864921P0781,F4320338294,Air Force Research Laboratory,
W4308304453,8,G1799408541,,EEC-1941583,F4320338279,Air Force Office of Scientific Research,
W4308304453,9,G2261499402,GRANT,W911NF2110325,F4320306078,U.S. Department of Defense,
W4308304453,10,G2598085392,,W911NF-16-1-0349,F4320338279,Air Force Office of Scientific Research,
W4308304453,11,G3067963855,,W911NF-18-1-0020,F4320338281,Army Research Office,
W4308304453,12,G3162985271,,W911NF2110325,F4320333591,Multidisciplinary University Research Initiative,
W4308304453,13,G3392305090,,-16-1-,F4320338279,Air Force Office of Scientific Research,
W4308304453,14,G3516030815,,FA9550-19-1-0399; FA9550-21-1-0209,F4320338279,Air Force Office of Scientific Research,
W4308304453,15,G3722242190,,OMA-2137642,F4320338279,Air Force Office of Scientific Research,
W4308304453,16,G3853704058,"R&D, SCIENCE AND ENGINEERING, IN THE AREA OF PHYSICS.",FA95501910399,F4320306078,U.S. Department of Defense,
W4308304453,17,G3870225226,,W911NF-21-1-0349,F4320338281,Army Research Office,
W4308304453,18,G431725244,,FA9550-21-1-0209,F4320333591,Multidisciplinary University Research Initiative,
W4308304453,19,G4516736450,,-21-1-,F4320338279,Air Force Office of Scientific Research,
W4308304453,20,G4629941602,QuIC - TaQS: Interconnects for a Superconducting-Atomic Hybrid Quantum Network,2137642,F4320306076,National Science Foundation,
W4308304453,21,G4727966191,TOWARDS FAULT-TOLERANCE IN A HARDWARE-EFFICIENT MODULAR ARCHITECTURE,W911NF1810212,F4320306078,U.S. Department of Defense,
W4308304453,22,G4876042962,,OMA-1936118,F4320338279,Air Force Office of Scientific Research,
W4308304453,23,G4962106257,,W911NF-18-1-0212,F4320338281,Army Research Office,
W4308304453,24,G5298762856,,FA9550-21-1-0209,F4320338294,Air Force Research Laboratory,
W4308304453,25,G5559867506,NEW START GRANT UNDER DARPA YFA'S PROGRAM.,W911NF2110349,F4320306078,U.S. Department of Defense,
W4308304453,26,G5609417019,(MURI) TOWARDS ROBUST SCALABLE QUANTUM RANDOM ACCESS MEMORIES,FA95502110209,F4320306078,U.S. Department of Defense,
W4308304453,27,G5659690140,,FA9550-19-1-0399,F4320306076,National Science Foundation,
W4308304453,28,G6167497367,,FA9550-19-1-0399,F4320338279,Air Force Office of Scientific Research,
W4308304453,29,G6478756169,,FA9550-21,F4320338279,Air Force Office of Scientific Research,
W4308304453,30,G6518383159,,W911NF2110325,F4320338281,Army Research Office,
W4308304453,31,G6526646931,,FA9550-19-1-0399,F4320333591,Multidisciplinary University Research Initiative,
W4308304453,32,G657448715,,W911NF-16-1-,F4320338281,Army Research Office,
W4308304453,33,G7452299184,,W911NF,F4320338281,Army Research Office,
W4308304453,34,G7500482128,,W911NF-18-1-0212,F4320338279,Air Force Office of Scientific Research,
W4308304453,35,G7576470222,NSF Engineering Research Center for Quantum Networks (CQN),1941583,F4320306076,National Science Foundation,
W4308304453,36,G7744020896,,FA8649-21-P-0781,F4320306078,U.S. Department of Defense,
W4308304453,37,G7900882,,W911NF-16- 1-0349,F4320338281,Army Research Office,
W4308304453,38,G8289759875,,FA9550,F4320338294,Air Force Research Laboratory,
W4308304453,39,G8672390710,,2020-71479,F4320306079,David and Lucile Packard Foundation,
W4308304453,40,G922915270,QII-TAQS: Quantum Metrological Platform for Single-Molecule Bio-Sensing,1936118,F4320306076,National Science Foundation,
W3036100647,1,G2469973041,,N660012014029,F4320332180,Defense Advanced Research Projects Agency,
W3036100647,2,G5003045098,,N00014- 19-1-2190,F4320337345,Office of Naval Research,
W3036100647,3,G5876080242,NSF Convergence Accelerator-Track C: Quantum-Interconnected Optomechanical Transducers for Entanglement-Enhanced Force and Inertial Sensing,2040575,F4320306076,National Science Foundation,
W3036100647,4,G5954129427,,Young Faculty Award (YFA) Grant No. N660012014029,F4320332180,Defense Advanced Research Projects Agency,
W3036100647,5,G6533748316,,ECCS-1920742,F4320337392,"Division of Electrical, Communications and Cyber Systems",
W3036100647,6,G6538254113,,No. N660012014029,F4320332180,Defense Advanced Research Projects Agency,
W3036100647,7,G8037367148,FET: Small: Spectrally Efficient High-dimensional Quantum Communications in an Integrated Quantum Photonic Platform,1907918,F4320306076,National Science Foundation,
W3036100647,8,G8504488424,Collaborative Research:  Programmable Chip-Scale Quantum-Photonics Platform Based on Frequency-Comb Cluster-States for Multicasting Quantum Networks,1920742,F4320306076,National Science Foundation,
W3036100647,9,G8876996369,,N00014,F4320337345,Office of Naval Research,
W3104364217,1,G2469973041,,N660012014029,F4320332180,Defense Advanced Research Projects Agency,
W3104364217,2,G7576470222,NSF Engineering Research Center for Quantum Networks (CQN),1941583,F4320306076,National Science Foundation,
W4384297830,1,G1549524776,CAREER: Using Entanglement to Enhance Communication and Sensing in the Presence of Noise,2142882,F4320306076,National Science Foundation,
W4384297830,2,G1872762428,,N000142312296,F4320337345,Office of Naval Research,
W4384297830,3,G2351066264,,PIF21/289,F4320321919,Euskal Herriko Unibertsitatea,
W4384297830,4,G4650932356,Quantum communication and sensing with low-powered devices in the microwave regime,349199,F4320321108,Academy of Finland,
W4384297830,5,G6671297155,,CAREER,F4320306076,National Science Foundation,
W4384297830,6,G7341670441,,353832,F4320321108,Academy of Finland,
W4384297830,7,G8876996369,,N00014,F4320337345,Office of Naval Research,
W4394963630,1,G3162985271,,W911NF2110325,F4320333591,Multidisciplinary University Research Initiative,
W4394963630,2,G5946908802,,ARO MURI W911NF211032,F4320333591,Multidisciplinary University Research Initiative,
W4394963630,3,G6518383159,,W911NF2110325,F4320338281,Army Research Office,
W4394963630,4,G6715895681,Collaborative Research: CNS Core: Medium: Design and Analysis of Quantum Networks for Entanglement Distribution,1955834,F4320306076,National Science Foundation,
W4312854169,1,G1829052184,,N00014-19-1-2189,F4320337345,Office of Naval Research,
W4312854169,2,G3298218052,,EEC-1941583,F4320335353,National Science Foundation of Sri Lanka,
W4312854169,3,G4000512061,,CCF-2006679,F4320335353,National Science Foundation of Sri Lanka,
W4312854169,4,G5716310464,,CCF-2045530,F4320335353,National Science Foundation of Sri Lanka,
W4311115691,1,G2469973041,,N660012014029,F4320332180,Defense Advanced Research Projects Agency,
W4311115691,2,G3410377079,CAREER: Photonic Quantum Machine Learning: From Architecture to Applications,2144057,F4320306076,National Science Foundation,
W4311115691,3,G5954129427,,Young Faculty Award (YFA) Grant No. N660012014029,F4320332180,Defense Advanced Research Projects Agency,
W4311115691,4,G6367525870,MRI: Development of Integrated Multi-Access Entangled-Photon Sources and Single-Photon Detector Array Instrument for Interdisciplinary Quantum Information Research,1828132,F4320306076,National Science Foundation,
W4311115691,5,G6402838525,DISTRIBUTED QUANTUM SENSOR NETWORKS ENHANCED BY QUANTUM ERROR CORRECTION,N660012014029,F4320306078,U.S. Department of Defense,
W4311115691,6,G6538254113,,No. N660012014029,F4320332180,Defense Advanced Research Projects Agency,
W4311115691,7,G660927038,,CA 90089,F4320306076,National Science Foundation,
W4311115691,8,G6671297155,,CAREER,F4320306076,National Science Foundation,
W4311115691,9,G7576470222,NSF Engineering Research Center for Quantum Networks (CQN),1941583,F4320306076,National Science Foundation,
W4311115691,10,G8037367148,FET: Small: Spectrally Efficient High-dimensional Quantum Communications in an Integrated Quantum Photonic Platform,1907918,F4320306076,National Science Foundation,
W4224137404,1,G1404049065,,FA9550-21-1-0209,F4320338279,Air Force Office of Scientific Research,
W4224137404,2,G1432373144,,W911NF-21-1-,F4320338281,Army Research Office,
W4224137404,3,G1482135624,,W911NF-18-1-0020,F4320338279,Air Force Office of Scientific Research,
W4224137404,4,G1523888516,,FA9550-,F4320338279,Air Force Office of Scientific Research,
W4224137404,5,G165179637,,W911NF1610349,F4320333591,Multidisciplinary University Research Initiative,
W4224137404,6,G1770223817,,FA864921P0781,F4320338294,Air Force Research Laboratory,
W4224137404,7,G1799408541,,EEC-1941583,F4320338279,Air Force Office of Scientific Research,
W4224137404,8,G2598085392,,W911NF-16-1-0349,F4320338279,Air Force Office of Scientific Research,
W4224137404,9,G3067963855,,W911NF-18-1-0020,F4320338281,Army Research Office,
W4224137404,10,G3162985271,,W911NF2110325,F4320333591,Multidisciplinary University Research Initiative,
W4224137404,11,G3392305090,,-16-1-,F4320338279,Air Force Office of Scientific Research,
W4224137404,12,G3722242190,,OMA-2137642,F4320338279,Air Force Office of Scientific Research,
W4224137404,13,G431725244,,FA9550-21-1-0209,F4320333591,Multidisciplinary University Research Initiative,
W4224137404,14,G4516736450,,-21-1-,F4320338279,Air Force Office of Scientific Research,
W4224137404,15,G4629941602,QuIC - TaQS: Interconnects for a Superconducting-Atomic Hybrid Quantum Network,2137642,F4320306076,National Science Foundation,
W4224137404,16,G4876042962,,OMA-1936118,F4320338279,Air Force Office of Scientific Research,
W4224137404,17,G4962106257,,W911NF-18-1-0212,F4320338281,Army Research Office,
W4224137404,18,G5298762856,,FA9550-21-1-0209,F4320338294,Air Force Research Laboratory,
W4224137404,19,G5659690140,,FA9550-19-1-0399,F4320306076,National Science Foundation,
W4224137404,20,G6167497367,,FA9550-19-1-0399,F4320338279,Air Force Office of Scientific Research,
W4224137404,21,G6518383159,,W911NF2110325,F4320338281,Army Research Office,
W4224137404,22,G6526646931,,FA9550-19-1-0399,F4320333591,Multidisciplinary University Research Initiative,
W4224137404,23,G657448715,,W911NF-16-1-,F4320338281,Army Research Office,
W4224137404,24,G7444832178,,EEC-1941583,F4320306084,U.S. Department of Energy,
W4224137404,25,G7452299184,,W911NF,F4320338281,Army Research Office,
W4224137404,26,G7500482128,,W911NF-18-1-0212,F4320338279,Air Force Office of Scientific Research,
W4224137404,27,G7576470222,NSF Engineering Research Center for Quantum Networks (CQN),1941583,F4320306076,National Science Foundation,
W4224137404,28,G7900882,,W911NF-16- 1-0349,F4320338281,Army Research Office,
W4224137404,29,G8289759875,,FA9550,F4320338294,Air Force Research Laboratory,
W4224137404,30,G8672390710,,2020-71479,F4320306079,David and Lucile Packard Foundation,
W4224137404,31,G922915270,QII-TAQS: Quantum Metrological Platform for Single-Molecule Bio-Sensing,1936118,F4320306076,National Science Foundation,
W4392199844,1,G2463917466,,HR00112090128,F4320332180,Defense Advanced Research Projects Agency,
W4393899222,1,G5557203550,,N00014-20-1-2422,F4320337345,Office of Naval Research,
W4393899222,2,G6385238186,CAREER: Quantum Acoustic Information Processing with Phononic Crystal Devices,1941826,F4320306076,National Science Foundation,
W4404345331,1,G102163711,,DE‐ AC02‐06CH11357,F4320306084,U.S. Department of Energy,
W4404345331,2,G1055550527,,DE-AC02-06CH11357,F4320309626,University of Chicago,
W4404345331,3,G1404049065,,FA9550-21-1-0209,F4320338279,Air Force Office of Scientific Research,
W4404345331,4,G1432373144,,W911NF-21-1-,F4320338281,Army Research Office,
W4404345331,5,G1442400458,QuSeC-TAQS: Nanoscale Covariance Magnetometry with Diamond Quantum Sensors,2326767,F4320306076,National Science Foundation,
W4404345331,6,G1523888516,,FA9550-,F4320338279,Air Force Office of Scientific Research,
W4404345331,7,G1932254719,,HR0011-24-9-0361,F4320332180,Defense Advanced Research Projects Agency,
W4404345331,8,G2287611682,,AC02‐06CH11357,F4320332359,Office of Science,
W4404345331,9,G262962599,,AC02‐06CH11357,F4320306084,U.S. Department of Energy,
W4404345331,10,G2882288540,,W911NF2310077,F4320338281,Army Research Office,
W4404345331,11,G3028541427,Materials Research Science and Engineering Center,2011854,F4320306076,National Science Foundation,
W4404345331,12,G3162985271,,W911NF2110325,F4320333591,Multidisciplinary University Research Initiative,
W4404345331,13,G3589692066,,DE-AC02-06CH11357,F4320337367,Division of Materials Research,
W4404345331,14,G36446433,,FA9550-20-1,F4320338279,Air Force Office of Scientific Research,
W4404345331,15,G3722242190,,OMA-2137642,F4320338279,Air Force Office of Scientific Research,
W4404345331,16,G3990184095,,FA9550-21-1-0209,F4320309626,University of Chicago,
W4404345331,17,G431725244,,FA9550-21-1-0209,F4320333591,Multidisciplinary University Research Initiative,
W4404345331,18,G4516736450,,-21-1-,F4320338279,Air Force Office of Scientific Research,
W4404345331,19,G4629941602,QuIC - TaQS: Interconnects for a Superconducting-Atomic Hybrid Quantum Network,2137642,F4320306076,National Science Foundation,
W4404345331,20,G4657484576,,2011854,F4320337367,Division of Materials Research,
W4404345331,21,G4848018484,,FA9550-23- 1-0338,F4320338279,Air Force Office of Scientific Research,
W4404345331,22,G4876042962,,OMA-1936118,F4320338279,Air Force Office of Scientific Research,
W4404345331,23,G498139845,,DE-AC02,F4320332359,Office of Science,
W4404345331,24,G513797252,,DE-AC02–06CH11357,F4320306076,National Science Foundation,
W4404345331,25,G5252887054,,HR0011-24-9-0364,F4320332180,Defense Advanced Research Projects Agency,
W4404345331,26,G5476995083,QLCI-CI: NSF Quantum Leap Challenge Institute for Hybrid Quantum Architectures and Networks,2016136,F4320306076,National Science Foundation,
W4404345331,27,G5659690140,,FA9550-19-1-0399,F4320306076,National Science Foundation,
W4404345331,28,G5729145195,,FA9550-20,F4320338279,Air Force Office of Scientific Research,
W4404345331,29,G616202680,,FA9550-20-1-0270,F4320338279,Air Force Office of Scientific Research,
W4404345331,30,G6167497367,,FA9550-19-1-0399,F4320338279,Air Force Office of Scientific Research,
W4404345331,31,G6518383159,,W911NF2110325,F4320338281,Army Research Office,
W4404345331,32,G6526646931,,FA9550-19-1-0399,F4320333591,Multidisciplinary University Research Initiative,
W4404345331,33,G6547089213,,OSI-2326767,F4320338279,Air Force Office of Scientific Research,
W4404345331,34,G6848031779,,06CH11357,F4320306084,U.S. Department of Energy,
W4404345331,35,G6918803902,,06CH11357,F4320332359,Office of Science,
W4404345331,36,G741291543,,DE-AC02-06CH11357,F4320338279,Air Force Office of Scientific Research,
W4404345331,37,G7420521838,,CCF-2312755,F4320338279,Air Force Office of Scientific Research,
W4404345331,38,G7452299184,,W911NF,F4320338281,Army Research Office,
W4404345331,39,G7576470222,NSF Engineering Research Center for Quantum Networks (CQN),1941583,F4320306076,National Science Foundation,
W4404345331,40,G7796153478,,HR0011-24-9-0359,F4320332180,Defense Advanced Research Projects Agency,
W4404345331,41,G8048112891,,DMR-2011854,F4320337367,Division of Materials Research,
W4404345331,42,G8232580466,Collaborative Research: FET: Medium: Design and Implementation of Quantum Databases,2312755,F4320306076,National Science Foundation,
W4404345331,43,G8411689924,,DMR-2011854,F4320309626,University of Chicago,
W4404345331,44,G8672390710,,2020-71479,F4320306079,David and Lucile Packard Foundation,
W4404345331,45,G878601127,,DE-AC02-06CH11357,F4320337506,Advanced Scientific Computing Research,
W4404345331,46,G922915270,QII-TAQS: Quantum Metrological Platform for Single-Molecule Bio-Sensing,1936118,F4320306076,National Science Foundation,
W4404345331,47,G969889393,,DE-AC02-,F4320306084,U.S. Department of Energy,
W4404345331,48,G993149817,,DE-AC02-06CH11357 ,F4320332359,Office of Science,
W3133136683,1,G29316538,,(Code 001),F4320321091,Coordenação de Aperfeiçoamento de Pessoal de Nível Superior,
W3133136683,2,G5241618640,"NeTS: Small: Design, Management, and Optimization of Cache Networks",1617437,F4320306076,National Science Foundation,
W4387299481,1,G5656998440,,12174216,F4320321001,National Natural Science Foundation of China,
W4398199744,1,G1460566178,,1955744,F4320337388,Division of Computer and Network Systems,
W4398199744,2,G8802928090,,1941583,F4320337394,Division of Engineering Education and Centers,
W3110925097,1,G2469973041,,N660012014029,F4320332180,Defense Advanced Research Projects Agency,
W3110925097,2,G7576470222,NSF Engineering Research Center for Quantum Networks (CQN),1941583,F4320306076,National Science Foundation,
W4409363133,1,G3219318528,Collaborative Research: CNS Core: Small: Dynamic Pricing and Procurement for Distributed Networked Platforms,2102963,F4320306076,National Science Foundation,
W4409363133,2,G3837698350,CAREER: A Robust and Data-driven Design for Carbon-intelligent Distributed Systems,2045641,F4320306076,National Science Foundation,
W4409363133,3,G4413222662,Collaborative Research: CNS Core: Medium: Design and Analysis of Quantum Networks for Entanglement Distribution,1955744,F4320306076,National Science Foundation,
W4409363133,4,G6671297155,,CAREER,F4320306076,National Science Foundation,
W4409363133,5,G7089186217,Collaborative Research: CNS Core: Medium: Dynamic Data-driven Systems - Theory and Applications,2106299,F4320306076,National Science Foundation,
W4409363133,6,G7444832178,,EEC-1941583,F4320306084,U.S. Department of Energy,
W4409363133,7,G7576470222,NSF Engineering Research Center for Quantum Networks (CQN),1941583,F4320306076,National Science Foundation,
W4409363133,8,G7648718735,National Science Foundation Expeditions in Computing for Computational Decarbonization of Societal Infrastructures at Mesoscales,2325956,F4320306076,National Science Foundation,
W4409363133,9,G8439905257,Collaborative Research: CPS Medium: Enabling DER Integration via Redesign of Information Flows,2136199,F4320306076,National Science Foundation,
W4403854027,1,G1404049065,,FA9550-21-1-0209,F4320338279,Air Force Office of Scientific Research,
W4403854027,2,G1432373144,,W911NF-21-1-,F4320338281,Army Research Office,
W4403854027,3,G1442400458,QuSeC-TAQS: Nanoscale Covariance Magnetometry with Diamond Quantum Sensors,2326767,F4320306076,National Science Foundation,
W4403854027,4,G1523888516,,FA9550-,F4320338279,Air Force Office of Scientific Research,
W4403854027,5,G1531353286,,FA9550‐24‐1‐0349,F4320338279,Air Force Office of Scientific Research,
W4403854027,6,G1770695805,,HR0011-24-9-0362,F4320332180,Defense Advanced Research Projects Agency,
W4403854027,7,G1872762428,,N000142312296,F4320337345,Office of Naval Research,
W4403854027,8,G2145085266,,FA9550-23-1-0338,F4320333591,Multidisciplinary University Research Initiative,
W4403854027,9,G2322311946,,80NSSC25M7057,F4320306101,National Aeronautics and Space Administration,
W4403854027,10,G244681298,,2020-7147,F4320306079,David and Lucile Packard Foundation,
W4403854027,11,G2882288540,,W911NF2310077,F4320338281,Army Research Office,
W4403854027,12,G3162985271,,W911NF2110325,F4320333591,Multidisciplinary University Research Initiative,
W4403854027,13,G3722242190,,OMA-2137642,F4320338279,Air Force Office of Scientific Research,
W4403854027,14,G3877413663,,HR00112490453,F4320332180,Defense Advanced Research Projects Agency,
W4403854027,15,G3990184095,,FA9550-21-1-0209,F4320309626,University of Chicago,
W4403854027,16,G431725244,,FA9550-21-1-0209,F4320333591,Multidisciplinary University Research Initiative,
W4403854027,17,G4516736450,,-21-1-,F4320338279,Air Force Office of Scientific Research,
W4403854027,18,G4629941602,QuIC - TaQS: Interconnects for a Superconducting-Atomic Hybrid Quantum Network,2137642,F4320306076,National Science Foundation,
W4403854027,19,G4848018484,,FA9550-23- 1-0338,F4320338279,Air Force Office of Scientific Research,
W4403854027,20,G4876042962,,OMA-1936118,F4320338279,Air Force Office of Scientific Research,
W4403854027,21,G5659690140,,FA9550-19-1-0399,F4320306076,National Science Foundation,
W4403854027,22,G598868943,,"FA9550-19-1-0399, FA9550-21-1-0209, FA9550- 23-1-0338",F4320338279,Air Force Office of Scientific Research,
W4403854027,23,G6098521345,,FA9550,F4320337345,Office of Naval Research,
W4403854027,24,G6167497367,,FA9550-19-1-0399,F4320338279,Air Force Office of Scientific Research,
W4403854027,25,G6478756169,,FA9550-21,F4320338279,Air Force Office of Scientific Research,
W4403854027,26,G6518383159,,W911NF2110325,F4320338281,Army Research Office,
W4403854027,27,G6526646931,,FA9550-19-1-0399,F4320333591,Multidisciplinary University Research Initiative,
W4403854027,28,G6547089213,,OSI-2326767,F4320338279,Air Force Office of Scientific Research,
W4403854027,29,G6592428092,,FA9550-24-1-0349,F4320333591,Multidisciplinary University Research Initiative,
W4403854027,30,G6606428085,,MURI (FA9550-21-1-0209),F4320338279,Air Force Office of Scientific Research,
W4403854027,31,G6671297155,,CAREER,F4320306076,National Science Foundation,
W4403854027,32,G6769895073,,80NSSC25M7057,F4320310174,University of Pittsburgh,
W4403854027,33,G69013661,QuSeC-TAQS: Sensing-Intelligence on The Move: Quantum-Enhanced Optical Diagnosis of Crop Diseases,2326746,F4320306076,National Science Foundation,
W4403854027,34,G6901457620,,D24AC00153-02,F4320332180,Defense Advanced Research Projects Agency,
W4403854027,35,G6941843737,CAREER: Using Entanglement to Enhance Communication and Sensing in the Presence of Noise,2240641,F4320306076,National Science Foundation,
W4403854027,36,G700920537,Collaborative Research: NeTS: Small: Models and Algorithms for Hybrid Continuous-Discrete Variable Quantum Networking,2350153,F4320306076,National Science Foundation,
W4403854027,37,G7262863754,,1941583,F4320306084,U.S. Department of Energy,
W4403854027,38,G7420521838,,CCF-2312755,F4320338279,Air Force Office of Scientific Research,
W4403854027,39,G7452299184,,W911NF,F4320338281,Army Research Office,
W4403854027,40,G7576470222,NSF Engineering Research Center for Quantum Networks (CQN),1941583,F4320306076,National Science Foundation,
W4403854027,41,G7581981735,C: Quantum-Enhanced Inertial Measurement Unit (QEIMU),2330310,F4320306076,National Science Foundation,
W4403854027,42,G7732310820,,FA9550-23-1-0338,F4320337345,Office of Naval Research,
W4403854027,43,G8232580466,Collaborative Research: FET: Medium: Design and Implementation of Quantum Databases,2312755,F4320306076,National Science Foundation,
W4403854027,44,G8557621597,,MURI FA9550-24-1-0349,F4320338279,Air Force Office of Scientific Research,
W4403854027,45,G8876996369,,N00014,F4320337345,Office of Naval Research,
W4403854027,46,G922915270,QII-TAQS: Quantum Metrological Platform for Single-Molecule Bio-Sensing,1936118,F4320306076,National Science Foundation,
W4396820455,1,G1872762428,,N000142312296,F4320337345,Office of Naval Research,
W4396820455,2,G6671297155,,CAREER,F4320306076,National Science Foundation,
W4404037819,1,G1954895400,CIF: Medium: Iterative Quantum LDPC Decoders,1855879,F4320306076,National Science Foundation,
W4390136567,1,G102163711,,DE‐ AC02‐06CH11357,F4320306084,U.S. Department of Energy,
W4390136567,2,G1770223817,,FA864921P0781,F4320338294,Air Force Research Laboratory,
W4390136567,3,G2287611682,,AC02‐06CH11357,F4320332359,Office of Science,
W4390136567,4,G262962599,,AC02‐06CH11357,F4320306084,U.S. Department of Energy,
W4390136567,5,G2894089465,,PHY-1125565,F4320306202,Gordon and Betty Moore Foundation,
W4390136567,6,G3009587448,,W911NF-18-1-0103,F4320338281,Army Research Office,
W4390136567,7,G3747832099,Institute for Quantum Information and Matter (IQIM),1125565,F4320306076,National Science Foundation,
W4390136567,8,G4629941602,QuIC - TaQS: Interconnects for a Superconducting-Atomic Hybrid Quantum Network,2137642,F4320306076,National Science Foundation,
W4390136567,9,G498139845,,DE-AC02,F4320332359,Office of Science,
W4390136567,10,G513797252,,DE-AC02–06CH11357,F4320306076,National Science Foundation,
W4390136567,11,G6848031779,,06CH11357,F4320306084,U.S. Department of Energy,
W4390136567,12,G6918803902,,06CH11357,F4320332359,Office of Science,
W4390136567,13,G7452299184,,W911NF,F4320338281,Army Research Office,
W4390136567,14,G7576470222,NSF Engineering Research Center for Quantum Networks (CQN),1941583,F4320306076,National Science Foundation,
W4390136567,15,G8838030021,,PHY-1125565,F4320334224,"Institute for Quantum Information and Matter, California Institute of Technology",
W4390136567,16,G969889393,,DE-AC02-,F4320306084,U.S. Department of Energy,
W4390136567,17,G993149817,,DE-AC02-06CH11357 ,F4320332359,Office of Science,
W4390766164,1,G1017065088,,#89233218CNA000001,F4320306084,U.S. Department of Energy,
W4390766164,2,G102163711,,DE‐ AC02‐06CH11357,F4320306084,U.S. Department of Energy,
W4390766164,3,G107546177,,DE- AC02-06-CH11357,F4320338284,Argonne National Laboratory,
W4390766164,4,G120905174,,PRTRC17,F4320320300,European Commission,
W4390766164,5,G121915436,,DEAC05- 00OR22725,F4320332359,Office of Science,
W4390766164,6,G1279347439,,89233218CNA 000001,F4320338304,Los Alamos National Laboratory,
W4390766164,7,G1313983767,,DE-AC02,F4320338284,Argonne National Laboratory,
W4390766164,8,G1527848044,,89233218CNA000001,F4320332359,Office of Science,
W4390766164,9,G1645119126,,AC05-00OR22725,F4320306084,U.S. Department of Energy,
W4390766164,10,G1664757510,,AC02–06CH11357,F4320338284,Argonne National Laboratory,
W4390766164,11,G171842289,,DE-SC0012704,F4320338284,Argonne National Laboratory,
W4390766164,12,G203625172,,DE--AC05--00OR22725,F4320306084,U.S. Department of Energy,
W4390766164,13,G2110534122,,DE-AC02-06CH11357,F4320334593,Natural Sciences and Engineering Research Council of Canada,
W4390766164,14,G2287611682,,AC02‐06CH11357,F4320332359,Office of Science,
W4390766164,15,G2411683797,,DEAC05- 00OR22725,F4320306076,National Science Foundation,
W4390766164,16,G241279073,,DE‐SC0012704,F4320306084,U.S. Department of Energy,
W4390766164,17,G262962599,,AC02‐06CH11357,F4320306084,U.S. Department of Energy,
W4390766164,18,G2715909221,,DE-AC05-00OR22725,F4320334593,Natural Sciences and Engineering Research Council of Canada,
W4390766164,19,G285114038,,NextGenerationEU PRTR-C17.I1,F4320320300,European Commission,
W4390766164,20,G2988778103,,DE-AC05?,F4320306084,U.S. Department of Energy,
W4390766164,21,G3075337988,,06CH11357,F4320338284,Argonne National Laboratory,
W4390766164,22,G3172226980,QLCI-CI: NSF Quantum Leap Challenge Institute for Quantum Sensing in Biophysics and Bioengineering,2121044,F4320306076,National Science Foundation,
W4390766164,23,G3248584790,,DE-AC02-06CH11357,F4320338304,Los Alamos National Laboratory,
W4390766164,24,G3318903820,,DE-AC02-06CH11357,F4320332369,National Nuclear Security Administration,
W4390766164,25,G3510889102,,DE-AC05-00OR22725,F4320320300,European Commission,
W4390766164,26,G357145406,,DE-SC-0012704,F4320332359,Office of Science,
W4390766164,27,G357246561,,PRTR C17.I1,F4320320300,European Commission,
W4390766164,28,G4423657506,,AC05-00OR22725,F4320338287,Oak Ridge National Laboratory,
W4390766164,29,G4671393316,,DE-SC0012704,F4320334593,Natural Sciences and Engineering Research Council of Canada,
W4390766164,30,G498139845,,DE-AC02,F4320332359,Office of Science,
W4390766164,31,G513797252,,DE-AC02–06CH11357,F4320306076,National Science Foundation,
W4390766164,32,G531036588,,C17.I1,F4320320300,European Commission,
W4390766164,33,G5765906131,,SC0012704.,F4320306084,U.S. Department of Energy,
W4390766164,34,G5840121450,,DE-AC05-00OR22725,F4320338304,Los Alamos National Laboratory,
W4390766164,35,G6256534168,,DE-AC02-06CH11357,F4320320300,European Commission,
W4390766164,36,G6410514744,,89233218C-NA000001,F4320332369,National Nuclear Security Administration,
W4390766164,37,G675320460,,DE-AC05-00OR22725,F4320338287,Oak Ridge National Laboratory,
W4390766164,38,G6848031779,,06CH11357,F4320306084,U.S. Department of Energy,
W4390766164,39,G6918803902,,06CH11357,F4320332359,Office of Science,
W4390766164,40,G696401826,,QUAN-000021-01,F4320321705,Eusko Jaurlaritza,
W4390766164,41,G70659677,,89233218CNA000001,F4320306076,National Science Foundation,
W4390766164,42,G7463374569,,SC0012704,F4320332359,Office of Science,
W4390766164,43,G816254390,,#DE-AC05-00OR22725,F4320332369,National Nuclear Security Administration,
W4390766164,44,G8269158468,,AC05-00OR22725,F4320332359,Office of Science,
W4390766164,45,G8286507625,,DE-AC02-06CH11357,F4320338287,Oak Ridge National Laboratory,
W4390766164,46,G872144517,,DE-SC0012704,F4320306076,National Science Foundation,
W4390766164,47,G8906985441,,00OR22725,F4320306084,U.S. Department of Energy,
W4390766164,48,G969889393,,DE-AC02-,F4320306084,U.S. Department of Energy,
W4390766164,49,G993149817,,DE-AC02-06CH11357 ,F4320332359,Office of Science,
W4400024763,1,G1523888516,,FA9550-,F4320338279,Air Force Office of Scientific Research,
W4400024763,2,G4949707386,,FA9550-22-1-0180,F4320338279,Air Force Office of Scientific Research,
W4292108359,1,G1829052184,,N00014-19-1-2189,F4320337345,Office of Naval Research,
W4292108359,2,G1955479593,,N00014-19-1-2189,F4320310160,University of Arizona,
W4292108359,3,G2316705563,FET: Small: Quantum-secure quantum-enhanced covert networks over generalized bosonic channels,2006679,F4320306076,National Science Foundation,
W4292108359,4,G3248877916,CAREER: Covert Quantum Sensing,2045530,F4320306076,National Science Foundation,
W4292108359,5,G7576470222,NSF Engineering Research Center for Quantum Networks (CQN),1941583,F4320306076,National Science Foundation,
W4292108359,6,G8876996369,,N00014,F4320337345,Office of Naval Research,
W4399317948,1,G1264789558,,W911NF2010021,F4320332180,Defense Advanced Research Projects Agency,
W4399317948,2,G2916627489,,W911NF-20-1-0082,F4320338281,Army Research Office,
W4399317948,3,G3388975023,2020 BUDGET REQUEST FOR THE DOE COMPUTATIONAL SCIENCE GRADUATE FELLOWSHIP (CSGF) GRANT,DESC0021110,F4320306084,U.S. Department of Energy,
W4399317948,4,G586693022,,W911NF2010082,F4320333591,Multidisciplinary University Research Initiative,
W4399317948,5,G6183517682,,7568717,F4320306084,U.S. Department of Energy,
W4407571105,1,G102163711,,DE‐ AC02‐06CH11357,F4320306084,U.S. Department of Energy,
W4407571105,2,G1404049065,,FA9550-21-1-0209,F4320338279,Air Force Office of Scientific Research,
W4407571105,3,G1432373144,,W911NF-21-1-,F4320338281,Army Research Office,
W4407571105,4,G1442400458,QuSeC-TAQS: Nanoscale Covariance Magnetometry with Diamond Quantum Sensors,2326767,F4320306076,National Science Foundation,
W4407571105,5,G1523888516,,FA9550-,F4320338279,Air Force Office of Scientific Research,
W4407571105,6,G1932254719,,HR0011-24-9-0361,F4320332180,Defense Advanced Research Projects Agency,
W4407571105,7,G2287611682,,AC02‐06CH11357,F4320332359,Office of Science,
W4407571105,8,G262962599,,AC02‐06CH11357,F4320306084,U.S. Department of Energy,
W4407571105,9,G2882288540,,W911NF2310077,F4320338281,Army Research Office,
W4407571105,10,G3162985271,,W911NF2110325,F4320333591,Multidisciplinary University Research Initiative,
W4407571105,11,G3722242190,,OMA-2137642,F4320338279,Air Force Office of Scientific Research,
W4407571105,12,G431725244,,FA9550-21-1-0209,F4320333591,Multidisciplinary University Research Initiative,
W4407571105,13,G4516736450,,-21-1-,F4320338279,Air Force Office of Scientific Research,
W4407571105,14,G4629941602,QuIC - TaQS: Interconnects for a Superconducting-Atomic Hybrid Quantum Network,2137642,F4320306076,National Science Foundation,
W4407571105,15,G4848018484,,FA9550-23- 1-0338,F4320338279,Air Force Office of Scientific Research,
W4407571105,16,G4876042962,,OMA-1936118,F4320338279,Air Force Office of Scientific Research,
W4407571105,17,G498139845,,DE-AC02,F4320332359,Office of Science,
W4407571105,18,G513797252,,DE-AC02–06CH11357,F4320306076,National Science Foundation,
W4407571105,19,G5659690140,,FA9550-19-1-0399,F4320306076,National Science Foundation,
W4407571105,20,G6167497367,,FA9550-19-1-0399,F4320338279,Air Force Office of Scientific Research,
W4407571105,21,G6518383159,,W911NF2110325,F4320338281,Army Research Office,
W4407571105,22,G6526646931,,FA9550-19-1-0399,F4320333591,Multidisciplinary University Research Initiative,
W4407571105,23,G6547089213,,OSI-2326767,F4320338279,Air Force Office of Scientific Research,
W4407571105,24,G6848031779,,06CH11357,F4320306084,U.S. Department of Energy,
W4407571105,25,G6918803902,,06CH11357,F4320332359,Office of Science,
W4407571105,26,G741291543,,DE-AC02-06CH11357,F4320338279,Air Force Office of Scientific Research,
W4407571105,27,G7420521838,,CCF-2312755,F4320338279,Air Force Office of Scientific Research,
W4407571105,28,G7452299184,,W911NF,F4320338281,Army Research Office,
W4407571105,29,G7576470222,NSF Engineering Research Center for Quantum Networks (CQN),1941583,F4320306076,National Science Foundation,
W4407571105,30,G7796153478,,HR0011-24-9-0359,F4320332180,Defense Advanced Research Projects Agency,
W4407571105,31,G8232580466,Collaborative Research: FET: Medium: Design and Implementation of Quantum Databases,2312755,F4320306076,National Science Foundation,
W4407571105,32,G878601127,,DE-AC02-06CH11357,F4320337506,Advanced Scientific Computing Research,
W4407571105,33,G922915270,QII-TAQS: Quantum Metrological Platform for Single-Molecule Bio-Sensing,1936118,F4320306076,National Science Foundation,
W4407571105,34,G969889393,,DE-AC02-,F4320306084,U.S. Department of Energy,
W4407571105,35,G993149817,,DE-AC02-06CH11357 ,F4320332359,Office of Science,
W4308430556,1,G1230266125,,EXC‐2056,F4320320879,Deutsche Forschungsgemeinschaft,
W4308430556,2,G2183085053,,840968,F4320338281,Army Research Office,
W4308430556,3,G2554244226,,1541959,F4320338279,Air Force Office of Scientific Research,
W4308430556,4,G2919862584,,840968,F4320306076,National Science Foundation,
W4308430556,5,G3174456158,CONTROLLED SYNTHESIS OF SOLID-STATE QUANTUM EMITTER ARRAYS FOR QUANTUM COMPUTING AND SIMULATION,DESC0020115,F4320306084,U.S. Department of Energy,
W4308430556,6,G3328784144,EXC 2056: CUI: Advanced Imaging of Matter,390715994,F4320320879,Deutsche Forschungsgemeinschaft,
W4308430556,7,G3921348697,,EXC 2056,F4320308269,Alexander von Humboldt-Stiftung,
W4308430556,8,G434337789,,HORIZON2020,F4320320300,European Commission,
W4308430556,9,G440953257,,390715994,F4320306084,U.S. Department of Energy,
W4308430556,10,G4608849795,,1541959,F4320338281,Army Research Office,
W4308430556,11,G4675369358,,390715994,F4320320300,European Commission,
W4308430556,12,G468436599,,840968,F4320338279,Air Force Office of Scientific Research,
W4308430556,13,G4973792023,Graduate Research Fellowship Program (GRFP),1745303,F4320306076,National Science Foundation,
W4308430556,14,G5631081224,,ID 39 071 5994,F4320320879,Deutsche Forschungsgemeinschaft,
W4308430556,15,G5970606412,NNCI: The Center for Nanoscale System (CNS) at Harvard University,1541959,F4320306076,National Science Foundation,
W4308430556,16,G8270899765,Coherent Optomechanical and Hyperfine interactions Engineering with Silicon-Vacancy impurities in diamond for quantum networks,840968,F4320320300,European Commission,
W3213257350,1,G1404049065,,FA9550-21-1-0209,F4320338279,Air Force Office of Scientific Research,
W3213257350,2,G1482135624,,W911NF-18-1-0020,F4320338279,Air Force Office of Scientific Research,
W3213257350,3,G1799408541,,EEC-1941583,F4320338279,Air Force Office of Scientific Research,
W3213257350,4,G2598085392,,W911NF-16-1-0349,F4320338279,Air Force Office of Scientific Research,
W3213257350,5,G4876042962,,OMA-1936118,F4320338279,Air Force Office of Scientific Research,
W3213257350,6,G6141599669,,EFMA-1640959,F4320338279,Air Force Office of Scientific Research,
W3213257350,7,G6167497367,,FA9550-19-1-0399,F4320338279,Air Force Office of Scientific Research,
W3213257350,8,G7500482128,,W911NF-18-1-0212,F4320338279,Air Force Office of Scientific Research,
W3110936453,1,G1482135624,,W911NF-18-1-0020,F4320338279,Air Force Office of Scientific Research,
W3110936453,2,G1523888516,,FA9550-,F4320338279,Air Force Office of Scientific Research,
W3110936453,3,G165179637,,W911NF1610349,F4320333591,Multidisciplinary University Research Initiative,
W3110936453,4,G1799408541,,EEC-1941583,F4320338279,Air Force Office of Scientific Research,
W3110936453,5,G1851561202,,1640959,F4320308380,Yale University,
W3110936453,6,G2598085392,,W911NF-16-1-0349,F4320338279,Air Force Office of Scientific Research,
W3110936453,7,G2627208672,Graduate Research Fellowship Program (GRFP),1752134,F4320306076,National Science Foundation,
W3110936453,8,G3067963855,,W911NF-18-1-0020,F4320338281,Army Research Office,
W3110936453,9,G3392305090,,-16-1-,F4320338279,Air Force Office of Scientific Research,
W3110936453,10,G3663418429,,2013-39273,F4320306076,National Science Foundation,
W3110936453,11,G4211410756,,2013-39273,F4320306079,David and Lucile Packard Foundation,
W3110936453,12,G4876042962,,OMA-1936118,F4320338279,Air Force Office of Scientific Research,
W3110936453,13,G4962106257,,W911NF-18-1-0212,F4320338281,Army Research Office,
W3110936453,14,G5327073570,,DE-SC0019406,F4320338279,Air Force Office of Scientific Research,
W3110936453,15,G5659690140,,FA9550-19-1-0399,F4320306076,National Science Foundation,
W3110936453,16,G6141599669,,EFMA-1640959,F4320338279,Air Force Office of Scientific Research,
W3110936453,17,G6167497367,,FA9550-19-1-0399,F4320338279,Air Force Office of Scientific Research,
W3110936453,18,G6526646931,,FA9550-19-1-0399,F4320333591,Multidisciplinary University Research Initiative,
W3110936453,19,G657448715,,W911NF-16-1-,F4320338281,Army Research Office,
W3110936453,20,G7444832178,,EEC-1941583,F4320306084,U.S. Department of Energy,
W3110936453,21,G7452299184,,W911NF,F4320338281,Army Research Office,
W3110936453,22,G7500482128,,W911NF-18-1-0212,F4320338279,Air Force Office of Scientific Research,
W3110936453,23,G7576470222,NSF Engineering Research Center for Quantum Networks (CQN),1941583,F4320306076,National Science Foundation,
W3110936453,24,G7900882,,W911NF-16- 1-0349,F4320338281,Army Research Office,
W3110936453,25,G8209510840,"HYBRID QUANTUM SYSTEMS: SPINS, PHOTONS AND SUPERCONDUCTING QUBITS",DESC0019406,F4320306084,U.S. Department of Energy,
W3110936453,26,G8778025950,EFRI ACQUIRE: Integrated Nanophotonic Solid State Memories for Telecom Wavelength Quantum Repeaters,1640959,F4320306076,National Science Foundation,
W3110936453,27,G922915270,QII-TAQS: Quantum Metrological Platform for Single-Molecule Bio-Sensing,1936118,F4320306076,National Science Foundation,
W4393308153,1,G1354697227,,SPI 63-264,F4320321800,Nederlandse Organisatie voor Wetenschappelijk Onderzoek,
W4393308153,2,G1523888516,,FA9550-,F4320338279,Air Force Office of Scientific Research,
W4393308153,3,G1665575404,,601.QT.001,F4320321800,Nederlandse Organisatie voor Wetenschappelijk Onderzoek,
W4393308153,4,G1693287877,,PPS2007,F4320314237,Rijksdienst voor Ondernemend Nederland,
W4393308153,5,G249262831,Quantum Software Consortium,024.003.037,F4320321800,Nederlandse Organisatie voor Wetenschappelijk Onderzoek,
W4393308153,6,G2578584357,,024.003.037/3368,F4320321800,Nederlandse Organisatie voor Wetenschappelijk Onderzoek,
W4393308153,7,G36446433,,FA9550-20-1,F4320338279,Air Force Office of Scientific Research,
W4393308153,8,G420050720,,024.003,F4320321800,Nederlandse Organisatie voor Wetenschappelijk Onderzoek,
W4393308153,9,G5569641376,,FA9550-20-1-0105,F4320338279,Air Force Office of Scientific Research,
W4393308153,10,G5729145195,,FA9550-20,F4320338279,Air Force Office of Scientific Research,
W4393308153,11,G7392226337,,PPS2007,F4320321879,Fujitsu,
W4393308153,12,G7422664581,,PPS2007,F4320321012,Technische Universiteit Delft,
W4393308153,13,G7576470222,NSF Engineering Research Center for Quantum Networks (CQN),1941583,F4320306076,National Science Foundation,
W4389247425,1,G4396585074,OP: Quantum Optical Physics with Nanophotonics Systems,1506284,F4320306076,National Science Foundation,
W4389247425,2,G8121721066,Moore Scholars in Theory of Quantum Materials,GBMF4306,F4320306202,Gordon and Betty Moore Foundation,
W4392810001,1,G8417631907,,HR0011-21-9-0004,F4320306076,National Science Foundation,
W4406521083,1,G2864954093,Collaborative Research: SWIFT: SMALL: Enabling Seamless Coexistence between Passive and Active Networks using Reconfigurable Reflecting Surfaces,2030215,F4320306076,National Science Foundation,
W4406521083,2,G6276915973,"Collaborative Research: NeTS: Medium: Design, Analysis, and Control of Quantum Networks",2402861,F4320306076,National Science Foundation,
W3136347739,1,G1417231415,QII-TAQS: Quantum Machine Learning with Photonics,1936314,F4320306076,National Science Foundation,
W3136347739,2,G1801488854,A mechanically-enabled quantum processor,2019-00684,F4320322581,Vetenskapsrådet,
W4387639489,1,G249262831,Quantum Software Consortium,024.003.037,F4320321800,Nederlandse Organisatie voor Wetenschappelijk Onderzoek,
W4387639489,2,G420050720,,024.003,F4320321800,Nederlandse Organisatie voor Wetenschappelijk Onderzoek,
W4387639489,3,G434337789,,HORIZON2020,F4320320300,European Commission,
W4312755257,1,G2463917466,,HR00112090128,F4320332180,Defense Advanced Research Projects Agency,
W4389618431,1,G1404049065,,FA9550-21-1-0209,F4320338279,Air Force Office of Scientific Research,
W4389618431,2,G1432373144,,W911NF-21-1-,F4320338281,Army Research Office,
W4389618431,3,G1523888516,,FA9550-,F4320338279,Air Force Office of Scientific Research,
W4389618431,4,G1770223817,,FA864921P0781,F4320338294,Air Force Research Laboratory,
W4389618431,5,G249262831,Quantum Software Consortium,024.003.037,F4320321800,Nederlandse Organisatie voor Wetenschappelijk Onderzoek,
W4389618431,6,G2882288540,,W911NF2310077,F4320338281,Army Research Office,
W4389618431,7,G3162985271,,W911NF2110325,F4320333591,Multidisciplinary University Research Initiative,
W4389618431,8,G3722242190,,OMA-2137642,F4320338279,Air Force Office of Scientific Research,
W4389618431,9,G3729718828,,DNRF139,F4320320943,Danmarks Grundforskningsfond,
W4389618431,10,G420050720,,024.003,F4320321800,Nederlandse Organisatie voor Wetenschappelijk Onderzoek,
W4389618431,11,G431725244,,FA9550-21-1-0209,F4320333591,Multidisciplinary University Research Initiative,
W4389618431,12,G4516736450,,-21-1-,F4320338279,Air Force Office of Scientific Research,
W4389618431,13,G4629941602,QuIC - TaQS: Interconnects for a Superconducting-Atomic Hybrid Quantum Network,2137642,F4320306076,National Science Foundation,
W4389618431,14,G4873038753,,KIS6QK4001,F4320321114,Bundesministerium für Bildung und Forschung,
W4389618431,15,G4876042962,,OMA-1936118,F4320338279,Air Force Office of Scientific Research,
W4389618431,16,G5298762856,,FA9550-21-1-0209,F4320338294,Air Force Research Laboratory,
W4389618431,17,G5659690140,,FA9550-19-1-0399,F4320306076,National Science Foundation,
W4389618431,18,G6167497367,,FA9550-19-1-0399,F4320338279,Air Force Office of Scientific Research,
W4389618431,19,G6472341531,,16KISQ032K,F4320321114,Bundesministerium für Bildung und Forschung,
W4389618431,20,G6518383159,,W911NF2110325,F4320338281,Army Research Office,
W4389618431,21,G6526646931,,FA9550-19-1-0399,F4320333591,Multidisciplinary University Research Initiative,
W4389618431,22,G7452299184,,W911NF,F4320338281,Army Research Office,
W4389618431,23,G7456232893,,P36009-N,F4320321181,Austrian Science Fund,
W4389618431,24,G7576470222,NSF Engineering Research Center for Quantum Networks (CQN),1941583,F4320306076,National Science Foundation,
W4389618431,25,G8289759875,,FA9550,F4320338294,Air Force Research Laboratory,
W4389618431,26,G922915270,QII-TAQS: Quantum Metrological Platform for Single-Molecule Bio-Sensing,1936118,F4320306076,National Science Foundation,
W4398231190,1,G1404049065,,FA9550-21-1-0209,F4320338279,Air Force Office of Scientific Research,
W4398231190,2,G1432373144,,W911NF-21-1-,F4320338281,Army Research Office,
W4398231190,3,G1523888516,,FA9550-,F4320338279,Air Force Office of Scientific Research,
W4398231190,4,G165179637,,W911NF1610349,F4320333591,Multidisciplinary University Research Initiative,
W4398231190,5,G2598085392,,W911NF-16-1-0349,F4320338279,Air Force Office of Scientific Research,
W4398231190,6,G3162985271,,W911NF2110325,F4320333591,Multidisciplinary University Research Initiative,
W4398231190,7,G3392305090,,-16-1-,F4320338279,Air Force Office of Scientific Research,
W4398231190,8,G3722242190,,OMA-2137642,F4320338279,Air Force Office of Scientific Research,
W4398231190,9,G4251481996,DISTRIBUTED QUANTUM INFORMATION: THEORY AND APPLICATIONS,DESC0020360,F4320306084,U.S. Department of Energy,
W4398231190,10,G431725244,,FA9550-21-1-0209,F4320333591,Multidisciplinary University Research Initiative,
W4398231190,11,G4516736450,,-21-1-,F4320338279,Air Force Office of Scientific Research,
W4398231190,12,G4578494242,,FA9550-21-1-0008,F4320338279,Air Force Office of Scientific Research,
W4398231190,13,G4629941602,QuIC - TaQS: Interconnects for a Superconducting-Atomic Hybrid Quantum Network,2137642,F4320306076,National Science Foundation,
W4398231190,14,G479317180,"CAREER: Near-term quantum computing: achieving quantum advantage, and next steps",2044923,F4320306076,National Science Foundation,
W4398231190,15,G4876042962,,OMA-1936118,F4320338279,Air Force Office of Scientific Research,
W4398231190,16,G5659690140,,FA9550-19-1-0399,F4320306076,National Science Foundation,
W4398231190,17,G6167497367,,FA9550-19-1-0399,F4320338279,Air Force Office of Scientific Research,
W4398231190,18,G6518383159,,W911NF2110325,F4320338281,Army Research Office,
W4398231190,19,G6526646931,,FA9550-19-1-0399,F4320333591,Multidisciplinary University Research Initiative,
W4398231190,20,G657448715,,W911NF-16-1-,F4320338281,Army Research Office,
W4398231190,21,G6671297155,,CAREER,F4320306076,National Science Foundation,
W4398231190,22,G7452299184,,W911NF,F4320338281,Army Research Office,
W4398231190,23,G7576470222,NSF Engineering Research Center for Quantum Networks (CQN),1941583,F4320306076,National Science Foundation,
W4398231190,24,G7900882,,W911NF-16- 1-0349,F4320338281,Army Research Office,
W4398231190,25,G8672390710,,2020-71479,F4320306079,David and Lucile Packard Foundation,
W4398231190,26,G922915270,QII-TAQS: Quantum Metrological Platform for Single-Molecule Bio-Sensing,1936118,F4320306076,National Science Foundation,
W4225656786,1,G1352987678,,FA9550-18-1-0161,F4320338279,Air Force Office of Scientific Research,
W4225656786,2,G2539831458,,OIA2040695,F4320335353,National Science Foundation of Sri Lanka,
W4225656786,3,G2702165713,,FA95501610421,F4320338279,Air Force Office of Scientific Research,
W4225656786,4,G7237662386,,OIA2134891,F4320335353,National Science Foundation of Sri Lanka,
W4225656786,5,G7936055928,,EFMA1741651,F4320335353,National Science Foundation of Sri Lanka,
W4387819654,1,G2144570049,,UIDB/50008,F4320334779,Fundação para a Ciência e a Tecnologia,
W4387819654,2,G2191957979,"Etude de la pile quantique : Algorithmes, modèles de calcul et simulation pour l’informatique quantique",ANR-22-PETQ-0007,F4320320883,Agence Nationale de la Recherche,
W4387819654,3,G3375535518,Instituto de Telecomunicações,UIDB/50008/2020,F4320334779,Fundação para a Ciência e a Tecnologia,
W4387819654,4,G3798922985,Centro de Física e Engenharia de Materiais Avançados,UIDB/04540/2020,F4320334779,Fundação para a Ciência e a Tecnologia,
W4387819654,5,G3850789590,,50008,F4320334779,Fundação para a Ciência e a Tecnologia,
W4323537684,1,G6804949641,Graduate Research Fellowship Program (GRFP),1745302,F4320306076,National Science Foundation,
W4399736888,1,G3615375501,"Attosecond physics, free electron quantum optics, photon generation and radiation biology with the accelerator on a photonic chip",884217,F4320338335,H2020 European Research Council,
W4399736888,2,G7849234548,,616823,F4320338335,H2020 European Research Council,
W4399736888,3,G8899315633,,11473,F4320306202,Gordon and Betty Moore Foundation,
W4387870489,1,G2085987088,,N0014-22-1-2147,F4320337628,U.S. Naval Research Laboratory,
W4387870489,2,G210790373,"Collaborative Research: SWIFT: SHIELD: A Software-Hardware Approach for Spectrum Coexistence with Rapid Interferer Learning, Detection, and Mitigation",2128530,F4320306076,National Science Foundation,
W4387870489,3,G6044386873,,2132573,F4320321108,Academy of Finland,
W4388836103,1,G1463062727,,12101353,F4320321001,National Natural Science Foundation of China,
W4388836103,2,G2245803972,,CNS-2112562,F4320337345,Office of Naval Research,
W4388836103,3,G2614908572,,JSGG20211029095003004,F4320326705,"Science, Technology and Innovation Commission of Shenzhen Municipality",
W4388836103,4,G3095051706,,2022YFE0101700,F4320335777,National Key Research and Development Program of China,
W4388836103,5,G4244981204,,N00014-19-1-2566,F4320337345,Office of Naval Research,
W4388836103,6,G8377316191,AI Institute for Edge Computing Leveraging Next Generation Networks (Athena),2112562,F4320306076,National Science Foundation,
W4388836103,7,G8876996369,,N00014,F4320337345,Office of Naval Research,
W4307511701,1,G1708830771,,2019QY0702,F4320335777,National Key Research and Development Program of China,
W4307511701,2,G1977969085,,11875173,F4320321001,National Natural Science Foundation of China,
W4307511701,3,G3197743788,,2017YFA0303903,F4320321001,National Natural Science Foundation of China,
W4307511701,4,G5656998440,,12174216,F4320321001,National Natural Science Foundation of China,
W4307511701,5,G8244458772,,2017YFA0303903,F4320335777,National Key Research and Development Program of China,
W4400906231,1,G4413222662,Collaborative Research: CNS Core: Medium: Design and Analysis of Quantum Networks for Entanglement Distribution,1955744,F4320306076,National Science Foundation,
W4363673692,1,G2469973041,,N660012014029,F4320332180,Defense Advanced Research Projects Agency,
W4363673692,2,G4006026319,Quantum Aspects of Matter Fields and Gravity,2110273,F4320306076,National Science Foundation,
W4402156960,1,G4214060168,,"20/US/3708,21/US-C2C/3750,13/RC/2077_P2",F4320320847,Science Foundation Ireland,
W4402156960,2,G5288858911,U.S.-Ireland R&D Partnership: Collaborative Research: CNS Core: Medium: A unified framework for the emulation of classical and quantum physical layer networks,2107265,F4320306076,National Science Foundation,
W4317717743,1,G6372581763,,11904316,F4320321001,National Natural Science Foundation of China,
W4317717743,2,G6520002840,,11922411,F4320321001,National Natural Science Foundation of China,
W4317717743,3,G8478457293,,12061131011,F4320321001,National Natural Science Foundation of China,
W4402641889,1,G1549524776,CAREER: Using Entanglement to Enhance Communication and Sensing in the Presence of Noise,2142882,F4320306076,National Science Foundation,
W4402641889,2,G1872762428,,N000142312296,F4320337345,Office of Naval Research,
W4402641889,3,G2469973041,,N660012014029,F4320332180,Defense Advanced Research Projects Agency,
W4402641889,4,G6671297155,,CAREER,F4320306076,National Science Foundation,
W4402641889,5,G69013661,QuSeC-TAQS: Sensing-Intelligence on The Move: Quantum-Enhanced Optical Diagnosis of Crop Diseases,2326746,F4320306076,National Science Foundation,
W4402641889,6,G7576470222,NSF Engineering Research Center for Quantum Networks (CQN),1941583,F4320306076,National Science Foundation,
W4402641889,7,G8876996369,,N00014,F4320337345,Office of Naval Research,
W4391124785,1,G2864954093,Collaborative Research: SWIFT: SMALL: Enabling Seamless Coexistence between Passive and Active Networks using Reconfigurable Reflecting Surfaces,2030215,F4320306076,National Science Foundation,
W4307414162,1,G1245355206,,UIDB/04540,F4320334779,Fundação para a Ciência e a Tecnologia,
W4307414162,2,G2144570049,,UIDB/50008,F4320334779,Fundação para a Ciência e a Tecnologia,
W4307414162,3,G2191957979,"Etude de la pile quantique : Algorithmes, modèles de calcul et simulation pour l’informatique quantique",ANR-22-PETQ-0007,F4320320883,Agence Nationale de la Recherche,
W4307414162,4,G3162985271,,W911NF2110325,F4320333591,Multidisciplinary University Research Initiative,
W4307414162,5,G3375535518,Instituto de Telecomunicações,UIDB/50008/2020,F4320334779,Fundação para a Ciência e a Tecnologia,
W4307414162,6,G3798922985,Centro de Física e Engenharia de Materiais Avançados,UIDB/04540/2020,F4320334779,Fundação para a Ciência e a Tecnologia,
W4307414162,7,G3850789590,,50008,F4320334779,Fundação para a Ciência e a Tecnologia,
W4307414162,8,G4359690165,NSF Convergence Accelerator Track C: Interconnecting Quantum Computers for the Next-Generation Internet,2040695,F4320306076,National Science Foundation,
W4307414162,9,G6518383159,,W911NF2110325,F4320338281,Army Research Office,
W4307414162,10,G7576470222,NSF Engineering Research Center for Quantum Networks (CQN),1941583,F4320306076,National Science Foundation,
W4380559183,1,G1404049065,,FA9550-21-1-0209,F4320338279,Air Force Office of Scientific Research,
W4380559183,2,G1432373144,,W911NF-21-1-,F4320338281,Army Research Office,
W4380559183,3,G1523888516,,FA9550-,F4320338279,Air Force Office of Scientific Research,
W4380559183,4,G1770223817,,FA864921P0781,F4320338294,Air Force Research Laboratory,
W4380559183,5,G249262831,Quantum Software Consortium,024.003.037,F4320321800,Nederlandse Organisatie voor Wetenschappelijk Onderzoek,
W4380559183,6,G2882288540,,W911NF2310077,F4320338281,Army Research Office,
W4380559183,7,G3162985271,,W911NF2110325,F4320333591,Multidisciplinary University Research Initiative,
W4380559183,8,G3722242190,,OMA-2137642,F4320338279,Air Force Office of Scientific Research,
W4380559183,9,G3729718828,,DNRF139,F4320320943,Danmarks Grundforskningsfond,
W4380559183,10,G420050720,,024.003,F4320321800,Nederlandse Organisatie voor Wetenschappelijk Onderzoek,
W4380559183,11,G431725244,,FA9550-21-1-0209,F4320333591,Multidisciplinary University Research Initiative,
W4380559183,12,G4516736450,,-21-1-,F4320338279,Air Force Office of Scientific Research,
W4380559183,13,G4629941602,QuIC - TaQS: Interconnects for a Superconducting-Atomic Hybrid Quantum Network,2137642,F4320306076,National Science Foundation,
W4380559183,14,G4873038753,,KIS6QK4001,F4320321114,Bundesministerium für Bildung und Forschung,
W4380559183,15,G4876042962,,OMA-1936118,F4320338279,Air Force Office of Scientific Research,
W4380559183,16,G5298762856,,FA9550-21-1-0209,F4320338294,Air Force Research Laboratory,
W4380559183,17,G5659690140,,FA9550-19-1-0399,F4320306076,National Science Foundation,
W4380559183,18,G6167497367,,FA9550-19-1-0399,F4320338279,Air Force Office of Scientific Research,
W4380559183,19,G6472341531,,16KISQ032K,F4320321114,Bundesministerium für Bildung und Forschung,
W4380559183,20,G6518383159,,W911NF2110325,F4320338281,Army Research Office,
W4380559183,21,G6526646931,,FA9550-19-1-0399,F4320333591,Multidisciplinary University Research Initiative,
W4380559183,22,G7452299184,,W911NF,F4320338281,Army Research Office,
W4380559183,23,G7456232893,,P36009-N,F4320321181,Austrian Science Fund,
W4380559183,24,G7576470222,NSF Engineering Research Center for Quantum Networks (CQN),1941583,F4320306076,National Science Foundation,
W4380559183,25,G8289759875,,FA9550,F4320338294,Air Force Research Laboratory,
W4380559183,26,G922915270,QII-TAQS: Quantum Metrological Platform for Single-Molecule Bio-Sensing,1936118,F4320306076,National Science Foundation,
W4391506221,1,G3162985271,,W911NF2110325,F4320333591,Multidisciplinary University Research Initiative,
W4391506221,2,G6518383159,,W911NF2110325,F4320338281,Army Research Office,
W4391506221,3,G7576470222,NSF Engineering Research Center for Quantum Networks (CQN),1941583,F4320306076,National Science Foundation,
W4386391146,1,G4413222662,Collaborative Research: CNS Core: Medium: Design and Analysis of Quantum Networks for Entanglement Distribution,1955744,F4320306076,National Science Foundation,
W4386391146,2,G7576470222,NSF Engineering Research Center for Quantum Networks (CQN),1941583,F4320306076,National Science Foundation,
W4389073328,1,G264021278,CONNECT_Phase 2,13/RC/2077_P2,F4320320847,Science Foundation Ireland,
W4389073328,2,G5288858911,U.S.-Ireland R&D Partnership: Collaborative Research: CNS Core: Medium: A unified framework for the emulation of classical and quantum physical layer networks,2107265,F4320306076,National Science Foundation,
W4389073328,3,G6428533792,A unified framework for the emulation of classical and quantum networks,20/US/3708,F4320320847,Science Foundation Ireland,
W4389073328,4,G7226090481,CONNECT: The Centre for Future Networks & Communications,13/RC/2077,F4320320847,Science Foundation Ireland,
W4389073328,5,G7602799974,Convergent Quantum REsearchAlliance in Telecommunications (CoQREATE),21/US-C2C/3750,F4320320847,Science Foundation Ireland,
W4391710036,1,G1549524776,CAREER: Using Entanglement to Enhance Communication and Sensing in the Presence of Noise,2142882,F4320306076,National Science Foundation,
W4391710036,2,G1872762428,,N000142312296,F4320337345,Office of Naval Research,
W4391710036,3,G2469973041,,N660012014029,F4320332180,Defense Advanced Research Projects Agency,
W4391710036,4,G6671297155,,CAREER,F4320306076,National Science Foundation,
W4391710036,5,G69013661,QuSeC-TAQS: Sensing-Intelligence on The Move: Quantum-Enhanced Optical Diagnosis of Crop Diseases,2326746,F4320306076,National Science Foundation,
W4391710036,6,G7576470222,NSF Engineering Research Center for Quantum Networks (CQN),1941583,F4320306076,National Science Foundation,
W4391710036,7,G8876996369,,N00014,F4320337345,Office of Naval Research,
W4392175491,1,G1954895400,CIF: Medium: Iterative Quantum LDPC Decoders,1855879,F4320306076,National Science Foundation,
W4392175491,2,G2422073433,,CCSS-2052751,F4320337392,"Division of Electrical, Communications and Cyber Systems",
W4392175491,3,G2569120085,Collaborative Research: CIF: Medium: QODED: Quantum codes Optimized for the Dynamics between Encoded Computation and Decoding using Classical Coding Techniques,2106189,F4320306076,National Science Foundation,
W4392175491,4,G2793524870,ECCS/CCSS: Neural Network Nonlinear Iterative LDPC Decoders with Guaranteed Error Performance and Fast Convergence,2027844,F4320306076,National Science Foundation,
W4392175491,5,G3559249381,,CCSS-2027844,F4320337392,"Division of Electrical, Communications and Cyber Systems",
W4392175491,6,G767368701,Collaborative Research: Secure and Efficient Post-quantum Cryptography: from Coding Theory to Hardware Architecture,2052751,F4320306076,National Science Foundation,
W4392175491,7,G7789950527,CIF: Small: Learning To Correct Errors,2100013,F4320306076,National Science Foundation,
W4394867244,1,G264021278,CONNECT_Phase 2,13/RC/2077_P2,F4320320847,Science Foundation Ireland,
W4394867244,2,G5288858911,U.S.-Ireland R&D Partnership: Collaborative Research: CNS Core: Medium: A unified framework for the emulation of classical and quantum physical layer networks,2107265,F4320306076,National Science Foundation,
W4394867244,3,G6428533792,A unified framework for the emulation of classical and quantum networks,20/US/3708,F4320320847,Science Foundation Ireland,
W4394867244,4,G7226090481,CONNECT: The Centre for Future Networks & Communications,13/RC/2077,F4320320847,Science Foundation Ireland,
W4394867244,5,G7602799974,Convergent Quantum REsearchAlliance in Telecommunications (CoQREATE),21/US-C2C/3750,F4320320847,Science Foundation Ireland,
W4417091791,1,G1404049065,,FA9550-21-1-0209,F4320338279,Air Force Office of Scientific Research,
W4417091791,2,G1432373144,,W911NF-21-1-,F4320338281,Army Research Office,
W4417091791,3,G1442400458,QuSeC-TAQS: Nanoscale Covariance Magnetometry with Diamond Quantum Sensors,2326767,F4320306076,National Science Foundation,
W4417091791,4,G1523888516,,FA9550-,F4320338279,Air Force Office of Scientific Research,
W4417091791,5,G1564083740,,RS-2025-25464492,F4320335489,Institute for Information and Communications Technology Promotion,
W4417091791,6,G169667129,,RS-2022-NR068812,F4320328359,"Ministry of Science and ICT, South Korea",
W4417091791,7,G1932254719,,HR0011-24-9-0361,F4320332180,Defense Advanced Research Projects Agency,
W4417091791,8,G1982162070,,2020R1A2C2008103,F4320322120,National Research Foundation of Korea,
W4417091791,9,G2145085266,,FA9550-23-1-0338,F4320333591,Multidisciplinary University Research Initiative,
W4417091791,10,G2193698,,2021M3H3A1036573,F4320322120,National Research Foundation of Korea,
W4417091791,11,G2515541506,,HR0011,F4320332180,Defense Advanced Research Projects Agency,
W4417091791,12,G2571185001,,HR0011-24-9-0359,F4320337531,"Defense Sciences Office, DARPA",
W4417091791,13,G2816756416,,RS-2025-25464492,F4320328359,"Ministry of Science and ICT, South Korea",
W4417091791,14,G2882288540,,W911NF2310077,F4320338281,Army Research Office,
W4417091791,15,G3162985271,,W911NF2110325,F4320333591,Multidisciplinary University Research Initiative,
W4417091791,16,G3671239375,,2022M3K4A1094774,F4320322120,National Research Foundation of Korea,
W4417091791,17,G3722242190,,OMA-2137642,F4320338279,Air Force Office of Scientific Research,
W4417091791,18,G3932724887,,RS-2024-00437191,F4320322120,National Research Foundation of Korea,
W4417091791,19,G3998912376,,2E33541,F4320322091,Korea Institute of Science and Technology,
W4417091791,20,G4313910124,,RS-2025-02263264,F4320328359,"Ministry of Science and ICT, South Korea",
W4417091791,21,G431725244,,FA9550-21-1-0209,F4320333591,Multidisciplinary University Research Initiative,
W4417091791,22,G4353251218,,RS-2024-00442710,F4320328359,"Ministry of Science and ICT, South Korea",
W4417091791,23,G4496842895,,RS-2024-00437191,F4320335489,Institute for Information and Communications Technology Promotion,
W4417091791,24,G4516736450,,-21-1-,F4320338279,Air Force Office of Scientific Research,
W4417091791,25,G4629941602,QuIC - TaQS: Interconnects for a Superconducting-Atomic Hybrid Quantum Network,2137642,F4320306076,National Science Foundation,
W4417091791,26,G4700831490,,2022-,F4320335489,Institute for Information and Communications Technology Promotion,
W4417091791,27,G4848018484,,FA9550-23- 1-0338,F4320338279,Air Force Office of Scientific Research,
W4417091791,28,G4876042962,,OMA-1936118,F4320338279,Air Force Office of Scientific Research,
W4417091791,29,G5231341540,,2021M3H3A1036573,F4320328359,"Ministry of Science and ICT, South Korea",
W4417091791,30,G5659690140,,FA9550-19-1-0399,F4320306076,National Science Foundation,
W4417091791,31,G5840886837,,RS-2022-NR068812,F4320322120,National Research Foundation of Korea,
W4417091791,32,G6005882147,,No.2020R1A2C2008103,F4320328359,"Ministry of Science and ICT, South Korea",
W4417091791,33,G6167497367,,FA9550-19-1-0399,F4320338279,Air Force Office of Scientific Research,
W4417091791,34,G6200072800,,RS-2024–00442710,F4320322120,National Research Foundation of Korea,
W4417091791,35,G6518383159,,W911NF2110325,F4320338281,Army Research Office,
W4417091791,36,G6526646931,,FA9550-19-1-0399,F4320333591,Multidisciplinary University Research Initiative,
W4417091791,37,G6547089213,,OSI-2326767,F4320338279,Air Force Office of Scientific Research,
W4417091791,38,G6754093111,,RS-2024-00437191,F4320328359,"Ministry of Science and ICT, South Korea",
W4417091791,39,G6847951071,,RS-2025-25464252,F4320328359,"Ministry of Science and ICT, South Korea",
W4417091791,40,G7420521838,,CCF-2312755,F4320338279,Air Force Office of Scientific Research,
W4417091791,41,G7452299184,,W911NF,F4320338281,Army Research Office,
W4417091791,42,G7576470222,NSF Engineering Research Center for Quantum Networks (CQN),1941583,F4320306076,National Science Foundation,
W4417091791,43,G7796153478,,HR0011-24-9-0359,F4320332180,Defense Advanced Research Projects Agency,
W4417091791,44,G8018385923,,2020-71479,F5876947149,NTT Research,
W4417091791,45,G8232580466,Collaborative Research: FET: Medium: Design and Implementation of Quantum Databases,2312755,F4320306076,National Science Foundation,
W4417091791,46,G922915270,QII-TAQS: Quantum Metrological Platform for Single-Molecule Bio-Sensing,1936118,F4320306076,National Science Foundation,
W4328049562,1,G1210759672,,Contract No. DE-SC0012704,F4320337480,Basic Energy Sciences,
W4328049562,2,G1285306620,,SC0012704,F4320338289,Brookhaven National Laboratory,
W4328049562,3,G1523888516,,FA9550-,F4320338279,Air Force Office of Scientific Research,
W4328049562,4,G1847291448,,DE- SC0012704,F4320337480,Basic Energy Sciences,
W4328049562,5,G1868695577,,No. DE-SC0012704,F4320338289,Brookhaven National Laboratory,
W4328049562,6,G2317953192,Ivan Bozovic Materials Synthesis Investigator,GBMF9074,F4320306202,Gordon and Betty Moore Foundation,
W4328049562,7,G241279073,,DE‐SC0012704,F4320306084,U.S. Department of Energy,
W4328049562,8,G3262563802,,DE- SC0012704,F4320338289,Brookhaven National Laboratory,
W4328049562,9,G357145406,,DE-SC-0012704,F4320332359,Office of Science,
W4328049562,10,G3850097093,,No. DE-SC0012704,F4320332359,Office of Science,
W4328049562,11,G4662383146,,No. DE-SC0012704,F4320337480,Basic Energy Sciences,
W4328049562,12,G4972998915,,Contract No: DESC0012704,F4320306084,U.S. Department of Energy,
W4328049562,13,G5161470134,Pablo Jarillo-Herrero Experimental Investigator Award,GBMF9463,F4320306202,Gordon and Betty Moore Foundation,
W4328049562,14,G5417557083,,Contract No. DE-SC0012704,F4320338289,Brookhaven National Laboratory,
W4328049562,15,G5633341255,,No. DE-SC0012704,F4320306084,U.S. Department of Energy,
W4328049562,16,G5728601243,,00001,F4320337480,Basic Energy Sciences,
W4328049562,17,G5765906131,,SC0012704.,F4320306084,U.S. Department of Energy,
W4328049562,18,G6083127429,,00001,F4320306084,U.S. Department of Energy,
W4328049562,19,G6366692860,QII-TAQS: Characterizing and Utilizing 2D van der Wals Materials with Superconducting Qubits,1936263,F4320306076,National Science Foundation,
W4328049562,20,G6733788163,,Contract No. DE-SC0012704,F4320332359,Office of Science,
W4328049562,21,G6965541988,,SC0012704,F4320337480,Basic Energy Sciences,
W4328049562,22,G7463374569,,SC0012704,F4320332359,Office of Science,
W4328049562,23,G872144517,,DE-SC0012704,F4320306076,National Science Foundation,
W4309403931,1,G1268556693,"HYBRID ELECTRO- AND ACOUSTO-DYNAMICAL SYSTEMS FOR QUANTUM 
OPTICAL NETWORKS (HEADS-QON)",DESC0020376,F4320306084,U.S. Department of Energy,
W4309403931,2,G1523888516,,FA9550-,F4320338279,Air Force Office of Scientific Research,
W4309403931,3,G1799408541,,EEC-1941583,F4320338279,Air Force Office of Scientific Research,
W4309403931,4,G2315199764,,W911NF2010248,F4320338281,Army Research Office,
W4309403931,5,G2515541506,,HR0011,F4320332180,Defense Advanced Research Projects Agency,
W4309403931,6,G36446433,,FA9550-20-1,F4320338279,Air Force Office of Scientific Research,
W4309403931,7,G3964890580,,FA9550-20-1-01015,F4320338279,Air Force Office of Scientific Research,
W4309403931,8,G4250988909,"R&D, SCIENCE AND ENGINEERING, IN THE AREA OF QUANTUM ACCELERATOR",FA95502110056,F4320306078,U.S. Department of Defense,
W4309403931,9,G4345599279,RAISE-TAQS: Towards a Quantum Cloud,1839197,F4320306076,National Science Foundation,
W4309403931,10,G4516736450,,-21-1-,F4320338279,Air Force Office of Scientific Research,
W4309403931,11,G5729145195,,FA9550-20,F4320338279,Air Force Office of Scientific Research,
W4309403931,12,G6478756169,,FA9550-21,F4320338279,Air Force Office of Scientific Research,
W4309403931,13,G650199722,,HR0011-20-C-0137,F4320306078,U.S. Department of Defense,
W4309403931,14,G7262863754,,1941583,F4320306084,U.S. Department of Energy,
W4309403931,15,G7444832178,,EEC-1941583,F4320306084,U.S. Department of Energy,
W4309403931,16,G7576470222,NSF Engineering Research Center for Quantum Networks (CQN),1941583,F4320306076,National Science Foundation,
W4309403931,17,G763165814,,HR0011‐20‐C‐0137,F4320332180,Defense Advanced Research Projects Agency,
W4309403931,18,G7960451496,,FA9550-21-1-0056,F4320338294,Air Force Research Laboratory,
W4309403931,19,G8272395578,QUANTUM NANOPHOTONICS WITH LITHIUM NIOBATE,W911NF2010248,F4320306078,U.S. Department of Defense,
W4309403931,20,G8289759875,,FA9550,F4320338294,Air Force Research Laboratory,
W4381547534,1,G1827016238,,PGSD‐3,F4320334593,Natural Sciences and Engineering Research Council of Canada,
W4381547534,2,G4979520727,EAGER:Scalable Photonic AI Accelerators Based on Photoelectric Multiplication,1946976,F4320306076,National Science Foundation,
W4381547534,3,G5575697003,"Ultrahigh Resolution, Deep Penetration Optical Coherence Tomography (OCT) for Noninvasive Imaging of the Inner Ear",517053-2018,F4320334593,Natural Sciences and Engineering Research Council of Canada,
W4381547534,4,G6804949641,Graduate Research Fellowship Program (GRFP),1745302,F4320306076,National Science Foundation,
W4381547534,5,G7452299184,,W911NF,F4320338281,Army Research Office,
W4381547534,6,G805375031,,W911NF1820048,F4320338281,Army Research Office,
W4221162837,1,G1268556693,"HYBRID ELECTRO- AND ACOUSTO-DYNAMICAL SYSTEMS FOR QUANTUM 
OPTICAL NETWORKS (HEADS-QON)",DESC0020376,F4320306084,U.S. Department of Energy,
W4221162837,2,G2315199764,,W911NF2010248,F4320338281,Army Research Office,
W4221162837,3,G2335928686,"Expeditions: Coherent Ising Machines for Optimization, Machine Learning and Neuromorphic Computing",1918549,F4320306076,National Science Foundation,
W4221162837,4,G2419087645,NNCI: nano@stanford,2026822,F4320306076,National Science Foundation,
W4221162837,5,G303061748,,DE–AC02–76SF00515,F4320306084,U.S. Department of Energy,
W4221162837,6,G3725396960,"NNCI: Stanford University - SNSF, SNF, MAF, EMF",1542152,F4320306076,National Science Foundation,
W4221162837,7,G4198572546,QuIC-TAQS: Integrated Lithium Niobate Quantum Photonics Platform,2137723,F4320306076,National Science Foundation,
W4221162837,8,G4345599279,RAISE-TAQS: Towards a Quantum Cloud,1839197,F4320306076,National Science Foundation,
W4221162837,9,G4359690165,NSF Convergence Accelerator Track C: Interconnecting Quantum Computers for the Next-Generation Internet,2040695,F4320306076,National Science Foundation,
W4221162837,10,G4371475704,EFRI ACQUIRE: Development of scalable quantum networks using ion chips and integrated photonics,1741651,F4320306076,National Science Foundation,
W4221162837,11,G4653132146,,S10RR02557401,F4320337375,National Center for Research Resources,
W4221162837,12,G5970606412,NNCI: The Center for Nanoscale System (CNS) at Harvard University,1541959,F4320306076,National Science Foundation,
W4221162837,13,G7576470222,NSF Engineering Research Center for Quantum Networks (CQN),1941583,F4320306076,National Science Foundation,
W4221162837,14,G8640644076,,DMR-12313 19,F4320306076,National Science Foundation,
W4221162837,15,G8769446519,,NTT Research 146395,F4320322402,Nippon Telegraph and Telephone,
W4221161984,1,G1404049065,,FA9550-21-1-0209,F4320338279,Air Force Office of Scientific Research,
W4221161984,2,G1432373144,,W911NF-21-1-,F4320338281,Army Research Office,
W4221161984,3,G1482135624,,W911NF-18-1-0020,F4320338279,Air Force Office of Scientific Research,
W4221161984,4,G1523888516,,FA9550-,F4320338279,Air Force Office of Scientific Research,
W4221161984,5,G165179637,,W911NF1610349,F4320333591,Multidisciplinary University Research Initiative,
W4221161984,6,G1770223817,,FA864921P0781,F4320338294,Air Force Research Laboratory,
W4221161984,7,G1799408541,,EEC-1941583,F4320338279,Air Force Office of Scientific Research,
W4221161984,8,G2598085392,,W911NF-16-1-0349,F4320338279,Air Force Office of Scientific Research,
W4221161984,9,G3067963855,,W911NF-18-1-0020,F4320338281,Army Research Office,
W4221161984,10,G3162985271,,W911NF2110325,F4320333591,Multidisciplinary University Research Initiative,
W4221161984,11,G3392305090,,-16-1-,F4320338279,Air Force Office of Scientific Research,
W4221161984,12,G431725244,,FA9550-21-1-0209,F4320333591,Multidisciplinary University Research Initiative,
W4221161984,13,G4516736450,,-21-1-,F4320338279,Air Force Office of Scientific Research,
W4221161984,14,G4876042962,,OMA-1936118,F4320338279,Air Force Office of Scientific Research,
W4221161984,15,G4962106257,,W911NF-18-1-0212,F4320338281,Army Research Office,
W4221161984,16,G507237395,The Institute for Quantum Information and Matter: Advancing the Entanglement Frontier,1733907,F4320306076,National Science Foundation,
W4221161984,17,G5298762856,,FA9550-21-1-0209,F4320338294,Air Force Research Laboratory,
W4221161984,18,G5659690140,,FA9550-19-1-0399,F4320306076,National Science Foundation,
W4221161984,19,G6167497367,,FA9550-19-1-0399,F4320338279,Air Force Office of Scientific Research,
W4221161984,20,G6518383159,,W911NF2110325,F4320338281,Army Research Office,
W4221161984,21,G6526646931,,FA9550-19-1-0399,F4320333591,Multidisciplinary University Research Initiative,
W4221161984,22,G657448715,,W911NF-16-1-,F4320338281,Army Research Office,
W4221161984,23,G6757688426,,W911NF2010232,F4320338279,Air Force Office of Scientific Research,
W4221161984,24,G7452299184,,W911NF,F4320338281,Army Research Office,
W4221161984,25,G7500482128,,W911NF-18-1-0212,F4320338279,Air Force Office of Scientific Research,
W4221161984,26,G7576470222,NSF Engineering Research Center for Quantum Networks (CQN),1941583,F4320306076,National Science Foundation,
W4221161984,27,G7900882,,W911NF-16- 1-0349,F4320338281,Army Research Office,
W4221161984,28,G8183070802,,W911NF-15-1-0397,F4320338279,Air Force Office of Scientific Research,
W4221161984,29,G8289759875,,FA9550,F4320338294,Air Force Research Laboratory,
W4221161984,30,G8672390710,,2020-71479,F4320306079,David and Lucile Packard Foundation,
W4221161984,31,G922915270,QII-TAQS: Quantum Metrological Platform for Single-Molecule Bio-Sensing,1936118,F4320306076,National Science Foundation,
W4392698938,1,G102163711,,DE‐ AC02‐06CH11357,F4320306084,U.S. Department of Energy,
W4392698938,2,G1286251239,,DE-AC02,F4320337480,Basic Energy Sciences,
W4392698938,3,G1453181110,,#2138286,F4320337377,Office of Advanced Cyberinfrastructure,
W4392698938,4,G1657001476,,DE-AC02-06CH11357,F4320337345,Office of Naval Research,
W4392698938,5,G1770223817,,FA864921P0781,F4320338294,Air Force Research Laboratory,
W4392698938,6,G1912064254,Track 4:  Advanced CI Coordination Ecosystem: Monitoring and Measurement Services,2137603,F4320306076,National Science Foundation,
W4392698938,7,G1960553131,Magnetic-field Control of Ionic Bonds on Polar Surfaces by Design,2006028,F4320306076,National Science Foundation,
W4392698938,8,G2027916244,,CBET-2006028,F4320337390,"Division of Chemical, Bioengineering, Environmental, and Transport Systems",
W4392698938,9,G2180993100,CAREER: Realizing Ultra-Broadband Terahertz Communication Networks,2011411,F4320306076,National Science Foundation,
W4392698938,10,G2287611682,,AC02‐06CH11357,F4320332359,Office of Science,
W4392698938,11,G262962599,,AC02‐06CH11357,F4320306084,U.S. Department of Energy,
W4392698938,12,G2882288540,,W911NF2310077,F4320338281,Army Research Office,
W4392698938,13,G3406661761,,2138296,F4320337367,Division of Materials Research,
W4392698938,14,G3562386289,,#2138296,F4320337377,Office of Advanced Cyberinfrastructure,
W4392698938,15,G3589692066,,DE-AC02-06CH11357,F4320337367,Division of Materials Research,
W4392698938,16,G4006316252,Track 1: ACCESS Resource Allocations Marketplace and Platform Services (RAMPS),2138259,F4320306076,National Science Foundation,
W4392698938,17,G4010157413,,2138259,F4320337377,Office of Advanced Cyberinfrastructure,
W4392698938,18,G426311843,,DE-AC- 02-06CH11357,F4320337480,Basic Energy Sciences,
W4392698938,19,G4590128248,,2006028,F4320337390,"Division of Chemical, Bioengineering, Environmental, and Transport Systems",
W4392698938,20,G4629941602,QuIC - TaQS: Interconnects for a Superconducting-Atomic Hybrid Quantum Network,2137642,F4320306076,National Science Foundation,
W4392698938,21,G4676224565,ACO: An Open CI Ecosystem to Advance Scientific Discovery (OpenCI),2138296,F4320306076,National Science Foundation,
W4392698938,22,G498139845,,DE-AC02,F4320332359,Office of Science,
W4392698938,23,G509285653,Track 3: COre National Ecosystem for CyberinfrasTructure (CONECT),2138307,F4320306076,National Science Foundation,
W4392698938,24,G513797252,,DE-AC02–06CH11357,F4320306076,National Science Foundation,
W4392698938,25,G5212984984,,2138286,F4320337367,Division of Materials Research,
W4392698938,26,G5367127336,,#2138307,F4320337377,Office of Advanced Cyberinfrastructure,
W4392698938,27,G5387317844,,AC02‐06CH11357,F4320337480,Basic Energy Sciences,
W4392698938,28,G5464919783,,2137603,F4320337377,Office of Advanced Cyberinfrastructure,
W4392698938,29,G6121277264,,2137603,F4320337367,Division of Materials Research,
W4392698938,30,G6121439157,,N00014-23-1-2144,F4320306076,National Science Foundation,
W4392698938,31,G6848031779,,06CH11357,F4320306084,U.S. Department of Energy,
W4392698938,32,G6918803902,,06CH11357,F4320332359,Office of Science,
W4392698938,33,G6965887028,,2138259,F4320337367,Division of Materials Research,
W4392698938,34,G7452299184,,W911NF,F4320338281,Army Research Office,
W4392698938,35,G7583137537,,06CH11357,F4320337480,Basic Energy Sciences,
W4392698938,36,G8174472116,,2138307,F4320337367,Division of Materials Research,
W4392698938,37,G8300691027,"Track 2: Customized Multi-tier Assistance, Training, and Computational Help (MATCH) for End User ACCESS to CI",2138286,F4320306076,National Science Foundation,
W4392698938,38,G8371563404,,N00014-23-1-2144,F4320337345,Office of Naval Research,
W4392698938,39,G8672390710,,2020-71479,F4320306079,David and Lucile Packard Foundation,
W4392698938,40,G8876996369,,N00014,F4320337345,Office of Naval Research,
W4392698938,41,G969889393,,DE-AC02-,F4320306084,U.S. Department of Energy,
W4392698938,42,G993149817,,DE-AC02-06CH11357 ,F4320332359,Office of Science,
W4410590362,1,G1404049065,,FA9550-21-1-0209,F4320338279,Air Force Office of Scientific Research,
W4410590362,2,G1482135624,,W911NF-18-1-0020,F4320338279,Air Force Office of Scientific Research,
W4410590362,3,G1523888516,,FA9550-,F4320338279,Air Force Office of Scientific Research,
W4410590362,4,G1688234926,,CRC-183,F4320320879,Deutsche Forschungsgemeinschaft,
W4410590362,5,G203625172,,DE--AC05--00OR22725,F4320306084,U.S. Department of Energy,
W4410590362,6,G2322311946,,80NSSC25M7057,F4320306101,National Aeronautics and Space Administration,
W4410590362,7,G3067963855,,W911NF-18-1-0020,F4320338281,Army Research Office,
W4410590362,8,G3990184095,,FA9550-21-1-0209,F4320309626,University of Chicago,
W4410590362,9,G4211410756,,2013-39273,F4320306079,David and Lucile Packard Foundation,
W4410590362,10,G431725244,,FA9550-21-1-0209,F4320333591,Multidisciplinary University Research Initiative,
W4410590362,11,G4516736450,,-21-1-,F4320338279,Air Force Office of Scientific Research,
W4410590362,12,G4962106257,,W911NF-18-1-0212,F4320338281,Army Research Office,
W4410590362,13,G6167497367,,FA9550-19-1-0399,F4320338279,Air Force Office of Scientific Research,
W4410590362,14,G7452299184,,W911NF,F4320338281,Army Research Office,
W4410590362,15,G7576470222,NSF Engineering Research Center for Quantum Networks (CQN),1941583,F4320306076,National Science Foundation,
W4410590362,16,G7900882,,W911NF-16- 1-0349,F4320338281,Army Research Office,
W4410590362,17,G8778025950,EFRI ACQUIRE: Integrated Nanophotonic Solid State Memories for Telecom Wavelength Quantum Repeaters,1640959,F4320306076,National Science Foundation,
W4410590362,18,G922915270,QII-TAQS: Quantum Metrological Platform for Single-Molecule Bio-Sensing,1936118,F4320306076,National Science Foundation,
W3189342376,1,G5003045098,,N00014- 19-1-2190,F4320337345,Office of Naval Research,
W3189342376,2,G7129326012,,4000178321,F4320338287,Oak Ridge National Laboratory,
W3189342376,3,G8037367148,FET: Small: Spectrally Efficient High-dimensional Quantum Communications in an Integrated Quantum Photonic Platform,1907918,F4320306076,National Science Foundation,
W4383371319,1,G1404049065,,FA9550-21-1-0209,F4320338279,Air Force Office of Scientific Research,
W4383371319,2,G1432373144,,W911NF-21-1-,F4320338281,Army Research Office,
W4383371319,3,G1523888516,,FA9550-,F4320338279,Air Force Office of Scientific Research,
W4383371319,4,G165179637,,W911NF1610349,F4320333591,Multidisciplinary University Research Initiative,
W4383371319,5,G2598085392,,W911NF-16-1-0349,F4320338279,Air Force Office of Scientific Research,
W4383371319,6,G3162985271,,W911NF2110325,F4320333591,Multidisciplinary University Research Initiative,
W4383371319,7,G3392305090,,-16-1-,F4320338279,Air Force Office of Scientific Research,
W4383371319,8,G3722242190,,OMA-2137642,F4320338279,Air Force Office of Scientific Research,
W4383371319,9,G4251481996,DISTRIBUTED QUANTUM INFORMATION: THEORY AND APPLICATIONS,DESC0020360,F4320306084,U.S. Department of Energy,
W4383371319,10,G431725244,,FA9550-21-1-0209,F4320333591,Multidisciplinary University Research Initiative,
W4383371319,11,G4516736450,,-21-1-,F4320338279,Air Force Office of Scientific Research,
W4383371319,12,G4578494242,,FA9550-21-1-0008,F4320338279,Air Force Office of Scientific Research,
W4383371319,13,G4629941602,QuIC - TaQS: Interconnects for a Superconducting-Atomic Hybrid Quantum Network,2137642,F4320306076,National Science Foundation,
W4383371319,14,G479317180,"CAREER: Near-term quantum computing: achieving quantum advantage, and next steps",2044923,F4320306076,National Science Foundation,
W4383371319,15,G4876042962,,OMA-1936118,F4320338279,Air Force Office of Scientific Research,
W4383371319,16,G5659690140,,FA9550-19-1-0399,F4320306076,National Science Foundation,
W4383371319,17,G6167497367,,FA9550-19-1-0399,F4320338279,Air Force Office of Scientific Research,
W4383371319,18,G6518383159,,W911NF2110325,F4320338281,Army Research Office,
W4383371319,19,G6526646931,,FA9550-19-1-0399,F4320333591,Multidisciplinary University Research Initiative,
W4383371319,20,G657448715,,W911NF-16-1-,F4320338281,Army Research Office,
W4383371319,21,G6671297155,,CAREER,F4320306076,National Science Foundation,
W4383371319,22,G7452299184,,W911NF,F4320338281,Army Research Office,
W4383371319,23,G7576470222,NSF Engineering Research Center for Quantum Networks (CQN),1941583,F4320306076,National Science Foundation,
W4383371319,24,G7900882,,W911NF-16- 1-0349,F4320338281,Army Research Office,
W4383371319,25,G922915270,QII-TAQS: Quantum Metrological Platform for Single-Molecule Bio-Sensing,1936118,F4320306076,National Science Foundation,
W4386443777,1,G4800547303,,1747426,F4320337367,Division of Materials Research,
W4386443777,2,G4944074465,Convergence QL: Workshop Series: Cross- Sector Connections in Quantum Leap,1747426,F4320306076,National Science Foundation,
W4386443777,3,G5298095028,,DMR-1747426,F4320337367,Division of Materials Research,
W4388628525,1,G102163711,,DE‐ AC02‐06CH11357,F4320306084,U.S. Department of Energy,
W4388628525,2,G1770223817,,FA864921P0781,F4320338294,Air Force Research Laboratory,
W4388628525,3,G2882288540,,W911NF2310077,F4320338281,Army Research Office,
W4388628525,4,G3162985271,,W911NF2110325,F4320333591,Multidisciplinary University Research Initiative,
W4388628525,5,G4211410756,,2013-39273,F4320306079,David and Lucile Packard Foundation,
W4388628525,6,G431725244,,FA9550-21-1-0209,F4320333591,Multidisciplinary University Research Initiative,
W4388628525,7,G4629941602,QuIC - TaQS: Interconnects for a Superconducting-Atomic Hybrid Quantum Network,2137642,F4320306076,National Science Foundation,
W4388628525,8,G600607804,,HR001120C0068,F4320332180,Defense Advanced Research Projects Agency,
W4388628525,9,G6526646931,,FA9550-19-1-0399,F4320333591,Multidisciplinary University Research Initiative,
W4388628525,10,G7444832178,,EEC-1941583,F4320306084,U.S. Department of Energy,
W4388628525,11,G7576470222,NSF Engineering Research Center for Quantum Networks (CQN),1941583,F4320306076,National Science Foundation,
W4388628525,12,G8672390710,,2020-71479,F4320306079,David and Lucile Packard Foundation,
W4388628525,13,G8778025950,EFRI ACQUIRE: Integrated Nanophotonic Solid State Memories for Telecom Wavelength Quantum Repeaters,1640959,F4320306076,National Science Foundation,
W4388628525,14,G922915270,QII-TAQS: Quantum Metrological Platform for Single-Molecule Bio-Sensing,1936118,F4320306076,National Science Foundation,
W4399081709,1,G3216993943,,N00014-22-C-104,F4320337345,Office of Naval Research,
W4399081709,2,G6082771128,,N00014-18-C-1043,F4320337345,Office of Naval Research,
W4399081709,3,G763165814,,HR0011‐20‐C‐0137,F4320332180,Defense Advanced Research Projects Agency,
W4386243923,1,G1910132285,RAISE-TAQS: Room-Temperature Quantum Sensing and Computation using DNA-based Excitonic Circuits,1839155,F4320306076,National Science Foundation,
W4386243923,2,G3162985271,,W911NF2110325,F4320333591,Multidisciplinary University Research Initiative,
W4386243923,3,G4645358078,,W911NF-15-2-0067,F4320338281,Army Research Office,
W4386243923,4,G4800547303,,1747426,F4320337367,Division of Materials Research,
W4386243923,5,G4944074465,Convergence QL: Workshop Series: Cross- Sector Connections in Quantum Leap,1747426,F4320306076,National Science Foundation,
W4386243923,6,G5259331294,,W911NF,F4320338295,Army Research Laboratory,
W4386243923,7,G5298095028,,DMR-1747426,F4320337367,Division of Materials Research,
W4386243923,8,G5610834244,,W911NF-15,F4320338295,Army Research Laboratory,
W4386243923,9,G6518383159,,W911NF2110325,F4320338281,Army Research Office,
W4386243923,10,G7262863754,,1941583,F4320306084,U.S. Department of Energy,
W4386243923,11,G7452299184,,W911NF,F4320338281,Army Research Office,
W4386243923,12,G7576470222,NSF Engineering Research Center for Quantum Networks (CQN),1941583,F4320306076,National Science Foundation,
W4386243923,13,G8257659198,,W911NF-15,F4320338281,Army Research Office,
W4386243923,14,G867139975,,W911NF- 15-2-0067,F4320338295,Army Research Laboratory,
W4408906309,1,G2983565297,,12305030,F4320321001,National Natural Science Foundation of China,
W4408906309,2,G5528670684,,12347104,F4320321001,National Natural Science Foundation of China,
W4414779474,1,G1351616787,,GR108261,F4320338279,Air Force Office of Scientific Research,
W4414779474,2,G2272854739,,FA8750-20-2-1007,F4320338294,Air Force Research Laboratory,
W4414779474,3,G3919286426,A spin-photon interface in silicon for scalable quantum information technologies,NGF.1623.23.027,F4320321800,Nederlandse Organisatie voor Wetenschappelijk Onderzoek,
W4414779474,4,G745509814,,GR108261,F4320306078,U.S. Department of Defense,
W4414779474,5,G7576470222,NSF Engineering Research Center for Quantum Networks (CQN),1941583,F4320306076,National Science Foundation,
W4414779474,6,G8021067896,C: Quantum Networks to Connect Quantum Technology (QuanNeCQT),2134891,F4320306076,National Science Foundation,
W4391786205,1,G729637301,,EEC-1941583,F4320337394,Division of Engineering Education and Centers,
W4387779337,1,G1175115578,,AEI//10.13039/501100011033/,F4320335598,Agencia Estatal de Investigación,
W4387779337,2,G121809054,,MCIN/AEI/10,F4320322930,Ministerio de Ciencia e Innovación,
W4387779337,3,G1855990336,,.13039/501100011033,F4320322930,Ministerio de Ciencia e Innovación,
W4387779337,4,G1954895400,CIF: Medium: Iterative Quantum LDPC Decoders,1855879,F4320306076,National Science Foundation,
W4387779337,5,G210041235,,MCIN /AEI/ 10.13039/501100011033,F4320320300,European Commission,
W4387779337,6,G2262748287,,501100011033,F4320335598,Agencia Estatal de Investigación,
W4387779337,7,G2309174360,,10.13039,F4320322930,Ministerio de Ciencia e Innovación,
W4387779337,8,G2569120085,Collaborative Research: CIF: Medium: QODED: Quantum codes Optimized for the Dynamics between Encoded Computation and Decoding using Classical Coding Techniques,2106189,F4320306076,National Science Foundation,
W4387779337,9,G2601397997,,10.13039/501100011033,F4320320300,European Commission,
W4387779337,10,G2660406951,,/ AEI/10,F4320322930,Ministerio de Ciencia e Innovación,
W4387779337,11,G2793524870,ECCS/CCSS: Neural Network Nonlinear Iterative LDPC Decoders with Guaranteed Error Performance and Fast Convergence,2027844,F4320306076,National Science Foundation,
W4387779337,12,G279363373,,"MCIN/AEI/10.13039/501100011033,",F4320322930,Ministerio de Ciencia e Innovación,
W4387779337,13,G300979063,,10.13039/501100011033,F4320335598,Agencia Estatal de Investigación,
W4387779337,14,G34346518,,MCIN/AEI/10.13039/501 100 011 033,F4320335598,Agencia Estatal de Investigación,
W4387779337,15,G3480869486,,13039,F4320335598,Agencia Estatal de Investigación,
W4387779337,16,G3681454997,,13039/501100011033,F4320320300,European Commission,
W4387779337,17,G4042783231,,501100011033,F4320320300,European Commission,
W4387779337,18,G425668148,,.13039/501100011033,F4320335598,Agencia Estatal de Investigación,
W4387779337,19,G430777504,,10.13039/501100011033/,F4320322930,Ministerio de Ciencia e Innovación,
W4387779337,20,G4404904460,,DE-AC02–07CH11359,F4320337511,High Energy Physics,
W4387779337,21,G498139845,,DE-AC02,F4320332359,Office of Science,
W4387779337,22,G5080475149,,10.13039,F4320335598,Agencia Estatal de Investigación,
W4387779337,23,G5195188938,,/AEI/10.13039/501100011033,F4320320300,European Commission,
W4387779337,24,G5421974903,,501100011033,F4320322930,Ministerio de Ciencia e Innovación,
W4387779337,25,G5616713406,,DE-AC02-07CH11359,F4320306076,National Science Foundation,
W4387779337,26,G585908603,,AC02-07CH11359,F4320306084,U.S. Department of Energy,
W4387779337,27,G7084143925,,AEI/10,F4320335598,Agencia Estatal de Investigación,
W4387779337,28,G716412294,,DE–AC02–07CH11359,F4320332359,Office of Science,
W4387779337,29,G7576470222,NSF Engineering Research Center for Quantum Networks (CQN),1941583,F4320306076,National Science Foundation,
W4387779337,30,G767368701,Collaborative Research: Secure and Efficient Post-quantum Cryptography: from Coding Theory to Hardware Architecture,2052751,F4320306076,National Science Foundation,
W4387779337,31,G7789950527,CIF: Small: Learning To Correct Errors,2100013,F4320306076,National Science Foundation,
W4387779337,32,G8115361047,,PCI2022-132922,F4320330828,QuantERA,
W4387779337,33,G8299796808,,CIF-1855879,F4320335598,Agencia Estatal de Investigación,
W4387779337,34,G86560745,,DE‐AC02‐07CH11359,F4320306084,U.S. Department of Energy,
W4387779337,35,G897484643,,MCIN /AEI /10.13039,F4320322930,Ministerio de Ciencia e Innovación,
W4387779337,36,G969889393,,DE-AC02-,F4320306084,U.S. Department of Energy,
W4387779337,37,G99296377,,/AEI/10.13039/ 501100011033,F4320322930,Ministerio de Ciencia e Innovación,
W3208137406,1,G6804949641,Graduate Research Fellowship Program (GRFP),1745302,F4320306076,National Science Foundation,
W3208137406,2,G766715922,,181596,F4320306076,National Science Foundation,
W4389168091,1,G7649446922,NeTS: Small: Fundamentals of Internet-of-Things with Energy Harvesting and Edge Intelligence,1814477,F4320306076,National Science Foundation,
W4406261570,1,G4413222662,Collaborative Research: CNS Core: Medium: Design and Analysis of Quantum Networks for Entanglement Distribution,1955744,F4320306076,National Science Foundation,
W4406261706,1,G2316705563,FET: Small: Quantum-secure quantum-enhanced covert networks over generalized bosonic channels,2006679,F4320306076,National Science Foundation,
W4393096420,1,G2804755614,,R15GM123405,F4320306076,National Science Foundation,
W4393096420,2,G3623579722,,1941583,F4320332161,National Institutes of Health,
W4393096420,3,G6395258956,High Density 3D Printed Microfluidics for Cell-Based Biomedical Applications,2r15gm123405-03,F4320332161,National Institutes of Health,
W4393096420,4,G6733861295,,R15GM123405,F4320337354,National Institute of General Medical Sciences,
W4393096420,5,G7576470222,NSF Engineering Research Center for Quantum Networks (CQN),1941583,F4320306076,National Science Foundation,
W3196906442,1,G7586621749,,FET-1910859,F4320321001,National Natural Science Foundation of China,
W4318483065,1,G2393829365,,2018B030326001,F4320333334,Guangdong Province Introduction of Innovative R&D Team,
W4318483065,2,G3048917105,,2016YFA0300802,F4320335777,National Key Research and Development Program of China,
W4318483065,3,G6983137340,,KYTDPT20181011104202253,F4320326705,"Science, Technology and Innovation Commission of Shenzhen Municipality",
W4318483065,4,G7148632242,,2016ZT06D348,F4320313609,Guangdong Innovative and Entrepreneurial Research Team Program,
W4318483065,5,G8235530901,,11704022,F4320321001,National Natural Science Foundation of China,
W4318483065,6,G925970489,,12104208,F4320321001,National Natural Science Foundation of China,
W4318483065,7,G957826975,,U1801661,F4320321001,National Natural Science Foundation of China,
W4380626936,1,G7576470222,NSF Engineering Research Center for Quantum Networks (CQN),1941583,F4320306076,National Science Foundation,
W4389484691,1,G1327561392,CAREER:Understanding the Effects of the Immediate Environment on Intrinsic Properties of 2D Crystals: From Fundamental Science to Real World Applications,1752840,F4320306076,National Science Foundation,
W4389484691,2,G1453181110,,#2138286,F4320337377,Office of Advanced Cyberinfrastructure,
W4389484691,3,G1912064254,Track 4:  Advanced CI Coordination Ecosystem: Monitoring and Measurement Services,2137603,F4320306076,National Science Foundation,
W4389484691,4,G2265311722,,PHY180014,F4320306076,National Science Foundation,
W4389484691,5,G3406661761,,2138296,F4320337367,Division of Materials Research,
W4389484691,6,G3562386289,,#2138296,F4320337377,Office of Advanced Cyberinfrastructure,
W4389484691,7,G4006316252,Track 1: ACCESS Resource Allocations Marketplace and Platform Services (RAMPS),2138259,F4320306076,National Science Foundation,
W4389484691,8,G4010157413,,2138259,F4320337377,Office of Advanced Cyberinfrastructure,
W4389484691,9,G509285653,Track 3: COre National Ecosystem for CyberinfrasTructure (CONECT),2138307,F4320306076,National Science Foundation,
W4389484691,10,G5212984984,,2138286,F4320337367,Division of Materials Research,
W4389484691,11,G5265787806,,FA9550‐20‐1‐0247,F4320338279,Air Force Office of Scientific Research,
W4389484691,12,G5367127336,,#2138307,F4320337377,Office of Advanced Cyberinfrastructure,
W4389484691,13,G5464919783,,2137603,F4320337377,Office of Advanced Cyberinfrastructure,
W4389484691,14,G6098521345,,FA9550,F4320337345,Office of Naval Research,
W4389484691,15,G6121277264,,2137603,F4320337367,Division of Materials Research,
W4389484691,16,G658188659,,DMR‐1752840,F4320306159,W. M. Keck Foundation,
W4389484691,17,G6965887028,,2138259,F4320337367,Division of Materials Research,
W4389484691,18,G723389571,,DMR-1752840,F4320337367,Division of Materials Research,
W4389484691,19,G8174472116,,2138307,F4320337367,Division of Materials Research,
W4389484691,20,G8300691027,"Track 2: Customized Multi-tier Assistance, Training, and Computational Help (MATCH) for End User ACCESS to CI",2138286,F4320306076,National Science Foundation,
W4389484691,21,G894443915,Collaborative Research: Antiferromagnetic Spin-Flop Transitions in Heusler-Piezoelectric Systems Induced via Voltage,1905662,F4320306076,National Science Foundation,
W4392632496,1,G7576470222,NSF Engineering Research Center for Quantum Networks (CQN),1941583,F4320306076,National Science Foundation,
W4366502860,1,G8798373195,,HR00112220011,F4320337531,"Defense Sciences Office, DARPA",
W4396822288,1,G1086096196,,desc0019166,F4320337480,Basic Energy Sciences,
W4396822288,2,G130463927,,PHY-1607611,F4320306084,U.S. Department of Energy,
W4396822288,3,G1404049065,,FA9550-21-1-0209,F4320338279,Air Force Office of Scientific Research,
W4396822288,4,G1418946953,,PHY-1607611,F4320332359,Office of Science,
W4396822288,5,G1432373144,,W911NF-21-1-,F4320338281,Army Research Office,
W4396822288,6,G1442400458,QuSeC-TAQS: Nanoscale Covariance Magnetometry with Diamond Quantum Sensors,2326767,F4320306076,National Science Foundation,
W4396822288,7,G1523888516,,FA9550-,F4320338279,Air Force Office of Scientific Research,
W4396822288,8,G1932254719,,HR0011-24-9-0361,F4320332180,Defense Advanced Research Projects Agency,
W4396822288,9,G2229954460,,PHY1607611,F4320310042,Aspen Center for Physics,
W4396822288,10,G2432923657,,1607611,F4320310042,Aspen Center for Physics,
W4396822288,11,G2522309537,,1839271,F4320337367,Division of Materials Research,
W4396822288,12,G2882288540,,W911NF2310077,F4320338281,Army Research Office,
W4396822288,13,G3162985271,,W911NF2110325,F4320333591,Multidisciplinary University Research Initiative,
W4396822288,14,G3722242190,,OMA-2137642,F4320338279,Air Force Office of Scientific Research,
W4396822288,15,G409573503,Quantum dynamics in driven and disordered systems: Floquet topological control and flow methods for many body localization,1839271,F4320306076,National Science Foundation,
W4396822288,16,G431725244,,FA9550-21-1-0209,F4320333591,Multidisciplinary University Research Initiative,
W4396822288,17,G4516736450,,-21-1-,F4320338279,Air Force Office of Scientific Research,
W4396822288,18,G4629941602,QuIC - TaQS: Interconnects for a Superconducting-Atomic Hybrid Quantum Network,2137642,F4320306076,National Science Foundation,
W4396822288,19,G4848018484,,FA9550-23- 1-0338,F4320338279,Air Force Office of Scientific Research,
W4396822288,20,G4876042962,,OMA-1936118,F4320338279,Air Force Office of Scientific Research,
W4396822288,21,G5659690140,,FA9550-19-1-0399,F4320306076,National Science Foundation,
W4396822288,22,G6167497367,,FA9550-19-1-0399,F4320338279,Air Force Office of Scientific Research,
W4396822288,23,G6518383159,,W911NF2110325,F4320338281,Army Research Office,
W4396822288,24,G6526646931,,FA9550-19-1-0399,F4320333591,Multidisciplinary University Research Initiative,
W4396822288,25,G6547089213,,OSI-2326767,F4320338279,Air Force Office of Scientific Research,
W4396822288,26,G7420521838,,CCF-2312755,F4320338279,Air Force Office of Scientific Research,
W4396822288,27,G7452299184,,W911NF,F4320338281,Army Research Office,
W4396822288,28,G7576470222,NSF Engineering Research Center for Quantum Networks (CQN),1941583,F4320306076,National Science Foundation,
W4396822288,29,G7751617623,"Programs on Critical Problems in Physics, Astrophysics and Biophysics at the Aspen Center for Physics",1607611,F4320306076,National Science Foundation,
W4396822288,30,G7796153478,,HR0011-24-9-0359,F4320332180,Defense Advanced Research Projects Agency,
W4396822288,31,G8232580466,Collaborative Research: FET: Medium: Design and Implementation of Quantum Databases,2312755,F4320306076,National Science Foundation,
W4396822288,32,G922915270,QII-TAQS: Quantum Metrological Platform for Single-Molecule Bio-Sensing,1936118,F4320306076,National Science Foundation,
W4396817112,1,G1523888516,,FA9550-,F4320338279,Air Force Office of Scientific Research,
W4396817112,2,G1799408541,,EEC-1941583,F4320338279,Air Force Office of Scientific Research,
W4396817112,3,G2027002873,NNCI: Center for Nanoscale Systems (CNS),2025158,F4320306076,National Science Foundation,
W4396817112,4,G2347808973,,ECCS-2025158,F4320337392,"Division of Electrical, Communications and Cyber Systems",
W4396817112,5,G36446433,,FA9550-20-1,F4320338279,Air Force Office of Scientific Research,
W4396817112,6,G3964890580,,FA9550-20-1-01015,F4320338279,Air Force Office of Scientific Research,
W4396817112,7,G4671203234,,2025158,F4320337392,"Division of Electrical, Communications and Cyber Systems",
W4396817112,8,G5729145195,,FA9550-20,F4320338279,Air Force Office of Scientific Research,
W4396817112,9,G6906440423,QuIC-TAQS: Implementation of a Neutral-Atom-Photonic-Cluster State,2138068,F4320306076,National Science Foundation,
W4396817112,10,G7576470222,NSF Engineering Research Center for Quantum Networks (CQN),1941583,F4320306076,National Science Foundation,
W4396817112,11,G8862277691,,80NSSC22K0262,F4320306101,National Aeronautics and Space Administration,
W4380994419,1,G1523888516,,FA9550-,F4320338279,Air Force Office of Scientific Research,
W4380994419,2,G36446433,,FA9550-20-1,F4320338279,Air Force Office of Scientific Research,
W4380994419,3,G5569641376,,FA9550-20-1-0105,F4320338279,Air Force Office of Scientific Research,
W4380994419,4,G5729145195,,FA9550-20,F4320338279,Air Force Office of Scientific Research,
W4380994419,5,G7576470222,NSF Engineering Research Center for Quantum Networks (CQN),1941583,F4320306076,National Science Foundation,
W4392490568,1,G1432373144,,W911NF-21-1-,F4320338281,Army Research Office,
W4392490568,2,G1650921002,,UeM019-1,F4320320924,Schweizerischer Nationalfonds zur Förderung der Wissenschaftlichen Forschung,
W4392490568,3,G166830267,Amir Yacoby Experimental Investigator Award,GBMF9468,F4320306202,Gordon and Betty Moore Foundation,
W4392490568,4,G1877134453,,W911NF-21-2-0147,F4320333591,Multidisciplinary University Research Initiative,
W4392490568,5,G1958929389,NCCR SPIN: Spin Qubits in Silicon,225153,F4320320924,Schweizerischer Nationalfonds zur Förderung der Wissenschaftlichen Forschung,
W4392490568,6,G3155092797,,W911NF-21-1-0184,F4320338281,Army Research Office,
W4392490568,7,G3715997057,,W911NF-2120147,F4320338281,Army Research Office,
W4392490568,8,G5161470134,Pablo Jarillo-Herrero Experimental Investigator Award,GBMF9463,F4320306202,Gordon and Betty Moore Foundation,
W4392490568,9,G6098521345,,FA9550,F4320337345,Office of Naval Research,
W4392490568,10,G6369637627,Non-perturbative approaches to strongly correlated many-body systems,212899,F4320320924,Schweizerischer Nationalfonds zur Förderung der Wissenschaftlichen Forschung,
W4392490568,11,G6631512092,,FA9550-19-1-0390,F4320333591,Multidisciplinary University Research Initiative,
W4392490568,12,G7173401321,,W911NF-22-1-0248,F4320338281,Army Research Office,
W4392490568,13,G7452299184,,W911NF,F4320338281,Army Research Office,
W4392490568,14,G8510387532,,UeM019-1,F4320335238,"Staatssekretariat für Bildung, Forschung und Innovation",
W4392490568,15,G993971353,,200021,F4320320924,Schweizerischer Nationalfonds zur Förderung der Wissenschaftlichen Forschung,
W3111156705,1,G1286236842,,-AC02-05CH11231,F4320306084,U.S. Department of Energy,
W3111156705,2,G1314494723,,DE-AC02-05CH11231,F4320338281,Army Research Office,
W3111156705,3,G1414775356,,No. DE-AC02- 05-CH11231,F4320332359,Office of Science,
W3111156705,4,G1816284028,,Contract No. DE-AC02-05-CH11231,F4320306084,U.S. Department of Energy,
W3111156705,5,G1863003419,,DEAC02-05CH11231,F4320306076,National Science Foundation,
W3111156705,6,G2689597472,,GBMF8048,F4320306076,National Science Foundation,
W3111156705,7,G2999910790,,W911NF-18-1-0431,F4320338281,Army Research Office,
W3111156705,8,G3036698953,,GBMF8048,F4320306084,U.S. Department of Energy,
W3111156705,9,G3083819904,,05CH11231,F4320306084,U.S. Department of Energy,
W3111156705,10,G365575497,,No. DE-AC02-05-CH11231,F4320306084,U.S. Department of Energy,
W3111156705,11,G4481661474,,W911NF-18-1-0431,F4320333591,Multidisciplinary University Research Initiative,
W3111156705,12,G4501827968,,AC02-05CH11231,F4320332359,Office of Science,
W3111156705,13,G498139845,,DE-AC02,F4320332359,Office of Science,
W3111156705,14,G6652958823,,05CH11231,F4320332359,Office of Science,
W3111156705,15,G7452299184,,W911NF,F4320338281,Army Research Office,
W3111156705,16,G805243471,,Contract No. DE-AC02-05CH11231,F4320332359,Office of Science,
W3111156705,17,G8434747894,PHOTONICS AT THERMODYNAMIC LIMITS,DESC0019140,F4320306084,U.S. Department of Energy,
W3111156705,18,G8646209385,,DE-SC0019140,F4320306076,National Science Foundation,
W3111156705,19,G8676588572,Prineha Narang Moore Inventor Fellow Award,GBMF8048,F4320306202,Gordon and Betty Moore Foundation,
W3111156705,20,G969889393,,DE-AC02-,F4320306084,U.S. Department of Energy,
W4392487768,1,G107522343,PFCQC: STAQ: Software-Tailored Architecture for Quantum co-design,1818914,F4320306076,National Science Foundation,
W4392487768,2,G5476995083,QLCI-CI: NSF Quantum Leap Challenge Institute for Hybrid Quantum Architectures and Networks,2016136,F4320306076,National Science Foundation,
W4413184743,1,G7576470222,NSF Engineering Research Center for Quantum Networks (CQN),1941583,F4320306076,National Science Foundation,
W4390672781,1,G1160162850,,FA95501610323,F4320338279,Air Force Office of Scientific Research,
W4390672781,2,G1230266125,,EXC‐2056,F4320320879,Deutsche Forschungsgemeinschaft,
W4390672781,3,G1326949761,,FA9550-16-1-0323,F4320333591,Multidisciplinary University Research Initiative,
W4390672781,4,G1439022954,,FA8702-15-D-0001,F4320306084,U.S. Department of Energy,
W4390672781,5,G149988304,,PHY-1734011,F4320334437,"Center for Ultracold Atoms, Massachusetts Institute of Technology",
W4390672781,6,G1799408541,,EEC-1941583,F4320338279,Air Force Office of Scientific Research,
W4390672781,7,G2198041244,,FA8702-15-D-0001,F4320333566,National Defense Science and Engineering Graduate,
W4390672781,8,G2554244226,,1541959,F4320338279,Air Force Office of Scientific Research,
W4390672781,9,G2598543277,,FA9550171002,F4320338279,Air Force Office of Scientific Research,
W4390672781,10,G3174456158,CONTROLLED SYNTHESIS OF SOLID-STATE QUANTUM EMITTER ARRAYS FOR QUANTUM COMPUTING AND SIMULATION,DESC0020115,F4320306084,U.S. Department of Energy,
W4390672781,11,G3328784144,EXC 2056: CUI: Advanced Imaging of Matter,390715994,F4320320879,Deutsche Forschungsgemeinschaft,
W4390672781,12,G3982019494,,FA8702-15-D-0001,F4320306101,National Aeronautics and Space Administration,
W4390672781,13,G4198572546,QuIC-TAQS: Integrated Lithium Niobate Quantum Photonics Platform,2137723,F4320306076,National Science Foundation,
W4390672781,14,G440953257,,390715994,F4320306084,U.S. Department of Energy,
W4390672781,15,G4467004105,,5710004174,F4320337395,Division of Emerging Frontiers in Research and Innovation,
W4390672781,16,G4694536500,,FA8702-15-D-0001,F4320309369,Massachusetts Institute of Technology,
W4390672781,17,G4973792023,Graduate Research Fellowship Program (GRFP),1745303,F4320306076,National Science Foundation,
W4390672781,18,G5128061910,,1541959,F4320333566,National Defense Science and Engineering Graduate,
W4390672781,19,G5295208202,,FA9550171002,F4320333591,Multidisciplinary University Research Initiative,
W4390672781,20,G5631081224,,ID 39 071 5994,F4320320879,Deutsche Forschungsgemeinschaft,
W4390672781,21,G5937005037,Physics and Applications of Quantum Nanophotonics Systems,2012023,F4320306076,National Science Foundation,
W4390672781,22,G5970606412,NNCI: The Center for Nanoscale System (CNS) at Harvard University,1541959,F4320306076,National Science Foundation,
W4390672781,23,G6989111256,,16KIS1592K,F4320321114,Bundesministerium für Bildung und Forschung,
W4390672781,24,G7166665977,Center for Ultracold Atoms,1734011,F4320306076,National Science Foundation,
W4390672781,25,G7444832178,,EEC-1941583,F4320306084,U.S. Department of Energy,
W4390672781,26,G7576470222,NSF Engineering Research Center for Quantum Networks (CQN),1941583,F4320306076,National Science Foundation,
W4390672781,27,G7754291838,,5710004174,F4320306076,National Science Foundation,
W4390672781,28,G8752890955,,FA8702-15-D-0001,F4320338279,Air Force Office of Scientific Research,
W4390672781,29,G8925520787,,1541959,F4320320696,"Agency for Science, Technology and Research",
W4390793745,1,G102163711,,DE‐ AC02‐06CH11357,F4320306084,U.S. Department of Energy,
W4390793745,2,G1055550527,,DE-AC02-06CH11357,F4320309626,University of Chicago,
W4390793745,3,G107522343,PFCQC: STAQ: Software-Tailored Architecture for Quantum co-design,1818914,F4320306076,National Science Foundation,
W4390793745,4,G107546177,,DE- AC02-06-CH11357,F4320338284,Argonne National Laboratory,
W4390793745,5,G1313983767,,DE-AC02,F4320338284,Argonne National Laboratory,
W4390793745,6,G1372115314,,EXC-2046,F4320320879,Deutsche Forschungsgemeinschaft,
W4390793745,7,G1404049065,,FA9550-21-1-0209,F4320338279,Air Force Office of Scientific Research,
W4390793745,8,G1432373144,,W911NF-21-1-,F4320338281,Army Research Office,
W4390793745,9,G1523888516,,FA9550-,F4320338279,Air Force Office of Scientific Research,
W4390793745,10,G1664757510,,AC02–06CH11357,F4320338284,Argonne National Laboratory,
W4390793745,11,G1688234926,,CRC-183,F4320320879,Deutsche Forschungsgemeinschaft,
W4390793745,12,G1770223817,,FA864921P0781,F4320338294,Air Force Research Laboratory,
W4390793745,13,G1813248907,,DMR-1747426,F4320338279,Air Force Office of Scientific Research,
W4390793745,14,G2033548659,,EXC‐2046/1,F4320320879,Deutsche Forschungsgemeinschaft,
W4390793745,15,G2287611682,,AC02‐06CH11357,F4320332359,Office of Science,
W4390793745,16,G262962599,,AC02‐06CH11357,F4320306084,U.S. Department of Energy,
W4390793745,17,G2882288540,,W911NF2310077,F4320338281,Army Research Office,
W4390793745,18,G3075337988,,06CH11357,F4320338284,Argonne National Laboratory,
W4390793745,19,G3077665131,QLCI-CI: NSF Quantum Leap Challenge Institute for Present and Future Quantum Computing,2016245,F4320306076,National Science Foundation,
W4390793745,20,G3162985271,,W911NF2110325,F4320333591,Multidisciplinary University Research Initiative,
W4390793745,21,G3479632140,,DE-AC02-06CH11357,F4320320879,Deutsche Forschungsgemeinschaft,
W4390793745,22,G3589692066,,DE-AC02-06CH11357,F4320337367,Division of Materials Research,
W4390793745,23,G3722242190,,OMA-2137642,F4320338279,Air Force Office of Scientific Research,
W4390793745,24,G3990184095,,FA9550-21-1-0209,F4320309626,University of Chicago,
W4390793745,25,G4020565512,,CCF-1813814,F4320306084,U.S. Department of Energy,
W4390793745,26,G431725244,,FA9550-21-1-0209,F4320333591,Multidisciplinary University Research Initiative,
W4390793745,27,G4516736450,,-21-1-,F4320338279,Air Force Office of Scientific Research,
W4390793745,28,G4629941602,QuIC - TaQS: Interconnects for a Superconducting-Atomic Hybrid Quantum Network,2137642,F4320306076,National Science Foundation,
W4390793745,29,G4639932191,,2016245,F4320338281,Army Research Office,
W4390793745,30,G4800547303,,1747426,F4320337367,Division of Materials Research,
W4390793745,31,G4876042962,,OMA-1936118,F4320338279,Air Force Office of Scientific Research,
W4390793745,32,G4943919972,,390685689,F4320306076,National Science Foundation,
W4390793745,33,G4944074465,Convergence QL: Workshop Series: Cross- Sector Connections in Quantum Leap,1747426,F4320306076,National Science Foundation,
W4390793745,34,G498139845,,DE-AC02,F4320332359,Office of Science,
W4390793745,35,G513797252,,DE-AC02–06CH11357,F4320306076,National Science Foundation,
W4390793745,36,G5298095028,,DMR-1747426,F4320337367,Division of Materials Research,
W4390793745,37,G5298762856,,FA9550-21-1-0209,F4320338294,Air Force Research Laboratory,
W4390793745,38,G5659690140,,FA9550-19-1-0399,F4320306076,National Science Foundation,
W4390793745,39,G5853193109,,EXC‐2046/1,F4320330291,Berlin Mathematics Research Center MATH+,
W4390793745,40,G6167497367,,FA9550-19-1-0399,F4320338279,Air Force Office of Scientific Research,
W4390793745,41,G6518383159,,W911NF2110325,F4320338281,Army Research Office,
W4390793745,42,G6526646931,,FA9550-19-1-0399,F4320333591,Multidisciplinary University Research Initiative,
W4390793745,43,G6848031779,,06CH11357,F4320306084,U.S. Department of Energy,
W4390793745,44,G6918803902,,06CH11357,F4320332359,Office of Science,
W4390793745,45,G741291543,,DE-AC02-06CH11357,F4320338279,Air Force Office of Scientific Research,
W4390793745,46,G7452299184,,W911NF,F4320338281,Army Research Office,
W4390793745,47,G7576470222,NSF Engineering Research Center for Quantum Networks (CQN),1941583,F4320306076,National Science Foundation,
W4390793745,48,G7725451807,EXC 2046: MATH+: Berlin Mathematics Research Center,390685689,F4320320879,Deutsche Forschungsgemeinschaft,
W4390793745,49,G7802408855,,390685689,F4320321114,Bundesministerium für Bildung und Forschung,
W4390793745,50,G8289759875,,FA9550,F4320338294,Air Force Research Laboratory,
W4390793745,51,G8396343115,AF: Small: Toward Applications and Verification of Early Quantum Computers,1813814,F4320306076,National Science Foundation,
W4390793745,52,G8785581450,,EXC-2046/1,F4320306076,National Science Foundation,
W4390793745,53,G8964763783,,390685689,F4320330291,Berlin Mathematics Research Center MATH+,
W4390793745,54,G922915270,QII-TAQS: Quantum Metrological Platform for Single-Molecule Bio-Sensing,1936118,F4320306076,National Science Foundation,
W4390793745,55,G969889393,,DE-AC02-,F4320306084,U.S. Department of Energy,
W4390793745,56,G993149817,,DE-AC02-06CH11357 ,F4320332359,Office of Science,
W4313494717,1,G121915436,,DEAC05- 00OR22725,F4320332359,Office of Science,
W4313494717,2,G1352987678,,FA9550-18-1-0161,F4320338279,Air Force Office of Scientific Research,
W4313494717,3,G1404049065,,FA9550-21-1-0209,F4320338279,Air Force Office of Scientific Research,
W4313494717,4,G1432373144,,W911NF-21-1-,F4320338281,Army Research Office,
W4313494717,5,G1482135624,,W911NF-18-1-0020,F4320338279,Air Force Office of Scientific Research,
W4313494717,6,G1523888516,,FA9550-,F4320338279,Air Force Office of Scientific Research,
W4313494717,7,G1528409558,,No. DE-AC05-00OR22725,F4320332359,Office of Science,
W4313494717,8,G1645119126,,AC05-00OR22725,F4320306084,U.S. Department of Energy,
W4313494717,9,G165179637,,W911NF1610349,F4320333591,Multidisciplinary University Research Initiative,
W4313494717,10,G1770223817,,FA864921P0781,F4320338294,Air Force Research Laboratory,
W4313494717,11,G1799408541,,EEC-1941583,F4320338279,Air Force Office of Scientific Research,
W4313494717,12,G1813248907,,DMR-1747426,F4320338279,Air Force Office of Scientific Research,
W4313494717,13,G203625172,,DE--AC05--00OR22725,F4320306084,U.S. Department of Energy,
W4313494717,14,G2072961586,,#FP00010905,F4320306084,U.S. Department of Energy,
W4313494717,15,G2269417659,,DE-AC05-00OR22725,F4320338294,Air Force Research Laboratory,
W4313494717,16,G2411683797,,DEAC05- 00OR22725,F4320306076,National Science Foundation,
W4313494717,17,G2598085392,,W911NF-16-1-0349,F4320338279,Air Force Office of Scientific Research,
W4313494717,18,G2988778103,,DE-AC05?,F4320306084,U.S. Department of Energy,
W4313494717,19,G3049477530,,Contract No. DE-AC05-00OR22725,F4320306084,U.S. Department of Energy,
W4313494717,20,G3067963855,,W911NF-18-1-0020,F4320338281,Army Research Office,
W4313494717,21,G3162985271,,W911NF2110325,F4320333591,Multidisciplinary University Research Initiative,
W4313494717,22,G3230488186,,FA9550-18-1-0148,F4320338279,Air Force Office of Scientific Research,
W4313494717,23,G3392305090,,-16-1-,F4320338279,Air Force Office of Scientific Research,
W4313494717,24,G3516030815,,FA9550-19-1-0399; FA9550-21-1-0209,F4320338279,Air Force Office of Scientific Research,
W4313494717,25,G3722242190,,OMA-2137642,F4320338279,Air Force Office of Scientific Research,
W4313494717,26,G431725244,,FA9550-21-1-0209,F4320333591,Multidisciplinary University Research Initiative,
W4313494717,27,G4423657506,,AC05-00OR22725,F4320338287,Oak Ridge National Laboratory,
W4313494717,28,G4516736450,,-21-1-,F4320338279,Air Force Office of Scientific Research,
W4313494717,29,G4578494242,,FA9550-21-1-0008,F4320338279,Air Force Office of Scientific Research,
W4313494717,30,G4629941602,QuIC - TaQS: Interconnects for a Superconducting-Atomic Hybrid Quantum Network,2137642,F4320306076,National Science Foundation,
W4313494717,31,G479317180,"CAREER: Near-term quantum computing: achieving quantum advantage, and next steps",2044923,F4320306076,National Science Foundation,
W4313494717,32,G4800547303,,1747426,F4320337367,Division of Materials Research,
W4313494717,33,G4876042962,,OMA-1936118,F4320338279,Air Force Office of Scientific Research,
W4313494717,34,G4944074465,Convergence QL: Workshop Series: Cross- Sector Connections in Quantum Leap,1747426,F4320306076,National Science Foundation,
W4313494717,35,G4962106257,,W911NF-18-1-0212,F4320338281,Army Research Office,
W4313494717,36,G5298095028,,DMR-1747426,F4320337367,Division of Materials Research,
W4313494717,37,G5298762856,,FA9550-21-1-0209,F4320338294,Air Force Research Laboratory,
W4313494717,38,G5659690140,,FA9550-19-1-0399,F4320306076,National Science Foundation,
W4313494717,39,G5868295057,,FP00010905,F4320306076,National Science Foundation,
W4313494717,40,G6131459415,,DE-AC05-00OR22725,F4320338279,Air Force Office of Scientific Research,
W4313494717,41,G6167497367,,FA9550-19-1-0399,F4320338279,Air Force Office of Scientific Research,
W4313494717,42,G6486853205,,Contract No. DE-AC05-00OR22725,F4320338287,Oak Ridge National Laboratory,
W4313494717,43,G6518383159,,W911NF2110325,F4320338281,Army Research Office,
W4313494717,44,G6526646931,,FA9550-19-1-0399,F4320333591,Multidisciplinary University Research Initiative,
W4313494717,45,G657448715,,W911NF-16-1-,F4320338281,Army Research Office,
W4313494717,46,G6671297155,,CAREER,F4320306076,National Science Foundation,
W4313494717,47,G675320460,,DE-AC05-00OR22725,F4320338287,Oak Ridge National Laboratory,
W4313494717,48,G6911681599,,No. DE-AC05-00OR22725,F4320306084,U.S. Department of Energy,
W4313494717,49,G7444832178,,EEC-1941583,F4320306084,U.S. Department of Energy,
W4313494717,50,G7452299184,,W911NF,F4320338281,Army Research Office,
W4313494717,51,G7500482128,,W911NF-18-1-0212,F4320338279,Air Force Office of Scientific Research,
W4313494717,52,G7576470222,NSF Engineering Research Center for Quantum Networks (CQN),1941583,F4320306076,National Science Foundation,
W4313494717,53,G7744020896,,FA8649-21-P-0781,F4320306078,U.S. Department of Defense,
W4313494717,54,G7900882,,W911NF-16- 1-0349,F4320338281,Army Research Office,
W4313494717,55,G8163048266,,FA9550-18-1-0161,F4320333591,Multidisciplinary University Research Initiative,
W4313494717,56,G8269158468,,AC05-00OR22725,F4320332359,Office of Science,
W4313494717,57,G8289759875,,FA9550,F4320338294,Air Force Research Laboratory,
W4313494717,58,G8672390710,,2020-71479,F4320306079,David and Lucile Packard Foundation,
W4313494717,59,G8906985441,,00OR22725,F4320306084,U.S. Department of Energy,
W4313494717,60,G922915270,QII-TAQS: Quantum Metrological Platform for Single-Molecule Bio-Sensing,1936118,F4320306076,National Science Foundation,
W4317804313,1,G1404049065,,FA9550-21-1-0209,F4320338279,Air Force Office of Scientific Research,
W4317804313,2,G1432373144,,W911NF-21-1-,F4320338281,Army Research Office,
W4317804313,3,G1482135624,,W911NF-18-1-0020,F4320338279,Air Force Office of Scientific Research,
W4317804313,4,G1523888516,,FA9550-,F4320338279,Air Force Office of Scientific Research,
W4317804313,5,G165179637,,W911NF1610349,F4320333591,Multidisciplinary University Research Initiative,
W4317804313,6,G1770223817,,FA864921P0781,F4320338294,Air Force Research Laboratory,
W4317804313,7,G1799408541,,EEC-1941583,F4320338279,Air Force Office of Scientific Research,
W4317804313,8,G2598085392,,W911NF-16-1-0349,F4320338279,Air Force Office of Scientific Research,
W4317804313,9,G3067963855,,W911NF-18-1-0020,F4320338281,Army Research Office,
W4317804313,10,G3162985271,,W911NF2110325,F4320333591,Multidisciplinary University Research Initiative,
W4317804313,11,G3392305090,,-16-1-,F4320338279,Air Force Office of Scientific Research,
W4317804313,12,G3722242190,,OMA-2137642,F4320338279,Air Force Office of Scientific Research,
W4317804313,13,G3990184095,,FA9550-21-1-0209,F4320309626,University of Chicago,
W4317804313,14,G431725244,,FA9550-21-1-0209,F4320333591,Multidisciplinary University Research Initiative,
W4317804313,15,G4516736450,,-21-1-,F4320338279,Air Force Office of Scientific Research,
W4317804313,16,G4629941602,QuIC - TaQS: Interconnects for a Superconducting-Atomic Hybrid Quantum Network,2137642,F4320306076,National Science Foundation,
W4317804313,17,G4876042962,,OMA-1936118,F4320338279,Air Force Office of Scientific Research,
W4317804313,18,G4962106257,,W911NF-18-1-0212,F4320338281,Army Research Office,
W4317804313,19,G5298762856,,FA9550-21-1-0209,F4320338294,Air Force Research Laboratory,
W4317804313,20,G5659690140,,FA9550-19-1-0399,F4320306076,National Science Foundation,
W4317804313,21,G6167497367,,FA9550-19-1-0399,F4320338279,Air Force Office of Scientific Research,
W4317804313,22,G6518383159,,W911NF2110325,F4320338281,Army Research Office,
W4317804313,23,G6526646931,,FA9550-19-1-0399,F4320333591,Multidisciplinary University Research Initiative,
W4317804313,24,G657448715,,W911NF-16-1-,F4320338281,Army Research Office,
W4317804313,25,G7452299184,,W911NF,F4320338281,Army Research Office,
W4317804313,26,G7500482128,,W911NF-18-1-0212,F4320338279,Air Force Office of Scientific Research,
W4317804313,27,G7576470222,NSF Engineering Research Center for Quantum Networks (CQN),1941583,F4320306076,National Science Foundation,
W4317804313,28,G7900882,,W911NF-16- 1-0349,F4320338281,Army Research Office,
W4317804313,29,G8289759875,,FA9550,F4320338294,Air Force Research Laboratory,
W4317804313,30,G8672390710,,2020-71479,F4320306079,David and Lucile Packard Foundation,
W4317804313,31,G922915270,QII-TAQS: Quantum Metrological Platform for Single-Molecule Bio-Sensing,1936118,F4320306076,National Science Foundation,
W4293835097,1,G3067963855,,W911NF-18-1-0020,F4320338281,Army Research Office,
W4293835097,2,G7576470222,NSF Engineering Research Center for Quantum Networks (CQN),1941583,F4320306076,National Science Foundation,
W4293835097,3,G8778025950,EFRI ACQUIRE: Integrated Nanophotonic Solid State Memories for Telecom Wavelength Quantum Repeaters,1640959,F4320306076,National Science Foundation,
W4384027557,1,G1417231415,QII-TAQS: Quantum Machine Learning with Photonics,1936314,F4320306076,National Science Foundation,
W4384027557,2,G1833903074,,K40 GPU,F4320309480,Nvidia,
W4384027557,3,G2010355708,,Tesla K40 GPU,F4320309480,Nvidia,
W4384027557,4,G5801408398,,Tesla K40,F4320309480,Nvidia,
W4389670764,1,G141315342,,FA 9550-17-1-0002,F4320338279,Air Force Office of Scientific Research,
W4389670764,2,G2256474889,,ECCS-2026822,F4320337345,Office of Naval Research,
W4389670764,3,G2419087645,NNCI: nano@stanford,2026822,F4320306076,National Science Foundation,
W4389670764,4,G3566368602,,FA9550-17-1-0002,F4320332467,U.S. Air Force,
W4389670764,5,G4089419421,,ECCS-2026822,F4320337392,"Division of Electrical, Communications and Cyber Systems",
W4389670764,6,G5557203550,,N00014-20-1-2422,F4320337345,Office of Naval Research,
W4389670764,7,G6098521345,,FA9550,F4320337345,Office of Naval Research,
W4389670764,8,G6385238186,CAREER: Quantum Acoustic Information Processing with Phononic Crystal Devices,1941826,F4320306076,National Science Foundation,
W4389670764,9,G6671297155,,CAREER,F4320306076,National Science Foundation,
W4389670764,10,G66775623,,FA9550-17-1-0002,F4320333591,Multidisciplinary University Research Initiative,
W4389670764,11,G7090116110,,FA9550,F4320332467,U.S. Air Force,
W4389670764,12,G8065195062,,2026822,F4320337392,"Division of Electrical, Communications and Cyber Systems",
W4389670764,13,G8876996369,,N00014,F4320337345,Office of Naval Research,
W4321446177,1,G2672158639,,80NSSC20C0395,F4320306101,National Aeronautics and Space Administration,
W4321446177,2,G4006026319,Quantum Aspects of Matter Fields and Gravity,2110273,F4320306076,National Science Foundation,
W4321446177,3,G6154114654,,FA9453-20-P-0100,F4320338294,Air Force Research Laboratory,
W4409669757,1,G697366760,,80NSSC22K1030,F4320332377,Goddard Space Flight Center,
W4409669757,2,G7122844373,,80NSSC22K1030,F4320306101,National Aeronautics and Space Administration,
W4409669757,3,G7576470222,NSF Engineering Research Center for Quantum Networks (CQN),1941583,F4320306076,National Science Foundation,
W4396545135,1,G1404049065,,FA9550-21-1-0209,F4320338279,Air Force Office of Scientific Research,
W4396545135,2,G2882288540,,W911NF2310077,F4320338281,Army Research Office,
W4396545135,3,G3162985271,,W911NF2110325,F4320333591,Multidisciplinary University Research Initiative,
W4396545135,4,G4629941602,QuIC - TaQS: Interconnects for a Superconducting-Atomic Hybrid Quantum Network,2137642,F4320306076,National Science Foundation,
W4396545135,5,G6167497367,,FA9550-19-1-0399,F4320338279,Air Force Office of Scientific Research,
W4396545135,6,G7576470222,NSF Engineering Research Center for Quantum Networks (CQN),1941583,F4320306076,National Science Foundation,
W4396545135,7,G8672390710,,2020-71479,F4320306079,David and Lucile Packard Foundation,
W4396545135,8,G922915270,QII-TAQS: Quantum Metrological Platform for Single-Molecule Bio-Sensing,1936118,F4320306076,National Science Foundation,
W4321217261,1,G204717228,,OMA-2231278,F4320337471,Office of Multidisciplinary Activities,
W4321217261,2,G723389571,,DMR-1752840,F4320337367,Division of Materials Research,
W4321217261,3,G729637301,,EEC-1941583,F4320337394,Division of Engineering Education and Centers,
W4403130239,1,G7576470222,NSF Engineering Research Center for Quantum Networks (CQN),1941583,F4320306076,National Science Foundation,
W3080795139,1,G6043387101,QII-TAQS: Quantum-Enhanced Telescopy,1936321,F4320306076,National Science Foundation,
W3080795139,2,G8575383211,Photon Temporal Modes as a Quantum Information Resource,1820789,F4320306076,National Science Foundation,
W4388968512,1,G1285306620,,SC0012704,F4320338289,Brookhaven National Laboratory,
W4388968512,2,G1847291448,,DE- SC0012704,F4320337480,Basic Energy Sciences,
W4388968512,3,G241279073,,DE‐SC0012704,F4320306084,U.S. Department of Energy,
W4388968512,4,G3262563802,,DE- SC0012704,F4320338289,Brookhaven National Laboratory,
W4388968512,5,G357145406,,DE-SC-0012704,F4320332359,Office of Science,
W4388968512,6,G5765906131,,SC0012704.,F4320306084,U.S. Department of Energy,
W4388968512,7,G6965541988,,SC0012704,F4320337480,Basic Energy Sciences,
W4388968512,8,G7463374569,,SC0012704,F4320332359,Office of Science,
W4388968512,9,G872144517,,DE-SC0012704,F4320306076,National Science Foundation,
W4313265980,1,G3889299546,Collaborative Research: CIF: FET: Small: Realizing Joint Detection Receivers for Quantum-enhanced Optical Communications using Photonic NISQ-era Quantum Processors,2204985,F4320306076,National Science Foundation,
W4313265980,2,G4079257765,RAISE-EQuIP: Quantum repeater for long-distance quantum communication enabled by non-Gaussian cluster states on a scalable hybrid aluminum nitride and silicon nanophotonic platform,1842559,F4320306076,National Science Foundation,
W4317757305,1,G2013811626,ULTRAFAST ALL-OPTICAL SPATIO-TEMPORAL ELECTRON MODULATORS: OPENING NEW FRONTIERS IN ELECTRON MICROSCOPY,964591,F4320320300,European Commission,
W4317757305,2,G6032504452,,964591,F4320338335,H2020 European Research Council,
W4392200633,1,G1872762428,,N000142312296,F4320337345,Office of Naval Research,
W4392200633,2,G6941843737,CAREER: Using Entanglement to Enhance Communication and Sensing in the Presence of Noise,2240641,F4320306076,National Science Foundation,
W4392200633,3,G7576470222,NSF Engineering Research Center for Quantum Networks (CQN),1941583,F4320306076,National Science Foundation,
W4403302311,1,G1290610125,,37417,F4320310490,Villum Fonden,
W4403302311,2,G1847291448,,DE- SC0012704,F4320337480,Basic Energy Sciences,
W4403302311,3,G5064293346,RAISE/TAQS: Quantum simulation of materials and molecules using quantum computation,1839204,F4320306076,National Science Foundation,
W4403302311,4,G5183146287,,1617347,F4320332359,Office of Science,
W4379383059,1,G2316705563,FET: Small: Quantum-secure quantum-enhanced covert networks over generalized bosonic channels,2006679,F4320306076,National Science Foundation,
W4379383059,2,G6061005260,,W911NF-19-1-0412,F4320338281,Army Research Office,
W4379383059,3,G7591064173,,W911NF-19-1-0418,F4320338281,Army Research Office,
W4414946487,1,G121915436,,DEAC05- 00OR22725,F4320332359,Office of Science,
W4414946487,2,G1404049065,,FA9550-21-1-0209,F4320338279,Air Force Office of Scientific Research,
W4414946487,3,G1432373144,,W911NF-21-1-,F4320338281,Army Research Office,
W4414946487,4,G1523888516,,FA9550-,F4320338279,Air Force Office of Scientific Research,
W4414946487,5,G1645119126,,AC05-00OR22725,F4320306084,U.S. Department of Energy,
W4414946487,6,G203625172,,DE--AC05--00OR22725,F4320306084,U.S. Department of Energy,
W4414946487,7,G2411683797,,DEAC05- 00OR22725,F4320306076,National Science Foundation,
W4414946487,8,G2882288540,,W911NF2310077,F4320338281,Army Research Office,
W4414946487,9,G2988778103,,DE-AC05?,F4320306084,U.S. Department of Energy,
W4414946487,10,G3162985271,,W911NF2110325,F4320333591,Multidisciplinary University Research Initiative,
W4414946487,11,G3722242190,,OMA-2137642,F4320338279,Air Force Office of Scientific Research,
W4414946487,12,G3990184095,,FA9550-21-1-0209,F4320309626,University of Chicago,
W4414946487,13,G431725244,,FA9550-21-1-0209,F4320333591,Multidisciplinary University Research Initiative,
W4414946487,14,G4516736450,,-21-1-,F4320338279,Air Force Office of Scientific Research,
W4414946487,15,G4629941602,QuIC - TaQS: Interconnects for a Superconducting-Atomic Hybrid Quantum Network,2137642,F4320306076,National Science Foundation,
W4414946487,16,G4876042962,,OMA-1936118,F4320338279,Air Force Office of Scientific Research,
W4414946487,17,G5659690140,,FA9550-19-1-0399,F4320306076,National Science Foundation,
W4414946487,18,G6131459415,,DE-AC05-00OR22725,F4320338279,Air Force Office of Scientific Research,
W4414946487,19,G6167497367,,FA9550-19-1-0399,F4320338279,Air Force Office of Scientific Research,
W4414946487,20,G6518383159,,W911NF2110325,F4320338281,Army Research Office,
W4414946487,21,G6526646931,,FA9550-19-1-0399,F4320333591,Multidisciplinary University Research Initiative,
W4414946487,22,G7452299184,,W911NF,F4320338281,Army Research Office,
W4414946487,23,G7576470222,NSF Engineering Research Center for Quantum Networks (CQN),1941583,F4320306076,National Science Foundation,
W4414946487,24,G8269158468,,AC05-00OR22725,F4320332359,Office of Science,
W4414946487,25,G8906985441,,00OR22725,F4320306084,U.S. Department of Energy,
W4414946487,26,G922915270,QII-TAQS: Quantum Metrological Platform for Single-Molecule Bio-Sensing,1936118,F4320306076,National Science Foundation,
W4408226413,1,G42916606,,DE AC02 05CH11231,F4320306084,U.S. Department of Energy,
W4408226413,2,G7457268809,"EPITAXIAL STABILIZATION OF NOVEL SUPERCONDUCTORS FOR ENERGY GENERATION, STORAGE AND DISTRIBUTION",DESC0021925,F4320306084,U.S. Department of Energy,
W4382197764,1,G1034401897,,W911NF-17-2-0196,F4320306076,National Science Foundation,
W4382197764,2,G1198325749,,W911NF-17-2-0196.,F4320338295,Army Research Laboratory,
W4382197764,3,G1368418627,Collaborative Research: NGSDI: CarbonFirst: A Sustainable and Reliable Carbon-Centric Cloud-Edge Software Infrastructure,2105494,F4320306076,National Science Foundation,
W4382197764,4,G3219318528,Collaborative Research: CNS Core: Small: Dynamic Pricing and Procurement for Distributed Networked Platforms,2102963,F4320306076,National Science Foundation,
W4382197764,5,G3309890744,Collaborative Research: CNS Core: Medium: Dynamic Data-driven Systems - Theory and Applications,2106403,F4320306076,National Science Foundation,
W4382197764,6,G3837698350,CAREER: A Robust and Data-driven Design for Carbon-intelligent Distributed Systems,2045641,F4320306076,National Science Foundation,
W4382197764,7,G4934801491,Collaborative Research: CNS Core: Small: Optimizing Large-Scale Heterogeneous ML Platforms,2146814,F4320306076,National Science Foundation,
W4382197764,8,G5259331294,,W911NF,F4320338295,Army Research Laboratory,
W4382197764,9,G6671297155,,CAREER,F4320306076,National Science Foundation,
W4382197764,10,G7089186217,Collaborative Research: CNS Core: Medium: Dynamic Data-driven Systems - Theory and Applications,2106299,F4320306076,National Science Foundation,
W4382197764,11,G7837060236,,Cooperative Agreement W911NF-17-2-0196 (IoBT CRA),F4320338295,Army Research Laboratory,
W4382197764,12,G8299777864,Collaborative Research: CPS: Medium: Enabling DER Integration via Redesign of Information Flows,2136197,F4320306076,National Science Foundation,
W4382197764,13,G8439905257,Collaborative Research: CPS Medium: Enabling DER Integration via Redesign of Information Flows,2136199,F4320306076,National Science Foundation,
W3158885381,1,G2744137828,,SP0020412-PROJ0005188,F4320332180,Defense Advanced Research Projects Agency,
W3158885381,2,G7576470222,NSF Engineering Research Center for Quantum Networks (CQN),1941583,F4320306076,National Science Foundation,
W3158885381,3,G8730084340,,W31P4Q-13-1-0004,F4320309475,Northwestern University,
W3215787721,1,G2744137828,,SP0020412-PROJ0005188,F4320332180,Defense Advanced Research Projects Agency,
W3215787721,2,G7576470222,NSF Engineering Research Center for Quantum Networks (CQN),1941583,F4320306076,National Science Foundation,
W3215787721,3,G8730084340,,W31P4Q-13-1-0004,F4320309475,Northwestern University,
W4387583275,1,G7122844373,,80NSSC22K1030,F4320306101,National Aeronautics and Space Administration,
W4387583275,2,G7576470222,NSF Engineering Research Center for Quantum Networks (CQN),1941583,F4320306076,National Science Foundation,
W4302889394,1,G2279853913,,W911NF-19-1,F4320338281,Army Research Office,
W4302889394,2,G2316705563,FET: Small: Quantum-secure quantum-enhanced covert networks over generalized bosonic channels,2006679,F4320306076,National Science Foundation,
W4302889394,3,G6061005260,,W911NF-19-1-0412,F4320338281,Army Research Office,
W4302889394,4,G608057831,,W911NF-19,F4320306076,National Science Foundation,
W4302889394,5,G7452299184,,W911NF,F4320338281,Army Research Office,
W4302889394,6,G7591064173,,W911NF-19-1-0418,F4320338281,Army Research Office,
W4302889394,7,G8415477955,,W911NF-19,F4320338281,Army Research Office,
W4400518631,1,G7576470222,NSF Engineering Research Center for Quantum Networks (CQN),1941583,F4320306076,National Science Foundation,
W4394973396,1,G2569120085,Collaborative Research: CIF: Medium: QODED: Quantum codes Optimized for the Dynamics between Encoded Computation and Decoding using Classical Coding Techniques,2106189,F4320306076,National Science Foundation,
W4399836916,1,G7576470222,NSF Engineering Research Center for Quantum Networks (CQN),1941583,F4320306076,National Science Foundation,
W3177075692,1,G1162011400,,W911NF1810432,F4320338281,Army Research Office,
W3177075692,2,G1268556693,"HYBRID ELECTRO- AND ACOUSTO-DYNAMICAL SYSTEMS FOR QUANTUM 
OPTICAL NETWORKS (HEADS-QON)",DESC0020376,F4320306084,U.S. Department of Energy,
W3177075692,3,G1334272675,,1541959,F4320337392,"Division of Electrical, Communications and Cyber Systems",
W3177075692,4,G1523888516,,FA9550-,F4320338279,Air Force Office of Scientific Research,
W3177075692,5,G1639952346,,1231319,F4320337367,Division of Materials Research,
W3177075692,6,G1799408541,,EEC-1941583,F4320338279,Air Force Office of Scientific Research,
W3177075692,7,G2554244226,,1541959,F4320338279,Air Force Office of Scientific Research,
W3177075692,8,G3066335313,,FA9550‐19‐1‐0376,F4320338279,Air Force Office of Scientific Research,
W3177075692,9,G3180581135,,1838976,F4320337392,"Division of Electrical, Communications and Cyber Systems",
W3177075692,10,G3311699245,Center for Integrated Quantum Materials,1231319,F4320306076,National Science Foundation,
W3177075692,11,G3431638231,,W911NF1810432,F4320338279,Air Force Office of Scientific Research,
W3177075692,12,G3582326853,,W911NF1810432,F4320333591,Multidisciplinary University Research Initiative,
W3177075692,13,G36446433,,FA9550-20-1,F4320338279,Air Force Office of Scientific Research,
W3177075692,14,G3908502130,,N00014-20-1-2425,F4320337345,Office of Naval Research,
W3177075692,15,G4608849795,,1541959,F4320338281,Army Research Office,
W3177075692,16,G5569641376,,FA9550-20-1-0105,F4320338279,Air Force Office of Scientific Research,
W3177075692,17,G5656270699,,202160592,F4320334764,Japan Society for the Promotion of Science,
W3177075692,18,G5729145195,,FA9550-20,F4320338279,Air Force Office of Scientific Research,
W3177075692,19,G5734303726,,ECCS-1838976,F4320337392,"Division of Electrical, Communications and Cyber Systems",
W3177075692,20,G5970606412,NNCI: The Center for Nanoscale System (CNS) at Harvard University,1541959,F4320306076,National Science Foundation,
W3177075692,21,G6075373719,,DMR-1231319,F4320306084,U.S. Department of Energy,
W3177075692,22,G6098521345,,FA9550,F4320337345,Office of Naval Research,
W3177075692,23,G6100342675,,1541959,F4320309622,Harvard University,
W3177075692,24,G6987858779,"RAISE: TAQS: Engineering high quality, practical qubits in diamond",1838976,F4320306076,National Science Foundation,
W3177075692,25,G7444832178,,EEC-1941583,F4320306084,U.S. Department of Energy,
W3177075692,26,G7576470222,NSF Engineering Research Center for Quantum Networks (CQN),1941583,F4320306076,National Science Foundation,
W3177075692,27,G8030067134,,1541959,F4320337345,Office of Naval Research,
W3177075692,28,G8640644076,,DMR-12313 19,F4320306076,National Science Foundation,
W3177075692,29,G875209366,,DMR-1231319,F4320337367,Division of Materials Research,
W3177075692,30,G8876996369,,N00014,F4320337345,Office of Naval Research,
W4387225680,1,G121915436,,DEAC05- 00OR22725,F4320332359,Office of Science,
W4387225680,2,G1404049065,,FA9550-21-1-0209,F4320338279,Air Force Office of Scientific Research,
W4387225680,3,G1432373144,,W911NF-21-1-,F4320338281,Army Research Office,
W4387225680,4,G1523888516,,FA9550-,F4320338279,Air Force Office of Scientific Research,
W4387225680,5,G1645119126,,AC05-00OR22725,F4320306084,U.S. Department of Energy,
W4387225680,6,G203625172,,DE--AC05--00OR22725,F4320306084,U.S. Department of Energy,
W4387225680,7,G2411683797,,DEAC05- 00OR22725,F4320306076,National Science Foundation,
W4387225680,8,G2882288540,,W911NF2310077,F4320338281,Army Research Office,
W4387225680,9,G2988778103,,DE-AC05?,F4320306084,U.S. Department of Energy,
W4387225680,10,G3162985271,,W911NF2110325,F4320333591,Multidisciplinary University Research Initiative,
W4387225680,11,G3722242190,,OMA-2137642,F4320338279,Air Force Office of Scientific Research,
W4387225680,12,G431725244,,FA9550-21-1-0209,F4320333591,Multidisciplinary University Research Initiative,
W4387225680,13,G4516736450,,-21-1-,F4320338279,Air Force Office of Scientific Research,
W4387225680,14,G4629941602,QuIC - TaQS: Interconnects for a Superconducting-Atomic Hybrid Quantum Network,2137642,F4320306076,National Science Foundation,
W4387225680,15,G4876042962,,OMA-1936118,F4320338279,Air Force Office of Scientific Research,
W4387225680,16,G5659690140,,FA9550-19-1-0399,F4320306076,National Science Foundation,
W4387225680,17,G6131459415,,DE-AC05-00OR22725,F4320338279,Air Force Office of Scientific Research,
W4387225680,18,G6167497367,,FA9550-19-1-0399,F4320338279,Air Force Office of Scientific Research,
W4387225680,19,G6518383159,,W911NF2110325,F4320338281,Army Research Office,
W4387225680,20,G6526646931,,FA9550-19-1-0399,F4320333591,Multidisciplinary University Research Initiative,
W4387225680,21,G7452299184,,W911NF,F4320338281,Army Research Office,
W4387225680,22,G7576470222,NSF Engineering Research Center for Quantum Networks (CQN),1941583,F4320306076,National Science Foundation,
W4387225680,23,G8269158468,,AC05-00OR22725,F4320332359,Office of Science,
W4387225680,24,G8906985441,,00OR22725,F4320306084,U.S. Department of Energy,
W4387225680,25,G922915270,QII-TAQS: Quantum Metrological Platform for Single-Molecule Bio-Sensing,1936118,F4320306076,National Science Foundation,
W4402502535,1,G121915436,,DEAC05- 00OR22725,F4320332359,Office of Science,
W4402502535,2,G1404049065,,FA9550-21-1-0209,F4320338279,Air Force Office of Scientific Research,
W4402502535,3,G1432373144,,W911NF-21-1-,F4320338281,Army Research Office,
W4402502535,4,G1482135624,,W911NF-18-1-0020,F4320338279,Air Force Office of Scientific Research,
W4402502535,5,G1523888516,,FA9550-,F4320338279,Air Force Office of Scientific Research,
W4402502535,6,G1645119126,,AC05-00OR22725,F4320306084,U.S. Department of Energy,
W4402502535,7,G165179637,,W911NF1610349,F4320333591,Multidisciplinary University Research Initiative,
W4402502535,8,G1770223817,,FA864921P0781,F4320338294,Air Force Research Laboratory,
W4402502535,9,G1799408541,,EEC-1941583,F4320338279,Air Force Office of Scientific Research,
W4402502535,10,G203625172,,DE--AC05--00OR22725,F4320306084,U.S. Department of Energy,
W4402502535,11,G2269417659,,DE-AC05-00OR22725,F4320338294,Air Force Research Laboratory,
W4402502535,12,G2411683797,,DEAC05- 00OR22725,F4320306076,National Science Foundation,
W4402502535,13,G2598085392,,W911NF-16-1-0349,F4320338279,Air Force Office of Scientific Research,
W4402502535,14,G2988778103,,DE-AC05?,F4320306084,U.S. Department of Energy,
W4402502535,15,G3067963855,,W911NF-18-1-0020,F4320338281,Army Research Office,
W4402502535,16,G3162985271,,W911NF2110325,F4320333591,Multidisciplinary University Research Initiative,
W4402502535,17,G3392305090,,-16-1-,F4320338279,Air Force Office of Scientific Research,
W4402502535,18,G3722242190,,OMA-2137642,F4320338279,Air Force Office of Scientific Research,
W4402502535,19,G3990184095,,FA9550-21-1-0209,F4320309626,University of Chicago,
W4402502535,20,G431725244,,FA9550-21-1-0209,F4320333591,Multidisciplinary University Research Initiative,
W4402502535,21,G4516736450,,-21-1-,F4320338279,Air Force Office of Scientific Research,
W4402502535,22,G4629941602,QuIC - TaQS: Interconnects for a Superconducting-Atomic Hybrid Quantum Network,2137642,F4320306076,National Science Foundation,
W4402502535,23,G4876042962,,OMA-1936118,F4320338279,Air Force Office of Scientific Research,
W4402502535,24,G4962106257,,W911NF-18-1-0212,F4320338281,Army Research Office,
W4402502535,25,G5298762856,,FA9550-21-1-0209,F4320338294,Air Force Research Laboratory,
W4402502535,26,G5659690140,,FA9550-19-1-0399,F4320306076,National Science Foundation,
W4402502535,27,G6131459415,,DE-AC05-00OR22725,F4320338279,Air Force Office of Scientific Research,
W4402502535,28,G6167497367,,FA9550-19-1-0399,F4320338279,Air Force Office of Scientific Research,
W4402502535,29,G6518383159,,W911NF2110325,F4320338281,Army Research Office,
W4402502535,30,G6526646931,,FA9550-19-1-0399,F4320333591,Multidisciplinary University Research Initiative,
W4402502535,31,G657448715,,W911NF-16-1-,F4320338281,Army Research Office,
W4402502535,32,G7444832178,,EEC-1941583,F4320306084,U.S. Department of Energy,
W4402502535,33,G7452299184,,W911NF,F4320338281,Army Research Office,
W4402502535,34,G7500482128,,W911NF-18-1-0212,F4320338279,Air Force Office of Scientific Research,
W4402502535,35,G7576470222,NSF Engineering Research Center for Quantum Networks (CQN),1941583,F4320306076,National Science Foundation,
W4402502535,36,G7900882,,W911NF-16- 1-0349,F4320338281,Army Research Office,
W4402502535,37,G8269158468,,AC05-00OR22725,F4320332359,Office of Science,
W4402502535,38,G8289759875,,FA9550,F4320338294,Air Force Research Laboratory,
W4402502535,39,G8906985441,,00OR22725,F4320306084,U.S. Department of Energy,
W4402502535,40,G922915270,QII-TAQS: Quantum Metrological Platform for Single-Molecule Bio-Sensing,1936118,F4320306076,National Science Foundation,
W4405834133,1,G4198572546,QuIC-TAQS: Integrated Lithium Niobate Quantum Photonics Platform,2137723,F4320306076,National Science Foundation,
W4405834133,2,G527535133,,DGE‐1745303,F4562087700,National Science Foundation Graduate Research Fellowship Program,
W4405834133,3,G5970606412,NNCI: The Center for Nanoscale System (CNS) at Harvard University,1541959,F4320306076,National Science Foundation,
W4405834133,4,G714156881,,P2EZP2-195686,F4320306076,National Science Foundation,
W4398184196,1,G1770223817,,FA864921P0781,F4320338294,Air Force Research Laboratory,
W4398184196,2,G2094394093,,80NSSC23PB442,F4320306101,National Aeronautics and Space Administration,
W4398184196,3,G3964890580,,FA9550-20-1-01015,F4320338279,Air Force Office of Scientific Research,
W4398184196,4,G4198572546,QuIC-TAQS: Integrated Lithium Niobate Quantum Photonics Platform,2137723,F4320306076,National Science Foundation,
W4398184196,5,G5529980474,,N6833522C0413,F4320332923,U.S. Navy,
W4398184196,6,G6906440423,QuIC-TAQS: Implementation of a Neutral-Atom-Photonic-Cluster State,2138068,F4320306076,National Science Foundation,
W4398184196,7,G7576470222,NSF Engineering Research Center for Quantum Networks (CQN),1941583,F4320306076,National Science Foundation,
W4398184196,8,G763165814,,HR0011‐20‐C‐0137,F4320332180,Defense Advanced Research Projects Agency,
W4398184196,9,G8005579870,TOP: time-domain optical processing,019.231EN.011,F4320321800,Nederlandse Organisatie voor Wetenschappelijk Onderzoek,
W4398184196,10,G8862277691,,80NSSC22K0262,F4320306101,National Aeronautics and Space Administration,
W4398184196,11,G8883787402,,N00014-22-C-1041,F4320337345,Office of Naval Research,
W4398184196,12,G916337101,"Lithium Niobate on Insolator (LNOI) Photonic Circuit Lasers for High-Speed, Wide-field OCT",5r21ey031895-02,F4320332161,National Institutes of Health,
W3177630999,1,G4079257765,RAISE-EQuIP: Quantum repeater for long-distance quantum communication enabled by non-Gaussian cluster states on a scalable hybrid aluminum nitride and silicon nanophotonic platform,1842559,F4320306076,National Science Foundation,
W3177630999,2,G5003045098,,N00014- 19-1-2190,F4320337345,Office of Naval Research,
W3177630999,3,G5876080242,NSF Convergence Accelerator-Track C: Quantum-Interconnected Optomechanical Transducers for Entanglement-Enhanced Force and Inertial Sensing,2040575,F4320306076,National Science Foundation,
W4400509263,1,G1079818582,,AC02‐05CH11231,F4320338292,Lawrence Berkeley National Laboratory,
W4400509263,2,G1115552080,NSF-BSF: Optical Coherent Control of  Quantum Dot Spin for Ultra-Fast Quantum Information Processing,1915375,F4320306076,National Science Foundation,
W4400509263,3,G1143651532,,DE-AC02-05CH11231,F4320338292,Lawrence Berkeley National Laboratory,
W4400509263,4,G1364388138,TAS::57 3600::TAS 'HIGH-SPEED QUANTUM COMMUNICATIONS USING SILICON PHOTONICS' DATED 25 MAY 2916 AND REVISED 27 MAY 2017,FA95501610391,F4320306078,U.S. Department of Defense,
W4400509263,5,G1417231415,QII-TAQS: Quantum Machine Learning with Photonics,1936314,F4320306076,National Science Foundation,
W4400509263,6,G1523888516,,FA9550-,F4320338279,Air Force Office of Scientific Research,
W4400509263,7,G1813248907,,DMR-1747426,F4320338279,Air Force Office of Scientific Research,
W4400509263,8,G1863003419,,DEAC02-05CH11231,F4320306076,National Science Foundation,
W4400509263,9,G213222014,,DEAC02-05CH11231,F4320337547,Laboratory Directed Research and Development,
W4400509263,10,G230078430,,FA9550-16,F4320338279,Air Force Office of Scientific Research,
W4400509263,11,G2697164521,QLCI-CI: NSF Quantum Leap Challenge Institute for Robust Quantum Simulation,2120757,F4320306076,National Science Foundation,
W4400509263,12,G3184080033,,#FA23862014072,F4320338279,Air Force Office of Scientific Research,
W4400509263,13,G3310577945,,DE-AC02-05CH11231,F4320338279,Air Force Office of Scientific Research,
W4400509263,14,G3392305090,,-16-1-,F4320338279,Air Force Office of Scientific Research,
W4400509263,15,G3616359867,,FA9550-16-1,F4320338279,Air Force Office of Scientific Research,
W4400509263,16,G4061288673,,DE-AC02-05CH11231,F4320334593,Natural Sciences and Engineering Research Council of Canada,
W4400509263,17,G434337789,,HORIZON2020,F4320320300,European Commission,
W4400509263,18,G4359690165,NSF Convergence Accelerator Track C: Interconnecting Quantum Computers for the Next-Generation Internet,2040695,F4320306076,National Science Foundation,
W4400509263,19,G4800547303,,1747426,F4320337367,Division of Materials Research,
W4400509263,20,G4944074465,Convergence QL: Workshop Series: Cross- Sector Connections in Quantum Leap,1747426,F4320306076,National Science Foundation,
W4400509263,21,G526230902,,DE-AC02-05CH11231,F4320320300,European Commission,
W4400509263,22,G5298095028,,DMR-1747426,F4320337367,Division of Materials Research,
W4400509263,23,G5639706416,INTEGRATED MECHANICS FOR MODULAR QUANTUM RECONFIGURABLE CIRCUITS,896401,F4320320300,European Commission,
W4400509263,24,G663415794,,ECCS-1933556,F4320337392,"Division of Electrical, Communications and Cyber Systems",
W4400509263,25,G6761205816,"BASIC RESEARCH FOR AOARD PROPOSAL 20IOA072 ""HYBRID QUANTUM PHOTONIC INTEGRATED CIRCUITS"", DATED 19 JUN 20 (THE GRANTEE'S TECHNICAL PROPOSAL) IS HEREBY",FA23862014072,F4320306078,U.S. Department of Defense,
W4400509263,26,G7145049445,,7571809,F4320338292,Lawrence Berkeley National Laboratory,
W4400509263,27,G7354628648,,05CH11231,F4320338292,Lawrence Berkeley National Laboratory,
W4400509263,28,G7420992271,,FA9550-16-1-0391,F4320338279,Air Force Office of Scientific Research,
W4400509263,29,G7576470222,NSF Engineering Research Center for Quantum Networks (CQN),1941583,F4320306076,National Science Foundation,
W4400509263,30,G7830688819,Collaborative research: Quantum Communication with Loss-Protected Photonic Encoding,1933556,F4320306076,National Science Foundation,
W4400509263,31,G8297815794,Collaborative research: Quantum Communication with Loss-Protected Photonic Encoding,1933546,F4320306076,National Science Foundation,
W4400509263,32,G8395630498,,ECCS1933546,F4320337392,"Division of Electrical, Communications and Cyber Systems",
W4376113036,1,G1290610125,,37417,F4320310490,Villum Fonden,
W4376113036,2,G1910132285,RAISE-TAQS: Room-Temperature Quantum Sensing and Computation using DNA-based Excitonic Circuits,1839155,F4320306076,National Science Foundation,
W4376113036,3,G7576470222,NSF Engineering Research Center for Quantum Networks (CQN),1941583,F4320306076,National Science Foundation,
W4409190437,1,G1523888516,,FA9550-,F4320338279,Air Force Office of Scientific Research,
W4409190437,2,G1799408541,,EEC-1941583,F4320338279,Air Force Office of Scientific Research,
W4409190437,3,G2094394093,,80NSSC23PB442,F4320306101,National Aeronautics and Space Administration,
W4409190437,4,G2554244226,,1541959,F4320338279,Air Force Office of Scientific Research,
W4409190437,5,G36446433,,FA9550-20-1,F4320338279,Air Force Office of Scientific Research,
W4409190437,6,G3964890580,,FA9550-20-1-01015,F4320338279,Air Force Office of Scientific Research,
W4409190437,7,G4198572546,QuIC-TAQS: Integrated Lithium Niobate Quantum Photonics Platform,2137723,F4320306076,National Science Foundation,
W4409190437,8,G4720003262,,N00014-22,F4320337345,Office of Naval Research,
W4409190437,9,G4973792023,Graduate Research Fellowship Program (GRFP),1745303,F4320306076,National Science Foundation,
W4409190437,10,G5729145195,,FA9550-20,F4320338279,Air Force Office of Scientific Research,
W4409190437,11,G5970606412,NNCI: The Center for Nanoscale System (CNS) at Harvard University,1541959,F4320306076,National Science Foundation,
W4409190437,12,G6098521345,,FA9550,F4320337345,Office of Naval Research,
W4409190437,13,G6100342675,,1541959,F4320309622,Harvard University,
W4409190437,14,G7576470222,NSF Engineering Research Center for Quantum Networks (CQN),1941583,F4320306076,National Science Foundation,
W4409190437,15,G8030067134,,1541959,F4320337345,Office of Naval Research,
W4409190437,16,G8862277691,,80NSSC22K0262,F4320306101,National Aeronautics and Space Administration,
W4409190437,17,G8876996369,,N00014,F4320337345,Office of Naval Research,
W4409190437,18,G8883787402,,N00014-22-C-1041,F4320337345,Office of Naval Research,
W4293818634,1,G1549524776,CAREER: Using Entanglement to Enhance Communication and Sensing in the Presence of Noise,2142882,F4320306076,National Science Foundation,
W4293818634,2,G2469973041,,N660012014029,F4320332180,Defense Advanced Research Projects Agency,
W4293818634,3,G498139845,,DE-AC02,F4320332359,Office of Science,
W4293818634,4,G5616713406,,DE-AC02-07CH11359,F4320306076,National Science Foundation,
W4293818634,5,G585908603,,AC02-07CH11359,F4320306084,U.S. Department of Energy,
W4293818634,6,G6538254113,,No. N660012014029,F4320332180,Defense Advanced Research Projects Agency,
W4293818634,7,G6598239468,,No. DE-AC02-07CH11359,F4320306084,U.S. Department of Energy,
W4293818634,8,G6671297155,,CAREER,F4320306076,National Science Foundation,
W4293818634,9,G716412294,,DE–AC02–07CH11359,F4320332359,Office of Science,
W4293818634,10,G7576470222,NSF Engineering Research Center for Quantum Networks (CQN),1941583,F4320306076,National Science Foundation,
W4293818634,11,G86560745,,DE‐AC02‐07CH11359,F4320306084,U.S. Department of Energy,
W4293818634,12,G969889393,,DE-AC02-,F4320306084,U.S. Department of Energy,
W4214826897,1,G6715895681,Collaborative Research: CNS Core: Medium: Design and Analysis of Quantum Networks for Entanglement Distribution,1955834,F4320306076,National Science Foundation,
W4214826897,2,G7576470222,NSF Engineering Research Center for Quantum Networks (CQN),1941583,F4320306076,National Science Foundation,
W4390818389,1,G4829495991,,2085/18,F4320322252,Israel Science Foundation,
W4390818389,2,G5440639965,,969/22,F4320322252,Israel Science Foundation,
W4400450892,1,G1375889360,LIGO Laboratory Operations and Maintenance 2019-2023,1764464,F4320306076,National Science Foundation,
W4400450892,2,G1404049065,,FA9550-21-1-0209,F4320338279,Air Force Office of Scientific Research,
W4400450892,3,G1442400458,QuSeC-TAQS: Nanoscale Covariance Magnetometry with Diamond Quantum Sensors,2326767,F4320306076,National Science Foundation,
W4400450892,4,G2309359476,The Construction of the Advanced Laser Interferometer Gravitational Wave Observatory (AdvLIGO),0823459,F4320306076,National Science Foundation,
W4400450892,5,G2882288540,,W911NF2310077,F4320338281,Army Research Office,
W4400450892,6,G3162985271,,W911NF2110325,F4320333591,Multidisciplinary University Research Initiative,
W4400450892,7,G4629941602,QuIC - TaQS: Interconnects for a Superconducting-Atomic Hybrid Quantum Network,2137642,F4320306076,National Science Foundation,
W4400450892,8,G4848018484,,FA9550-23- 1-0338,F4320338279,Air Force Office of Scientific Research,
W4400450892,9,G6167497367,,FA9550-19-1-0399,F4320338279,Air Force Office of Scientific Research,
W4400450892,10,G6385238186,CAREER: Quantum Acoustic Information Processing with Phononic Crystal Devices,1941826,F4320306076,National Science Foundation,
W4400450892,11,G7576470222,NSF Engineering Research Center for Quantum Networks (CQN),1941583,F4320306076,National Science Foundation,
W4400450892,12,G8232580466,Collaborative Research: FET: Medium: Design and Implementation of Quantum Databases,2312755,F4320306076,National Science Foundation,
W4400450892,13,G8672390710,,2020-71479,F4320306079,David and Lucile Packard Foundation,
W4400450892,14,G922915270,QII-TAQS: Quantum Metrological Platform for Single-Molecule Bio-Sensing,1936118,F4320306076,National Science Foundation,
W4319078065,1,G701794482,,FA9550-18-1-0436,F4320338279,Air Force Office of Scientific Research,
W4319078065,2,G8264069625,,9040-00001B,F4320322928,Danmarks Frie Forskningsfond,
W4408300623,1,G1404049065,,FA9550-21-1-0209,F4320338279,Air Force Office of Scientific Research,
W4408300623,2,G1442400458,QuSeC-TAQS: Nanoscale Covariance Magnetometry with Diamond Quantum Sensors,2326767,F4320306076,National Science Foundation,
W4408300623,3,G2882288540,,W911NF2310077,F4320338281,Army Research Office,
W4408300623,4,G3162985271,,W911NF2110325,F4320333591,Multidisciplinary University Research Initiative,
W4408300623,5,G4629941602,QuIC - TaQS: Interconnects for a Superconducting-Atomic Hybrid Quantum Network,2137642,F4320306076,National Science Foundation,
W4408300623,6,G4848018484,,FA9550-23- 1-0338,F4320338279,Air Force Office of Scientific Research,
W4408300623,7,G6167497367,,FA9550-19-1-0399,F4320338279,Air Force Office of Scientific Research,
W4408300623,8,G7576470222,NSF Engineering Research Center for Quantum Networks (CQN),1941583,F4320306076,National Science Foundation,
W4408300623,9,G8218913145,,669487,F4320306164,Simons Foundation,
W4408300623,10,G8232580466,Collaborative Research: FET: Medium: Design and Implementation of Quantum Databases,2312755,F4320306076,National Science Foundation,
W4408300623,11,G8672390710,,2020-71479,F4320306079,David and Lucile Packard Foundation,
W4408300623,12,G922915270,QII-TAQS: Quantum Metrological Platform for Single-Molecule Bio-Sensing,1936118,F4320306076,National Science Foundation,
W4402759190,1,G1228214836,,NNH20ZDA001N,F4320306101,National Aeronautics and Space Administration,
W4402759190,2,G1550997839,,NNH20ZDA001N-APRA,F4320306101,National Aeronautics and Space Administration,
W4402759190,3,G2048821276,,80NM0018D0004,F4320306076,National Science Foundation,
W4402759190,4,G2111703841,,20-COVID20-0068,F4320306101,National Aeronautics and Space Administration,
W4402759190,5,G2676722403,,80NM0018D0004,F4320332375,Jet Propulsion Laboratory,
W4402759190,6,G3648211085,,80NM0018D0004,F4320306101,National Aeronautics and Space Administration,
W4402759190,7,G4109425323,,2141064,F4562087700,National Science Foundation Graduate Research Fellowship Program,
W4402759190,8,G539115378,Graduate Research Fellowship Program (GRFP),2141064,F4320306076,National Science Foundation,
W4402759190,9,G5505112838,"TAS::89 0321::TAS; NEW- JOINT CENTER FOR ARTIFICIAL PHOTOSYNTHESIS (JCAP), PI NATHAN LEWIS",DESC0004993,F4320306084,U.S. Department of Energy,
W4402759190,10,G6143177376,,NNH20ZDA001N,F4320309398,California Institute of Technology,
W4402759190,11,G729637301,,EEC-1941583,F4320337394,Division of Engineering Education and Centers,
W4402759190,12,G7576470222,NSF Engineering Research Center for Quantum Networks (CQN),1941583,F4320306076,National Science Foundation,
W4402759190,13,G830101876,,80 NM0018D0004,F4320309398,California Institute of Technology,
W4402759190,14,G8367997560,FUNDAMENTAL SCIENCE FOR ENHANCING THE DURABILITY OF PHOTOELECTRODES FOR SOLAR FUEL PRODUCTION,DESC0022087,F4320306084,U.S. Department of Energy,
W4404414153,1,G1404049065,,FA9550-21-1-0209,F4320338279,Air Force Office of Scientific Research,
W4404414153,2,G1442400458,QuSeC-TAQS: Nanoscale Covariance Magnetometry with Diamond Quantum Sensors,2326767,F4320306076,National Science Foundation,
W4404414153,3,G1932254719,,HR0011-24-9-0361,F4320332180,Defense Advanced Research Projects Agency,
W4404414153,4,G2882288540,,W911NF2310077,F4320338281,Army Research Office,
W4404414153,5,G3162985271,,W911NF2110325,F4320333591,Multidisciplinary University Research Initiative,
W4404414153,6,G4629941602,QuIC - TaQS: Interconnects for a Superconducting-Atomic Hybrid Quantum Network,2137642,F4320306076,National Science Foundation,
W4404414153,7,G4848018484,,FA9550-23- 1-0338,F4320338279,Air Force Office of Scientific Research,
W4404414153,8,G6167497367,,FA9550-19-1-0399,F4320338279,Air Force Office of Scientific Research,
W4404414153,9,G7033135252,,RS-2024-00431768,F4320328359,"Ministry of Science and ICT, South Korea",
W4404414153,10,G7576470222,NSF Engineering Research Center for Quantum Networks (CQN),1941583,F4320306076,National Science Foundation,
W4404414153,11,G7796153478,,HR0011-24-9-0359,F4320332180,Defense Advanced Research Projects Agency,
W4404414153,12,G8232580466,Collaborative Research: FET: Medium: Design and Implementation of Quantum Databases,2312755,F4320306076,National Science Foundation,
W4404414153,13,G8672390710,,2020-71479,F4320306079,David and Lucile Packard Foundation,
W4404414153,14,G922915270,QII-TAQS: Quantum Metrological Platform for Single-Molecule Bio-Sensing,1936118,F4320306076,National Science Foundation,
W4405722552,1,G4949707386,,FA9550-22-1-0180,F4320338279,Air Force Office of Scientific Research,
W4405722552,2,G6715895681,Collaborative Research: CNS Core: Medium: Design and Analysis of Quantum Networks for Entanglement Distribution,1955834,F4320306076,National Science Foundation,
W4405722552,3,G7576470222,NSF Engineering Research Center for Quantum Networks (CQN),1941583,F4320306076,National Science Foundation,
W3196629888,1,G3132760473,,HR001118S0024,F4320332180,Defense Advanced Research Projects Agency,
W4415200979,1,G1404049065,,FA9550-21-1-0209,F4320338279,Air Force Office of Scientific Research,
W4415200979,2,G1432373144,,W911NF-21-1-,F4320338281,Army Research Office,
W4415200979,3,G1442400458,QuSeC-TAQS: Nanoscale Covariance Magnetometry with Diamond Quantum Sensors,2326767,F4320306076,National Science Foundation,
W4415200979,4,G1523888516,,FA9550-,F4320338279,Air Force Office of Scientific Research,
W4415200979,5,G1932254719,,HR0011-24-9-0361,F4320332180,Defense Advanced Research Projects Agency,
W4415200979,6,G2882288540,,W911NF2310077,F4320338281,Army Research Office,
W4415200979,7,G3162985271,,W911NF2110325,F4320333591,Multidisciplinary University Research Initiative,
W4415200979,8,G3722242190,,OMA-2137642,F4320338279,Air Force Office of Scientific Research,
W4415200979,9,G431725244,,FA9550-21-1-0209,F4320333591,Multidisciplinary University Research Initiative,
W4415200979,10,G4516736450,,-21-1-,F4320338279,Air Force Office of Scientific Research,
W4415200979,11,G4629941602,QuIC - TaQS: Interconnects for a Superconducting-Atomic Hybrid Quantum Network,2137642,F4320306076,National Science Foundation,
W4415200979,12,G4848018484,,FA9550-23- 1-0338,F4320338279,Air Force Office of Scientific Research,
W4415200979,13,G6518383159,,W911NF2110325,F4320338281,Army Research Office,
W4415200979,14,G6547089213,,OSI-2326767,F4320338279,Air Force Office of Scientific Research,
W4415200979,15,G7420521838,,CCF-2312755,F4320338279,Air Force Office of Scientific Research,
W4415200979,16,G7452299184,,W911NF,F4320338281,Army Research Office,
W4415200979,17,G7576470222,NSF Engineering Research Center for Quantum Networks (CQN),1941583,F4320306076,National Science Foundation,
W4415200979,18,G7796153478,,HR0011-24-9-0359,F4320332180,Defense Advanced Research Projects Agency,
W4415200979,19,G8232580466,Collaborative Research: FET: Medium: Design and Implementation of Quantum Databases,2312755,F4320306076,National Science Foundation,
W4415200979,20,G8672390710,,2020-71479,F4320306079,David and Lucile Packard Foundation,
W4415200979,21,G8692340833,ExpandQISE: Track 2: Developing Quantum Information Science and Engineering Research and Education Program at FAMU,2426975,F4320306076,National Science Foundation,
W4415200979,22,G96630211,,OSI-2426975,F4320338279,Air Force Office of Scientific Research,
W4224918485,1,G1404049065,,FA9550-21-1-0209,F4320338279,Air Force Office of Scientific Research,
W4224918485,2,G1432373144,,W911NF-21-1-,F4320338281,Army Research Office,
W4224918485,3,G1482135624,,W911NF-18-1-0020,F4320338279,Air Force Office of Scientific Research,
W4224918485,4,G1523888516,,FA9550-,F4320338279,Air Force Office of Scientific Research,
W4224918485,5,G165179637,,W911NF1610349,F4320333591,Multidisciplinary University Research Initiative,
W4224918485,6,G1799408541,,EEC-1941583,F4320338279,Air Force Office of Scientific Research,
W4224918485,7,G2598085392,,W911NF-16-1-0349,F4320338279,Air Force Office of Scientific Research,
W4224918485,8,G3067963855,,W911NF-18-1-0020,F4320338281,Army Research Office,
W4224918485,9,G3084978300,,E0SEBB11,F4320321133,Chinese Academy of Sciences,
W4224918485,10,G3162985271,,W911NF2110325,F4320333591,Multidisciplinary University Research Initiative,
W4224918485,11,G3392305090,,-16-1-,F4320338279,Air Force Office of Scientific Research,
W4224918485,12,G3516030815,,FA9550-19-1-0399; FA9550-21-1-0209,F4320338279,Air Force Office of Scientific Research,
W4224918485,13,G3722242190,,OMA-2137642,F4320338279,Air Force Office of Scientific Research,
W4224918485,14,G431725244,,FA9550-21-1-0209,F4320333591,Multidisciplinary University Research Initiative,
W4224918485,15,G4516736450,,-21-1-,F4320338279,Air Force Office of Scientific Research,
W4224918485,16,G4592128770,,12174379,F4320321001,National Natural Science Foundation of China,
W4224918485,17,G4629941602,QuIC - TaQS: Interconnects for a Superconducting-Atomic Hybrid Quantum Network,2137642,F4320306076,National Science Foundation,
W4224918485,18,G4876042962,,OMA-1936118,F4320338279,Air Force Office of Scientific Research,
W4224918485,19,G4962106257,,W911NF-18-1-0212,F4320338281,Army Research Office,
W4224918485,20,G5328232028,,E0SEBB11,F4320335626,"Institute of Semiconductors, Chinese Academy of Sciences",
W4224918485,21,G5659690140,,FA9550-19-1-0399,F4320306076,National Science Foundation,
W4224918485,22,G6141599669,,EFMA-1640959,F4320338279,Air Force Office of Scientific Research,
W4224918485,23,G6167497367,,FA9550-19-1-0399,F4320338279,Air Force Office of Scientific Research,
W4224918485,24,G6518383159,,W911NF2110325,F4320338281,Army Research Office,
W4224918485,25,G6526646931,,FA9550-19-1-0399,F4320333591,Multidisciplinary University Research Initiative,
W4224918485,26,G657448715,,W911NF-16-1-,F4320338281,Army Research Office,
W4224918485,27,G7452299184,,W911NF,F4320338281,Army Research Office,
W4224918485,28,G7500482128,,W911NF-18-1-0212,F4320338279,Air Force Office of Scientific Research,
W4224918485,29,G7576470222,NSF Engineering Research Center for Quantum Networks (CQN),1941583,F4320306076,National Science Foundation,
W4224918485,30,G7900882,,W911NF-16- 1-0349,F4320338281,Army Research Office,
W4224918485,31,G8672390710,,2020-71479,F4320306079,David and Lucile Packard Foundation,
W4224918485,32,G8778025950,EFRI ACQUIRE: Integrated Nanophotonic Solid State Memories for Telecom Wavelength Quantum Repeaters,1640959,F4320306076,National Science Foundation,
W4224918485,33,G922915270,QII-TAQS: Quantum Metrological Platform for Single-Molecule Bio-Sensing,1936118,F4320306076,National Science Foundation,
W3116662363,1,G1954895400,CIF: Medium: Iterative Quantum LDPC Decoders,1855879,F4320306076,National Science Foundation,
W3116662363,2,G2569120085,Collaborative Research: CIF: Medium: QODED: Quantum codes Optimized for the Dynamics between Encoded Computation and Decoding using Classical Coding Techniques,2106189,F4320306076,National Science Foundation,
W3116662363,3,G7576470222,NSF Engineering Research Center for Quantum Networks (CQN),1941583,F4320306076,National Science Foundation,
W3116662363,4,G767368701,Collaborative Research: Secure and Efficient Post-quantum Cryptography: from Coding Theory to Hardware Architecture,2052751,F4320306076,National Science Foundation,
W3116662363,5,G7789950527,CIF: Small: Learning To Correct Errors,2100013,F4320306076,National Science Foundation,
W4312897065,1,G1725495076,,W911NF‐16‐3‐0001,F4320338295,Army Research Laboratory,
W3176495455,1,G6715895681,Collaborative Research: CNS Core: Medium: Design and Analysis of Quantum Networks for Entanglement Distribution,1955834,F4320306076,National Science Foundation,
W3176495455,2,G7576470222,NSF Engineering Research Center for Quantum Networks (CQN),1941583,F4320306076,National Science Foundation,
W4388183135,1,G1354697227,,SPI 63-264,F4320321800,Nederlandse Organisatie voor Wetenschappelijk Onderzoek,
W4388183135,2,G1523888516,,FA9550-,F4320338279,Air Force Office of Scientific Research,
W4388183135,3,G1665575404,,601.QT.001,F4320321800,Nederlandse Organisatie voor Wetenschappelijk Onderzoek,
W4388183135,4,G1693287877,,PPS2007,F4320314237,Rijksdienst voor Ondernemend Nederland,
W4388183135,5,G249262831,Quantum Software Consortium,024.003.037,F4320321800,Nederlandse Organisatie voor Wetenschappelijk Onderzoek,
W4388183135,6,G2578584357,,024.003.037/3368,F4320321800,Nederlandse Organisatie voor Wetenschappelijk Onderzoek,
W4388183135,7,G36446433,,FA9550-20-1,F4320338279,Air Force Office of Scientific Research,
W4388183135,8,G420050720,,024.003,F4320321800,Nederlandse Organisatie voor Wetenschappelijk Onderzoek,
W4388183135,9,G5569641376,,FA9550-20-1-0105,F4320338279,Air Force Office of Scientific Research,
W4388183135,10,G5729145195,,FA9550-20,F4320338279,Air Force Office of Scientific Research,
W4388183135,11,G7392226337,,PPS2007,F4320321879,Fujitsu,
W4388183135,12,G7422664581,,PPS2007,F4320321012,Technische Universiteit Delft,
W4388183135,13,G7576470222,NSF Engineering Research Center for Quantum Networks (CQN),1941583,F4320306076,National Science Foundation,
W4323066554,1,G1404049065,,FA9550-21-1-0209,F4320338279,Air Force Office of Scientific Research,
W4323066554,2,G1432373144,,W911NF-21-1-,F4320338281,Army Research Office,
W4323066554,3,G1523888516,,FA9550-,F4320338279,Air Force Office of Scientific Research,
W4323066554,4,G1770223817,,FA864921P0781,F4320338294,Air Force Research Laboratory,
W4323066554,5,G2403330605,,PHY-1733907,F4320334224,"Institute for Quantum Information and Matter, California Institute of Technology",
W4323066554,6,G2882288540,,W911NF2310077,F4320338281,Army Research Office,
W4323066554,7,G2958415499,,PHY-1733907,F4320309398,California Institute of Technology,
W4323066554,8,G3162985271,,W911NF2110325,F4320333591,Multidisciplinary University Research Initiative,
W4323066554,9,G3722242190,,OMA-2137642,F4320338279,Air Force Office of Scientific Research,
W4323066554,10,G431725244,,FA9550-21-1-0209,F4320333591,Multidisciplinary University Research Initiative,
W4323066554,11,G4516736450,,-21-1-,F4320338279,Air Force Office of Scientific Research,
W4323066554,12,G4629941602,QuIC - TaQS: Interconnects for a Superconducting-Atomic Hybrid Quantum Network,2137642,F4320306076,National Science Foundation,
W4323066554,13,G4876042962,,OMA-1936118,F4320338279,Air Force Office of Scientific Research,
W4323066554,14,G507237395,The Institute for Quantum Information and Matter: Advancing the Entanglement Frontier,1733907,F4320306076,National Science Foundation,
W4323066554,15,G5298762856,,FA9550-21-1-0209,F4320338294,Air Force Research Laboratory,
W4323066554,16,G5659690140,,FA9550-19-1-0399,F4320306076,National Science Foundation,
W4323066554,17,G6167497367,,FA9550-19-1-0399,F4320338279,Air Force Office of Scientific Research,
W4323066554,18,G6518383159,,W911NF2110325,F4320338281,Army Research Office,
W4323066554,19,G6526646931,,FA9550-19-1-0399,F4320333591,Multidisciplinary University Research Initiative,
W4323066554,20,G7452299184,,W911NF,F4320338281,Army Research Office,
W4323066554,21,G7576470222,NSF Engineering Research Center for Quantum Networks (CQN),1941583,F4320306076,National Science Foundation,
W4323066554,22,G8289759875,,FA9550,F4320338294,Air Force Research Laboratory,
W4323066554,23,G922915270,QII-TAQS: Quantum Metrological Platform for Single-Molecule Bio-Sensing,1936118,F4320306076,National Science Foundation,
W4323066554,24,G961819192,,1733907,F4320309398,California Institute of Technology,
W4385227457,1,G2268053151,,ERKJ355,F4320306084,U.S. Department of Energy,
W4385227457,2,G2971268424,,ERKJ355,F4320337506,Advanced Scientific Computing Research,
W4385227457,3,G3736435770,,1725571,F4320337392,"Division of Electrical, Communications and Cyber Systems",
W4385227457,4,G5003045098,,N00014- 19-1-2190,F4320337345,Office of Naval Research,
W4385227457,5,G6772917473,MRI: Acquisition of a Nanofabrication and Materials Research Etching System,1725571,F4320306076,National Science Foundation,
W4385227457,6,G7444832178,,EEC-1941583,F4320306084,U.S. Department of Energy,
W4385227457,7,G7576470222,NSF Engineering Research Center for Quantum Networks (CQN),1941583,F4320306076,National Science Foundation,
W4385227457,8,G8876996369,,N00014,F4320337345,Office of Naval Research,
W4401202136,1,G3162985271,,W911NF2110325,F4320333591,Multidisciplinary University Research Initiative,
W4401202136,2,G434337789,,HORIZON2020,F4320320300,European Commission,
W4401202136,3,G4413222662,Collaborative Research: CNS Core: Medium: Design and Analysis of Quantum Networks for Entanglement Distribution,1955744,F4320306076,National Science Foundation,
W4401202136,4,G6308034468,A Faster Approach to Network Control,795244,F4320320300,European Commission,
W4401202136,5,G6518383159,,W911NF2110325,F4320338281,Army Research Office,
W4401202136,6,G7576470222,NSF Engineering Research Center for Quantum Networks (CQN),1941583,F4320306076,National Science Foundation,
W4378474141,1,G2676722403,,80NM0018D0004,F4320332375,Jet Propulsion Laboratory,
W4378474141,2,G3648211085,,80NM0018D0004,F4320306101,National Aeronautics and Space Administration,
W4378474141,3,G539115378,Graduate Research Fellowship Program (GRFP),2141064,F4320306076,National Science Foundation,
W4378474141,4,G5505112838,"TAS::89 0321::TAS; NEW- JOINT CENTER FOR ARTIFICIAL PHOTOSYNTHESIS (JCAP), PI NATHAN LEWIS",DESC0004993,F4320306084,U.S. Department of Energy,
W4378474141,5,G830101876,,80 NM0018D0004,F4320309398,California Institute of Technology,
W4378474141,6,G8367997560,FUNDAMENTAL SCIENCE FOR ENHANCING THE DURABILITY OF PHOTOELECTRODES FOR SOLAR FUEL PRODUCTION,DESC0022087,F4320306084,U.S. Department of Energy,
W4384389887,1,G3162985271,,W911NF2110325,F4320333591,Multidisciplinary University Research Initiative,
W4384389887,2,G4413222662,Collaborative Research: CNS Core: Medium: Design and Analysis of Quantum Networks for Entanglement Distribution,1955744,F4320306076,National Science Foundation,
W4384389887,3,G6518383159,,W911NF2110325,F4320338281,Army Research Office,
W4384389887,4,G7576470222,NSF Engineering Research Center for Quantum Networks (CQN),1941583,F4320306076,National Science Foundation,
W4390306827,1,G1404049065,,FA9550-21-1-0209,F4320338279,Air Force Office of Scientific Research,
W4390306827,2,G1432373144,,W911NF-21-1-,F4320338281,Army Research Office,
W4390306827,3,G1442400458,QuSeC-TAQS: Nanoscale Covariance Magnetometry with Diamond Quantum Sensors,2326767,F4320306076,National Science Foundation,
W4390306827,4,G1523888516,,FA9550-,F4320338279,Air Force Office of Scientific Research,
W4390306827,5,G2882288540,,W911NF2310077,F4320338281,Army Research Office,
W4390306827,6,G3162985271,,W911NF2110325,F4320333591,Multidisciplinary University Research Initiative,
W4390306827,7,G3722242190,,OMA-2137642,F4320338279,Air Force Office of Scientific Research,
W4390306827,8,G431725244,,FA9550-21-1-0209,F4320333591,Multidisciplinary University Research Initiative,
W4390306827,9,G4516736450,,-21-1-,F4320338279,Air Force Office of Scientific Research,
W4390306827,10,G4629941602,QuIC - TaQS: Interconnects for a Superconducting-Atomic Hybrid Quantum Network,2137642,F4320306076,National Science Foundation,
W4390306827,11,G4848018484,,FA9550-23- 1-0338,F4320338279,Air Force Office of Scientific Research,
W4390306827,12,G4876042962,,OMA-1936118,F4320338279,Air Force Office of Scientific Research,
W4390306827,13,G5659690140,,FA9550-19-1-0399,F4320306076,National Science Foundation,
W4390306827,14,G6167497367,,FA9550-19-1-0399,F4320338279,Air Force Office of Scientific Research,
W4390306827,15,G6518383159,,W911NF2110325,F4320338281,Army Research Office,
W4390306827,16,G6526646931,,FA9550-19-1-0399,F4320333591,Multidisciplinary University Research Initiative,
W4390306827,17,G6547089213,,OSI-2326767,F4320338279,Air Force Office of Scientific Research,
W4390306827,18,G7420521838,,CCF-2312755,F4320338279,Air Force Office of Scientific Research,
W4390306827,19,G7452299184,,W911NF,F4320338281,Army Research Office,
W4390306827,20,G7576470222,NSF Engineering Research Center for Quantum Networks (CQN),1941583,F4320306076,National Science Foundation,
W4390306827,21,G8232580466,Collaborative Research: FET: Medium: Design and Implementation of Quantum Databases,2312755,F4320306076,National Science Foundation,
W4390306827,22,G922915270,QII-TAQS: Quantum Metrological Platform for Single-Molecule Bio-Sensing,1936118,F4320306076,National Science Foundation,
W4394767702,1,G6715895681,Collaborative Research: CNS Core: Medium: Design and Analysis of Quantum Networks for Entanglement Distribution,1955834,F4320306076,National Science Foundation,
W4394767702,2,G845127158,,312552/2020-3,F4320322025,Conselho Nacional de Desenvolvimento Científico e Tecnológico,
W4394767702,3,G8814423261,,E-26/200.483/2023,F4320322749,Fundação Carlos Chagas Filho de Amparo à Pesquisa do Estado do Rio de Janeiro,
W4394767702,4,G896359353,,407296/2021-2,F4320322025,Conselho Nacional de Desenvolvimento Científico e Tecnológico,
W4396821278,1,G2681904418,Graduate Research Fellowship Program (GRFP),2040434,F4320306076,National Science Foundation,
W4396821278,2,G3056001529,Center: JILA-PFC: Comprehension and Control of Emerging Complexity at the Quantum Frontier,2317149,F4320306076,National Science Foundation,
W4396821278,3,G5489857805,QLCI-CI: NSF Quantum Leap Challenge Institute for Enhanced Sensing and Distribution Using Correlated Quantum States,2016244,F4320306076,National Science Foundation,
W4415297392,1,G6276915973,"Collaborative Research: NeTS: Medium: Design, Analysis, and Control of Quantum Networks",2402861,F4320306076,National Science Foundation,
W4415297392,2,G7576470222,NSF Engineering Research Center for Quantum Networks (CQN),1941583,F4320306076,National Science Foundation,
W7131319051,1,G1850916760,Software-Tailored Architecture for Quantum Co-Design (STAQ),2325080,F4320306076,National Science Foundation,
W7131319051,2,G4030726415,EAGER: An Integrated Fiber Sensing and Communication Living Lab in the Research Triangle,2330333,F4320306076,National Science Foundation,
W7131319051,3,G6741313931,CC* Integration-Large: Scaling Scientific Workloads on Distributed Commodity GPUs and Storage through Campus-level RDMA Networking,2503010,F4320306076,National Science Foundation,
W7131319051,4,G7576470222,NSF Engineering Research Center for Quantum Networks (CQN),1941583,F4320306076,National Science Foundation,
W7131319051,5,G7720868400,Collaborative Research: CNS Core: Medium: Softwarizing Millimeter-wave Radio Access Networks (RANs) at the Edge,2211944,F4320306076,National Science Foundation,
W7131319051,6,G8021067896,C: Quantum Networks to Connect Quantum Technology (QuanNeCQT),2134891,F4320306076,National Science Foundation,
W7131319051,7,G8377316191,AI Institute for Edge Computing Leveraging Next Generation Networks (Athena),2112562,F4320306076,National Science Foundation,
W7131319051,8,G8476911536,CIRC: GRAND/ENS: COSMOS3: Enhancing and Sustaining the COSMOS Platform,2450567,F4320306076,National Science Foundation,
W4361213893,1,G1847291448,,DE- SC0012704,F4320337480,Basic Energy Sciences,
W4361213893,2,G2354036397,,DESC0012704,F4320338483,Division of Materials Sciences and Engineering,
W4361213893,3,G241279073,,DE‐SC0012704,F4320306084,U.S. Department of Energy,
W4361213893,4,G2957270713,,DE-SC0019406,F4320338483,Division of Materials Sciences and Engineering,
W4361213893,5,G4482833770,,DE-SC0019406,F4320337480,Basic Energy Sciences,
W4361213893,6,G4662383146,,No. DE-SC0012704,F4320337480,Basic Energy Sciences,
W4361213893,7,G5633341255,,No. DE-SC0012704,F4320306084,U.S. Department of Energy,
W4361213893,8,G5765906131,,SC0012704.,F4320306084,U.S. Department of Energy,
W4361213893,9,G6965541988,,SC0012704,F4320337480,Basic Energy Sciences,
W4361213893,10,G7444832178,,EEC-1941583,F4320306084,U.S. Department of Energy,
W4361213893,11,G7576470222,NSF Engineering Research Center for Quantum Networks (CQN),1941583,F4320306076,National Science Foundation,
W4361213893,12,G8209510840,"HYBRID QUANTUM SYSTEMS: SPINS, PHOTONS AND SUPERCONDUCTING QUBITS",DESC0019406,F4320306084,U.S. Department of Energy,
W4361213893,13,G872144517,,DE-SC0012704,F4320306076,National Science Foundation,
W3125096989,1,G1246683416,,YIP FA9550-18-1-0148,F4320338279,Air Force Office of Scientific Research,
W3125096989,2,G1482135624,,W911NF-18-1-0020,F4320338279,Air Force Office of Scientific Research,
W3125096989,3,G1523888516,,FA9550-,F4320338279,Air Force Office of Scientific Research,
W3125096989,4,G165179637,,W911NF1610349,F4320333591,Multidisciplinary University Research Initiative,
W3125096989,5,G1799408541,,EEC-1941583,F4320338279,Air Force Office of Scientific Research,
W3125096989,6,G2598085392,,W911NF-16-1-0349,F4320338279,Air Force Office of Scientific Research,
W3125096989,7,G3067963855,,W911NF-18-1-0020,F4320338281,Army Research Office,
W3125096989,8,G3230488186,,FA9550-18-1-0148,F4320338279,Air Force Office of Scientific Research,
W3125096989,9,G3392305090,,-16-1-,F4320338279,Air Force Office of Scientific Research,
W3125096989,10,G3663418429,,2013-39273,F4320306076,National Science Foundation,
W3125096989,11,G4516736450,,-21-1-,F4320338279,Air Force Office of Scientific Research,
W3125096989,12,G4578494242,,FA9550-21-1-0008,F4320338279,Air Force Office of Scientific Research,
W3125096989,13,G479317180,"CAREER: Near-term quantum computing: achieving quantum advantage, and next steps",2044923,F4320306076,National Science Foundation,
W3125096989,14,G4876042962,,OMA-1936118,F4320338279,Air Force Office of Scientific Research,
W3125096989,15,G4962106257,,W911NF-18-1-0212,F4320338281,Army Research Office,
W3125096989,16,G5659690140,,FA9550-19-1-0399,F4320306076,National Science Foundation,
W3125096989,17,G6141599669,,EFMA-1640959,F4320338279,Air Force Office of Scientific Research,
W3125096989,18,G6167497367,,FA9550-19-1-0399,F4320338279,Air Force Office of Scientific Research,
W3125096989,19,G6526646931,,FA9550-19-1-0399,F4320333591,Multidisciplinary University Research Initiative,
W3125096989,20,G657448715,,W911NF-16-1-,F4320338281,Army Research Office,
W3125096989,21,G6671297155,,CAREER,F4320306076,National Science Foundation,
W3125096989,22,G7452299184,,W911NF,F4320338281,Army Research Office,
W3125096989,23,G7500482128,,W911NF-18-1-0212,F4320338279,Air Force Office of Scientific Research,
W3125096989,24,G7576470222,NSF Engineering Research Center for Quantum Networks (CQN),1941583,F4320306076,National Science Foundation,
W3125096989,25,G7900882,,W911NF-16- 1-0349,F4320338281,Army Research Office,
W3125096989,26,G8778025950,EFRI ACQUIRE: Integrated Nanophotonic Solid State Memories for Telecom Wavelength Quantum Repeaters,1640959,F4320306076,National Science Foundation,
W3125096989,27,G922915270,QII-TAQS: Quantum Metrological Platform for Single-Molecule Bio-Sensing,1936118,F4320306076,National Science Foundation,
W3191292388,1,G102163711,,DE‐ AC02‐06CH11357,F4320306084,U.S. Department of Energy,
W3191292388,2,G107546177,,DE- AC02-06-CH11357,F4320338284,Argonne National Laboratory,
W3191292388,3,G1286251239,,DE-AC02,F4320337480,Basic Energy Sciences,
W3191292388,4,G1313983767,,DE-AC02,F4320338284,Argonne National Laboratory,
W3191292388,5,G1482135624,,W911NF-18-1-0020,F4320338279,Air Force Office of Scientific Research,
W3191292388,6,G1523888516,,FA9550-,F4320338279,Air Force Office of Scientific Research,
W3191292388,7,G160464177,,FA9550-15- 1-0015,F4320338279,Air Force Office of Scientific Research,
W3191292388,8,G165179637,,W911NF1610349,F4320333591,Multidisciplinary University Research Initiative,
W3191292388,9,G1657338961,,FA9550-15-1-0015,F4320333591,Multidisciplinary University Research Initiative,
W3191292388,10,G1664757510,,AC02–06CH11357,F4320338284,Argonne National Laboratory,
W3191292388,11,G1799408541,,EEC-1941583,F4320338279,Air Force Office of Scientific Research,
W3191292388,12,G2287611682,,AC02‐06CH11357,F4320332359,Office of Science,
W3191292388,13,G2598085392,,W911NF-16-1-0349,F4320338279,Air Force Office of Scientific Research,
W3191292388,14,G262962599,,AC02‐06CH11357,F4320306084,U.S. Department of Energy,
W3191292388,15,G3067963855,,W911NF-18-1-0020,F4320338281,Army Research Office,
W3191292388,16,G3075337988,,06CH11357,F4320338284,Argonne National Laboratory,
W3191292388,17,G3392305090,,-16-1-,F4320338279,Air Force Office of Scientific Research,
W3191292388,18,G3663418429,,2013-39273,F4320306076,National Science Foundation,
W3191292388,19,G4211410756,,2013-39273,F4320306079,David and Lucile Packard Foundation,
W3191292388,20,G426311843,,DE-AC- 02-06CH11357,F4320337480,Basic Energy Sciences,
W3191292388,21,G4876042962,,OMA-1936118,F4320338279,Air Force Office of Scientific Research,
W3191292388,22,G4962106257,,W911NF-18-1-0212,F4320338281,Army Research Office,
W3191292388,23,G498139845,,DE-AC02,F4320332359,Office of Science,
W3191292388,24,G513797252,,DE-AC02–06CH11357,F4320306076,National Science Foundation,
W3191292388,25,G5387317844,,AC02‐06CH11357,F4320337480,Basic Energy Sciences,
W3191292388,26,G5659690140,,FA9550-19-1-0399,F4320306076,National Science Foundation,
W3191292388,27,G6141599669,,EFMA-1640959,F4320338279,Air Force Office of Scientific Research,
W3191292388,28,G6167497367,,FA9550-19-1-0399,F4320338279,Air Force Office of Scientific Research,
W3191292388,29,G6526646931,,FA9550-19-1-0399,F4320333591,Multidisciplinary University Research Initiative,
W3191292388,30,G657448715,,W911NF-16-1-,F4320338281,Army Research Office,
W3191292388,31,G6848031779,,06CH11357,F4320306084,U.S. Department of Energy,
W3191292388,32,G6918803902,,06CH11357,F4320332359,Office of Science,
W3191292388,33,G741291543,,DE-AC02-06CH11357,F4320338279,Air Force Office of Scientific Research,
W3191292388,34,G7444832178,,EEC-1941583,F4320306084,U.S. Department of Energy,
W3191292388,35,G7452299184,,W911NF,F4320338281,Army Research Office,
W3191292388,36,G7500482128,,W911NF-18-1-0212,F4320338279,Air Force Office of Scientific Research,
W3191292388,37,G7576470222,NSF Engineering Research Center for Quantum Networks (CQN),1941583,F4320306076,National Science Foundation,
W3191292388,38,G7583137537,,06CH11357,F4320337480,Basic Energy Sciences,
W3191292388,39,G788322952,,DE‐AC02‐06CH11357,F4320337547,Laboratory Directed Research and Development,
W3191292388,40,G7900882,,W911NF-16- 1-0349,F4320338281,Army Research Office,
W3191292388,41,G8778025950,EFRI ACQUIRE: Integrated Nanophotonic Solid State Memories for Telecom Wavelength Quantum Repeaters,1640959,F4320306076,National Science Foundation,
W3191292388,42,G922915270,QII-TAQS: Quantum Metrological Platform for Single-Molecule Bio-Sensing,1936118,F4320306076,National Science Foundation,
W3191292388,43,G969889393,,DE-AC02-,F4320306084,U.S. Department of Energy,
W3191292388,44,G993149817,,DE-AC02-06CH11357 ,F4320332359,Office of Science,
W4386033330,1,G4962106257,,W911NF-18-1-0212,F4320338281,Army Research Office,
W4386033330,2,G657448715,,W911NF-16-1-,F4320338281,Army Research Office,
W4386033330,3,G7452299184,,W911NF,F4320338281,Army Research Office,
W4386033330,4,G7576470222,NSF Engineering Research Center for Quantum Networks (CQN),1941583,F4320306076,National Science Foundation,
W4386033330,5,G7900882,,W911NF-16- 1-0349,F4320338281,Army Research Office,
W4386033330,6,G8420325161,CCI Phase I: NSF Center for Quantum Dynamics on Modular Quantum Devices (CQD-MQD),2124511,F4320306076,National Science Foundation,
W4388853973,1,G1404049065,,FA9550-21-1-0209,F4320338279,Air Force Office of Scientific Research,
W4388853973,2,G1482135624,,W911NF-18-1-0020,F4320338279,Air Force Office of Scientific Research,
W4388853973,3,G1523888516,,FA9550-,F4320338279,Air Force Office of Scientific Research,
W4388853973,4,G165179637,,W911NF1610349,F4320333591,Multidisciplinary University Research Initiative,
W4388853973,5,G1799408541,,EEC-1941583,F4320338279,Air Force Office of Scientific Research,
W4388853973,6,G2403330605,,PHY-1733907,F4320334224,"Institute for Quantum Information and Matter, California Institute of Technology",
W4388853973,7,G2598085392,,W911NF-16-1-0349,F4320338279,Air Force Office of Scientific Research,
W4388853973,8,G3067963855,,W911NF-18-1-0020,F4320338281,Army Research Office,
W4388853973,9,G3392305090,,-16-1-,F4320338279,Air Force Office of Scientific Research,
W4388853973,10,G3663418429,,2013-39273,F4320306076,National Science Foundation,
W4388853973,11,G431725244,,FA9550-21-1-0209,F4320333591,Multidisciplinary University Research Initiative,
W4388853973,12,G4516736450,,-21-1-,F4320338279,Air Force Office of Scientific Research,
W4388853973,13,G4876042962,,OMA-1936118,F4320338279,Air Force Office of Scientific Research,
W4388853973,14,G4962106257,,W911NF-18-1-0212,F4320338281,Army Research Office,
W4388853973,15,G507237395,The Institute for Quantum Information and Matter: Advancing the Entanglement Frontier,1733907,F4320306076,National Science Foundation,
W4388853973,16,G5659690140,,FA9550-19-1-0399,F4320306076,National Science Foundation,
W4388853973,17,G6141599669,,EFMA-1640959,F4320338279,Air Force Office of Scientific Research,
W4388853973,18,G6167497367,,FA9550-19-1-0399,F4320338279,Air Force Office of Scientific Research,
W4388853973,19,G6526646931,,FA9550-19-1-0399,F4320333591,Multidisciplinary University Research Initiative,
W4388853973,20,G657448715,,W911NF-16-1-,F4320338281,Army Research Office,
W4388853973,21,G7452299184,,W911NF,F4320338281,Army Research Office,
W4388853973,22,G7500482128,,W911NF-18-1-0212,F4320338279,Air Force Office of Scientific Research,
W4388853973,23,G7576470222,NSF Engineering Research Center for Quantum Networks (CQN),1941583,F4320306076,National Science Foundation,
W4388853973,24,G7900882,,W911NF-16- 1-0349,F4320338281,Army Research Office,
W4388853973,25,G8778025950,EFRI ACQUIRE: Integrated Nanophotonic Solid State Memories for Telecom Wavelength Quantum Repeaters,1640959,F4320306076,National Science Foundation,
W4388853973,26,G922915270,QII-TAQS: Quantum Metrological Platform for Single-Molecule Bio-Sensing,1936118,F4320306076,National Science Foundation,
W4400952054,1,G1404049065,,FA9550-21-1-0209,F4320338279,Air Force Office of Scientific Research,
W4400952054,2,G1432373144,,W911NF-21-1-,F4320338281,Army Research Office,
W4400952054,3,G1442400458,QuSeC-TAQS: Nanoscale Covariance Magnetometry with Diamond Quantum Sensors,2326767,F4320306076,National Science Foundation,
W4400952054,4,G1523888516,,FA9550-,F4320338279,Air Force Office of Scientific Research,
W4400952054,5,G2882288540,,W911NF2310077,F4320338281,Army Research Office,
W4400952054,6,G3162985271,,W911NF2110325,F4320333591,Multidisciplinary University Research Initiative,
W4400952054,7,G3722242190,,OMA-2137642,F4320338279,Air Force Office of Scientific Research,
W4400952054,8,G431725244,,FA9550-21-1-0209,F4320333591,Multidisciplinary University Research Initiative,
W4400952054,9,G4516736450,,-21-1-,F4320338279,Air Force Office of Scientific Research,
W4400952054,10,G4629941602,QuIC - TaQS: Interconnects for a Superconducting-Atomic Hybrid Quantum Network,2137642,F4320306076,National Science Foundation,
W4400952054,11,G4848018484,,FA9550-23- 1-0338,F4320338279,Air Force Office of Scientific Research,
W4400952054,12,G4876042962,,OMA-1936118,F4320338279,Air Force Office of Scientific Research,
W4400952054,13,G5261598906,,1748958,F4320337427,"Kavli Institute for Theoretical Physics, University of California, Santa Barbara",
W4400952054,14,G5659690140,,FA9550-19-1-0399,F4320306076,National Science Foundation,
W4400952054,15,G6167497367,,FA9550-19-1-0399,F4320338279,Air Force Office of Scientific Research,
W4400952054,16,G6518383159,,W911NF2110325,F4320338281,Army Research Office,
W4400952054,17,G6526646931,,FA9550-19-1-0399,F4320333591,Multidisciplinary University Research Initiative,
W4400952054,18,G6547089213,,OSI-2326767,F4320338279,Air Force Office of Scientific Research,
W4400952054,19,G7420521838,,CCF-2312755,F4320338279,Air Force Office of Scientific Research,
W4400952054,20,G7452299184,,W911NF,F4320338281,Army Research Office,
W4400952054,21,G7576470222,NSF Engineering Research Center for Quantum Networks (CQN),1941583,F4320306076,National Science Foundation,
W4400952054,22,G8232580466,Collaborative Research: FET: Medium: Design and Implementation of Quantum Databases,2312755,F4320306076,National Science Foundation,
W4400952054,23,G8497063558,Kavli Institute for Theoretical Physics,1748958,F4320306076,National Science Foundation,
W4400952054,24,G922915270,QII-TAQS: Quantum Metrological Platform for Single-Molecule Bio-Sensing,1936118,F4320306076,National Science Foundation,
W4400952054,25,G985207216,,PHY-1748958,F4320337427,"Kavli Institute for Theoretical Physics, University of California, Santa Barbara",
W4411689106,1,G6167497367,,FA9550-19-1-0399,F4320338279,Air Force Office of Scientific Research,
W4411689106,2,G7576470222,NSF Engineering Research Center for Quantum Networks (CQN),1941583,F4320306076,National Science Foundation,
W4411689106,3,G8420325161,CCI Phase I: NSF Center for Quantum Dynamics on Modular Quantum Devices (CQD-MQD),2124511,F4320306076,National Science Foundation,
W4410893049,1,G102163711,,DE‐ AC02‐06CH11357,F4320306084,U.S. Department of Energy,
W4410893049,2,G1404049065,,FA9550-21-1-0209,F4320338279,Air Force Office of Scientific Research,
W4410893049,3,G1442400458,QuSeC-TAQS: Nanoscale Covariance Magnetometry with Diamond Quantum Sensors,2326767,F4320306076,National Science Foundation,
W4410893049,4,G1932254719,,HR0011-24-9-0361,F4320332180,Defense Advanced Research Projects Agency,
W4410893049,5,G2882288540,,W911NF2310077,F4320338281,Army Research Office,
W4410893049,6,G3162985271,,W911NF2110325,F4320333591,Multidisciplinary University Research Initiative,
W4410893049,7,G4629941602,QuIC - TaQS: Interconnects for a Superconducting-Atomic Hybrid Quantum Network,2137642,F4320306076,National Science Foundation,
W4410893049,8,G4848018484,,FA9550-23- 1-0338,F4320338279,Air Force Office of Scientific Research,
W4410893049,9,G6167497367,,FA9550-19-1-0399,F4320338279,Air Force Office of Scientific Research,
W4410893049,10,G7576470222,NSF Engineering Research Center for Quantum Networks (CQN),1941583,F4320306076,National Science Foundation,
W4410893049,11,G7796153478,,HR0011-24-9-0359,F4320332180,Defense Advanced Research Projects Agency,
W4410893049,12,G8232580466,Collaborative Research: FET: Medium: Design and Implementation of Quantum Databases,2312755,F4320306076,National Science Foundation,
W4410893049,13,G8672390710,,2020-71479,F4320306079,David and Lucile Packard Foundation,
W4410893049,14,G922915270,QII-TAQS: Quantum Metrological Platform for Single-Molecule Bio-Sensing,1936118,F4320306076,National Science Foundation,
W7131396593,1,G2027002873,NNCI: Center for Nanoscale Systems (CNS),2025158,F4320306076,National Science Foundation,
W7131396593,2,G3803561910,,100010434,F4320306076,National Science Foundation,
W7131396593,3,G5937005037,Physics and Applications of Quantum Nanophotonics Systems,2012023,F4320306076,National Science Foundation,
W7131396593,4,G7576470222,NSF Engineering Research Center for Quantum Networks (CQN),1941583,F4320306076,National Science Foundation,
W3187270876,1,G1404049065,,FA9550-21-1-0209,F4320338279,Air Force Office of Scientific Research,
W3187270876,2,G1482135624,,W911NF-18-1-0020,F4320338279,Air Force Office of Scientific Research,
W3187270876,3,G1523888516,,FA9550-,F4320338279,Air Force Office of Scientific Research,
W3187270876,4,G1592350401,,KRISS-GP2022-0012,F4320322103,Korea Research Institute of Standards and Science,
W3187270876,5,G165179637,,W911NF1610349,F4320333591,Multidisciplinary University Research Initiative,
W3187270876,6,G1799408541,,EEC-1941583,F4320338279,Air Force Office of Scientific Research,
W3187270876,7,G2377324256,,GP2022-0012,F4320322103,Korea Research Institute of Standards and Science,
W3187270876,8,G2598085392,,W911NF-16-1-0349,F4320338279,Air Force Office of Scientific Research,
W3187270876,9,G3067963855,,W911NF-18-1-0020,F4320338281,Army Research Office,
W3187270876,10,G3392305090,,-16-1-,F4320338279,Air Force Office of Scientific Research,
W3187270876,11,G3663418429,,2013-39273,F4320306076,National Science Foundation,
W3187270876,12,G4211410756,,2013-39273,F4320306079,David and Lucile Packard Foundation,
W3187270876,13,G431725244,,FA9550-21-1-0209,F4320333591,Multidisciplinary University Research Initiative,
W3187270876,14,G4516736450,,-21-1-,F4320338279,Air Force Office of Scientific Research,
W3187270876,15,G4876042962,,OMA-1936118,F4320338279,Air Force Office of Scientific Research,
W3187270876,16,G4962106257,,W911NF-18-1-0212,F4320338281,Army Research Office,
W3187270876,17,G5659690140,,FA9550-19-1-0399,F4320306076,National Science Foundation,
W3187270876,18,G6141599669,,EFMA-1640959,F4320338279,Air Force Office of Scientific Research,
W3187270876,19,G6167497367,,FA9550-19-1-0399,F4320338279,Air Force Office of Scientific Research,
W3187270876,20,G617415400,,KRISS-GP2022-0011-33,F4320322103,Korea Research Institute of Standards and Science,
W3187270876,21,G6526646931,,FA9550-19-1-0399,F4320333591,Multidisciplinary University Research Initiative,
W3187270876,22,G657448715,,W911NF-16-1-,F4320338281,Army Research Office,
W3187270876,23,G7444832178,,EEC-1941583,F4320306084,U.S. Department of Energy,
W3187270876,24,G7452299184,,W911NF,F4320338281,Army Research Office,
W3187270876,25,G7500482128,,W911NF-18-1-0212,F4320338279,Air Force Office of Scientific Research,
W3187270876,26,G7576470222,NSF Engineering Research Center for Quantum Networks (CQN),1941583,F4320306076,National Science Foundation,
W3187270876,27,G7900882,,W911NF-16- 1-0349,F4320338281,Army Research Office,
W3187270876,28,G8778025950,EFRI ACQUIRE: Integrated Nanophotonic Solid State Memories for Telecom Wavelength Quantum Repeaters,1640959,F4320306076,National Science Foundation,
W3187270876,29,G8958928797,,KRISS-GP2022-0011,F4320322103,Korea Research Institute of Standards and Science,
W3187270876,30,G922915270,QII-TAQS: Quantum Metrological Platform for Single-Molecule Bio-Sensing,1936118,F4320306076,National Science Foundation,
W4220672268,1,G2469973041,,N660012014029,F4320332180,Defense Advanced Research Projects Agency,
W4220672268,2,G6533748316,,ECCS-1920742,F4320337392,"Division of Electrical, Communications and Cyber Systems",
W4220672268,3,G7576470222,NSF Engineering Research Center for Quantum Networks (CQN),1941583,F4320306076,National Science Foundation,
W4220672268,4,G8037367148,FET: Small: Spectrally Efficient High-dimensional Quantum Communications in an Integrated Quantum Photonic Platform,1907918,F4320306076,National Science Foundation,
W4220672268,5,G8504488424,Collaborative Research:  Programmable Chip-Scale Quantum-Photonics Platform Based on Frequency-Comb Cluster-States for Multicasting Quantum Networks,1920742,F4320306076,National Science Foundation,
W4308437186,1,G1404049065,,FA9550-21-1-0209,F4320338279,Air Force Office of Scientific Research,
W4308437186,2,G1432373144,,W911NF-21-1-,F4320338281,Army Research Office,
W4308437186,3,G1482135624,,W911NF-18-1-0020,F4320338279,Air Force Office of Scientific Research,
W4308437186,4,G1523888516,,FA9550-,F4320338279,Air Force Office of Scientific Research,
W4308437186,5,G165179637,,W911NF1610349,F4320333591,Multidisciplinary University Research Initiative,
W4308437186,6,G1770223817,,FA864921P0781,F4320338294,Air Force Research Laboratory,
W4308437186,7,G1799408541,,EEC-1941583,F4320338279,Air Force Office of Scientific Research,
W4308437186,8,G2598085392,,W911NF-16-1-0349,F4320338279,Air Force Office of Scientific Research,
W4308437186,9,G3067963855,,W911NF-18-1-0020,F4320338281,Army Research Office,
W4308437186,10,G3162985271,,W911NF2110325,F4320333591,Multidisciplinary University Research Initiative,
W4308437186,11,G3392305090,,-16-1-,F4320338279,Air Force Office of Scientific Research,
W4308437186,12,G3516030815,,FA9550-19-1-0399; FA9550-21-1-0209,F4320338279,Air Force Office of Scientific Research,
W4308437186,13,G3722242190,,OMA-2137642,F4320338279,Air Force Office of Scientific Research,
W4308437186,14,G431725244,,FA9550-21-1-0209,F4320333591,Multidisciplinary University Research Initiative,
W4308437186,15,G4516736450,,-21-1-,F4320338279,Air Force Office of Scientific Research,
W4308437186,16,G4629941602,QuIC - TaQS: Interconnects for a Superconducting-Atomic Hybrid Quantum Network,2137642,F4320306076,National Science Foundation,
W4308437186,17,G4876042962,,OMA-1936118,F4320338279,Air Force Office of Scientific Research,
W4308437186,18,G4962106257,,W911NF-18-1-0212,F4320338281,Army Research Office,
W4308437186,19,G5298762856,,FA9550-21-1-0209,F4320338294,Air Force Research Laboratory,
W4308437186,20,G5659690140,,FA9550-19-1-0399,F4320306076,National Science Foundation,
W4308437186,21,G6167497367,,FA9550-19-1-0399,F4320338279,Air Force Office of Scientific Research,
W4308437186,22,G6518383159,,W911NF2110325,F4320338281,Army Research Office,
W4308437186,23,G6526646931,,FA9550-19-1-0399,F4320333591,Multidisciplinary University Research Initiative,
W4308437186,24,G657448715,,W911NF-16-1-,F4320338281,Army Research Office,
W4308437186,25,G7452299184,,W911NF,F4320338281,Army Research Office,
W4308437186,26,G7500482128,,W911NF-18-1-0212,F4320338279,Air Force Office of Scientific Research,
W4308437186,27,G7576470222,NSF Engineering Research Center for Quantum Networks (CQN),1941583,F4320306076,National Science Foundation,
W4308437186,28,G7900882,,W911NF-16- 1-0349,F4320338281,Army Research Office,
W4308437186,29,G8289759875,,FA9550,F4320338294,Air Force Research Laboratory,
W4308437186,30,G8672390710,,2020-71479,F4320306079,David and Lucile Packard Foundation,
W4308437186,31,G922915270,QII-TAQS: Quantum Metrological Platform for Single-Molecule Bio-Sensing,1936118,F4320306076,National Science Foundation,
W4400926291,1,G102163711,,DE‐ AC02‐06CH11357,F4320306084,U.S. Department of Energy,
W4400926291,2,G1055550527,,DE-AC02-06CH11357,F4320309626,University of Chicago,
W4400926291,3,G107522343,PFCQC: STAQ: Software-Tailored Architecture for Quantum co-design,1818914,F4320306076,National Science Foundation,
W4400926291,4,G1404049065,,FA9550-21-1-0209,F4320338279,Air Force Office of Scientific Research,
W4400926291,5,G1432373144,,W911NF-21-1-,F4320338281,Army Research Office,
W4400926291,6,G1442400458,QuSeC-TAQS: Nanoscale Covariance Magnetometry with Diamond Quantum Sensors,2326767,F4320306076,National Science Foundation,
W4400926291,7,G1523888516,,FA9550-,F4320338279,Air Force Office of Scientific Research,
W4400926291,8,G1932254719,,HR0011-24-9-0361,F4320332180,Defense Advanced Research Projects Agency,
W4400926291,9,G2287611682,,AC02‐06CH11357,F4320332359,Office of Science,
W4400926291,10,G262962599,,AC02‐06CH11357,F4320306084,U.S. Department of Energy,
W4400926291,11,G2882288540,,W911NF2310077,F4320338281,Army Research Office,
W4400926291,12,G3162985271,,W911NF2110325,F4320333591,Multidisciplinary University Research Initiative,
W4400926291,13,G3722242190,,OMA-2137642,F4320338279,Air Force Office of Scientific Research,
W4400926291,14,G3990184095,,FA9550-21-1-0209,F4320309626,University of Chicago,
W4400926291,15,G431725244,,FA9550-21-1-0209,F4320333591,Multidisciplinary University Research Initiative,
W4400926291,16,G4516736450,,-21-1-,F4320338279,Air Force Office of Scientific Research,
W4400926291,17,G4629941602,QuIC - TaQS: Interconnects for a Superconducting-Atomic Hybrid Quantum Network,2137642,F4320306076,National Science Foundation,
W4400926291,18,G4848018484,,FA9550-23- 1-0338,F4320338279,Air Force Office of Scientific Research,
W4400926291,19,G4876042962,,OMA-1936118,F4320338279,Air Force Office of Scientific Research,
W4400926291,20,G498139845,,DE-AC02,F4320332359,Office of Science,
W4400926291,21,G513797252,,DE-AC02–06CH11357,F4320306076,National Science Foundation,
W4400926291,22,G5476995083,QLCI-CI: NSF Quantum Leap Challenge Institute for Hybrid Quantum Architectures and Networks,2016136,F4320306076,National Science Foundation,
W4400926291,23,G5659690140,,FA9550-19-1-0399,F4320306076,National Science Foundation,
W4400926291,24,G6167497367,,FA9550-19-1-0399,F4320338279,Air Force Office of Scientific Research,
W4400926291,25,G6518383159,,W911NF2110325,F4320338281,Army Research Office,
W4400926291,26,G6526646931,,FA9550-19-1-0399,F4320333591,Multidisciplinary University Research Initiative,
W4400926291,27,G6547089213,,OSI-2326767,F4320338279,Air Force Office of Scientific Research,
W4400926291,28,G6848031779,,06CH11357,F4320306084,U.S. Department of Energy,
W4400926291,29,G6918803902,,06CH11357,F4320332359,Office of Science,
W4400926291,30,G741291543,,DE-AC02-06CH11357,F4320338279,Air Force Office of Scientific Research,
W4400926291,31,G7420521838,,CCF-2312755,F4320338279,Air Force Office of Scientific Research,
W4400926291,32,G7452299184,,W911NF,F4320338281,Army Research Office,
W4400926291,33,G7576470222,NSF Engineering Research Center for Quantum Networks (CQN),1941583,F4320306076,National Science Foundation,
W4400926291,34,G7796153478,,HR0011-24-9-0359,F4320332180,Defense Advanced Research Projects Agency,
W4400926291,35,G8232580466,Collaborative Research: FET: Medium: Design and Implementation of Quantum Databases,2312755,F4320306076,National Science Foundation,
W4400926291,36,G878601127,,DE-AC02-06CH11357,F4320337506,Advanced Scientific Computing Research,
W4400926291,37,G902573048,Collaborative Research: EPiQC: Enabling Practical-Scale Quantum Computation,1730449,F4320306076,National Science Foundation,
W4400926291,38,G922915270,QII-TAQS: Quantum Metrological Platform for Single-Molecule Bio-Sensing,1936118,F4320306076,National Science Foundation,
W4400926291,39,G969889393,,DE-AC02-,F4320306084,U.S. Department of Energy,
W4400926291,40,G993149817,,DE-AC02-06CH11357 ,F4320332359,Office of Science,
W4417213520,1,G7576470222,NSF Engineering Research Center for Quantum Networks (CQN),1941583,F4320306076,National Science Foundation,
W4414324470,1,G4198572546,QuIC-TAQS: Integrated Lithium Niobate Quantum Photonics Platform,2137723,F4320306076,National Science Foundation,
W4414324470,2,G7576470222,NSF Engineering Research Center for Quantum Networks (CQN),1941583,F4320306076,National Science Foundation,
W4416054853,1,G3281242400,,EEC‐1941583,F4320332170,Directorate for Engineering,
W4416054853,2,G3817687402,,2346089,F4320332169,Directorate for Computer and Information Science and Engineering,
W4416054853,3,G3817840624,Research Infrastructure: CIRC: New: Full-stack Codesign Tools for Quantum Hardware,2346089,F4320306076,National Science Foundation,
W4416054853,4,G51094623,,80NSSC25K7456,F4320334514,Space Technology Mission Directorate,
W4416054853,5,G6276915973,"Collaborative Research: NeTS: Medium: Design, Analysis, and Control of Quantum Networks",2402861,F4320306076,National Science Foundation,
W4416054853,6,G7483748082,,2402861,F4320332169,Directorate for Computer and Information Science and Engineering,
W4416054853,7,G7576470222,NSF Engineering Research Center for Quantum Networks (CQN),1941583,F4320306076,National Science Foundation,
W4214826007,1,G1482135624,,W911NF-18-1-0020,F4320338279,Air Force Office of Scientific Research,
W4214826007,2,G1523888516,,FA9550-,F4320338279,Air Force Office of Scientific Research,
W4214826007,3,G165179637,,W911NF1610349,F4320333591,Multidisciplinary University Research Initiative,
W4214826007,4,G1799408541,,EEC-1941583,F4320338279,Air Force Office of Scientific Research,
W4214826007,5,G2598085392,,W911NF-16-1-0349,F4320338279,Air Force Office of Scientific Research,
W4214826007,6,G3067963855,,W911NF-18-1-0020,F4320338281,Army Research Office,
W4214826007,7,G3392305090,,-16-1-,F4320338279,Air Force Office of Scientific Research,
W4214826007,8,G3663418429,,2013-39273,F4320306076,National Science Foundation,
W4214826007,9,G4876042962,,OMA-1936118,F4320338279,Air Force Office of Scientific Research,
W4214826007,10,G4962106257,,W911NF-18-1-0212,F4320338281,Army Research Office,
W4214826007,11,G5659690140,,FA9550-19-1-0399,F4320306076,National Science Foundation,
W4214826007,12,G6141599669,,EFMA-1640959,F4320338279,Air Force Office of Scientific Research,
W4214826007,13,G6167497367,,FA9550-19-1-0399,F4320338279,Air Force Office of Scientific Research,
W4214826007,14,G6526646931,,FA9550-19-1-0399,F4320333591,Multidisciplinary University Research Initiative,
W4214826007,15,G657448715,,W911NF-16-1-,F4320338281,Army Research Office,
W4214826007,16,G7452299184,,W911NF,F4320338281,Army Research Office,
W4214826007,17,G7500482128,,W911NF-18-1-0212,F4320338279,Air Force Office of Scientific Research,
W4214826007,18,G7576470222,NSF Engineering Research Center for Quantum Networks (CQN),1941583,F4320306076,National Science Foundation,
W4214826007,19,G7900882,,W911NF-16- 1-0349,F4320338281,Army Research Office,
W4214826007,20,G8778025950,EFRI ACQUIRE: Integrated Nanophotonic Solid State Memories for Telecom Wavelength Quantum Repeaters,1640959,F4320306076,National Science Foundation,
W4214826007,21,G922915270,QII-TAQS: Quantum Metrological Platform for Single-Molecule Bio-Sensing,1936118,F4320306076,National Science Foundation,
W4319653467,1,G4962106257,,W911NF-18-1-0212,F4320338281,Army Research Office,
W4319653467,2,G657448715,,W911NF-16-1-,F4320338281,Army Research Office,
W4319653467,3,G7452299184,,W911NF,F4320338281,Army Research Office,
W4319653467,4,G7576470222,NSF Engineering Research Center for Quantum Networks (CQN),1941583,F4320306076,National Science Foundation,
W4319653467,5,G7900882,,W911NF-16- 1-0349,F4320338281,Army Research Office,
W4319653467,6,G8420325161,CCI Phase I: NSF Center for Quantum Dynamics on Modular Quantum Devices (CQD-MQD),2124511,F4320306076,National Science Foundation,
W4361287552,1,G1432373144,,W911NF-21-1-,F4320338281,Army Research Office,
W4361287552,2,G3162985271,,W911NF2110325,F4320333591,Multidisciplinary University Research Initiative,
W4361287552,3,G5633803853,,NRF-2020M3E4A1077861,F4320328359,"Ministry of Science and ICT, South Korea",
W4361287552,4,G6185281766,,NRF-2020M3E4A1077861,F4320322120,National Research Foundation of Korea,
W4361287552,5,G6518383159,,W911NF2110325,F4320338281,Army Research Office,
W4361287552,6,G7452299184,,W911NF,F4320338281,Army Research Office,
W4361287552,7,G7576470222,NSF Engineering Research Center for Quantum Networks (CQN),1941583,F4320306076,National Science Foundation,
W4361287552,8,G922915270,QII-TAQS: Quantum Metrological Platform for Single-Molecule Bio-Sensing,1936118,F4320306076,National Science Foundation,
W3087809443,1,G7576470222,NSF Engineering Research Center for Quantum Networks (CQN),1941583,F4320306076,National Science Foundation,
W4221149814,1,G1404049065,,FA9550-21-1-0209,F4320338279,Air Force Office of Scientific Research,
W4221149814,2,G1432373144,,W911NF-21-1-,F4320338281,Army Research Office,
W4221149814,3,G1482135624,,W911NF-18-1-0020,F4320338279,Air Force Office of Scientific Research,
W4221149814,4,G1523888516,,FA9550-,F4320338279,Air Force Office of Scientific Research,
W4221149814,5,G165179637,,W911NF1610349,F4320333591,Multidisciplinary University Research Initiative,
W4221149814,6,G1770223817,,FA864921P0781,F4320338294,Air Force Research Laboratory,
W4221149814,7,G1799408541,,EEC-1941583,F4320338279,Air Force Office of Scientific Research,
W4221149814,8,G2598085392,,W911NF-16-1-0349,F4320338279,Air Force Office of Scientific Research,
W4221149814,9,G3067963855,,W911NF-18-1-0020,F4320338281,Army Research Office,
W4221149814,10,G3162985271,,W911NF2110325,F4320333591,Multidisciplinary University Research Initiative,
W4221149814,11,G3392305090,,-16-1-,F4320338279,Air Force Office of Scientific Research,
W4221149814,12,G3722242190,,OMA-2137642,F4320338279,Air Force Office of Scientific Research,
W4221149814,13,G431725244,,FA9550-21-1-0209,F4320333591,Multidisciplinary University Research Initiative,
W4221149814,14,G4516736450,,-21-1-,F4320338279,Air Force Office of Scientific Research,
W4221149814,15,G4629941602,QuIC - TaQS: Interconnects for a Superconducting-Atomic Hybrid Quantum Network,2137642,F4320306076,National Science Foundation,
W4221149814,16,G4876042962,,OMA-1936118,F4320338279,Air Force Office of Scientific Research,
W4221149814,17,G4962106257,,W911NF-18-1-0212,F4320338281,Army Research Office,
W4221149814,18,G5298762856,,FA9550-21-1-0209,F4320338294,Air Force Research Laboratory,
W4221149814,19,G5659690140,,FA9550-19-1-0399,F4320306076,National Science Foundation,
W4221149814,20,G6167497367,,FA9550-19-1-0399,F4320338279,Air Force Office of Scientific Research,
W4221149814,21,G6518383159,,W911NF2110325,F4320338281,Army Research Office,
W4221149814,22,G6526646931,,FA9550-19-1-0399,F4320333591,Multidisciplinary University Research Initiative,
W4221149814,23,G657448715,,W911NF-16-1-,F4320338281,Army Research Office,
W4221149814,24,G7452299184,,W911NF,F4320338281,Army Research Office,
W4221149814,25,G7500482128,,W911NF-18-1-0212,F4320338279,Air Force Office of Scientific Research,
W4221149814,26,G7576470222,NSF Engineering Research Center for Quantum Networks (CQN),1941583,F4320306076,National Science Foundation,
W4221149814,27,G7900882,,W911NF-16- 1-0349,F4320338281,Army Research Office,
W4221149814,28,G8289759875,,FA9550,F4320338294,Air Force Research Laboratory,
W4221149814,29,G922915270,QII-TAQS: Quantum Metrological Platform for Single-Molecule Bio-Sensing,1936118,F4320306076,National Science Foundation,
W4307412328,1,G1954895400,CIF: Medium: Iterative Quantum LDPC Decoders,1855879,F4320306076,National Science Foundation,
W4307412328,2,G2569120085,Collaborative Research: CIF: Medium: QODED: Quantum codes Optimized for the Dynamics between Encoded Computation and Decoding using Classical Coding Techniques,2106189,F4320306076,National Science Foundation,
W4307412328,3,G2793524870,ECCS/CCSS: Neural Network Nonlinear Iterative LDPC Decoders with Guaranteed Error Performance and Fast Convergence,2027844,F4320306076,National Science Foundation,
W4307412328,4,G3559249381,,CCSS-2027844,F4320337392,"Division of Electrical, Communications and Cyber Systems",
W4307412328,5,G7576470222,NSF Engineering Research Center for Quantum Networks (CQN),1941583,F4320306076,National Science Foundation,
W4307412328,6,G7789950527,CIF: Small: Learning To Correct Errors,2100013,F4320306076,National Science Foundation,
W4377130607,1,G1954895400,CIF: Medium: Iterative Quantum LDPC Decoders,1855879,F4320306076,National Science Foundation,
W4377130607,2,G2793524870,ECCS/CCSS: Neural Network Nonlinear Iterative LDPC Decoders with Guaranteed Error Performance and Fast Convergence,2027844,F4320306076,National Science Foundation,
W4377130607,3,G4901105083,Phase II IUCRC University of Arizona: Broadband Wireless Access and Applications Center (BWAC),1822071,F4320306076,National Science Foundation,
W4377130607,4,G5248879451,,CAREER 16-51492,F4320306076,National Science Foundation,
W4377130607,5,G5321909600,CAREER: Communication- Efficient Distributed Computation: Information- Theoretic Foundations and Algorithms,1651492,F4320306076,National Science Foundation,
W4377130607,6,G6671297155,,CAREER,F4320306076,National Science Foundation,
W4377130607,7,G7215000263,EAGER: DCL: SaTC: Enabling Interdisciplinary Collab: Impact-aware Machine Learning for Fair and Private Decision Making: Algorithms and Applications in Juvenile Justice Systems,2209951,F4320306076,National Science Foundation,
W4377130607,8,G7576470222,NSF Engineering Research Center for Quantum Networks (CQN),1941583,F4320306076,National Science Foundation,
W4377130607,9,G767368701,Collaborative Research: Secure and Efficient Post-quantum Cryptography: from Coding Theory to Hardware Architecture,2052751,F4320306076,National Science Foundation,
W4377130607,10,G7789950527,CIF: Small: Learning To Correct Errors,2100013,F4320306076,National Science Foundation,
W4386839930,1,G1162011400,,W911NF1810432,F4320338281,Army Research Office,
W4386839930,2,G3582326853,,W911NF1810432,F4320333591,Multidisciplinary University Research Initiative,
W4386839930,3,G3908502130,,N00014-20-1-2425,F4320337345,Office of Naval Research,
W4386839930,4,G4198572546,QuIC-TAQS: Integrated Lithium Niobate Quantum Photonics Platform,2137723,F4320306076,National Science Foundation,
W4386839930,5,G4608849795,,1541959,F4320338281,Army Research Office,
W4386839930,6,G5970606412,NNCI: The Center for Nanoscale System (CNS) at Harvard University,1541959,F4320306076,National Science Foundation,
W4386839930,7,G7576470222,NSF Engineering Research Center for Quantum Networks (CQN),1941583,F4320306076,National Science Foundation,
W4386839930,8,G8030067134,,1541959,F4320337345,Office of Naval Research,
W4386839930,9,G8876996369,,N00014,F4320337345,Office of Naval Research,
W4388092905,1,G1162011400,,W911NF1810432,F4320338281,Army Research Office,
W4388092905,2,G1295059608,,840968,F4320320696,"Agency for Science, Technology and Research",
W4388092905,3,G1523888516,,FA9550-,F4320338279,Air Force Office of Scientific Research,
W4388092905,4,G1587441952,,ECS-0335765,F4320309622,Harvard University,
W4388092905,5,G1639952346,,1231319,F4320337367,Division of Materials Research,
W4388092905,6,G1799408541,,EEC-1941583,F4320338279,Air Force Office of Scientific Research,
W4388092905,7,G2183085053,,840968,F4320338281,Army Research Office,
W4388092905,8,G2919862584,,840968,F4320306076,National Science Foundation,
W4388092905,9,G3311699245,Center for Integrated Quantum Materials,1231319,F4320306076,National Science Foundation,
W4388092905,10,G3431638231,,W911NF1810432,F4320338279,Air Force Office of Scientific Research,
W4388092905,11,G36446433,,FA9550-20-1,F4320338279,Air Force Office of Scientific Research,
W4388092905,12,G3663437387,,FA9550-23-1-0333,F4320337345,Office of Naval Research,
W4388092905,13,G3908502130,,N00014-20-1-2425,F4320337345,Office of Naval Research,
W4388092905,14,G3964890580,,FA9550-20-1-01015,F4320338279,Air Force Office of Scientific Research,
W4388092905,15,G434337789,,HORIZON2020,F4320320300,European Commission,
W4388092905,16,G468436599,,840968,F4320338279,Air Force Office of Scientific Research,
W4388092905,17,G475327532,,840968,F4320337345,Office of Naval Research,
W4388092905,18,G5656270699,,202160592,F4320334764,Japan Society for the Promotion of Science,
W4388092905,19,G5729145195,,FA9550-20,F4320338279,Air Force Office of Scientific Research,
W4388092905,20,G6098521345,,FA9550,F4320337345,Office of Naval Research,
W4388092905,21,G6205573587,NNIN: National Nanotechnology Infrastructure Network,0335765,F4320306076,National Science Foundation,
W4388092905,22,G695208427,Coherent Optomechanical and Hyperfine interactions Engineering with Silicon-Vacancy impurities in diamond for quantum networks,840968,F4320338337,H2020 Marie Skłodowska-Curie Actions,
W4388092905,23,G7358480839,,HORIZON2020,F4320338337,H2020 Marie Skłodowska-Curie Actions,
W4388092905,24,G7576470222,NSF Engineering Research Center for Quantum Networks (CQN),1941583,F4320306076,National Science Foundation,
W4388092905,25,G8006577219,,N00014-20,F4320337345,Office of Naval Research,
W4388092905,26,G8270899765,Coherent Optomechanical and Hyperfine interactions Engineering with Silicon-Vacancy impurities in diamond for quantum networks,840968,F4320320300,European Commission,
W4388092905,27,G8544953645,,FA9550-23-1-0333,F4320338279,Air Force Office of Scientific Research,
W4388092905,28,G8640644076,,DMR-12313 19,F4320306076,National Science Foundation,
W4388092905,29,G875209366,,DMR-1231319,F4320337367,Division of Materials Research,
W4388092905,30,G8876996369,,N00014,F4320337345,Office of Naval Research,
W4388092905,31,G8898047084,,ECS-0335765,F4320337345,Office of Naval Research,
W4402706146,1,G1079818582,,AC02‐05CH11231,F4320338292,Lawrence Berkeley National Laboratory,
W4402706146,2,G1143651532,,DE-AC02-05CH11231,F4320338292,Lawrence Berkeley National Laboratory,
W4402706146,3,G1286236842,,-AC02-05CH11231,F4320306084,U.S. Department of Energy,
W4402706146,4,G1314494723,,DE-AC02-05CH11231,F4320338281,Army Research Office,
W4402706146,5,G1457575125,"QuSeC-TAQS: Quantum Sensor Networks for Metrology, Chemistry and Astrophysics",2326787,F4320306076,National Science Foundation,
W4402706146,6,G1863003419,,DEAC02-05CH11231,F4320306076,National Science Foundation,
W4402706146,7,G2515541506,,HR0011,F4320332180,Defense Advanced Research Projects Agency,
W4402706146,8,G3083819904,,05CH11231,F4320306084,U.S. Department of Energy,
W4402706146,9,G3719423973,,W911NF-23-2-0219,F4320333051,Intelligence Advanced Research Projects Activity,
W4402706146,10,G419881185,,DEAC02–05CH11231,F4320332359,Office of Science,
W4402706146,11,G42916606,,DE AC02 05CH11231,F4320306084,U.S. Department of Energy,
W4402706146,12,G4501827968,,AC02-05CH11231,F4320332359,Office of Science,
W4402706146,13,G498139845,,DE-AC02,F4320332359,Office of Science,
W4402706146,14,G5188000133,,HR0011-23-3-0012,F4320332180,Defense Advanced Research Projects Agency,
W4402706146,15,G5206177008,,DE-AC02-05CH11231,F4320332180,Defense Advanced Research Projects Agency,
W4402706146,16,G5222170445,,AC02-05CH11231,F4320332180,Defense Advanced Research Projects Agency,
W4402706146,17,G5723341926,,W911NF2320219,F4320338281,Army Research Office,
W4402706146,18,G5937005037,Physics and Applications of Quantum Nanophotonics Systems,2012023,F4320306076,National Science Foundation,
W4402706146,19,G6492584721,FUNDAMENTAL ALGORITHMIC RESEARCH FOR QUANTUM COMPUTING(FAR-QC),DESC0020290,F4320332359,Office of Science,
W4402706146,20,G6652958823,,05CH11231,F4320332359,Office of Science,
W4402706146,21,G7262863754,,1941583,F4320306084,U.S. Department of Energy,
W4402706146,22,G7354628648,,05CH11231,F4320338292,Lawrence Berkeley National Laboratory,
W4402706146,23,G7444832178,,EEC-1941583,F4320306084,U.S. Department of Energy,
W4402706146,24,G7452299184,,W911NF,F4320338281,Army Research Office,
W4402706146,25,G7572609595,,HR0011-24-9-0359,F4320338281,Army Research Office,
W4402706146,26,G7576470222,NSF Engineering Research Center for Quantum Networks (CQN),1941583,F4320306076,National Science Foundation,
W4402706146,27,G7796153478,,HR0011-24-9-0359,F4320332180,Defense Advanced Research Projects Agency,
W4402706146,28,G8312103549,FUNDAMENTAL ALGORITHMIC RESEARCH FOR QUANTUM COMPUTING(FAR-QC),DESC0020290,F4320306084,U.S. Department of Energy,
W4402706146,29,G969889393,,DE-AC02-,F4320306084,U.S. Department of Energy,
W4311126164,1,G2469973041,,N660012014029,F4320332180,Defense Advanced Research Projects Agency,
W4311126164,2,G6533748316,,ECCS-1920742,F4320337392,"Division of Electrical, Communications and Cyber Systems",
W4311126164,3,G7576470222,NSF Engineering Research Center for Quantum Networks (CQN),1941583,F4320306076,National Science Foundation,
W4311126164,4,G8037367148,FET: Small: Spectrally Efficient High-dimensional Quantum Communications in an Integrated Quantum Photonic Platform,1907918,F4320306076,National Science Foundation,
W4311126164,5,G8504488424,Collaborative Research:  Programmable Chip-Scale Quantum-Photonics Platform Based on Frequency-Comb Cluster-States for Multicasting Quantum Networks,1920742,F4320306076,National Science Foundation,
W4323066542,1,G4360825345,FET: Small: Establishing an efficient framework for non-Gaussian states engineering and optical implementation of measurements,2122337,F4320306076,National Science Foundation,
W4323066542,2,G7576470222,NSF Engineering Research Center for Quantum Networks (CQN),1941583,F4320306076,National Science Foundation,
W4361231012,1,G1034473731,,2022M3K4A1097117,F4320322120,National Research Foundation of Korea,
W4361231012,2,G1273934705,,NRF-2022M3K4A1097117,F4320322120,National Research Foundation of Korea,
W4361231012,3,G1404049065,,FA9550-21-1-0209,F4320338279,Air Force Office of Scientific Research,
W4361231012,4,G1432373144,,W911NF-21-1-,F4320338281,Army Research Office,
W4361231012,5,G1523888516,,FA9550-,F4320338279,Air Force Office of Scientific Research,
W4361231012,6,G1770223817,,FA864921P0781,F4320338294,Air Force Research Laboratory,
W4361231012,7,G264963291,,NRF-2022M3H3A1098237,F4320322120,National Research Foundation of Korea,
W4361231012,8,G2882288540,,W911NF2310077,F4320338281,Army Research Office,
W4361231012,9,G3162985271,,W911NF2110325,F4320333591,Multidisciplinary University Research Initiative,
W4361231012,10,G326219201,,NRF-2023R1A2C1006115,F4320322120,National Research Foundation of Korea,
W4361231012,11,G3722242190,,OMA-2137642,F4320338279,Air Force Office of Scientific Research,
W4361231012,12,G431725244,,FA9550-21-1-0209,F4320333591,Multidisciplinary University Research Initiative,
W4361231012,13,G4516736450,,-21-1-,F4320338279,Air Force Office of Scientific Research,
W4361231012,14,G4629941602,QuIC - TaQS: Interconnects for a Superconducting-Atomic Hybrid Quantum Network,2137642,F4320306076,National Science Foundation,
W4361231012,15,G4876042962,,OMA-1936118,F4320338279,Air Force Office of Scientific Research,
W4361231012,16,G4907206356,,2021M3H3A103657313,F4320328359,"Ministry of Science and ICT, South Korea",
W4361231012,17,G5298762856,,FA9550-21-1-0209,F4320338294,Air Force Research Laboratory,
W4361231012,18,G5455160654,,2021-0-01059,F4320335489,Institute for Information and Communications Technology Promotion,
W4361231012,19,G5659690140,,FA9550-19-1-0399,F4320306076,National Science Foundation,
W4361231012,20,G5729792277,,IITP‐2023‐2020‐0‐01606,F4320328359,"Ministry of Science and ICT, South Korea",
W4361231012,21,G5789538363,,NRF-2022M3H3A1098237,F4320328359,"Ministry of Science and ICT, South Korea",
W4361231012,22,G5894882368,,IITP-2021-0-01059,F4320335489,Institute for Information and Communications Technology Promotion,
W4361231012,23,G6167497367,,FA9550-19-1-0399,F4320338279,Air Force Office of Scientific Research,
W4361231012,24,G6518383159,,W911NF2110325,F4320338281,Army Research Office,
W4361231012,25,G6526646931,,FA9550-19-1-0399,F4320333591,Multidisciplinary University Research Initiative,
W4361231012,26,G7004091742,,2021M3H3A103657313,F4320322120,National Research Foundation of Korea,
W4361231012,27,G7452299184,,W911NF,F4320338281,Army Research Office,
W4361231012,28,G7576470222,NSF Engineering Research Center for Quantum Networks (CQN),1941583,F4320306076,National Science Foundation,
W4361231012,29,G780170576,,IITP-2021-0-01059,F4320328359,"Ministry of Science and ICT, South Korea",
W4361231012,30,G793425364,,2023R1A2C1006115,F4320322120,National Research Foundation of Korea,
W4361231012,31,G8289759875,,FA9550,F4320338294,Air Force Research Laboratory,
W4361231012,32,G8716259581,,2023-2020-0-01606,F4320335489,Institute for Information and Communications Technology Promotion,
W4361231012,33,G922915270,QII-TAQS: Quantum Metrological Platform for Single-Molecule Bio-Sensing,1936118,F4320306076,National Science Foundation,
W4361231012,34,G950438122,,IITP-2023-2020-0-01606,F4320335489,Institute for Information and Communications Technology Promotion,
W4381567841,1,G1404049065,,FA9550-21-1-0209,F4320338279,Air Force Office of Scientific Research,
W4381567841,2,G1432373144,,W911NF-21-1-,F4320338281,Army Research Office,
W4381567841,3,G1523888516,,FA9550-,F4320338279,Air Force Office of Scientific Research,
W4381567841,4,G1770223817,,FA864921P0781,F4320338294,Air Force Research Laboratory,
W4381567841,5,G2882288540,,W911NF2310077,F4320338281,Army Research Office,
W4381567841,6,G3162985271,,W911NF2110325,F4320333591,Multidisciplinary University Research Initiative,
W4381567841,7,G3722242190,,OMA-2137642,F4320338279,Air Force Office of Scientific Research,
W4381567841,8,G431725244,,FA9550-21-1-0209,F4320333591,Multidisciplinary University Research Initiative,
W4381567841,9,G4419116167,,NRF-2022M3E4A1076099,F4320322120,National Research Foundation of Korea,
W4381567841,10,G4516736450,,-21-1-,F4320338279,Air Force Office of Scientific Research,
W4381567841,11,G4629941602,QuIC - TaQS: Interconnects for a Superconducting-Atomic Hybrid Quantum Network,2137642,F4320306076,National Science Foundation,
W4381567841,12,G4876042962,,OMA-1936118,F4320338279,Air Force Office of Scientific Research,
W4381567841,13,G5298762856,,FA9550-21-1-0209,F4320338294,Air Force Research Laboratory,
W4381567841,14,G5455160654,,2021-0-01059,F4320335489,Institute for Information and Communications Technology Promotion,
W4381567841,15,G5659690140,,FA9550-19-1-0399,F4320306076,National Science Foundation,
W4381567841,16,G5729792277,,IITP‐2023‐2020‐0‐01606,F4320328359,"Ministry of Science and ICT, South Korea",
W4381567841,17,G5894882368,,IITP-2021-0-01059,F4320335489,Institute for Information and Communications Technology Promotion,
W4381567841,18,G6167497367,,FA9550-19-1-0399,F4320338279,Air Force Office of Scientific Research,
W4381567841,19,G6518383159,,W911NF2110325,F4320338281,Army Research Office,
W4381567841,20,G6526646931,,FA9550-19-1-0399,F4320333591,Multidisciplinary University Research Initiative,
W4381567841,21,G6789448499,,2020R1A2C1008609,F4320322120,National Research Foundation of Korea,
W4381567841,22,G7452299184,,W911NF,F4320338281,Army Research Office,
W4381567841,23,G7576470222,NSF Engineering Research Center for Quantum Networks (CQN),1941583,F4320306076,National Science Foundation,
W4381567841,24,G780170576,,IITP-2021-0-01059,F4320328359,"Ministry of Science and ICT, South Korea",
W4381567841,25,G793425364,,2023R1A2C1006115,F4320322120,National Research Foundation of Korea,
W4381567841,26,G8289759875,,FA9550,F4320338294,Air Force Research Laboratory,
W4381567841,27,G8372171946,,NRF-2020R1A2C1008609,F4320322120,National Research Foundation of Korea,
W4381567841,28,G8716259581,,2023-2020-0-01606,F4320335489,Institute for Information and Communications Technology Promotion,
W4381567841,29,G922915270,QII-TAQS: Quantum Metrological Platform for Single-Molecule Bio-Sensing,1936118,F4320306076,National Science Foundation,
W4381567841,30,G950438122,,IITP-2023-2020-0-01606,F4320335489,Institute for Information and Communications Technology Promotion,
W4383176177,1,G7576470222,NSF Engineering Research Center for Quantum Networks (CQN),1941583,F4320306076,National Science Foundation,
W4390137191,1,G1404049065,,FA9550-21-1-0209,F4320338279,Air Force Office of Scientific Research,
W4390137191,2,G1432373144,,W911NF-21-1-,F4320338281,Army Research Office,
W4390137191,3,G1442400458,QuSeC-TAQS: Nanoscale Covariance Magnetometry with Diamond Quantum Sensors,2326767,F4320306076,National Science Foundation,
W4390137191,4,G1523888516,,FA9550-,F4320338279,Air Force Office of Scientific Research,
W4390137191,5,G2882288540,,W911NF2310077,F4320338281,Army Research Office,
W4390137191,6,G3162985271,,W911NF2110325,F4320333591,Multidisciplinary University Research Initiative,
W4390137191,7,G3722242190,,OMA-2137642,F4320338279,Air Force Office of Scientific Research,
W4390137191,8,G431725244,,FA9550-21-1-0209,F4320333591,Multidisciplinary University Research Initiative,
W4390137191,9,G4516736450,,-21-1-,F4320338279,Air Force Office of Scientific Research,
W4390137191,10,G4629941602,QuIC - TaQS: Interconnects for a Superconducting-Atomic Hybrid Quantum Network,2137642,F4320306076,National Science Foundation,
W4390137191,11,G4848018484,,FA9550-23- 1-0338,F4320338279,Air Force Office of Scientific Research,
W4390137191,12,G4876042962,,OMA-1936118,F4320338279,Air Force Office of Scientific Research,
W4390137191,13,G5261598906,,1748958,F4320337427,"Kavli Institute for Theoretical Physics, University of California, Santa Barbara",
W4390137191,14,G5659690140,,FA9550-19-1-0399,F4320306076,National Science Foundation,
W4390137191,15,G6167497367,,FA9550-19-1-0399,F4320338279,Air Force Office of Scientific Research,
W4390137191,16,G6518383159,,W911NF2110325,F4320338281,Army Research Office,
W4390137191,17,G6526646931,,FA9550-19-1-0399,F4320333591,Multidisciplinary University Research Initiative,
W4390137191,18,G6547089213,,OSI-2326767,F4320338279,Air Force Office of Scientific Research,
W4390137191,19,G7420521838,,CCF-2312755,F4320338279,Air Force Office of Scientific Research,
W4390137191,20,G7452299184,,W911NF,F4320338281,Army Research Office,
W4390137191,21,G7576470222,NSF Engineering Research Center for Quantum Networks (CQN),1941583,F4320306076,National Science Foundation,
W4390137191,22,G8232580466,Collaborative Research: FET: Medium: Design and Implementation of Quantum Databases,2312755,F4320306076,National Science Foundation,
W4390137191,23,G8497063558,Kavli Institute for Theoretical Physics,1748958,F4320306076,National Science Foundation,
W4390137191,24,G922915270,QII-TAQS: Quantum Metrological Platform for Single-Molecule Bio-Sensing,1936118,F4320306076,National Science Foundation,
W4390137191,25,G985207216,,PHY-1748958,F4320337427,"Kavli Institute for Theoretical Physics, University of California, Santa Barbara",
W4390528806,1,G1034473731,,2022M3K4A1097117,F4320322120,National Research Foundation of Korea,
W4390528806,2,G1404049065,,FA9550-21-1-0209,F4320338279,Air Force Office of Scientific Research,
W4390528806,3,G1432373144,,W911NF-21-1-,F4320338281,Army Research Office,
W4390528806,4,G1442400458,QuSeC-TAQS: Nanoscale Covariance Magnetometry with Diamond Quantum Sensors,2326767,F4320306076,National Science Foundation,
W4390528806,5,G1523888516,,FA9550-,F4320338279,Air Force Office of Scientific Research,
W4390528806,6,G2784677656,,2E32241,F4320322091,Korea Institute of Science and Technology,
W4390528806,7,G2882288540,,W911NF2310077,F4320338281,Army Research Office,
W4390528806,8,G3162985271,,W911NF2110325,F4320333591,Multidisciplinary University Research Initiative,
W4390528806,9,G3671239375,,2022M3K4A1094774,F4320322120,National Research Foundation of Korea,
W4390528806,10,G3722242190,,OMA-2137642,F4320338279,Air Force Office of Scientific Research,
W4390528806,11,G431725244,,FA9550-21-1-0209,F4320333591,Multidisciplinary University Research Initiative,
W4390528806,12,G4516736450,,-21-1-,F4320338279,Air Force Office of Scientific Research,
W4390528806,13,G4629941602,QuIC - TaQS: Interconnects for a Superconducting-Atomic Hybrid Quantum Network,2137642,F4320306076,National Science Foundation,
W4390528806,14,G4848018484,,FA9550-23- 1-0338,F4320338279,Air Force Office of Scientific Research,
W4390528806,15,G4876042962,,OMA-1936118,F4320338279,Air Force Office of Scientific Research,
W4390528806,16,G5455160654,,2021-0-01059,F4320335489,Institute for Information and Communications Technology Promotion,
W4390528806,17,G5659690140,,FA9550-19-1-0399,F4320306076,National Science Foundation,
W4390528806,18,G5729792277,,IITP‐2023‐2020‐0‐01606,F4320328359,"Ministry of Science and ICT, South Korea",
W4390528806,19,G5894882368,,IITP-2021-0-01059,F4320335489,Institute for Information and Communications Technology Promotion,
W4390528806,20,G6167497367,,FA9550-19-1-0399,F4320338279,Air Force Office of Scientific Research,
W4390528806,21,G6518383159,,W911NF2110325,F4320338281,Army Research Office,
W4390528806,22,G6526646931,,FA9550-19-1-0399,F4320333591,Multidisciplinary University Research Initiative,
W4390528806,23,G6547089213,,OSI-2326767,F4320338279,Air Force Office of Scientific Research,
W4390528806,24,G7420521838,,CCF-2312755,F4320338279,Air Force Office of Scientific Research,
W4390528806,25,G7452299184,,W911NF,F4320338281,Army Research Office,
W4390528806,26,G7576470222,NSF Engineering Research Center for Quantum Networks (CQN),1941583,F4320306076,National Science Foundation,
W4390528806,27,G780170576,,IITP-2021-0-01059,F4320328359,"Ministry of Science and ICT, South Korea",
W4390528806,28,G793425364,,2023R1A2C1006115,F4320322120,National Research Foundation of Korea,
W4390528806,29,G8232580466,Collaborative Research: FET: Medium: Design and Implementation of Quantum Databases,2312755,F4320306076,National Science Foundation,
W4390528806,30,G8716259581,,2023-2020-0-01606,F4320335489,Institute for Information and Communications Technology Promotion,
W4390528806,31,G922915270,QII-TAQS: Quantum Metrological Platform for Single-Molecule Bio-Sensing,1936118,F4320306076,National Science Foundation,
W4390528806,32,G950438122,,IITP-2023-2020-0-01606,F4320335489,Institute for Information and Communications Technology Promotion,
W4399062154,1,G102163711,,DE‐ AC02‐06CH11357,F4320306084,U.S. Department of Energy,
W4399062154,2,G1404049065,,FA9550-21-1-0209,F4320338279,Air Force Office of Scientific Research,
W4399062154,3,G1432373144,,W911NF-21-1-,F4320338281,Army Research Office,
W4399062154,4,G1442400458,QuSeC-TAQS: Nanoscale Covariance Magnetometry with Diamond Quantum Sensors,2326767,F4320306076,National Science Foundation,
W4399062154,5,G1523888516,,FA9550-,F4320338279,Air Force Office of Scientific Research,
W4399062154,6,G1932254719,,HR0011-24-9-0361,F4320332180,Defense Advanced Research Projects Agency,
W4399062154,7,G262962599,,AC02‐06CH11357,F4320306084,U.S. Department of Energy,
W4399062154,8,G2882288540,,W911NF2310077,F4320338281,Army Research Office,
W4399062154,9,G3162985271,,W911NF2110325,F4320333591,Multidisciplinary University Research Initiative,
W4399062154,10,G3722242190,,OMA-2137642,F4320338279,Air Force Office of Scientific Research,
W4399062154,11,G431725244,,FA9550-21-1-0209,F4320333591,Multidisciplinary University Research Initiative,
W4399062154,12,G4516736450,,-21-1-,F4320338279,Air Force Office of Scientific Research,
W4399062154,13,G4629941602,QuIC - TaQS: Interconnects for a Superconducting-Atomic Hybrid Quantum Network,2137642,F4320306076,National Science Foundation,
W4399062154,14,G4848018484,,FA9550-23- 1-0338,F4320338279,Air Force Office of Scientific Research,
W4399062154,15,G4876042962,,OMA-1936118,F4320338279,Air Force Office of Scientific Research,
W4399062154,16,G513797252,,DE-AC02–06CH11357,F4320306076,National Science Foundation,
W4399062154,17,G5659690140,,FA9550-19-1-0399,F4320306076,National Science Foundation,
W4399062154,18,G6167497367,,FA9550-19-1-0399,F4320338279,Air Force Office of Scientific Research,
W4399062154,19,G6518383159,,W911NF2110325,F4320338281,Army Research Office,
W4399062154,20,G6526646931,,FA9550-19-1-0399,F4320333591,Multidisciplinary University Research Initiative,
W4399062154,21,G6547089213,,OSI-2326767,F4320338279,Air Force Office of Scientific Research,
W4399062154,22,G6848031779,,06CH11357,F4320306084,U.S. Department of Energy,
W4399062154,23,G741291543,,DE-AC02-06CH11357,F4320338279,Air Force Office of Scientific Research,
W4399062154,24,G7420521838,,CCF-2312755,F4320338279,Air Force Office of Scientific Research,
W4399062154,25,G7452299184,,W911NF,F4320338281,Army Research Office,
W4399062154,26,G7576470222,NSF Engineering Research Center for Quantum Networks (CQN),1941583,F4320306076,National Science Foundation,
W4399062154,27,G7796153478,,HR0011-24-9-0359,F4320332180,Defense Advanced Research Projects Agency,
W4399062154,28,G8232580466,Collaborative Research: FET: Medium: Design and Implementation of Quantum Databases,2312755,F4320306076,National Science Foundation,
W4399062154,29,G878601127,,DE-AC02-06CH11357,F4320337506,Advanced Scientific Computing Research,
W4399062154,30,G922915270,QII-TAQS: Quantum Metrological Platform for Single-Molecule Bio-Sensing,1936118,F4320306076,National Science Foundation,
W4399062154,31,G969889393,,DE-AC02-,F4320306084,U.S. Department of Energy,
W4399912504,1,G1292847278,,DE-SC0020145,F4320337480,Basic Energy Sciences,
W4399912504,2,G1453181110,,#2138286,F4320337377,Office of Advanced Cyberinfrastructure,
W4399912504,3,G1607302921,Harnessing Magnonic Nonreciprocity Through Dissipation Engineering,2337713,F4320306076,National Science Foundation,
W4399912504,4,G1770223817,,FA864921P0781,F4320338294,Air Force Research Laboratory,
W4399912504,5,G1912064254,Track 4:  Advanced CI Coordination Ecosystem: Monitoring and Measurement Services,2137603,F4320306076,National Science Foundation,
W4399912504,6,G1960553131,Magnetic-field Control of Ionic Bonds on Polar Surfaces by Design,2006028,F4320306076,National Science Foundation,
W4399912504,7,G2027916244,,CBET-2006028,F4320337390,"Division of Chemical, Bioengineering, Environmental, and Transport Systems",
W4399912504,8,G3406661761,,2138296,F4320337367,Division of Materials Research,
W4399912504,9,G3562386289,,#2138296,F4320337377,Office of Advanced Cyberinfrastructure,
W4399912504,10,G4010157413,,2138259,F4320337377,Office of Advanced Cyberinfrastructure,
W4399912504,11,G4590128248,,2006028,F4320337390,"Division of Chemical, Bioengineering, Environmental, and Transport Systems",
W4399912504,12,G4629941602,QuIC - TaQS: Interconnects for a Superconducting-Atomic Hybrid Quantum Network,2137642,F4320306076,National Science Foundation,
W4399912504,13,G4676224565,ACO: An Open CI Ecosystem to Advance Scientific Discovery (OpenCI),2138296,F4320306076,National Science Foundation,
W4399912504,14,G4937841762,COMPUTATIONAL MESOSCALE SCIENCE AND OPEN SOFTWARE FOR QUANTUM MATERIALS,DESC0020145,F4320306084,U.S. Department of Energy,
W4399912504,15,G509285653,Track 3: COre National Ecosystem for CyberinfrasTructure (CONECT),2138307,F4320306076,National Science Foundation,
W4399912504,16,G5212984984,,2138286,F4320337367,Division of Materials Research,
W4399912504,17,G5367127336,,#2138307,F4320337377,Office of Advanced Cyberinfrastructure,
W4399912504,18,G5464919783,,2137603,F4320337377,Office of Advanced Cyberinfrastructure,
W4399912504,19,G6121277264,,2137603,F4320337367,Division of Materials Research,
W4399912504,20,G6121439157,,N00014-23-1-2144,F4320306076,National Science Foundation,
W4399912504,21,G6965887028,,2138259,F4320337367,Division of Materials Research,
W4399912504,22,G7576470222,NSF Engineering Research Center for Quantum Networks (CQN),1941583,F4320306076,National Science Foundation,
W4399912504,23,G8174472116,,2138307,F4320337367,Division of Materials Research,
W4399912504,24,G8300691027,"Track 2: Customized Multi-tier Assistance, Training, and Computational Help (MATCH) for End User ACCESS to CI",2138286,F4320306076,National Science Foundation,
W4399912504,25,G8349544598,CAREER: Hidden Topological Polar Phases Created by Ultrafast Acoustic Excitation,2237884,F4320306076,National Science Foundation,
W4399912504,26,G8371563404,,N00014-23-1-2144,F4320337345,Office of Naval Research,
W4399912504,27,G857855080,COMPUTATIONAL MESOSCALE SCIENCE AND OPEN SOFTWARE FOR QUANTUM MATERIALS,DESC0020145,F4320332359,Office of Science,
W4399912504,28,G8876996369,,N00014,F4320337345,Office of Naval Research,
W4399912504,29,G8936547428,,2237884,F4320337367,Division of Materials Research,
W4403965012,1,G1404049065,,FA9550-21-1-0209,F4320338279,Air Force Office of Scientific Research,
W4403965012,2,G1432373144,,W911NF-21-1-,F4320338281,Army Research Office,
W4403965012,3,G1442400458,QuSeC-TAQS: Nanoscale Covariance Magnetometry with Diamond Quantum Sensors,2326767,F4320306076,National Science Foundation,
W4403965012,4,G1523888516,,FA9550-,F4320338279,Air Force Office of Scientific Research,
W4403965012,5,G2746316034,,W911NF-21-1-0002,F4320338281,Army Research Office,
W4403965012,6,G2882288540,,W911NF2310077,F4320338281,Army Research Office,
W4403965012,7,G3162985271,,W911NF2110325,F4320333591,Multidisciplinary University Research Initiative,
W4403965012,8,G3398237449,,PHY-2309135,F4320337427,"Kavli Institute for Theoretical Physics, University of California, Santa Barbara",
W4403965012,9,G3722242190,,OMA-2137642,F4320338279,Air Force Office of Scientific Research,
W4403965012,10,G431725244,,FA9550-21-1-0209,F4320333591,Multidisciplinary University Research Initiative,
W4403965012,11,G4516736450,,-21-1-,F4320338279,Air Force Office of Scientific Research,
W4403965012,12,G4629941602,QuIC - TaQS: Interconnects for a Superconducting-Atomic Hybrid Quantum Network,2137642,F4320306076,National Science Foundation,
W4403965012,13,G4689434848,,2309135,F4320337427,"Kavli Institute for Theoretical Physics, University of California, Santa Barbara",
W4403965012,14,G4848018484,,FA9550-23- 1-0338,F4320338279,Air Force Office of Scientific Research,
W4403965012,15,G4876042962,,OMA-1936118,F4320338279,Air Force Office of Scientific Research,
W4403965012,16,G5659690140,,FA9550-19-1-0399,F4320306076,National Science Foundation,
W4403965012,17,G6167497367,,FA9550-19-1-0399,F4320338279,Air Force Office of Scientific Research,
W4403965012,18,G6518383159,,W911NF2110325,F4320338281,Army Research Office,
W4403965012,19,G6526646931,,FA9550-19-1-0399,F4320333591,Multidisciplinary University Research Initiative,
W4403965012,20,G6547089213,,OSI-2326767,F4320338279,Air Force Office of Scientific Research,
W4403965012,21,G7002119356,Kavli Institute for Theoretical Physics,2309135,F4320306076,National Science Foundation,
W4403965012,22,G7420521838,,CCF-2312755,F4320338279,Air Force Office of Scientific Research,
W4403965012,23,G7452299184,,W911NF,F4320338281,Army Research Office,
W4403965012,24,G7576470222,NSF Engineering Research Center for Quantum Networks (CQN),1941583,F4320306076,National Science Foundation,
W4403965012,25,G8232580466,Collaborative Research: FET: Medium: Design and Implementation of Quantum Databases,2312755,F4320306076,National Science Foundation,
W4403965012,26,G922915270,QII-TAQS: Quantum Metrological Platform for Single-Molecule Bio-Sensing,1936118,F4320306076,National Science Foundation,
W4405434129,1,G102163711,,DE‐ AC02‐06CH11357,F4320306084,U.S. Department of Energy,
W4405434129,2,G1404049065,,FA9550-21-1-0209,F4320338279,Air Force Office of Scientific Research,
W4405434129,3,G1432373144,,W911NF-21-1-,F4320338281,Army Research Office,
W4405434129,4,G1442400458,QuSeC-TAQS: Nanoscale Covariance Magnetometry with Diamond Quantum Sensors,2326767,F4320306076,National Science Foundation,
W4405434129,5,G1523888516,,FA9550-,F4320338279,Air Force Office of Scientific Research,
W4405434129,6,G1932254719,,HR0011-24-9-0361,F4320332180,Defense Advanced Research Projects Agency,
W4405434129,7,G2287611682,,AC02‐06CH11357,F4320332359,Office of Science,
W4405434129,8,G262962599,,AC02‐06CH11357,F4320306084,U.S. Department of Energy,
W4405434129,9,G2882288540,,W911NF2310077,F4320338281,Army Research Office,
W4405434129,10,G3162985271,,W911NF2110325,F4320333591,Multidisciplinary University Research Initiative,
W4405434129,11,G3722242190,,OMA-2137642,F4320338279,Air Force Office of Scientific Research,
W4405434129,12,G431725244,,FA9550-21-1-0209,F4320333591,Multidisciplinary University Research Initiative,
W4405434129,13,G4516736450,,-21-1-,F4320338279,Air Force Office of Scientific Research,
W4405434129,14,G4629941602,QuIC - TaQS: Interconnects for a Superconducting-Atomic Hybrid Quantum Network,2137642,F4320306076,National Science Foundation,
W4405434129,15,G4848018484,,FA9550-23- 1-0338,F4320338279,Air Force Office of Scientific Research,
W4405434129,16,G4876042962,,OMA-1936118,F4320338279,Air Force Office of Scientific Research,
W4405434129,17,G498139845,,DE-AC02,F4320332359,Office of Science,
W4405434129,18,G513797252,,DE-AC02–06CH11357,F4320306076,National Science Foundation,
W4405434129,19,G5659690140,,FA9550-19-1-0399,F4320306076,National Science Foundation,
W4405434129,20,G6167497367,,FA9550-19-1-0399,F4320338279,Air Force Office of Scientific Research,
W4405434129,21,G6518383159,,W911NF2110325,F4320338281,Army Research Office,
W4405434129,22,G6526646931,,FA9550-19-1-0399,F4320333591,Multidisciplinary University Research Initiative,
W4405434129,23,G6547089213,,OSI-2326767,F4320338279,Air Force Office of Scientific Research,
W4405434129,24,G6848031779,,06CH11357,F4320306084,U.S. Department of Energy,
W4405434129,25,G6918803902,,06CH11357,F4320332359,Office of Science,
W4405434129,26,G741291543,,DE-AC02-06CH11357,F4320338279,Air Force Office of Scientific Research,
W4405434129,27,G7420521838,,CCF-2312755,F4320338279,Air Force Office of Scientific Research,
W4405434129,28,G7452299184,,W911NF,F4320338281,Army Research Office,
W4405434129,29,G7576470222,NSF Engineering Research Center for Quantum Networks (CQN),1941583,F4320306076,National Science Foundation,
W4405434129,30,G7796153478,,HR0011-24-9-0359,F4320332180,Defense Advanced Research Projects Agency,
W4405434129,31,G8232580466,Collaborative Research: FET: Medium: Design and Implementation of Quantum Databases,2312755,F4320306076,National Science Foundation,
W4405434129,32,G878601127,,DE-AC02-06CH11357,F4320337506,Advanced Scientific Computing Research,
W4405434129,33,G922915270,QII-TAQS: Quantum Metrological Platform for Single-Molecule Bio-Sensing,1936118,F4320306076,National Science Foundation,
W4405434129,34,G969889393,,DE-AC02-,F4320306084,U.S. Department of Energy,
W4405434129,35,G993149817,,DE-AC02-06CH11357 ,F4320332359,Office of Science,
W4407590549,1,G102163711,,DE‐ AC02‐06CH11357,F4320306084,U.S. Department of Energy,
W4407590549,2,G1404049065,,FA9550-21-1-0209,F4320338279,Air Force Office of Scientific Research,
W4407590549,3,G1432373144,,W911NF-21-1-,F4320338281,Army Research Office,
W4407590549,4,G1442400458,QuSeC-TAQS: Nanoscale Covariance Magnetometry with Diamond Quantum Sensors,2326767,F4320306076,National Science Foundation,
W4407590549,5,G149988304,,PHY-1734011,F4320334437,"Center for Ultracold Atoms, Massachusetts Institute of Technology",
W4407590549,6,G1523888516,,FA9550-,F4320338279,Air Force Office of Scientific Research,
W4407590549,7,G1799408541,,EEC-1941583,F4320338279,Air Force Office of Scientific Research,
W4407590549,8,G1932254719,,HR0011-24-9-0361,F4320332180,Defense Advanced Research Projects Agency,
W4407590549,9,G2287611682,,AC02‐06CH11357,F4320332359,Office of Science,
W4407590549,10,G262962599,,AC02‐06CH11357,F4320306084,U.S. Department of Energy,
W4407590549,11,G2882288540,,W911NF2310077,F4320338281,Army Research Office,
W4407590549,12,G2916627489,,W911NF-20-1-0082,F4320338281,Army Research Office,
W4407590549,13,G3162985271,,W911NF2110325,F4320333591,Multidisciplinary University Research Initiative,
W4407590549,14,G3719423973,,W911NF-23-2-0219,F4320333051,Intelligence Advanced Research Projects Activity,
W4407590549,15,G3722242190,,OMA-2137642,F4320338279,Air Force Office of Scientific Research,
W4407590549,16,G431725244,,FA9550-21-1-0209,F4320333591,Multidisciplinary University Research Initiative,
W4407590549,17,G4516736450,,-21-1-,F4320338279,Air Force Office of Scientific Research,
W4407590549,18,G4629941602,QuIC - TaQS: Interconnects for a Superconducting-Atomic Hybrid Quantum Network,2137642,F4320306076,National Science Foundation,
W4407590549,19,G4848018484,,FA9550-23- 1-0338,F4320338279,Air Force Office of Scientific Research,
W4407590549,20,G4876042962,,OMA-1936118,F4320338279,Air Force Office of Scientific Research,
W4407590549,21,G498139845,,DE-AC02,F4320332359,Office of Science,
W4407590549,22,G513797252,,DE-AC02–06CH11357,F4320306076,National Science Foundation,
W4407590549,23,G5277982431,Collaborative Research: FET: Medium: Efficient Compilation for Dynamically Reconfigurable Atom Arrays,2313084,F4320306076,National Science Foundation,
W4407590549,24,G5659690140,,FA9550-19-1-0399,F4320306076,National Science Foundation,
W4407590549,25,G5723341926,,W911NF2320219,F4320338281,Army Research Office,
W4407590549,26,G586693022,,W911NF2010082,F4320333591,Multidisciplinary University Research Initiative,
W4407590549,27,G5937005037,Physics and Applications of Quantum Nanophotonics Systems,2012023,F4320306076,National Science Foundation,
W4407590549,28,G6167497367,,FA9550-19-1-0399,F4320338279,Air Force Office of Scientific Research,
W4407590549,29,G6518383159,,W911NF2110325,F4320338281,Army Research Office,
W4407590549,30,G6526646931,,FA9550-19-1-0399,F4320333591,Multidisciplinary University Research Initiative,
W4407590549,31,G6547089213,,OSI-2326767,F4320338279,Air Force Office of Scientific Research,
W4407590549,32,G6848031779,,06CH11357,F4320306084,U.S. Department of Energy,
W4407590549,33,G6918803902,,06CH11357,F4320332359,Office of Science,
W4407590549,34,G7166665977,Center for Ultracold Atoms,1734011,F4320306076,National Science Foundation,
W4407590549,35,G741291543,,DE-AC02-06CH11357,F4320338279,Air Force Office of Scientific Research,
W4407590549,36,G7420521838,,CCF-2312755,F4320338279,Air Force Office of Scientific Research,
W4407590549,37,G7444832178,,EEC-1941583,F4320306084,U.S. Department of Energy,
W4407590549,38,G7452299184,,W911NF,F4320338281,Army Research Office,
W4407590549,39,G7576470222,NSF Engineering Research Center for Quantum Networks (CQN),1941583,F4320306076,National Science Foundation,
W4407590549,40,G7796153478,,HR0011-24-9-0359,F4320332180,Defense Advanced Research Projects Agency,
W4407590549,41,G8232580466,Collaborative Research: FET: Medium: Design and Implementation of Quantum Databases,2312755,F4320306076,National Science Foundation,
W4407590549,42,G878601127,,DE-AC02-06CH11357,F4320337506,Advanced Scientific Computing Research,
W4407590549,43,G922915270,QII-TAQS: Quantum Metrological Platform for Single-Molecule Bio-Sensing,1936118,F4320306076,National Science Foundation,
W4407590549,44,G969889393,,DE-AC02-,F4320306084,U.S. Department of Energy,
W4407590549,45,G993149817,,DE-AC02-06CH11357 ,F4320332359,Office of Science,
W7125499943,1,G1432373144,,W911NF-21-1-,F4320338281,Army Research Office,
W7125499943,2,G1442400458,QuSeC-TAQS: Nanoscale Covariance Magnetometry with Diamond Quantum Sensors,2326767,F4320306076,National Science Foundation,
W7125499943,3,G1834540682,CAREER: Quadratically Nonlinear Micro-Resonators: Enabling Next Generation Photonic Devices and Systems,1846273,F4320306076,National Science Foundation,
W7125499943,4,G2335928686,"Expeditions: Coherent Ising Machines for Optimization, Machine Learning and Neuromorphic Computing",1918549,F4320306076,National Science Foundation,
W7125499943,5,G244681298,,2020-7147,F4320306079,David and Lucile Packard Foundation,
W7125499943,6,G2771258859,,W911NF‐23‐1‐0048,F4320338281,Army Research Office,
W7125499943,7,G3162985271,,W911NF2110325,F4320333591,Multidisciplinary University Research Initiative,
W7125499943,8,G4831846913,,RS- 2024-0043176,F4320322120,National Research Foundation of Korea,
W7125499943,9,G6518383159,,W911NF2110325,F4320338281,Army Research Office,
W7125499943,10,G7033135252,,RS-2024-00431768,F4320328359,"Ministry of Science and ICT, South Korea",
W7125499943,11,G7452299184,,W911NF,F4320338281,Army Research Office,
W7125499943,12,G7576470222,NSF Engineering Research Center for Quantum Networks (CQN),1941583,F4320306076,National Science Foundation,
W7125499943,13,G8334705324,,2025-0051545,F4320328359,"Ministry of Science and ICT, South Korea",
W7130762454,1,G102163711,,DE‐ AC02‐06CH11357,F4320306084,U.S. Department of Energy,
W7130762454,2,G1404049065,,FA9550-21-1-0209,F4320338279,Air Force Office of Scientific Research,
W7130762454,3,G1432373144,,W911NF-21-1-,F4320338281,Army Research Office,
W7130762454,4,G1442400458,QuSeC-TAQS: Nanoscale Covariance Magnetometry with Diamond Quantum Sensors,2326767,F4320306076,National Science Foundation,
W7130762454,5,G149988304,,PHY-1734011,F4320334437,"Center for Ultracold Atoms, Massachusetts Institute of Technology",
W7130762454,6,G1523888516,,FA9550-,F4320338279,Air Force Office of Scientific Research,
W7130762454,7,G1932254719,,HR0011-24-9-0361,F4320332180,Defense Advanced Research Projects Agency,
W7130762454,8,G2287611682,,AC02‐06CH11357,F4320332359,Office of Science,
W7130762454,9,G2295483553,,DE-AC02-06CH11357,F4320322120,National Research Foundation of Korea,
W7130762454,10,G262962599,,AC02‐06CH11357,F4320306084,U.S. Department of Energy,
W7130762454,11,G2882288540,,W911NF2310077,F4320338281,Army Research Office,
W7130762454,12,G3162985271,,W911NF2110325,F4320333591,Multidisciplinary University Research Initiative,
W7130762454,13,G3722242190,,OMA-2137642,F4320338279,Air Force Office of Scientific Research,
W7130762454,14,G431725244,,FA9550-21-1-0209,F4320333591,Multidisciplinary University Research Initiative,
W7130762454,15,G4516736450,,-21-1-,F4320338279,Air Force Office of Scientific Research,
W7130762454,16,G4629941602,QuIC - TaQS: Interconnects for a Superconducting-Atomic Hybrid Quantum Network,2137642,F4320306076,National Science Foundation,
W7130762454,17,G4848018484,,FA9550-23- 1-0338,F4320338279,Air Force Office of Scientific Research,
W7130762454,18,G498139845,,DE-AC02,F4320332359,Office of Science,
W7130762454,19,G513797252,,DE-AC02–06CH11357,F4320306076,National Science Foundation,
W7130762454,20,G6320098859,ExpandQISE: Track 2: EQUIP-UMB-Expand Quantum Information Programs at UMass Boston,2328774,F4320306076,National Science Foundation,
W7130762454,21,G6518383159,,W911NF2110325,F4320338281,Army Research Office,
W7130762454,22,G6547089213,,OSI-2326767,F4320338279,Air Force Office of Scientific Research,
W7130762454,23,G661508814,,2022M3K4A1094777,F4320322120,National Research Foundation of Korea,
W7130762454,24,G6848031779,,06CH11357,F4320306084,U.S. Department of Energy,
W7130762454,25,G6918803902,,06CH11357,F4320332359,Office of Science,
W7130762454,26,G7166665977,Center for Ultracold Atoms,1734011,F4320306076,National Science Foundation,
W7130762454,27,G741291543,,DE-AC02-06CH11357,F4320338279,Air Force Office of Scientific Research,
W7130762454,28,G7420521838,,CCF-2312755,F4320338279,Air Force Office of Scientific Research,
W7130762454,29,G7452299184,,W911NF,F4320338281,Army Research Office,
W7130762454,30,G7576470222,NSF Engineering Research Center for Quantum Networks (CQN),1941583,F4320306076,National Science Foundation,
W7130762454,31,G7796153478,,HR0011-24-9-0359,F4320332180,Defense Advanced Research Projects Agency,
W7130762454,32,G8232580466,Collaborative Research: FET: Medium: Design and Implementation of Quantum Databases,2312755,F4320306076,National Science Foundation,
W7130762454,33,G8692340833,ExpandQISE: Track 2: Developing Quantum Information Science and Engineering Research and Education Program at FAMU,2426975,F4320306076,National Science Foundation,
W7130762454,34,G878601127,,DE-AC02-06CH11357,F4320337506,Advanced Scientific Computing Research,
W7130762454,35,G96630211,,OSI-2426975,F4320338279,Air Force Office of Scientific Research,
W7130762454,36,G969889393,,DE-AC02-,F4320306084,U.S. Department of Energy,
W7130762454,37,G993149817,,DE-AC02-06CH11357 ,F4320332359,Office of Science,
W7134291238,1,G7576470222,NSF Engineering Research Center for Quantum Networks (CQN),1941583,F4320306076,National Science Foundation,
W7134291325,1,G7576470222,NSF Engineering Research Center for Quantum Networks (CQN),1941583,F4320306076,National Science Foundation,
W7160458182,1,G2618903147,,AK0000000018297,F4320306084,U.S. Department of Energy,
W7160458182,2,G6276915973,"Collaborative Research: NeTS: Medium: Design, Analysis, and Control of Quantum Networks",2402861,F4320306076,National Science Foundation,
W7160458182,3,G7262863754,,1941583,F4320306084,U.S. Department of Energy,
W7160458182,4,G7444832178,,EEC-1941583,F4320306084,U.S. Department of Energy,
W7160458182,5,G7576470222,NSF Engineering Research Center for Quantum Networks (CQN),1941583,F4320306076,National Science Foundation,
W7162084079,1,G7576470222,NSF Engineering Research Center for Quantum Networks (CQN),1941583,F4320306076,National Science Foundation,
W7165972659,1,G2036045937,NeTS: Small: Surrogate-Assisted Full-Stack Optimization of Quantum Networks with Reinforcement Learning,2522101,F4320306076,National Science Foundation,
W7165972659,2,G3817840624,Research Infrastructure: CIRC: New: Full-stack Codesign Tools for Quantum Hardware,2346089,F4320306076,National Science Foundation,
W7165972659,3,G6276915973,"Collaborative Research: NeTS: Medium: Design, Analysis, and Control of Quantum Networks",2402861,F4320306076,National Science Foundation,
W7165972659,4,G7576470222,NSF Engineering Research Center for Quantum Networks (CQN),1941583,F4320306076,National Science Foundation,
W7166902012,1,G102163711,,DE‐ AC02‐06CH11357,F4320306084,U.S. Department of Energy,
W7166902012,2,G1404049065,,FA9550-21-1-0209,F4320338279,Air Force Office of Scientific Research,
W7166902012,3,G1432373144,,W911NF-21-1-,F4320338281,Army Research Office,
W7166902012,4,G1442400458,QuSeC-TAQS: Nanoscale Covariance Magnetometry with Diamond Quantum Sensors,2326767,F4320306076,National Science Foundation,
W7166902012,5,G1523888516,,FA9550-,F4320338279,Air Force Office of Scientific Research,
W7166902012,6,G1932254719,,HR0011-24-9-0361,F4320332180,Defense Advanced Research Projects Agency,
W7166902012,7,G2145085266,,FA9550-23-1-0338,F4320333591,Multidisciplinary University Research Initiative,
W7166902012,8,G2515541506,,HR0011,F4320332180,Defense Advanced Research Projects Agency,
W7166902012,9,G262962599,,AC02‐06CH11357,F4320306084,U.S. Department of Energy,
W7166902012,10,G2882288540,,W911NF2310077,F4320338281,Army Research Office,
W7166902012,11,G3162985271,,W911NF2110325,F4320333591,Multidisciplinary University Research Initiative,
W7166902012,12,G3722242190,,OMA-2137642,F4320338279,Air Force Office of Scientific Research,
W7166902012,13,G431725244,,FA9550-21-1-0209,F4320333591,Multidisciplinary University Research Initiative,
W7166902012,14,G4516736450,,-21-1-,F4320338279,Air Force Office of Scientific Research,
W7166902012,15,G4629941602,QuIC - TaQS: Interconnects for a Superconducting-Atomic Hybrid Quantum Network,2137642,F4320306076,National Science Foundation,
W7166902012,16,G4848018484,,FA9550-23- 1-0338,F4320338279,Air Force Office of Scientific Research,
W7166902012,17,G4950347301,WOU-MMA: Gravitational Radiation and Relativistic Astrophysics,2309211,F4320306076,National Science Foundation,
W7166902012,18,G513797252,,DE-AC02–06CH11357,F4320306076,National Science Foundation,
W7166902012,19,G6478756169,,FA9550-21,F4320338279,Air Force Office of Scientific Research,
W7166902012,20,G6518383159,,W911NF2110325,F4320338281,Army Research Office,
W7166902012,21,G6547089213,,OSI-2326767,F4320338279,Air Force Office of Scientific Research,
W7166902012,22,G6848031779,,06CH11357,F4320306084,U.S. Department of Energy,
W7166902012,23,G717249060,WOU-MMA: Maximizing Science Output of LIGO: Data Analysis and Improved Detectors,2309231,F4320306076,National Science Foundation,
W7166902012,24,G7262863754,,1941583,F4320306084,U.S. Department of Energy,
W7166902012,25,G741291543,,DE-AC02-06CH11357,F4320338279,Air Force Office of Scientific Research,
W7166902012,26,G7420521838,,CCF-2312755,F4320338279,Air Force Office of Scientific Research,
W7166902012,27,G7452299184,,W911NF,F4320338281,Army Research Office,
W7166902012,28,G7576470222,NSF Engineering Research Center for Quantum Networks (CQN),1941583,F4320306076,National Science Foundation,
W7166902012,29,G7796153478,,HR0011-24-9-0359,F4320332180,Defense Advanced Research Projects Agency,
W7166902012,30,G8232580466,Collaborative Research: FET: Medium: Design and Implementation of Quantum Databases,2312755,F4320306076,National Science Foundation,
W7166902012,31,G8692340833,ExpandQISE: Track 2: Developing Quantum Information Science and Engineering Research and Education Program at FAMU,2426975,F4320306076,National Science Foundation,
W7166902012,32,G96630211,,OSI-2426975,F4320338279,Air Force Office of Scientific Research,
W7166902012,33,G969889393,,DE-AC02-,F4320306084,U.S. Department of Energy,
W3194228500,1,G1404049065,,FA9550-21-1-0209,F4320338279,Air Force Office of Scientific Research,
W3194228500,2,G1432373144,,W911NF-21-1-,F4320338281,Army Research Office,
W3194228500,3,G1482135624,,W911NF-18-1-0020,F4320338279,Air Force Office of Scientific Research,
W3194228500,4,G1523888516,,FA9550-,F4320338279,Air Force Office of Scientific Research,
W3194228500,5,G165179637,,W911NF1610349,F4320333591,Multidisciplinary University Research Initiative,
W3194228500,6,G1770223817,,FA864921P0781,F4320338294,Air Force Research Laboratory,
W3194228500,7,G1799408541,,EEC-1941583,F4320338279,Air Force Office of Scientific Research,
W3194228500,8,G2403330605,,PHY-1733907,F4320334224,"Institute for Quantum Information and Matter, California Institute of Technology",
W3194228500,9,G2598085392,,W911NF-16-1-0349,F4320338279,Air Force Office of Scientific Research,
W3194228500,10,G3067963855,,W911NF-18-1-0020,F4320338281,Army Research Office,
W3194228500,11,G3162985271,,W911NF2110325,F4320333591,Multidisciplinary University Research Initiative,
W3194228500,12,G3392305090,,-16-1-,F4320338279,Air Force Office of Scientific Research,
W3194228500,13,G3663418429,,2013-39273,F4320306076,National Science Foundation,
W3194228500,14,G3722242190,,OMA-2137642,F4320338279,Air Force Office of Scientific Research,
W3194228500,15,G431725244,,FA9550-21-1-0209,F4320333591,Multidisciplinary University Research Initiative,
W3194228500,16,G4516736450,,-21-1-,F4320338279,Air Force Office of Scientific Research,
W3194228500,17,G4629941602,QuIC - TaQS: Interconnects for a Superconducting-Atomic Hybrid Quantum Network,2137642,F4320306076,National Science Foundation,
W3194228500,18,G4876042962,,OMA-1936118,F4320338279,Air Force Office of Scientific Research,
W3194228500,19,G4962106257,,W911NF-18-1-0212,F4320338281,Army Research Office,
W3194228500,20,G507237395,The Institute for Quantum Information and Matter: Advancing the Entanglement Frontier,1733907,F4320306076,National Science Foundation,
W3194228500,21,G5298762856,,FA9550-21-1-0209,F4320338294,Air Force Research Laboratory,
W3194228500,22,G5659690140,,FA9550-19-1-0399,F4320306076,National Science Foundation,
W3194228500,23,G6141599669,,EFMA-1640959,F4320338279,Air Force Office of Scientific Research,
W3194228500,24,G6167497367,,FA9550-19-1-0399,F4320338279,Air Force Office of Scientific Research,
W3194228500,25,G6518383159,,W911NF2110325,F4320338281,Army Research Office,
W3194228500,26,G6526646931,,FA9550-19-1-0399,F4320333591,Multidisciplinary University Research Initiative,
W3194228500,27,G657448715,,W911NF-16-1-,F4320338281,Army Research Office,
W3194228500,28,G7452299184,,W911NF,F4320338281,Army Research Office,
W3194228500,29,G7500482128,,W911NF-18-1-0212,F4320338279,Air Force Office of Scientific Research,
W3194228500,30,G7576470222,NSF Engineering Research Center for Quantum Networks (CQN),1941583,F4320306076,National Science Foundation,
W3194228500,31,G7900882,,W911NF-16- 1-0349,F4320338281,Army Research Office,
W3194228500,32,G8289759875,,FA9550,F4320338294,Air Force Research Laboratory,
W3194228500,33,G8672390710,,2020-71479,F4320306079,David and Lucile Packard Foundation,
W3194228500,34,G8778025950,EFRI ACQUIRE: Integrated Nanophotonic Solid State Memories for Telecom Wavelength Quantum Repeaters,1640959,F4320306076,National Science Foundation,
W3194228500,35,G922915270,QII-TAQS: Quantum Metrological Platform for Single-Molecule Bio-Sensing,1936118,F4320306076,National Science Foundation,
W4402189576,1,G1311106209,,W911-NF-23-1-0051,F4320338281,Army Research Office,
W4402189576,2,G4962106257,,W911NF-18-1-0212,F4320338281,Army Research Office,
W4402189576,3,G6167497367,,FA9550-19-1-0399,F4320338279,Air Force Office of Scientific Research,
W4402189576,4,G7576470222,NSF Engineering Research Center for Quantum Networks (CQN),1941583,F4320306076,National Science Foundation,
W4402189576,5,G7900882,,W911NF-16- 1-0349,F4320338281,Army Research Office,
W4297999240,1,G1404049065,,FA9550-21-1-0209,F4320338279,Air Force Office of Scientific Research,
W4297999240,2,G1432373144,,W911NF-21-1-,F4320338281,Army Research Office,
W4297999240,3,G1482135624,,W911NF-18-1-0020,F4320338279,Air Force Office of Scientific Research,
W4297999240,4,G1523888516,,FA9550-,F4320338279,Air Force Office of Scientific Research,
W4297999240,5,G165179637,,W911NF1610349,F4320333591,Multidisciplinary University Research Initiative,
W4297999240,6,G1770223817,,FA864921P0781,F4320338294,Air Force Research Laboratory,
W4297999240,7,G1799408541,,EEC-1941583,F4320338279,Air Force Office of Scientific Research,
W4297999240,8,G2598085392,,W911NF-16-1-0349,F4320338279,Air Force Office of Scientific Research,
W4297999240,9,G3067963855,,W911NF-18-1-0020,F4320338281,Army Research Office,
W4297999240,10,G3162985271,,W911NF2110325,F4320333591,Multidisciplinary University Research Initiative,
W4297999240,11,G3392305090,,-16-1-,F4320338279,Air Force Office of Scientific Research,
W4297999240,12,G3516030815,,FA9550-19-1-0399; FA9550-21-1-0209,F4320338279,Air Force Office of Scientific Research,
W4297999240,13,G3722242190,,OMA-2137642,F4320338279,Air Force Office of Scientific Research,
W4297999240,14,G431725244,,FA9550-21-1-0209,F4320333591,Multidisciplinary University Research Initiative,
W4297999240,15,G4516736450,,-21-1-,F4320338279,Air Force Office of Scientific Research,
W4297999240,16,G4629941602,QuIC - TaQS: Interconnects for a Superconducting-Atomic Hybrid Quantum Network,2137642,F4320306076,National Science Foundation,
W4297999240,17,G4876042962,,OMA-1936118,F4320338279,Air Force Office of Scientific Research,
W4297999240,18,G4962106257,,W911NF-18-1-0212,F4320338281,Army Research Office,
W4297999240,19,G5298762856,,FA9550-21-1-0209,F4320338294,Air Force Research Laboratory,
W4297999240,20,G5659690140,,FA9550-19-1-0399,F4320306076,National Science Foundation,
W4297999240,21,G6167497367,,FA9550-19-1-0399,F4320338279,Air Force Office of Scientific Research,
W4297999240,22,G6518383159,,W911NF2110325,F4320338281,Army Research Office,
W4297999240,23,G6526646931,,FA9550-19-1-0399,F4320333591,Multidisciplinary University Research Initiative,
W4297999240,24,G657448715,,W911NF-16-1-,F4320338281,Army Research Office,
W4297999240,25,G7452299184,,W911NF,F4320338281,Army Research Office,
W4297999240,26,G7500482128,,W911NF-18-1-0212,F4320338279,Air Force Office of Scientific Research,
W4297999240,27,G7576470222,NSF Engineering Research Center for Quantum Networks (CQN),1941583,F4320306076,National Science Foundation,
W4297999240,28,G7900882,,W911NF-16- 1-0349,F4320338281,Army Research Office,
W4297999240,29,G8289759875,,FA9550,F4320338294,Air Force Research Laboratory,
W4297999240,30,G8672390710,,2020-71479,F4320306079,David and Lucile Packard Foundation,
W4297999240,31,G922915270,QII-TAQS: Quantum Metrological Platform for Single-Molecule Bio-Sensing,1936118,F4320306076,National Science Foundation,
W3217270472,1,G1549524776,CAREER: Using Entanglement to Enhance Communication and Sensing in the Presence of Noise,2142882,F4320306076,National Science Foundation,
W3217270472,2,G2469973041,,N660012014029,F4320332180,Defense Advanced Research Projects Agency,
W3217270472,3,G498139845,,DE-AC02,F4320332359,Office of Science,
W3217270472,4,G5616713406,,DE-AC02-07CH11359,F4320306076,National Science Foundation,
W3217270472,5,G585908603,,AC02-07CH11359,F4320306084,U.S. Department of Energy,
W3217270472,6,G5954129427,,Young Faculty Award (YFA) Grant No. N660012014029,F4320332180,Defense Advanced Research Projects Agency,
W3217270472,7,G6538254113,,No. N660012014029,F4320332180,Defense Advanced Research Projects Agency,
W3217270472,8,G6598239468,,No. DE-AC02-07CH11359,F4320306084,U.S. Department of Energy,
W3217270472,9,G6671297155,,CAREER,F4320306076,National Science Foundation,
W3217270472,10,G716412294,,DE–AC02–07CH11359,F4320332359,Office of Science,
W3217270472,11,G7576470222,NSF Engineering Research Center for Quantum Networks (CQN),1941583,F4320306076,National Science Foundation,
W3217270472,12,G86560745,,DE‐AC02‐07CH11359,F4320306084,U.S. Department of Energy,
W3217270472,13,G969889393,,DE-AC02-,F4320306084,U.S. Department of Energy,
W4403714898,1,G4962106257,,W911NF-18-1-0212,F4320338281,Army Research Office,
W4403714898,2,G6167497367,,FA9550-19-1-0399,F4320338279,Air Force Office of Scientific Research,
W4403714898,3,G7576470222,NSF Engineering Research Center for Quantum Networks (CQN),1941583,F4320306076,National Science Foundation,
W4403714898,4,G7900882,,W911NF-16- 1-0349,F4320338281,Army Research Office,
W4391876842,1,G1665575404,,601.QT.001,F4320321800,Nederlandse Organisatie voor Wetenschappelijk Onderzoek,
W4391876842,2,G22081376,,2020-2024,F4320321800,Nederlandse Organisatie voor Wetenschappelijk Onderzoek,
W4391876842,3,G4413222662,Collaborative Research: CNS Core: Medium: Design and Analysis of Quantum Networks for Entanglement Distribution,1955744,F4320306076,National Science Foundation,
W4391876842,4,G490769153,,601.QT.001-1,F4320321800,Nederlandse Organisatie voor Wetenschappelijk Onderzoek,
W4391876842,5,G6518383159,,W911NF2110325,F4320338281,Army Research Office,
W4391876842,6,G7340979536,,BGR2 17.269,F4320321800,Nederlandse Organisatie voor Wetenschappelijk Onderzoek,
W4391876842,7,G7576470222,NSF Engineering Research Center for Quantum Networks (CQN),1941583,F4320306076,National Science Foundation,
W4391876842,8,G8156015469,,2020-2024,F4320306076,National Science Foundation,
W4407125586,1,G1549524776,CAREER: Using Entanglement to Enhance Communication and Sensing in the Presence of Noise,2142882,F4320306076,National Science Foundation,
W4407125586,2,G1872762428,,N000142312296,F4320337345,Office of Naval Research,
W4407125586,3,G2469973041,,N660012014029,F4320332180,Defense Advanced Research Projects Agency,
W4407125586,4,G6671297155,,CAREER,F4320306076,National Science Foundation,
W4407125586,5,G69013661,QuSeC-TAQS: Sensing-Intelligence on The Move: Quantum-Enhanced Optical Diagnosis of Crop Diseases,2326746,F4320306076,National Science Foundation,
W4407125586,6,G7576470222,NSF Engineering Research Center for Quantum Networks (CQN),1941583,F4320306076,National Science Foundation,
W4407125586,7,G8876996369,,N00014,F4320337345,Office of Naval Research,
W4417148797,1,G102163711,,DE‐ AC02‐06CH11357,F4320306084,U.S. Department of Energy,
W4417148797,2,G1162011400,,W911NF1810432,F4320338281,Army Research Office,
W4417148797,3,G1286251239,,DE-AC02,F4320337480,Basic Energy Sciences,
W4417148797,4,G1313983767,,DE-AC02,F4320338284,Argonne National Laboratory,
W4417148797,5,G1371292424,,RS‐2022‐NR068818,F4320322120,National Research Foundation of Korea,
W4417148797,6,G1587441952,,ECS-0335765,F4320309622,Harvard University,
W4417148797,7,G1639952346,,1231319,F4320337367,Division of Materials Research,
W4417148797,8,G214891862,,26E0011,F4320322091,Korea Institute of Science and Technology,
W4417148797,9,G2258931405,,ECS-0335765,F4320306084,U.S. Department of Energy,
W4417148797,10,G2614460161,,-2022,F4320334593,Natural Sciences and Engineering Research Council of Canada,
W4417148797,11,G3311699245,Center for Integrated Quantum Materials,1231319,F4320306076,National Science Foundation,
W4417148797,12,G3576276198,,ECS- 03-35765,F4320306076,National Science Foundation,
W4417148797,13,G3663437387,,FA9550-23-1-0333,F4320337345,Office of Naval Research,
W4417148797,14,G3908502130,,N00014-20-1-2425,F4320337345,Office of Naval Research,
W4417148797,15,G4700831490,,2022-,F4320335489,Institute for Information and Communications Technology Promotion,
W4417148797,16,G485488592,,A50791,F4320310598,Amazon Web Services,
W4417148797,17,G498139845,,DE-AC02,F4320332359,Office of Science,
W4417148797,18,G5409325224,,ECS-0335765,F4320332359,Office of Science,
W4417148797,19,G5656270699,,202160592,F4320334764,Japan Society for the Promotion of Science,
W4417148797,20,G5797314621,,26E0001,F4320322091,Korea Institute of Science and Technology,
W4417148797,21,G5880207346,,RS-2025-25464657,F4320322120,National Research Foundation of Korea,
W4417148797,22,G6075373719,,DMR-1231319,F4320306084,U.S. Department of Energy,
W4417148797,23,G6098521345,,FA9550,F4320337345,Office of Naval Research,
W4417148797,24,G6205573587,NNIN: National Nanotechnology Infrastructure Network,0335765,F4320306076,National Science Foundation,
W4417148797,25,G685872758,,GTL25011‐000,F4320325370,National Research Council of Science and Technology,
W4417148797,26,G7262863754,,1941583,F4320306084,U.S. Department of Energy,
W4417148797,27,G7444832178,,EEC-1941583,F4320306084,U.S. Department of Energy,
W4417148797,28,G7576470222,NSF Engineering Research Center for Quantum Networks (CQN),1941583,F4320306076,National Science Foundation,
W4417148797,29,G7805567527,,GTL25011-000,F4320328359,"Ministry of Science and ICT, South Korea",
W4417148797,30,G875209366,,DMR-1231319,F4320337367,Division of Materials Research,
W4417148797,31,G8861330349,,ECS-0335765,F4320338284,Argonne National Laboratory,
W4417148797,32,G8876996369,,N00014,F4320337345,Office of Naval Research,
W4417148797,33,G8898047084,,ECS-0335765,F4320337345,Office of Naval Research,
W4417148797,34,G969889393,,DE-AC02-,F4320306084,U.S. Department of Energy,
W3159625036,1,G1829052184,,N00014-19-1-2189,F4320337345,Office of Naval Research,
W3159625036,2,G7576470222,NSF Engineering Research Center for Quantum Networks (CQN),1941583,F4320306076,National Science Foundation,
W3159625036,3,G8876996369,,N00014,F4320337345,Office of Naval Research,
W3093986290,1,G1482135624,,W911NF-18-1-0020,F4320338279,Air Force Office of Scientific Research,
W3093986290,2,G1523888516,,FA9550-,F4320338279,Air Force Office of Scientific Research,
W3093986290,3,G165179637,,W911NF1610349,F4320333591,Multidisciplinary University Research Initiative,
W3093986290,4,G1799408541,,EEC-1941583,F4320338279,Air Force Office of Scientific Research,
W3093986290,5,G2598085392,,W911NF-16-1-0349,F4320338279,Air Force Office of Scientific Research,
W3093986290,6,G3067963855,,W911NF-18-1-0020,F4320338281,Army Research Office,
W3093986290,7,G3392305090,,-16-1-,F4320338279,Air Force Office of Scientific Research,
W3093986290,8,G3663418429,,2013-39273,F4320306076,National Science Foundation,
W3093986290,9,G4211410756,,2013-39273,F4320306079,David and Lucile Packard Foundation,
W3093986290,10,G4876042962,,OMA-1936118,F4320338279,Air Force Office of Scientific Research,
W3093986290,11,G4962106257,,W911NF-18-1-0212,F4320338281,Army Research Office,
W3093986290,12,G5327073570,,DE-SC0019406,F4320338279,Air Force Office of Scientific Research,
W3093986290,13,G5659690140,,FA9550-19-1-0399,F4320306076,National Science Foundation,
W3093986290,14,G6141599669,,EFMA-1640959,F4320338279,Air Force Office of Scientific Research,
W3093986290,15,G6167497367,,FA9550-19-1-0399,F4320338279,Air Force Office of Scientific Research,
W3093986290,16,G6526646931,,FA9550-19-1-0399,F4320333591,Multidisciplinary University Research Initiative,
W3093986290,17,G657448715,,W911NF-16-1-,F4320338281,Army Research Office,
W3093986290,18,G7444832178,,EEC-1941583,F4320306084,U.S. Department of Energy,
W3093986290,19,G7452299184,,W911NF,F4320338281,Army Research Office,
W3093986290,20,G7500482128,,W911NF-18-1-0212,F4320338279,Air Force Office of Scientific Research,
W3093986290,21,G7576470222,NSF Engineering Research Center for Quantum Networks (CQN),1941583,F4320306076,National Science Foundation,
W3093986290,22,G7900882,,W911NF-16- 1-0349,F4320338281,Army Research Office,
W3093986290,23,G8209510840,"HYBRID QUANTUM SYSTEMS: SPINS, PHOTONS AND SUPERCONDUCTING QUBITS",DESC0019406,F4320306084,U.S. Department of Energy,
W3093986290,24,G8657819275,,W911NF-18-1-0020,F4320332180,Defense Advanced Research Projects Agency,
W3093986290,25,G8778025950,EFRI ACQUIRE: Integrated Nanophotonic Solid State Memories for Telecom Wavelength Quantum Repeaters,1640959,F4320306076,National Science Foundation,
W3093986290,26,G922915270,QII-TAQS: Quantum Metrological Platform for Single-Molecule Bio-Sensing,1936118,F4320306076,National Science Foundation,
W4410805632,1,G1404049065,,FA9550-21-1-0209,F4320338279,Air Force Office of Scientific Research,
W4410805632,2,G1442400458,QuSeC-TAQS: Nanoscale Covariance Magnetometry with Diamond Quantum Sensors,2326767,F4320306076,National Science Foundation,
W4410805632,3,G1932254719,,HR0011-24-9-0361,F4320332180,Defense Advanced Research Projects Agency,
W4410805632,4,G4629941602,QuIC - TaQS: Interconnects for a Superconducting-Atomic Hybrid Quantum Network,2137642,F4320306076,National Science Foundation,
W4410805632,5,G4848018484,,FA9550-23- 1-0338,F4320338279,Air Force Office of Scientific Research,
W4410805632,6,G6167497367,,FA9550-19-1-0399,F4320338279,Air Force Office of Scientific Research,
W4410805632,7,G7262863754,,1941583,F4320306084,U.S. Department of Energy,
W4410805632,8,G7796153478,,HR0011-24-9-0359,F4320332180,Defense Advanced Research Projects Agency,
W4410805632,9,G8232580466,Collaborative Research: FET: Medium: Design and Implementation of Quantum Databases,2312755,F4320306076,National Science Foundation,
W4410805632,10,G8672390710,,2020-71479,F4320306079,David and Lucile Packard Foundation,
W4410805632,11,G922915270,QII-TAQS: Quantum Metrological Platform for Single-Molecule Bio-Sensing,1936118,F4320306076,National Science Foundation,
W4401251997,1,G1872762428,,N000142312296,F4320337345,Office of Naval Research,
W4401251997,2,G69013661,QuSeC-TAQS: Sensing-Intelligence on The Move: Quantum-Enhanced Optical Diagnosis of Crop Diseases,2326746,F4320306076,National Science Foundation,
W4401251997,3,G6941843737,CAREER: Using Entanglement to Enhance Communication and Sensing in the Presence of Noise,2240641,F4320306076,National Science Foundation,
W4401251997,4,G7581981735,C: Quantum-Enhanced Inertial Measurement Unit (QEIMU),2330310,F4320306076,National Science Foundation,
W4408450106,1,G1404049065,,FA9550-21-1-0209,F4320338279,Air Force Office of Scientific Research,
W4408450106,2,G2882288540,,W911NF2310077,F4320338281,Army Research Office,
W4408450106,3,G3162985271,,W911NF2110325,F4320333591,Multidisciplinary University Research Initiative,
W4408450106,4,G3643082302,,project EP/T001011/1,F4320334627,Engineering and Physical Sciences Research Council,
W4408450106,5,G4629941602,QuIC - TaQS: Interconnects for a Superconducting-Atomic Hybrid Quantum Network,2137642,F4320306076,National Science Foundation,
W4408450106,6,G6167497367,,FA9550-19-1-0399,F4320338279,Air Force Office of Scientific Research,
W4408450106,7,G7576470222,NSF Engineering Research Center for Quantum Networks (CQN),1941583,F4320306076,National Science Foundation,
W4408450106,8,G8672390710,,2020-71479,F4320306079,David and Lucile Packard Foundation,
W4408450106,9,G922915270,QII-TAQS: Quantum Metrological Platform for Single-Molecule Bio-Sensing,1936118,F4320306076,National Science Foundation,
W7131071679,1,G1442400458,QuSeC-TAQS: Nanoscale Covariance Magnetometry with Diamond Quantum Sensors,2326767,F4320306076,National Science Foundation,
W7131071679,2,G1932254719,,HR0011-24-9-0361,F4320332180,Defense Advanced Research Projects Agency,
W7131071679,3,G2145085266,,FA9550-23-1-0338,F4320333591,Multidisciplinary University Research Initiative,
W7131071679,4,G2882288540,,W911NF2310077,F4320338281,Army Research Office,
W7131071679,5,G3162985271,,W911NF2110325,F4320333591,Multidisciplinary University Research Initiative,
W7131071679,6,G431725244,,FA9550-21-1-0209,F4320333591,Multidisciplinary University Research Initiative,
W7131071679,7,G4629941602,QuIC - TaQS: Interconnects for a Superconducting-Atomic Hybrid Quantum Network,2137642,F4320306076,National Science Foundation,
W7131071679,8,G6526646931,,FA9550-19-1-0399,F4320333591,Multidisciplinary University Research Initiative,
W7131071679,9,G7576470222,NSF Engineering Research Center for Quantum Networks (CQN),1941583,F4320306076,National Science Foundation,
W7131071679,10,G7796153478,,HR0011-24-9-0359,F4320332180,Defense Advanced Research Projects Agency,
W7131071679,11,G8232580466,Collaborative Research: FET: Medium: Design and Implementation of Quantum Databases,2312755,F4320306076,National Science Foundation,
W7131071679,12,G8672390710,,2020-71479,F4320306079,David and Lucile Packard Foundation,
W7131071679,13,G878601127,,DE-AC02-06CH11357,F4320337506,Advanced Scientific Computing Research,
W7131071679,14,G922915270,QII-TAQS: Quantum Metrological Platform for Single-Molecule Bio-Sensing,1936118,F4320306076,National Science Foundation,
W4404403687,1,G4198572546,QuIC-TAQS: Integrated Lithium Niobate Quantum Photonics Platform,2137723,F4320306076,National Science Foundation,
W4404403687,2,G4720003262,,N00014-22,F4320337345,Office of Naval Research,
W4404403687,3,G6906440423,QuIC-TAQS: Implementation of a Neutral-Atom-Photonic-Cluster State,2138068,F4320306076,National Science Foundation,
W4404403687,4,G7576470222,NSF Engineering Research Center for Quantum Networks (CQN),1941583,F4320306076,National Science Foundation,
W4404403687,5,G763165814,,HR0011‐20‐C‐0137,F4320332180,Defense Advanced Research Projects Agency,
W4404403687,6,G8862277691,,80NSSC22K0262,F4320306101,National Aeronautics and Space Administration,
W4404403687,7,G8876996369,,N00014,F4320337345,Office of Naval Research,
W4404403687,8,G8883787402,,N00014-22-C-1041,F4320337345,Office of Naval Research,
W4318620813,1,G1404049065,,FA9550-21-1-0209,F4320338279,Air Force Office of Scientific Research,
W4318620813,2,G1432373144,,W911NF-21-1-,F4320338281,Army Research Office,
W4318620813,3,G1523888516,,FA9550-,F4320338279,Air Force Office of Scientific Research,
W4318620813,4,G1770223817,,FA864921P0781,F4320338294,Air Force Research Laboratory,
W4318620813,5,G3162985271,,W911NF2110325,F4320333591,Multidisciplinary University Research Initiative,
W4318620813,6,G3230488186,,FA9550-18-1-0148,F4320338279,Air Force Office of Scientific Research,
W4318620813,7,G3722242190,,OMA-2137642,F4320338279,Air Force Office of Scientific Research,
W4318620813,8,G4251481996,DISTRIBUTED QUANTUM INFORMATION: THEORY AND APPLICATIONS,DESC0020360,F4320306084,U.S. Department of Energy,
W4318620813,9,G431725244,,FA9550-21-1-0209,F4320333591,Multidisciplinary University Research Initiative,
W4318620813,10,G4516736450,,-21-1-,F4320338279,Air Force Office of Scientific Research,
W4318620813,11,G4578494242,,FA9550-21-1-0008,F4320338279,Air Force Office of Scientific Research,
W4318620813,12,G4629941602,QuIC - TaQS: Interconnects for a Superconducting-Atomic Hybrid Quantum Network,2137642,F4320306076,National Science Foundation,
W4318620813,13,G479317180,"CAREER: Near-term quantum computing: achieving quantum advantage, and next steps",2044923,F4320306076,National Science Foundation,
W4318620813,14,G4876042962,,OMA-1936118,F4320338279,Air Force Office of Scientific Research,
W4318620813,15,G5298762856,,FA9550-21-1-0209,F4320338294,Air Force Research Laboratory,
W4318620813,16,G5659690140,,FA9550-19-1-0399,F4320306076,National Science Foundation,
W4318620813,17,G6167497367,,FA9550-19-1-0399,F4320338279,Air Force Office of Scientific Research,
W4318620813,18,G6518383159,,W911NF2110325,F4320338281,Army Research Office,
W4318620813,19,G6526646931,,FA9550-19-1-0399,F4320333591,Multidisciplinary University Research Initiative,
W4318620813,20,G6671297155,,CAREER,F4320306076,National Science Foundation,
W4318620813,21,G7452299184,,W911NF,F4320338281,Army Research Office,
W4318620813,22,G7576470222,NSF Engineering Research Center for Quantum Networks (CQN),1941583,F4320306076,National Science Foundation,
W4318620813,23,G8289759875,,FA9550,F4320338294,Air Force Research Laboratory,
W4318620813,24,G922915270,QII-TAQS: Quantum Metrological Platform for Single-Molecule Bio-Sensing,1936118,F4320306076,National Science Foundation,
W4404404382,1,G1592605995,,NRF2022‐ QEP2‐01‐P07,F4320320709,National Research Foundation Singapore,
W4404404382,2,G1934589161,,NRF-NRFF15-2023-0005,F4320320709,National Research Foundation Singapore,
W4404404382,3,G3466045591,,NRFF15-2023-0005,F4320320709,National Research Foundation Singapore,
W4404404382,4,G4198572546,QuIC-TAQS: Integrated Lithium Niobate Quantum Photonics Platform,2137723,F4320306076,National Science Foundation,
W4404404382,5,G485488592,,A50791,F4320310598,Amazon Web Services,
W4404404382,6,G595790433,Training-Dissemination,2p41eb015903-11a1,F4320332161,National Institutes of Health,
W4404404382,7,G6906440423,QuIC-TAQS: Implementation of a Neutral-Atom-Photonic-Cluster State,2138068,F4320306076,National Science Foundation,
W4404404382,8,G7370456878,,NRF-2022M3K4A1094782,F4320324161,Korea Advanced Institute of Science and Technology,
W4404404382,9,G7576470222,NSF Engineering Research Center for Quantum Networks (CQN),1941583,F4320306076,National Science Foundation,
W4404404382,10,G763165814,,HR0011‐20‐C‐0137,F4320332180,Defense Advanced Research Projects Agency,
W4404404382,11,G8862277691,,80NSSC22K0262,F4320306101,National Aeronautics and Space Administration,
W4386793408,1,G1404049065,,FA9550-21-1-0209,F4320338279,Air Force Office of Scientific Research,
W4386793408,2,G1432373144,,W911NF-21-1-,F4320338281,Army Research Office,
W4386793408,3,G1523888516,,FA9550-,F4320338279,Air Force Office of Scientific Research,
W4386793408,4,G2882288540,,W911NF2310077,F4320338281,Army Research Office,
W4386793408,5,G3162985271,,W911NF2110325,F4320333591,Multidisciplinary University Research Initiative,
W4386793408,6,G3722242190,,OMA-2137642,F4320338279,Air Force Office of Scientific Research,
W4386793408,7,G3990184095,,FA9550-21-1-0209,F4320309626,University of Chicago,
W4386793408,8,G431725244,,FA9550-21-1-0209,F4320333591,Multidisciplinary University Research Initiative,
W4386793408,9,G4516736450,,-21-1-,F4320338279,Air Force Office of Scientific Research,
W4386793408,10,G4629941602,QuIC - TaQS: Interconnects for a Superconducting-Atomic Hybrid Quantum Network,2137642,F4320306076,National Science Foundation,
W4386793408,11,G4876042962,,OMA-1936118,F4320338279,Air Force Office of Scientific Research,
W4386793408,12,G5659690140,,FA9550-19-1-0399,F4320306076,National Science Foundation,
W4386793408,13,G6167497367,,FA9550-19-1-0399,F4320338279,Air Force Office of Scientific Research,
W4386793408,14,G6518383159,,W911NF2110325,F4320338281,Army Research Office,
W4386793408,15,G6526646931,,FA9550-19-1-0399,F4320333591,Multidisciplinary University Research Initiative,
W4386793408,16,G7452299184,,W911NF,F4320338281,Army Research Office,
W4386793408,17,G7576470222,NSF Engineering Research Center for Quantum Networks (CQN),1941583,F4320306076,National Science Foundation,
W4386793408,18,G922915270,QII-TAQS: Quantum Metrological Platform for Single-Molecule Bio-Sensing,1936118,F4320306076,National Science Foundation,
W4282972896,1,G2720515439,,W911NF1910296,F4320338281,Army Research Office,
W4282972896,2,G7576470222,NSF Engineering Research Center for Quantum Networks (CQN),1941583,F4320306076,National Science Foundation,
W4385849264,1,G1910132285,RAISE-TAQS: Room-Temperature Quantum Sensing and Computation using DNA-based Excitonic Circuits,1839155,F4320306076,National Science Foundation,
W4385849264,2,G3162985271,,W911NF2110325,F4320333591,Multidisciplinary University Research Initiative,
W4385849264,3,G4800547303,,1747426,F4320337367,Division of Materials Research,
W4385849264,4,G4944074465,Convergence QL: Workshop Series: Cross- Sector Connections in Quantum Leap,1747426,F4320306076,National Science Foundation,
W4385849264,5,G5298095028,,DMR-1747426,F4320337367,Division of Materials Research,
W4385849264,6,G6518383159,,W911NF2110325,F4320338281,Army Research Office,
W4385849264,7,G7576470222,NSF Engineering Research Center for Quantum Networks (CQN),1941583,F4320306076,National Science Foundation,
W4399152032,1,G2618903147,,AK0000000018297,F4320306084,U.S. Department of Energy,
W4399152032,2,G4413222662,Collaborative Research: CNS Core: Medium: Design and Analysis of Quantum Networks for Entanglement Distribution,1955744,F4320306076,National Science Foundation,
W4399152032,3,G7444832178,,EEC-1941583,F4320306084,U.S. Department of Energy,
W4399152032,4,G7576470222,NSF Engineering Research Center for Quantum Networks (CQN),1941583,F4320306076,National Science Foundation,
W4226513789,1,G1404049065,,FA9550-21-1-0209,F4320338279,Air Force Office of Scientific Research,
W4226513789,2,G1432373144,,W911NF-21-1-,F4320338281,Army Research Office,
W4226513789,3,G1482135624,,W911NF-18-1-0020,F4320338279,Air Force Office of Scientific Research,
W4226513789,4,G1523888516,,FA9550-,F4320338279,Air Force Office of Scientific Research,
W4226513789,5,G165179637,,W911NF1610349,F4320333591,Multidisciplinary University Research Initiative,
W4226513789,6,G1770223817,,FA864921P0781,F4320338294,Air Force Research Laboratory,
W4226513789,7,G1799408541,,EEC-1941583,F4320338279,Air Force Office of Scientific Research,
W4226513789,8,G2598085392,,W911NF-16-1-0349,F4320338279,Air Force Office of Scientific Research,
W4226513789,9,G3067963855,,W911NF-18-1-0020,F4320338281,Army Research Office,
W4226513789,10,G3162985271,,W911NF2110325,F4320333591,Multidisciplinary University Research Initiative,
W4226513789,11,G3392305090,,-16-1-,F4320338279,Air Force Office of Scientific Research,
W4226513789,12,G3722242190,,OMA-2137642,F4320338279,Air Force Office of Scientific Research,
W4226513789,13,G431725244,,FA9550-21-1-0209,F4320333591,Multidisciplinary University Research Initiative,
W4226513789,14,G4516736450,,-21-1-,F4320338279,Air Force Office of Scientific Research,
W4226513789,15,G4629941602,QuIC - TaQS: Interconnects for a Superconducting-Atomic Hybrid Quantum Network,2137642,F4320306076,National Science Foundation,
W4226513789,16,G4876042962,,OMA-1936118,F4320338279,Air Force Office of Scientific Research,
W4226513789,17,G4962106257,,W911NF-18-1-0212,F4320338281,Army Research Office,
W4226513789,18,G5298762856,,FA9550-21-1-0209,F4320338294,Air Force Research Laboratory,
W4226513789,19,G5659690140,,FA9550-19-1-0399,F4320306076,National Science Foundation,
W4226513789,20,G6167497367,,FA9550-19-1-0399,F4320338279,Air Force Office of Scientific Research,
W4226513789,21,G6518383159,,W911NF2110325,F4320338281,Army Research Office,
W4226513789,22,G6526646931,,FA9550-19-1-0399,F4320333591,Multidisciplinary University Research Initiative,
W4226513789,23,G657448715,,W911NF-16-1-,F4320338281,Army Research Office,
W4226513789,24,G7452299184,,W911NF,F4320338281,Army Research Office,
W4226513789,25,G7500482128,,W911NF-18-1-0212,F4320338279,Air Force Office of Scientific Research,
W4226513789,26,G7576470222,NSF Engineering Research Center for Quantum Networks (CQN),1941583,F4320306076,National Science Foundation,
W4226513789,27,G7900882,,W911NF-16- 1-0349,F4320338281,Army Research Office,
W4226513789,28,G8289759875,,FA9550,F4320338294,Air Force Research Laboratory,
W4226513789,29,G922915270,QII-TAQS: Quantum Metrological Platform for Single-Molecule Bio-Sensing,1936118,F4320306076,National Science Foundation,
W4281780324,1,G3162985271,,W911NF2110325,F4320333591,Multidisciplinary University Research Initiative,
W4281780324,2,G6518383159,,W911NF2110325,F4320338281,Army Research Office,
W4281780324,3,G6715895681,Collaborative Research: CNS Core: Medium: Design and Analysis of Quantum Networks for Entanglement Distribution,1955834,F4320306076,National Science Foundation,
W4281780324,4,G7576470222,NSF Engineering Research Center for Quantum Networks (CQN),1941583,F4320306076,National Science Foundation,
W4307652542,1,G2469973041,,N660012014029,F4320332180,Defense Advanced Research Projects Agency,
W4307652542,2,G3410377079,CAREER: Photonic Quantum Machine Learning: From Architecture to Applications,2144057,F4320306076,National Science Foundation,
W4307652542,3,G6367525870,MRI: Development of Integrated Multi-Access Entangled-Photon Sources and Single-Photon Detector Array Instrument for Interdisciplinary Quantum Information Research,1828132,F4320306076,National Science Foundation,
W4307652542,4,G6671297155,,CAREER,F4320306076,National Science Foundation,
W4307652542,5,G7576470222,NSF Engineering Research Center for Quantum Networks (CQN),1941583,F4320306076,National Science Foundation,
W4307652542,6,G8037367148,FET: Small: Spectrally Efficient High-dimensional Quantum Communications in an Integrated Quantum Photonic Platform,1907918,F4320306076,National Science Foundation,
W4362514750,1,G1549524776,CAREER: Using Entanglement to Enhance Communication and Sensing in the Presence of Noise,2142882,F4320306076,National Science Foundation,
W4362514750,2,G434337789,,HORIZON2020,F4320320300,European Commission,
W4362514750,3,G5443090575,,PE 0000023,F4320320300,European Commission,
W4362514750,4,G5680810776,Quantum readout techniques and technologies,862644,F4320320300,European Commission,
W4362514750,5,G6671297155,,CAREER,F4320306076,National Science Foundation,
W4362514750,6,G7576470222,NSF Engineering Research Center for Quantum Networks (CQN),1941583,F4320306076,National Science Foundation,
W4362514750,7,G777498305,,PE0000023-NQSTI,F4320320300,European Commission,
W4378499043,1,G1404049065,,FA9550-21-1-0209,F4320338279,Air Force Office of Scientific Research,
W4378499043,2,G1432373144,,W911NF-21-1-,F4320338281,Army Research Office,
W4378499043,3,G1523888516,,FA9550-,F4320338279,Air Force Office of Scientific Research,
W4378499043,4,G1770223817,,FA864921P0781,F4320338294,Air Force Research Laboratory,
W4378499043,5,G2882288540,,W911NF2310077,F4320338281,Army Research Office,
W4378499043,6,G3162985271,,W911NF2110325,F4320333591,Multidisciplinary University Research Initiative,
W4378499043,7,G3722242190,,OMA-2137642,F4320338279,Air Force Office of Scientific Research,
W4378499043,8,G431725244,,FA9550-21-1-0209,F4320333591,Multidisciplinary University Research Initiative,
W4378499043,9,G4516736450,,-21-1-,F4320338279,Air Force Office of Scientific Research,
W4378499043,10,G4629941602,QuIC - TaQS: Interconnects for a Superconducting-Atomic Hybrid Quantum Network,2137642,F4320306076,National Science Foundation,
W4378499043,11,G4876042962,,OMA-1936118,F4320338279,Air Force Office of Scientific Research,
W4378499043,12,G5298762856,,FA9550-21-1-0209,F4320338294,Air Force Research Laboratory,
W4378499043,13,G5659690140,,FA9550-19-1-0399,F4320306076,National Science Foundation,
W4378499043,14,G6167497367,,FA9550-19-1-0399,F4320338279,Air Force Office of Scientific Research,
W4378499043,15,G6518383159,,W911NF2110325,F4320338281,Army Research Office,
W4378499043,16,G6526646931,,FA9550-19-1-0399,F4320333591,Multidisciplinary University Research Initiative,
W4378499043,17,G7452299184,,W911NF,F4320338281,Army Research Office,
W4378499043,18,G7576470222,NSF Engineering Research Center for Quantum Networks (CQN),1941583,F4320306076,National Science Foundation,
W4378499043,19,G8289759875,,FA9550,F4320338294,Air Force Research Laboratory,
W4378499043,20,G922915270,QII-TAQS: Quantum Metrological Platform for Single-Molecule Bio-Sensing,1936118,F4320306076,National Science Foundation,
W4384274301,1,G3162985271,,W911NF2110325,F4320333591,Multidisciplinary University Research Initiative,
W4384274301,2,G4413222662,Collaborative Research: CNS Core: Medium: Design and Analysis of Quantum Networks for Entanglement Distribution,1955744,F4320306076,National Science Foundation,
W4384274301,3,G6518383159,,W911NF2110325,F4320338281,Army Research Office,
W4384274301,4,G7576470222,NSF Engineering Research Center for Quantum Networks (CQN),1941583,F4320306076,National Science Foundation,
W4386874943,1,G1215933255,,W911NF-23-1-0235,F4320338279,Air Force Office of Scientific Research,
W4386874943,2,G1639952346,,1231319,F4320337367,Division of Materials Research,
W4386874943,3,G1799408541,,EEC-1941583,F4320338279,Air Force Office of Scientific Research,
W4386874943,4,G2183085053,,840968,F4320338281,Army Research Office,
W4386874943,5,G2919862584,,840968,F4320306076,National Science Foundation,
W4386874943,6,G3311699245,Center for Integrated Quantum Materials,1231319,F4320306076,National Science Foundation,
W4386874943,7,G3908502130,,N00014-20-1-2425,F4320337345,Office of Naval Research,
W4386874943,8,G434337789,,HORIZON2020,F4320320300,European Commission,
W4386874943,9,G468436599,,840968,F4320338279,Air Force Office of Scientific Research,
W4386874943,10,G475327532,,840968,F4320337345,Office of Naval Research,
W4386874943,11,G7452299184,,W911NF,F4320338281,Army Research Office,
W4386874943,12,G7576470222,NSF Engineering Research Center for Quantum Networks (CQN),1941583,F4320306076,National Science Foundation,
W4386874943,13,G8270899765,Coherent Optomechanical and Hyperfine interactions Engineering with Silicon-Vacancy impurities in diamond for quantum networks,840968,F4320320300,European Commission,
W4386874943,14,G8640644076,,DMR-12313 19,F4320306076,National Science Foundation,
W4386874943,15,G875209366,,DMR-1231319,F4320337367,Division of Materials Research,
W4386874943,16,G8876996369,,N00014,F4320337345,Office of Naval Research,
W4387031345,1,G1121709765,ExpandQISE: Track 1: Virtual Quantum Networks: From Foundations to Field Tests,2304118,F4320306076,National Science Foundation,
W4387031345,2,G1549524776,CAREER: Using Entanglement to Enhance Communication and Sensing in the Presence of Noise,2142882,F4320306076,National Science Foundation,
W4387031345,3,G1872762428,,N000142312296,F4320337345,Office of Naval Research,
W4387031345,4,G2398899454,CAREER: Photonic Quantum Machine Learning: From Architecture to Applications,2317471,F4320306076,National Science Foundation,
W4387031345,5,G2469973041,,N660012014029,F4320332180,Defense Advanced Research Projects Agency,
W4387031345,6,G6671297155,,CAREER,F4320306076,National Science Foundation,
W4387031345,7,G7576470222,NSF Engineering Research Center for Quantum Networks (CQN),1941583,F4320306076,National Science Foundation,
W4387031345,8,G8876996369,,N00014,F4320337345,Office of Naval Research,
W4387295011,1,G1162011400,,W911NF1810432,F4320338281,Army Research Office,
W4387295011,2,G116634291,,840968,F4320332999,Horizon 2020 Framework Programme,
W4387295011,3,G1268556693,"HYBRID ELECTRO- AND ACOUSTO-DYNAMICAL SYSTEMS FOR QUANTUM 
OPTICAL NETWORKS (HEADS-QON)",DESC0020376,F4320306084,U.S. Department of Energy,
W4387295011,4,G1523888516,,FA9550-,F4320338279,Air Force Office of Scientific Research,
W4387295011,5,G1639952346,,1231319,F4320337367,Division of Materials Research,
W4387295011,6,G1799408541,,EEC-1941583,F4320338279,Air Force Office of Scientific Research,
W4387295011,7,G2027002873,NNCI: Center for Nanoscale Systems (CNS),2025158,F4320306076,National Science Foundation,
W4387295011,8,G2183085053,,840968,F4320338281,Army Research Office,
W4387295011,9,G2347808973,,ECCS-2025158,F4320337392,"Division of Electrical, Communications and Cyber Systems",
W4387295011,10,G2919862584,,840968,F4320306076,National Science Foundation,
W4387295011,11,G3180581135,,1838976,F4320337392,"Division of Electrical, Communications and Cyber Systems",
W4387295011,12,G3311699245,Center for Integrated Quantum Materials,1231319,F4320306076,National Science Foundation,
W4387295011,13,G3431638231,,W911NF1810432,F4320338279,Air Force Office of Scientific Research,
W4387295011,14,G3582326853,,W911NF1810432,F4320333591,Multidisciplinary University Research Initiative,
W4387295011,15,G36446433,,FA9550-20-1,F4320338279,Air Force Office of Scientific Research,
W4387295011,16,G3908502130,,N00014-20-1-2425,F4320337345,Office of Naval Research,
W4387295011,17,G3998252677,,N00014-15-1-2761,F4320337345,Office of Naval Research,
W4387295011,18,G434337789,,HORIZON2020,F4320320300,European Commission,
W4387295011,19,G4671203234,,2025158,F4320337392,"Division of Electrical, Communications and Cyber Systems",
W4387295011,20,G468436599,,840968,F4320338279,Air Force Office of Scientific Research,
W4387295011,21,G475327532,,840968,F4320337345,Office of Naval Research,
W4387295011,22,G5569641376,,FA9550-20-1-0105,F4320338279,Air Force Office of Scientific Research,
W4387295011,23,G5729145195,,FA9550-20,F4320338279,Air Force Office of Scientific Research,
W4387295011,24,G5734303726,,ECCS-1838976,F4320337392,"Division of Electrical, Communications and Cyber Systems",
W4387295011,25,G6075373719,,DMR-1231319,F4320306084,U.S. Department of Energy,
W4387295011,26,G6098521345,,FA9550,F4320337345,Office of Naval Research,
W4387295011,27,G6987858779,"RAISE: TAQS: Engineering high quality, practical qubits in diamond",1838976,F4320306076,National Science Foundation,
W4387295011,28,G7444832178,,EEC-1941583,F4320306084,U.S. Department of Energy,
W4387295011,29,G7576470222,NSF Engineering Research Center for Quantum Networks (CQN),1941583,F4320306076,National Science Foundation,
W4387295011,30,G8270899765,Coherent Optomechanical and Hyperfine interactions Engineering with Silicon-Vacancy impurities in diamond for quantum networks,840968,F4320320300,European Commission,
W4387295011,31,G8640644076,,DMR-12313 19,F4320306076,National Science Foundation,
W4387295011,32,G875209366,,DMR-1231319,F4320337367,Division of Materials Research,
W4387295011,33,G8876996369,,N00014,F4320337345,Office of Naval Research,
W4387295012,1,G1162011400,,W911NF1810432,F4320338281,Army Research Office,
W4387295012,2,G116634291,,840968,F4320332999,Horizon 2020 Framework Programme,
W4387295012,3,G1268556693,"HYBRID ELECTRO- AND ACOUSTO-DYNAMICAL SYSTEMS FOR QUANTUM 
OPTICAL NETWORKS (HEADS-QON)",DESC0020376,F4320306084,U.S. Department of Energy,
W4387295012,4,G1523888516,,FA9550-,F4320338279,Air Force Office of Scientific Research,
W4387295012,5,G1639952346,,1231319,F4320337367,Division of Materials Research,
W4387295012,6,G1799408541,,EEC-1941583,F4320338279,Air Force Office of Scientific Research,
W4387295012,7,G2027002873,NNCI: Center for Nanoscale Systems (CNS),2025158,F4320306076,National Science Foundation,
W4387295012,8,G2183085053,,840968,F4320338281,Army Research Office,
W4387295012,9,G2347808973,,ECCS-2025158,F4320337392,"Division of Electrical, Communications and Cyber Systems",
W4387295012,10,G2919862584,,840968,F4320306076,National Science Foundation,
W4387295012,11,G3180581135,,1838976,F4320337392,"Division of Electrical, Communications and Cyber Systems",
W4387295012,12,G3311699245,Center for Integrated Quantum Materials,1231319,F4320306076,National Science Foundation,
W4387295012,13,G3431638231,,W911NF1810432,F4320338279,Air Force Office of Scientific Research,
W4387295012,14,G3582326853,,W911NF1810432,F4320333591,Multidisciplinary University Research Initiative,
W4387295012,15,G36446433,,FA9550-20-1,F4320338279,Air Force Office of Scientific Research,
W4387295012,16,G3908502130,,N00014-20-1-2425,F4320337345,Office of Naval Research,
W4387295012,17,G3998252677,,N00014-15-1-2761,F4320337345,Office of Naval Research,
W4387295012,18,G434337789,,HORIZON2020,F4320320300,European Commission,
W4387295012,19,G4671203234,,2025158,F4320337392,"Division of Electrical, Communications and Cyber Systems",
W4387295012,20,G468436599,,840968,F4320338279,Air Force Office of Scientific Research,
W4387295012,21,G475327532,,840968,F4320337345,Office of Naval Research,
W4387295012,22,G5569641376,,FA9550-20-1-0105,F4320338279,Air Force Office of Scientific Research,
W4387295012,23,G5729145195,,FA9550-20,F4320338279,Air Force Office of Scientific Research,
W4387295012,24,G5734303726,,ECCS-1838976,F4320337392,"Division of Electrical, Communications and Cyber Systems",
W4387295012,25,G6075373719,,DMR-1231319,F4320306084,U.S. Department of Energy,
W4387295012,26,G6098521345,,FA9550,F4320337345,Office of Naval Research,
W4387295012,27,G6987858779,"RAISE: TAQS: Engineering high quality, practical qubits in diamond",1838976,F4320306076,National Science Foundation,
W4387295012,28,G7444832178,,EEC-1941583,F4320306084,U.S. Department of Energy,
W4387295012,29,G7576470222,NSF Engineering Research Center for Quantum Networks (CQN),1941583,F4320306076,National Science Foundation,
W4387295012,30,G8270899765,Coherent Optomechanical and Hyperfine interactions Engineering with Silicon-Vacancy impurities in diamond for quantum networks,840968,F4320320300,European Commission,
W4387295012,31,G8640644076,,DMR-12313 19,F4320306076,National Science Foundation,
W4387295012,32,G875209366,,DMR-1231319,F4320337367,Division of Materials Research,
W4387295012,33,G8876996369,,N00014,F4320337345,Office of Naval Research,
W4391252144,1,G1639952346,,1231319,F4320337367,Division of Materials Research,
W4391252144,2,G3311699245,Center for Integrated Quantum Materials,1231319,F4320306076,National Science Foundation,
W4391252144,3,G7452299184,,W911NF,F4320338281,Army Research Office,
W4391252144,4,G7576470222,NSF Engineering Research Center for Quantum Networks (CQN),1941583,F4320306076,National Science Foundation,
W4391252144,5,G8640644076,,DMR-12313 19,F4320306076,National Science Foundation,
W4391252144,6,G875209366,,DMR-1231319,F4320337367,Division of Materials Research,
W4391710012,1,G1162011400,,W911NF1810432,F4320338281,Army Research Office,
W4391710012,2,G1235551788,NNCI: Soft Hybrid Nanotechnology Experimental (SHyNE) Resource,2025633,F4320306076,National Science Foundation,
W4391710012,3,G1523888516,,FA9550-,F4320338279,Air Force Office of Scientific Research,
W4391710012,4,G1799408541,,EEC-1941583,F4320338279,Air Force Office of Scientific Research,
W4391710012,5,G2233802770,,ECCS-2025633,F4320337367,Division of Materials Research,
W4391710012,6,G3010471893,,ECCS-2025633,F4320337392,"Division of Electrical, Communications and Cyber Systems",
W4391710012,7,G3028541427,Materials Research Science and Engineering Center,2011854,F4320306076,National Science Foundation,
W4391710012,8,G3032896889,EAGER: Quantum Manufacturing: Manufacturing Integrated Quantum Sensing and Quantum Photonic Technologies Through Direct Bonding of Diamond Membranes,2240399,F4320306076,National Science Foundation,
W4391710012,9,G3431638231,,W911NF1810432,F4320338279,Air Force Office of Scientific Research,
W4391710012,10,G3582326853,,W911NF1810432,F4320333591,Multidisciplinary University Research Initiative,
W4391710012,11,G36446433,,FA9550-20-1,F4320338279,Air Force Office of Scientific Research,
W4391710012,12,G3908502130,,N00014-20-1-2425,F4320337345,Office of Naval Research,
W4391710012,13,G4292335413,,AM-2240399,F4320337367,Division of Materials Research,
W4391710012,14,G4657484576,,2011854,F4320337367,Division of Materials Research,
W4391710012,15,G4958141111,,2025633,F4320337392,"Division of Electrical, Communications and Cyber Systems",
W4391710012,16,G5569641376,,FA9550-20-1-0105,F4320338279,Air Force Office of Scientific Research,
W4391710012,17,G5729145195,,FA9550-20,F4320338279,Air Force Office of Scientific Research,
W4391710012,18,G6098521345,,FA9550,F4320337345,Office of Naval Research,
W4391710012,19,G7444832178,,EEC-1941583,F4320306084,U.S. Department of Energy,
W4391710012,20,G7576470222,NSF Engineering Research Center for Quantum Networks (CQN),1941583,F4320306076,National Science Foundation,
W4391710012,21,G8048112891,,DMR-2011854,F4320337367,Division of Materials Research,
W4391710012,22,G8876996369,,N00014,F4320337345,Office of Naval Research,
W4398191941,1,G3162985271,,W911NF2110325,F4320333591,Multidisciplinary University Research Initiative,
W4398191941,2,G4413222662,Collaborative Research: CNS Core: Medium: Design and Analysis of Quantum Networks for Entanglement Distribution,1955744,F4320306076,National Science Foundation,
W4398191941,3,G6518383159,,W911NF2110325,F4320338281,Army Research Office,
W4398191941,4,G7576470222,NSF Engineering Research Center for Quantum Networks (CQN),1941583,F4320306076,National Science Foundation,
W4400064786,1,G1549524776,CAREER: Using Entanglement to Enhance Communication and Sensing in the Presence of Noise,2142882,F4320306076,National Science Foundation,
W4400064786,2,G1872762428,,N000142312296,F4320337345,Office of Naval Research,
W4400064786,3,G2469973041,,N660012014029,F4320332180,Defense Advanced Research Projects Agency,
W4400064786,4,G6671297155,,CAREER,F4320306076,National Science Foundation,
W4400064786,5,G69013661,QuSeC-TAQS: Sensing-Intelligence on The Move: Quantum-Enhanced Optical Diagnosis of Crop Diseases,2326746,F4320306076,National Science Foundation,
W4400064786,6,G7576470222,NSF Engineering Research Center for Quantum Networks (CQN),1941583,F4320306076,National Science Foundation,
W4400064786,7,G8876996369,,N00014,F4320337345,Office of Naval Research,
W4401201493,1,G1404049065,,FA9550-21-1-0209,F4320338279,Air Force Office of Scientific Research,
W4401201493,2,G1432373144,,W911NF-21-1-,F4320338281,Army Research Office,
W4401201493,3,G1442400458,QuSeC-TAQS: Nanoscale Covariance Magnetometry with Diamond Quantum Sensors,2326767,F4320306076,National Science Foundation,
W4401201493,4,G1482135624,,W911NF-18-1-0020,F4320338279,Air Force Office of Scientific Research,
W4401201493,5,G1523888516,,FA9550-,F4320338279,Air Force Office of Scientific Research,
W4401201493,6,G1932254719,,HR0011-24-9-0361,F4320332180,Defense Advanced Research Projects Agency,
W4401201493,7,G2882288540,,W911NF2310077,F4320338281,Army Research Office,
W4401201493,8,G3067963855,,W911NF-18-1-0020,F4320338281,Army Research Office,
W4401201493,9,G3162985271,,W911NF2110325,F4320333591,Multidisciplinary University Research Initiative,
W4401201493,10,G3722242190,,OMA-2137642,F4320338279,Air Force Office of Scientific Research,
W4401201493,11,G431725244,,FA9550-21-1-0209,F4320333591,Multidisciplinary University Research Initiative,
W4401201493,12,G4516736450,,-21-1-,F4320338279,Air Force Office of Scientific Research,
W4401201493,13,G4629941602,QuIC - TaQS: Interconnects for a Superconducting-Atomic Hybrid Quantum Network,2137642,F4320306076,National Science Foundation,
W4401201493,14,G4848018484,,FA9550-23- 1-0338,F4320338279,Air Force Office of Scientific Research,
W4401201493,15,G4876042962,,OMA-1936118,F4320338279,Air Force Office of Scientific Research,
W4401201493,16,G5659690140,,FA9550-19-1-0399,F4320306076,National Science Foundation,
W4401201493,17,G6167497367,,FA9550-19-1-0399,F4320338279,Air Force Office of Scientific Research,
W4401201493,18,G6518383159,,W911NF2110325,F4320338281,Army Research Office,
W4401201493,19,G6526646931,,FA9550-19-1-0399,F4320333591,Multidisciplinary University Research Initiative,
W4401201493,20,G6547089213,,OSI-2326767,F4320338279,Air Force Office of Scientific Research,
W4401201493,21,G7420521838,,CCF-2312755,F4320338279,Air Force Office of Scientific Research,
W4401201493,22,G7452299184,,W911NF,F4320338281,Army Research Office,
W4401201493,23,G7576470222,NSF Engineering Research Center for Quantum Networks (CQN),1941583,F4320306076,National Science Foundation,
W4401201493,24,G7796153478,,HR0011-24-9-0359,F4320332180,Defense Advanced Research Projects Agency,
W4401201493,25,G8232580466,Collaborative Research: FET: Medium: Design and Implementation of Quantum Databases,2312755,F4320306076,National Science Foundation,
W4401201493,26,G8657819275,,W911NF-18-1-0020,F4320332180,Defense Advanced Research Projects Agency,
W4401201493,27,G922915270,QII-TAQS: Quantum Metrological Platform for Single-Molecule Bio-Sensing,1936118,F4320306076,National Science Foundation,
W4401202372,1,G3162985271,,W911NF2110325,F4320333591,Multidisciplinary University Research Initiative,
W4401202372,2,G434337789,,HORIZON2020,F4320320300,European Commission,
W4401202372,3,G6308034468,A Faster Approach to Network Control,795244,F4320320300,European Commission,
W4401202372,4,G6518383159,,W911NF2110325,F4320338281,Army Research Office,
W4401202372,5,G7576470222,NSF Engineering Research Center for Quantum Networks (CQN),1941583,F4320306076,National Science Foundation,
W4403443853,1,G1026679911,,DE-AC05,F4320316892,UT-Battelle,
W4403443853,2,G1645119126,,AC05-00OR22725,F4320306084,U.S. Department of Energy,
W4403443853,3,G166562317,,DE-AC05- 00OR22725,F4320306250,Battelle,
W4403443853,4,G203625172,,DE--AC05--00OR22725,F4320306084,U.S. Department of Energy,
W4403443853,5,G2411683797,,DEAC05- 00OR22725,F4320306076,National Science Foundation,
W4403443853,6,G2618903147,,AK0000000018297,F4320306084,U.S. Department of Energy,
W4403443853,7,G2988778103,,DE-AC05?,F4320306084,U.S. Department of Energy,
W4403443853,8,G313676650,,DEAC05-00OR22725,F4320316892,UT-Battelle,
W4403443853,9,G4370606643,,DE-AC05-00OR22725,F4320337506,Advanced Scientific Computing Research,
W4403443853,10,G4413222662,Collaborative Research: CNS Core: Medium: Design and Analysis of Quantum Networks for Entanglement Distribution,1955744,F4320306076,National Science Foundation,
W4403443853,11,G5726405315,,DE-AC05,F4320306250,Battelle,
W4403443853,12,G7444832178,,EEC-1941583,F4320306084,U.S. Department of Energy,
W4403443853,13,G7576470222,NSF Engineering Research Center for Quantum Networks (CQN),1941583,F4320306076,National Science Foundation,
W4403443853,14,G8906985441,,00OR22725,F4320306084,U.S. Department of Energy,
W4403443853,15,G8943143067,,AC05-00OR22725,F4320316892,UT-Battelle,
W4404648507,1,G1404049065,,FA9550-21-1-0209,F4320338279,Air Force Office of Scientific Research,
W4404648507,2,G1432373144,,W911NF-21-1-,F4320338281,Army Research Office,
W4404648507,3,G1442400458,QuSeC-TAQS: Nanoscale Covariance Magnetometry with Diamond Quantum Sensors,2326767,F4320306076,National Science Foundation,
W4404648507,4,G1523888516,,FA9550-,F4320338279,Air Force Office of Scientific Research,
W4404648507,5,G1932254719,,HR0011-24-9-0361,F4320332180,Defense Advanced Research Projects Agency,
W4404648507,6,G2882288540,,W911NF2310077,F4320338281,Army Research Office,
W4404648507,7,G3162985271,,W911NF2110325,F4320333591,Multidisciplinary University Research Initiative,
W4404648507,8,G3722242190,,OMA-2137642,F4320338279,Air Force Office of Scientific Research,
W4404648507,9,G431725244,,FA9550-21-1-0209,F4320333591,Multidisciplinary University Research Initiative,
W4404648507,10,G4516736450,,-21-1-,F4320338279,Air Force Office of Scientific Research,
W4404648507,11,G4629941602,QuIC - TaQS: Interconnects for a Superconducting-Atomic Hybrid Quantum Network,2137642,F4320306076,National Science Foundation,
W4404648507,12,G4848018484,,FA9550-23- 1-0338,F4320338279,Air Force Office of Scientific Research,
W4404648507,13,G4876042962,,OMA-1936118,F4320338279,Air Force Office of Scientific Research,
W4404648507,14,G5659690140,,FA9550-19-1-0399,F4320306076,National Science Foundation,
W4404648507,15,G6167497367,,FA9550-19-1-0399,F4320338279,Air Force Office of Scientific Research,
W4404648507,16,G6518383159,,W911NF2110325,F4320338281,Army Research Office,
W4404648507,17,G6526646931,,FA9550-19-1-0399,F4320333591,Multidisciplinary University Research Initiative,
W4404648507,18,G6547089213,,OSI-2326767,F4320338279,Air Force Office of Scientific Research,
W4404648507,19,G7420521838,,CCF-2312755,F4320338279,Air Force Office of Scientific Research,
W4404648507,20,G7452299184,,W911NF,F4320338281,Army Research Office,
W4404648507,21,G7576470222,NSF Engineering Research Center for Quantum Networks (CQN),1941583,F4320306076,National Science Foundation,
W4404648507,22,G7796153478,,HR0011-24-9-0359,F4320332180,Defense Advanced Research Projects Agency,
W4404648507,23,G8232580466,Collaborative Research: FET: Medium: Design and Implementation of Quantum Databases,2312755,F4320306076,National Science Foundation,
W4404648507,24,G922915270,QII-TAQS: Quantum Metrological Platform for Single-Molecule Bio-Sensing,1936118,F4320306076,National Science Foundation,
W4405254448,1,G102163711,,DE‐ AC02‐06CH11357,F4320306084,U.S. Department of Energy,
W4405254448,2,G1404049065,,FA9550-21-1-0209,F4320338279,Air Force Office of Scientific Research,
W4405254448,3,G1432373144,,W911NF-21-1-,F4320338281,Army Research Office,
W4405254448,4,G1442400458,QuSeC-TAQS: Nanoscale Covariance Magnetometry with Diamond Quantum Sensors,2326767,F4320306076,National Science Foundation,
W4405254448,5,G1523888516,,FA9550-,F4320338279,Air Force Office of Scientific Research,
W4405254448,6,G1932254719,,HR0011-24-9-0361,F4320332180,Defense Advanced Research Projects Agency,
W4405254448,7,G2287611682,,AC02‐06CH11357,F4320332359,Office of Science,
W4405254448,8,G262962599,,AC02‐06CH11357,F4320306084,U.S. Department of Energy,
W4405254448,9,G2882288540,,W911NF2310077,F4320338281,Army Research Office,
W4405254448,10,G3162985271,,W911NF2110325,F4320333591,Multidisciplinary University Research Initiative,
W4405254448,11,G3722242190,,OMA-2137642,F4320338279,Air Force Office of Scientific Research,
W4405254448,12,G431725244,,FA9550-21-1-0209,F4320333591,Multidisciplinary University Research Initiative,
W4405254448,13,G4516736450,,-21-1-,F4320338279,Air Force Office of Scientific Research,
W4405254448,14,G4629941602,QuIC - TaQS: Interconnects for a Superconducting-Atomic Hybrid Quantum Network,2137642,F4320306076,National Science Foundation,
W4405254448,15,G4848018484,,FA9550-23- 1-0338,F4320338279,Air Force Office of Scientific Research,
W4405254448,16,G4876042962,,OMA-1936118,F4320338279,Air Force Office of Scientific Research,
W4405254448,17,G498139845,,DE-AC02,F4320332359,Office of Science,
W4405254448,18,G513797252,,DE-AC02–06CH11357,F4320306076,National Science Foundation,
W4405254448,19,G5659690140,,FA9550-19-1-0399,F4320306076,National Science Foundation,
W4405254448,20,G6167497367,,FA9550-19-1-0399,F4320338279,Air Force Office of Scientific Research,
W4405254448,21,G6518383159,,W911NF2110325,F4320338281,Army Research Office,
W4405254448,22,G6526646931,,FA9550-19-1-0399,F4320333591,Multidisciplinary University Research Initiative,
W4405254448,23,G6547089213,,OSI-2326767,F4320338279,Air Force Office of Scientific Research,
W4405254448,24,G6848031779,,06CH11357,F4320306084,U.S. Department of Energy,
W4405254448,25,G6918803902,,06CH11357,F4320332359,Office of Science,
W4405254448,26,G741291543,,DE-AC02-06CH11357,F4320338279,Air Force Office of Scientific Research,
W4405254448,27,G7420521838,,CCF-2312755,F4320338279,Air Force Office of Scientific Research,
W4405254448,28,G7452299184,,W911NF,F4320338281,Army Research Office,
W4405254448,29,G7576470222,NSF Engineering Research Center for Quantum Networks (CQN),1941583,F4320306076,National Science Foundation,
W4405254448,30,G7796153478,,HR0011-24-9-0359,F4320332180,Defense Advanced Research Projects Agency,
W4405254448,31,G8232580466,Collaborative Research: FET: Medium: Design and Implementation of Quantum Databases,2312755,F4320306076,National Science Foundation,
W4405254448,32,G878601127,,DE-AC02-06CH11357,F4320337506,Advanced Scientific Computing Research,
W4405254448,33,G922915270,QII-TAQS: Quantum Metrological Platform for Single-Molecule Bio-Sensing,1936118,F4320306076,National Science Foundation,
W4405254448,34,G969889393,,DE-AC02-,F4320306084,U.S. Department of Energy,
W4405254448,35,G993149817,,DE-AC02-06CH11357 ,F4320332359,Office of Science,
W4409626752,1,G7576470222,NSF Engineering Research Center for Quantum Networks (CQN),1941583,F4320306076,National Science Foundation,
W4416386259,1,G102163711,,DE‐ AC02‐06CH11357,F4320306084,U.S. Department of Energy,
W4416386259,2,G1404049065,,FA9550-21-1-0209,F4320338279,Air Force Office of Scientific Research,
W4416386259,3,G1432373144,,W911NF-21-1-,F4320338281,Army Research Office,
W4416386259,4,G1442400458,QuSeC-TAQS: Nanoscale Covariance Magnetometry with Diamond Quantum Sensors,2326767,F4320306076,National Science Foundation,
W4416386259,5,G1523888516,,FA9550-,F4320338279,Air Force Office of Scientific Research,
W4416386259,6,G1932254719,,HR0011-24-9-0361,F4320332180,Defense Advanced Research Projects Agency,
W4416386259,7,G2287611682,,AC02‐06CH11357,F4320332359,Office of Science,
W4416386259,8,G262962599,,AC02‐06CH11357,F4320306084,U.S. Department of Energy,
W4416386259,9,G2882288540,,W911NF2310077,F4320338281,Army Research Office,
W4416386259,10,G3162985271,,W911NF2110325,F4320333591,Multidisciplinary University Research Initiative,
W4416386259,11,G3722242190,,OMA-2137642,F4320338279,Air Force Office of Scientific Research,
W4416386259,12,G431725244,,FA9550-21-1-0209,F4320333591,Multidisciplinary University Research Initiative,
W4416386259,13,G4516736450,,-21-1-,F4320338279,Air Force Office of Scientific Research,
W4416386259,14,G4629941602,QuIC - TaQS: Interconnects for a Superconducting-Atomic Hybrid Quantum Network,2137642,F4320306076,National Science Foundation,
W4416386259,15,G4848018484,,FA9550-23- 1-0338,F4320338279,Air Force Office of Scientific Research,
W4416386259,16,G498139845,,DE-AC02,F4320332359,Office of Science,
W4416386259,17,G513797252,,DE-AC02–06CH11357,F4320306076,National Science Foundation,
W4416386259,18,G6518383159,,W911NF2110325,F4320338281,Army Research Office,
W4416386259,19,G6547089213,,OSI-2326767,F4320338279,Air Force Office of Scientific Research,
W4416386259,20,G6848031779,,06CH11357,F4320306084,U.S. Department of Energy,
W4416386259,21,G6918803902,,06CH11357,F4320332359,Office of Science,
W4416386259,22,G741291543,,DE-AC02-06CH11357,F4320338279,Air Force Office of Scientific Research,
W4416386259,23,G7420521838,,CCF-2312755,F4320338279,Air Force Office of Scientific Research,
W4416386259,24,G7452299184,,W911NF,F4320338281,Army Research Office,
W4416386259,25,G7576470222,NSF Engineering Research Center for Quantum Networks (CQN),1941583,F4320306076,National Science Foundation,
W4416386259,26,G7796153478,,HR0011-24-9-0359,F4320332180,Defense Advanced Research Projects Agency,
W4416386259,27,G8232580466,Collaborative Research: FET: Medium: Design and Implementation of Quantum Databases,2312755,F4320306076,National Science Foundation,
W4416386259,28,G8692340833,ExpandQISE: Track 2: Developing Quantum Information Science and Engineering Research and Education Program at FAMU,2426975,F4320306076,National Science Foundation,
W4416386259,29,G878601127,,DE-AC02-06CH11357,F4320337506,Advanced Scientific Computing Research,
W4416386259,30,G96630211,,OSI-2426975,F4320338279,Air Force Office of Scientific Research,
W4416386259,31,G969889393,,DE-AC02-,F4320306084,U.S. Department of Energy,
W4416386259,32,G993149817,,DE-AC02-06CH11357 ,F4320332359,Office of Science,
W4416437609,1,G264021278,CONNECT_Phase 2,13/RC/2077_P2,F4320320847,Science Foundation Ireland,
W4416437609,2,G7226090481,CONNECT: The Centre for Future Networks & Communications,13/RC/2077,F4320320847,Science Foundation Ireland,
W4416437609,3,G7576470222,NSF Engineering Research Center for Quantum Networks (CQN),1941583,F4320306076,National Science Foundation,
W4416437609,4,G7602799974,Convergent Quantum REsearchAlliance in Telecommunications (CoQREATE),21/US-C2C/3750,F4320320847,Science Foundation Ireland,
W4417087227,1,G102163711,,DE‐ AC02‐06CH11357,F4320306084,U.S. Department of Energy,
W4417087227,2,G1404049065,,FA9550-21-1-0209,F4320338279,Air Force Office of Scientific Research,
W4417087227,3,G1432373144,,W911NF-21-1-,F4320338281,Army Research Office,
W4417087227,4,G1442400458,QuSeC-TAQS: Nanoscale Covariance Magnetometry with Diamond Quantum Sensors,2326767,F4320306076,National Science Foundation,
W4417087227,5,G1523888516,,FA9550-,F4320338279,Air Force Office of Scientific Research,
W4417087227,6,G1932254719,,HR0011-24-9-0361,F4320332180,Defense Advanced Research Projects Agency,
W4417087227,7,G2287611682,,AC02‐06CH11357,F4320332359,Office of Science,
W4417087227,8,G262962599,,AC02‐06CH11357,F4320306084,U.S. Department of Energy,
W4417087227,9,G2882288540,,W911NF2310077,F4320338281,Army Research Office,
W4417087227,10,G3162985271,,W911NF2110325,F4320333591,Multidisciplinary University Research Initiative,
W4417087227,11,G3722242190,,OMA-2137642,F4320338279,Air Force Office of Scientific Research,
W4417087227,12,G431725244,,FA9550-21-1-0209,F4320333591,Multidisciplinary University Research Initiative,
W4417087227,13,G4516736450,,-21-1-,F4320338279,Air Force Office of Scientific Research,
W4417087227,14,G4629941602,QuIC - TaQS: Interconnects for a Superconducting-Atomic Hybrid Quantum Network,2137642,F4320306076,National Science Foundation,
W4417087227,15,G4848018484,,FA9550-23- 1-0338,F4320338279,Air Force Office of Scientific Research,
W4417087227,16,G4876042962,,OMA-1936118,F4320338279,Air Force Office of Scientific Research,
W4417087227,17,G498139845,,DE-AC02,F4320332359,Office of Science,
W4417087227,18,G513797252,,DE-AC02–06CH11357,F4320306076,National Science Foundation,
W4417087227,19,G5476995083,QLCI-CI: NSF Quantum Leap Challenge Institute for Hybrid Quantum Architectures and Networks,2016136,F4320306076,National Science Foundation,
W4417087227,20,G5659690140,,FA9550-19-1-0399,F4320306076,National Science Foundation,
W4417087227,21,G6167497367,,FA9550-19-1-0399,F4320338279,Air Force Office of Scientific Research,
W4417087227,22,G6518383159,,W911NF2110325,F4320338281,Army Research Office,
W4417087227,23,G6526646931,,FA9550-19-1-0399,F4320333591,Multidisciplinary University Research Initiative,
W4417087227,24,G6547089213,,OSI-2326767,F4320338279,Air Force Office of Scientific Research,
W4417087227,25,G6848031779,,06CH11357,F4320306084,U.S. Department of Energy,
W4417087227,26,G6918803902,,06CH11357,F4320332359,Office of Science,
W4417087227,27,G741291543,,DE-AC02-06CH11357,F4320338279,Air Force Office of Scientific Research,
W4417087227,28,G7420521838,,CCF-2312755,F4320338279,Air Force Office of Scientific Research,
W4417087227,29,G7452299184,,W911NF,F4320338281,Army Research Office,
W4417087227,30,G7576470222,NSF Engineering Research Center for Quantum Networks (CQN),1941583,F4320306076,National Science Foundation,
W4417087227,31,G7796153478,,HR0011-24-9-0359,F4320332180,Defense Advanced Research Projects Agency,
W4417087227,32,G8232580466,Collaborative Research: FET: Medium: Design and Implementation of Quantum Databases,2312755,F4320306076,National Science Foundation,
W4417087227,33,G878601127,,DE-AC02-06CH11357,F4320337506,Advanced Scientific Computing Research,
W4417087227,34,G922915270,QII-TAQS: Quantum Metrological Platform for Single-Molecule Bio-Sensing,1936118,F4320306076,National Science Foundation,
W4417087227,35,G969889393,,DE-AC02-,F4320306084,U.S. Department of Energy,
W4417087227,36,G993149817,,DE-AC02-06CH11357 ,F4320332359,Office of Science,
W7105506993,1,G7576470222,NSF Engineering Research Center for Quantum Networks (CQN),1941583,F4320306076,National Science Foundation,
W7131731907,1,G102163711,,DE‐ AC02‐06CH11357,F4320306084,U.S. Department of Energy,
W7131731907,2,G1404049065,,FA9550-21-1-0209,F4320338279,Air Force Office of Scientific Research,
W7131731907,3,G1432373144,,W911NF-21-1-,F4320338281,Army Research Office,
W7131731907,4,G1442400458,QuSeC-TAQS: Nanoscale Covariance Magnetometry with Diamond Quantum Sensors,2326767,F4320306076,National Science Foundation,
W7131731907,5,G1523888516,,FA9550-,F4320338279,Air Force Office of Scientific Research,
W7131731907,6,G1932254719,,HR0011-24-9-0361,F4320332180,Defense Advanced Research Projects Agency,
W7131731907,7,G2287611682,,AC02‐06CH11357,F4320332359,Office of Science,
W7131731907,8,G262962599,,AC02‐06CH11357,F4320306084,U.S. Department of Energy,
W7131731907,9,G2882288540,,W911NF2310077,F4320338281,Army Research Office,
W7131731907,10,G3162985271,,W911NF2110325,F4320333591,Multidisciplinary University Research Initiative,
W7131731907,11,G3722242190,,OMA-2137642,F4320338279,Air Force Office of Scientific Research,
W7131731907,12,G431725244,,FA9550-21-1-0209,F4320333591,Multidisciplinary University Research Initiative,
W7131731907,13,G4516736450,,-21-1-,F4320338279,Air Force Office of Scientific Research,
W7131731907,14,G4629941602,QuIC - TaQS: Interconnects for a Superconducting-Atomic Hybrid Quantum Network,2137642,F4320306076,National Science Foundation,
W7131731907,15,G4848018484,,FA9550-23- 1-0338,F4320338279,Air Force Office of Scientific Research,
W7131731907,16,G498139845,,DE-AC02,F4320332359,Office of Science,
W7131731907,17,G513797252,,DE-AC02–06CH11357,F4320306076,National Science Foundation,
W7131731907,18,G6518383159,,W911NF2110325,F4320338281,Army Research Office,
W7131731907,19,G6547089213,,OSI-2326767,F4320338279,Air Force Office of Scientific Research,
W7131731907,20,G6848031779,,06CH11357,F4320306084,U.S. Department of Energy,
W7131731907,21,G6918803902,,06CH11357,F4320332359,Office of Science,
W7131731907,22,G741291543,,DE-AC02-06CH11357,F4320338279,Air Force Office of Scientific Research,
W7131731907,23,G7420521838,,CCF-2312755,F4320338279,Air Force Office of Scientific Research,
W7131731907,24,G7452299184,,W911NF,F4320338281,Army Research Office,
W7131731907,25,G7576470222,NSF Engineering Research Center for Quantum Networks (CQN),1941583,F4320306076,National Science Foundation,
W7131731907,26,G7796153478,,HR0011-24-9-0359,F4320332180,Defense Advanced Research Projects Agency,
W7131731907,27,G8232580466,Collaborative Research: FET: Medium: Design and Implementation of Quantum Databases,2312755,F4320306076,National Science Foundation,
W7131731907,28,G8692340833,ExpandQISE: Track 2: Developing Quantum Information Science and Engineering Research and Education Program at FAMU,2426975,F4320306076,National Science Foundation,
W7131731907,29,G878601127,,DE-AC02-06CH11357,F4320337506,Advanced Scientific Computing Research,
W7131731907,30,G96630211,,OSI-2426975,F4320338279,Air Force Office of Scientific Research,
W7131731907,31,G969889393,,DE-AC02-,F4320306084,U.S. Department of Energy,
W7131731907,32,G993149817,,DE-AC02-06CH11357 ,F4320332359,Office of Science,
W7134093554,1,G1404049065,,FA9550-21-1-0209,F4320338279,Air Force Office of Scientific Research,
W7134093554,2,G1432373144,,W911NF-21-1-,F4320338281,Army Research Office,
W7134093554,3,G1442400458,QuSeC-TAQS: Nanoscale Covariance Magnetometry with Diamond Quantum Sensors,2326767,F4320306076,National Science Foundation,
W7134093554,4,G1523888516,,FA9550-,F4320338279,Air Force Office of Scientific Research,
W7134093554,5,G1932254719,,HR0011-24-9-0361,F4320332180,Defense Advanced Research Projects Agency,
W7134093554,6,G2493344581,,JPMJER2302,F4320338112,Exploratory Research for Advanced Technology,
W7134093554,7,G2882288540,,W911NF2310077,F4320338281,Army Research Office,
W7134093554,8,G3162985271,,W911NF2110325,F4320333591,Multidisciplinary University Research Initiative,
W7134093554,9,G3722242190,,OMA-2137642,F4320338279,Air Force Office of Scientific Research,
W7134093554,10,G431725244,,FA9550-21-1-0209,F4320333591,Multidisciplinary University Research Initiative,
W7134093554,11,G4516736450,,-21-1-,F4320338279,Air Force Office of Scientific Research,
W7134093554,12,G4629941602,QuIC - TaQS: Interconnects for a Superconducting-Atomic Hybrid Quantum Network,2137642,F4320306076,National Science Foundation,
W7134093554,13,G4848018484,,FA9550-23- 1-0338,F4320338279,Air Force Office of Scientific Research,
W7134093554,14,G5613623313,,CREST,F4320306076,National Science Foundation,
W7134093554,15,G6518383159,,W911NF2110325,F4320338281,Army Research Office,
W7134093554,16,G6547089213,,OSI-2326767,F4320338279,Air Force Office of Scientific Research,
W7134093554,17,G7420521838,,CCF-2312755,F4320338279,Air Force Office of Scientific Research,
W7134093554,18,G7452299184,,W911NF,F4320338281,Army Research Office,
W7134093554,19,G7576470222,NSF Engineering Research Center for Quantum Networks (CQN),1941583,F4320306076,National Science Foundation,
W7134093554,20,G7796153478,,HR0011-24-9-0359,F4320332180,Defense Advanced Research Projects Agency,
W7134093554,21,G8232580466,Collaborative Research: FET: Medium: Design and Implementation of Quantum Databases,2312755,F4320306076,National Science Foundation,
W7134093554,22,G8692340833,ExpandQISE: Track 2: Developing Quantum Information Science and Engineering Research and Education Program at FAMU,2426975,F4320306076,National Science Foundation,
W7134093554,23,G96630211,,OSI-2426975,F4320338279,Air Force Office of Scientific Research,
W7134290991,1,G1668112243,,JPMJMS226C,F4320338247,Moonshot Research and Development Program,
W7134290991,2,G2036045937,NeTS: Small: Surrogate-Assisted Full-Stack Optimization of Quantum Networks with Reinforcement Learning,2522101,F4320306076,National Science Foundation,
W7134290991,3,G3817840624,Research Infrastructure: CIRC: New: Full-stack Codesign Tools for Quantum Hardware,2346089,F4320306076,National Science Foundation,
W7134290991,4,G6276915973,"Collaborative Research: NeTS: Medium: Design, Analysis, and Control of Quantum Networks",2402861,F4320306076,National Science Foundation,
W7134290991,5,G7576470222,NSF Engineering Research Center for Quantum Networks (CQN),1941583,F4320306076,National Science Foundation,
W7160386295,1,G1351616787,,GR108261,F4320338279,Air Force Office of Scientific Research,
W7160386295,2,G7576470222,NSF Engineering Research Center for Quantum Networks (CQN),1941583,F4320306076,National Science Foundation,
W4361006093,1,G1162011400,,W911NF1810432,F4320338281,Army Research Office,
W4361006093,2,G1268556693,"HYBRID ELECTRO- AND ACOUSTO-DYNAMICAL SYSTEMS FOR QUANTUM 
OPTICAL NETWORKS (HEADS-QON)",DESC0020376,F4320306084,U.S. Department of Energy,
W4361006093,3,G1523888516,,FA9550-,F4320338279,Air Force Office of Scientific Research,
W4361006093,4,G1639952346,,1231319,F4320337367,Division of Materials Research,
W4361006093,5,G1799408541,,EEC-1941583,F4320338279,Air Force Office of Scientific Research,
W4361006093,6,G2554244226,,1541959,F4320338279,Air Force Office of Scientific Research,
W4361006093,7,G3066335313,,FA9550‐19‐1‐0376,F4320338279,Air Force Office of Scientific Research,
W4361006093,8,G3311699245,Center for Integrated Quantum Materials,1231319,F4320306076,National Science Foundation,
W4361006093,9,G3431638231,,W911NF1810432,F4320338279,Air Force Office of Scientific Research,
W4361006093,10,G3582326853,,W911NF1810432,F4320333591,Multidisciplinary University Research Initiative,
W4361006093,11,G36446433,,FA9550-20-1,F4320338279,Air Force Office of Scientific Research,
W4361006093,12,G4159191458,,"A9550-20-1-0105, FA9550-19-1-0376",F4320338281,Army Research Office,
W4361006093,13,G4198572546,QuIC-TAQS: Integrated Lithium Niobate Quantum Photonics Platform,2137723,F4320306076,National Science Foundation,
W4361006093,14,G4608849795,,1541959,F4320338281,Army Research Office,
W4361006093,15,G4755653371,"R&D, SCIENCE AND ENGINEERING, IN THE AREA OF PHYSICS",FA95501910376,F4320306078,U.S. Department of Defense,
W4361006093,16,G4973792023,Graduate Research Fellowship Program (GRFP),1745303,F4320306076,National Science Foundation,
W4361006093,17,G537080301,,A9550-20-1-0105,F4320306078,U.S. Department of Defense,
W4361006093,18,G5569641376,,FA9550-20-1-0105,F4320338279,Air Force Office of Scientific Research,
W4361006093,19,G5729145195,,FA9550-20,F4320338279,Air Force Office of Scientific Research,
W4361006093,20,G5970606412,NNCI: The Center for Nanoscale System (CNS) at Harvard University,1541959,F4320306076,National Science Foundation,
W4361006093,21,G6075373719,,DMR-1231319,F4320306084,U.S. Department of Energy,
W4361006093,22,G6132624948,,ARO MURI W911NF1810432,F4320338281,Army Research Office,
W4361006093,23,G6906440423,QuIC-TAQS: Implementation of a Neutral-Atom-Photonic-Cluster State,2138068,F4320306076,National Science Foundation,
W4361006093,24,G7444832178,,EEC-1941583,F4320306084,U.S. Department of Energy,
W4361006093,25,G7576470222,NSF Engineering Research Center for Quantum Networks (CQN),1941583,F4320306076,National Science Foundation,
W4361006093,26,G8007219634,,DE-SC002037,F4320332276,Advanced Research Projects Agency - Energy,
W4361006093,27,G8282131964,,MURI W911NF1810432,F4320338281,Army Research Office,
W4361006093,28,G8640644076,,DMR-12313 19,F4320306076,National Science Foundation,
W4361006093,29,G875209366,,DMR-1231319,F4320337367,Division of Materials Research,
W3192195939,1,G4962106257,,W911NF-18-1-0212,F4320338281,Army Research Office,
W3192195939,2,G6167497367,,FA9550-19-1-0399,F4320338279,Air Force Office of Scientific Research,
W3192195939,3,G7576470222,NSF Engineering Research Center for Quantum Networks (CQN),1941583,F4320306076,National Science Foundation,
W4376871419,1,G1677625678,,SIF/R2/222029,F4320320006,Royal Society,
W4376871419,2,G2957270713,,DE-SC0019406,F4320338483,Division of Materials Sciences and Engineering,
W4376871419,3,G4227009180,,812818,F4320332999,Horizon 2020 Framework Programme,
W4376871419,4,G4482833770,,DE-SC0019406,F4320337480,Basic Energy Sciences,
W4376871419,5,G5919518980,,2119373,F4320334627,Engineering and Physical Sciences Research Council,
W4376871419,6,G7444832178,,EEC-1941583,F4320306084,U.S. Department of Energy,
W4376871419,7,G7576470222,NSF Engineering Research Center for Quantum Networks (CQN),1941583,F4320306076,National Science Foundation,
W4376871419,8,G8209510840,"HYBRID QUANTUM SYSTEMS: SPINS, PHOTONS AND SUPERCONDUCTING QUBITS",DESC0019406,F4320306084,U.S. Department of Energy,
W4376871419,9,G8341344085,,2119373,F4320320240,Research Councils UK,
W4376871419,10,G8393435292,Applications and Fundamentals of Microresonator Frequency Combs,812818,F4320320300,European Commission,
W4396789163,1,G142073981,,30814-00001,F4320338289,Brookhaven National Laboratory,
W4396789163,2,G539115378,Graduate Research Fellowship Program (GRFP),2141064,F4320306076,National Science Foundation,
W4396789163,3,G5845176831,Fiber Integrated MgB2 Single Photon Detectors,2019-04345,F4320322581,Vetenskapsrådet,
W4396789163,4,G7398714146,Photon counting superconducting detectors for deep space laser communication,198/16,F4320321031,Swedish National Space Agency,
W4396789163,5,G7576470222,NSF Engineering Research Center for Quantum Networks (CQN),1941583,F4320306076,National Science Foundation,
W4396789163,6,G8529793535,,30814-00001,F4320337547,Laboratory Directed Research and Development,
W4410172530,1,G2627863875,,DE-AC02-07CH11359,F4320332276,Advanced Research Projects Agency - Energy,
W3204926734,1,G1954895400,CIF: Medium: Iterative Quantum LDPC Decoders,1855879,F4320306076,National Science Foundation,
W3204926734,2,G2793524870,ECCS/CCSS: Neural Network Nonlinear Iterative LDPC Decoders with Guaranteed Error Performance and Fast Convergence,2027844,F4320306076,National Science Foundation,
W3204926734,3,G7576470222,NSF Engineering Research Center for Quantum Networks (CQN),1941583,F4320306076,National Science Foundation,
W3204926734,4,G767368701,Collaborative Research: Secure and Efficient Post-quantum Cryptography: from Coding Theory to Hardware Architecture,2052751,F4320306076,National Science Foundation,
W4412403330,1,G1058888188,,CF22-0727,F4320321504,Carlsbergfondet,
W4412403330,2,G1086096196,,desc0019166,F4320337480,Basic Energy Sciences,
W4412403330,3,G130463927,,PHY-1607611,F4320306084,U.S. Department of Energy,
W4412403330,4,G1404049065,,FA9550-21-1-0209,F4320338279,Air Force Office of Scientific Research,
W4412403330,5,G1418946953,,PHY-1607611,F4320332359,Office of Science,
W4412403330,6,G1432373144,,W911NF-21-1-,F4320338281,Army Research Office,
W4412403330,7,G1442400458,QuSeC-TAQS: Nanoscale Covariance Magnetometry with Diamond Quantum Sensors,2326767,F4320306076,National Science Foundation,
W4412403330,8,G1523888516,,FA9550-,F4320338279,Air Force Office of Scientific Research,
W4412403330,9,G1932254719,,HR0011-24-9-0361,F4320332180,Defense Advanced Research Projects Agency,
W4412403330,10,G2229954460,,PHY1607611,F4320310042,Aspen Center for Physics,
W4412403330,11,G2259471922,,NNF22SA0081175,F4320325957,Novo Nordisk Fonden,
W4412403330,12,G2432923657,,1607611,F4320310042,Aspen Center for Physics,
W4412403330,13,G2522309537,,1839271,F4320337367,Division of Materials Research,
W4412403330,14,G2882288540,,W911NF2310077,F4320338281,Army Research Office,
W4412403330,15,G3007828097,,623768,F4320306164,Simons Foundation,
W4412403330,16,G3162985271,,W911NF2110325,F4320333591,Multidisciplinary University Research Initiative,
W4412403330,17,G3722242190,,OMA-2137642,F4320338279,Air Force Office of Scientific Research,
W4412403330,18,G409573503,Quantum dynamics in driven and disordered systems: Floquet topological control and flow methods for many body localization,1839271,F4320306076,National Science Foundation,
W4412403330,19,G431725244,,FA9550-21-1-0209,F4320333591,Multidisciplinary University Research Initiative,
W4412403330,20,G4516736450,,-21-1-,F4320338279,Air Force Office of Scientific Research,
W4412403330,21,G4629941602,QuIC - TaQS: Interconnects for a Superconducting-Atomic Hybrid Quantum Network,2137642,F4320306076,National Science Foundation,
W4412403330,22,G4848018484,,FA9550-23- 1-0338,F4320338279,Air Force Office of Scientific Research,
W4412403330,23,G4876042962,,OMA-1936118,F4320338279,Air Force Office of Scientific Research,
W4412403330,24,G5659690140,,FA9550-19-1-0399,F4320306076,National Science Foundation,
W4412403330,25,G6167497367,,FA9550-19-1-0399,F4320338279,Air Force Office of Scientific Research,
W4412403330,26,G6518383159,,W911NF2110325,F4320338281,Army Research Office,
W4412403330,27,G6526646931,,FA9550-19-1-0399,F4320333591,Multidisciplinary University Research Initiative,
W4412403330,28,G6547089213,,OSI-2326767,F4320338279,Air Force Office of Scientific Research,
W4412403330,29,G7420521838,,CCF-2312755,F4320338279,Air Force Office of Scientific Research,
W4412403330,30,G7452299184,,W911NF,F4320338281,Army Research Office,
W4412403330,31,G7576470222,NSF Engineering Research Center for Quantum Networks (CQN),1941583,F4320306076,National Science Foundation,
W4412403330,32,G7751617623,"Programs on Critical Problems in Physics, Astrophysics and Biophysics at the Aspen Center for Physics",1607611,F4320306076,National Science Foundation,
W4412403330,33,G7796153478,,HR0011-24-9-0359,F4320332180,Defense Advanced Research Projects Agency,
W4412403330,34,G8232580466,Collaborative Research: FET: Medium: Design and Implementation of Quantum Databases,2312755,F4320306076,National Science Foundation,
W4412403330,35,G922915270,QII-TAQS: Quantum Metrological Platform for Single-Molecule Bio-Sensing,1936118,F4320306076,National Science Foundation,
W3097377114,1,G577597227,QUANTUM NETWORKING AND SENSING USING A DIAMOND NANOPHOTONIC CIRCUIT QUANTUM MECHANICS OFFERS NEW WAYS TO COMPUTE  COMMUNICATE  AND MEASURE THAT ARE INHERENTLY MORE POWERFUL THAN CLASSICAL PHYSICS WOULD ALLOW. OF PARTICULAR INTEREST IS THE NOTION OF A QUANTUM NETWORK  WHERE STATIONARY AND FLYING QUANTUM BITS (QUBITS) ARE TRANSFERRED BETWEEN REMOTE NODES. TWO STRANGE QUANTUM MECHANICAL PHENOMENA   SUPERPOSITION AND ENTANGLEMENT   ALLOW SUCH A QUANTUM NETWORK TO BE USED FOR FEATS IMPOSSIBLE IN A CLASSICAL NETWORK. FOR EXAMPLE  A NETWORK OF SATELLITES WITH ENTANGLED QUBIT NODES WOULD ALLOW FOR PERFECTLY SECURE COMMUNICATIONS  AS WELL AS MORE POWERFUL DISTRIBUTED COMPUTING. CONNECTING A ROVER TO THE NETWORK WOULD ALLOW IT TO PERFORM AN ULTRAPRECISE QUANTUM MECHANICAL MEASUREMENT BY ENTANGLING ONE OR MORE PROBE QUBITS TO A SAMPLE  AND THEN TELEPORTING THESE QUBITS THROUGH THE NETWORK FOR PROCESSING. THE FIRST LINKS OF SUCH QUANTUM NETWORKS HAVE BEEN DEMONSTRATED USING NITROGEN-VACANCY (NV) CENTERS IN DIAMOND. THESE NV CENTERS ARE ATOMIC DEFECTS IN THE DIAMOND CRYSTAL THAT ARE BOTH HIGHLY STABLE ON A QUANTUM MECHANICAL LEVEL AND EASY TO INTERACT WITH OPTICALLY  MAKING THEM IDEAL FOR USE IN A NETWORK OF QUBITS. THE ADVANTAGE OF USING THIS SYSTEM OVER OTHER CANDIDATES LIKE COLD ATOMS OR TRAPPED IONS IS THAT IT CAN BE OPERATED OVER A WIDE RANGE OF TEMPERATURES AND IN A VARIETY OF ATMOSPHERIC CONDITIONS  GIVING IT GREAT POTENTIAL FOR USE IN SPACE-BASED DEVICES. HOWEVER  CURRENT QUANTUM NETWORKING SCHEMES USING NVS ARE LIMITED BY PHOTON LOSSES  RESTRICTING THE EFFICIENCY - AND THUS SCALABILITY - OF THESE SYSTEMS. MY RESEARCH SEEKS TO OVERCOME THIS OBSTACLE AND DEVELOP A MANY-NV QUANTUM NODE INTEGRATED ONTO A PHOTONIC CIRCUIT CHIP. TO DO SO  I WILL INTEGRATE NV CENTERS WITH OPTICAL NANOCAVITIES; THROUGH AN EFFECT CALLED PURCELL ENHANCEMENT  THESE STRUCTURES SHOULD INCREASE THE RATE AT WHICH INDIVIDUAL NVS EMIT PHOTONS THAT ARE COHERENT   THAT IS  PHOTONS THAT MAINTAIN THEIR QUANTUM PROPERTIES. INCREASING THE NUMBER OF COHERENT PHOTONS EMITTED BY AN NV WILL INCREASE THE RATE AT WHICH IT CAN BE ENTANGLED WITH OTHER NVS AND THUS USED FOR QUANTUM NETWORKING. I WILL ALSO NEED TO IMPROVE THE EFFICIENCY WITH THIS INCREASED EMISSION CAN BE COLLECTED FROM THE NVS. DOING SO WILL REQUIRE INCORPORATING NOVEL STRUCTURES LIKE OPTICAL WAVEGUIDES AND TAPERS IN WITH THE DIAMOND CAVITY. THESE TECHNIQUES WILL ALLOW ME TO EFFICIENTLY ROUTE AND COLLECT THE PHOTONS EMITTED FROM SINGLE NVS AND USE THEM FOR ENTANGLEMENT WITH OTHER NV CENTERS. ONCE I HAVE ACCOMPLISHED THIS  THE LAST STAGE WILL BE TO PLACE EVERYTHING ON A SINGLE CHIP. INTEGRATING PHOTONIC CIRCUITS ONTO THIS CHIP WILL CONNECT THESE MANY QUBITS AND FORM A SORT OF QUANTUM PROCESSOR THAT CAN SERVE AS A SENSING DEVICE OR A NODE IN A QUANTUM NETWORK. THE PROPERTIES OF QUANTUM MECHANICS WOULD ALLOW THIS NODE TO COMMUNICATE SECURELY WITH OTHER NETWORK POINTS  OR TO PERFORM DISTRIBUTED COMPUTATIONS ALONG WITH OTHER DEVICES IN THE SAME NETWORK. QUANTUM TECHNOLOGIES FOR PRECISION MEASUREMENTS ALREADY FORM THE BASIS FOR THE WORLD S MOST ACCURATE CLOCKS AND SENSORS  AND A TAILORING OF THIS QUANTUM NODE INTO A SELF-CONTAINED PROCESSOR WOULD ALLOW FOR THE CREATION OF A LIGHT-WEIGHT QUANTUM METROLOGY DEVICE. FOR EXAMPLE  INCORPORATING THESE CHIPS INTO SATELLITES WOULD ENABLE PRECISION TIME-KEEPING IN TURN IMPROVING POSITION  NAVIGATION  AND TIMING FOR TERRESTRIAL AND SPACE APPLICATIONS. THESE NEW ABILITIES WILL EXTEND MANKIND S ABILITY TO LEARN AND EXPLORE  BOTH AT THE LEVEL OF FUNDAMENTAL PHYSICS AND ON THE SCALE OF PROBING PLANETS  MOONS  COMETS  AND ULTIMATELY DEEPER SPACE.,NNX16AM75H,F4320306101,National Aeronautics and Space Administration,
W3097377114,2,G646168239,EFRI ACQUIRE: Scalable Quantum Communications with Error-Corrected Semiconductor Qubits,1641064,F4320306076,National Science Foundation,
W3097377114,3,G7166665977,Center for Ultracold Atoms,1734011,F4320306076,National Science Foundation,
W4417088471,1,G6462257815,,1941583,F4320317283,Engineering Research Centers,
W4417088471,2,G6518383159,,W911NF2110325,F4320338281,Army Research Office,
W4226136279,1,G1404049065,,FA9550-21-1-0209,F4320338279,Air Force Office of Scientific Research,
W4226136279,2,G1482135624,,W911NF-18-1-0020,F4320338279,Air Force Office of Scientific Research,
W4226136279,3,G1523888516,,FA9550-,F4320338279,Air Force Office of Scientific Research,
W4226136279,4,G165179637,,W911NF1610349,F4320333591,Multidisciplinary University Research Initiative,
W4226136279,5,G1799408541,,EEC-1941583,F4320338279,Air Force Office of Scientific Research,
W4226136279,6,G2598085392,,W911NF-16-1-0349,F4320338279,Air Force Office of Scientific Research,
W4226136279,7,G3067963855,,W911NF-18-1-0020,F4320338281,Army Research Office,
W4226136279,8,G3392305090,,-16-1-,F4320338279,Air Force Office of Scientific Research,
W4226136279,9,G3516030815,,FA9550-19-1-0399; FA9550-21-1-0209,F4320338279,Air Force Office of Scientific Research,
W4226136279,10,G3663418429,,2013-39273,F4320306076,National Science Foundation,
W4226136279,11,G4211410756,,2013-39273,F4320306079,David and Lucile Packard Foundation,
W4226136279,12,G431725244,,FA9550-21-1-0209,F4320333591,Multidisciplinary University Research Initiative,
W4226136279,13,G4516736450,,-21-1-,F4320338279,Air Force Office of Scientific Research,
W4226136279,14,G4876042962,,OMA-1936118,F4320338279,Air Force Office of Scientific Research,
W4226136279,15,G4962106257,,W911NF-18-1-0212,F4320338281,Army Research Office,
W4226136279,16,G5298762856,,FA9550-21-1-0209,F4320338294,Air Force Research Laboratory,
W4226136279,17,G5659690140,,FA9550-19-1-0399,F4320306076,National Science Foundation,
W4226136279,18,G6141599669,,EFMA-1640959,F4320338279,Air Force Office of Scientific Research,
W4226136279,19,G6167497367,,FA9550-19-1-0399,F4320338279,Air Force Office of Scientific Research,
W4226136279,20,G6526646931,,FA9550-19-1-0399,F4320333591,Multidisciplinary University Research Initiative,
W4226136279,21,G657448715,,W911NF-16-1-,F4320338281,Army Research Office,
W4226136279,22,G7452299184,,W911NF,F4320338281,Army Research Office,
W4226136279,23,G7500482128,,W911NF-18-1-0212,F4320338279,Air Force Office of Scientific Research,
W4226136279,24,G7576470222,NSF Engineering Research Center for Quantum Networks (CQN),1941583,F4320306076,National Science Foundation,
W4226136279,25,G7900882,,W911NF-16- 1-0349,F4320338281,Army Research Office,
W4226136279,26,G8778025950,EFRI ACQUIRE: Integrated Nanophotonic Solid State Memories for Telecom Wavelength Quantum Repeaters,1640959,F4320306076,National Science Foundation,
W4226136279,27,G922915270,QII-TAQS: Quantum Metrological Platform for Single-Molecule Bio-Sensing,1936118,F4320306076,National Science Foundation,
W4386961678,1,G1847291448,,DE- SC0012704,F4320337480,Basic Energy Sciences,
W4386961678,2,G2354036397,,DESC0012704,F4320338483,Division of Materials Sciences and Engineering,
W4386961678,3,G241279073,,DE‐SC0012704,F4320306084,U.S. Department of Energy,
W4386961678,4,G2957270713,,DE-SC0019406,F4320338483,Division of Materials Sciences and Engineering,
W4386961678,5,G357145406,,DE-SC-0012704,F4320332359,Office of Science,
W4386961678,6,G4482833770,,DE-SC0019406,F4320337480,Basic Energy Sciences,
W4386961678,7,G5765906131,,SC0012704.,F4320306084,U.S. Department of Energy,
W4386961678,8,G6965541988,,SC0012704,F4320337480,Basic Energy Sciences,
W4386961678,9,G7380683689,"HYBRID QUANTUM SYSTEMS: SPINS, PHOTONS AND SUPERCONDUCTING QUBITS",DESC0019406,F4320332359,Office of Science,
W4386961678,10,G7444832178,,EEC-1941583,F4320306084,U.S. Department of Energy,
W4386961678,11,G7463374569,,SC0012704,F4320332359,Office of Science,
W4386961678,12,G7576470222,NSF Engineering Research Center for Quantum Networks (CQN),1941583,F4320306076,National Science Foundation,
W4386961678,13,G8209510840,"HYBRID QUANTUM SYSTEMS: SPINS, PHOTONS AND SUPERCONDUCTING QUBITS",DESC0019406,F4320306084,U.S. Department of Energy,
W4386961678,14,G872144517,,DE-SC0012704,F4320306076,National Science Foundation,
W3208538047,1,G5569641376,,FA9550-20-1-0105,F4320338279,Air Force Office of Scientific Research,
W4367679412,1,G102163711,,DE‐ AC02‐06CH11357,F4320306084,U.S. Department of Energy,
W4367679412,2,G1055550527,,DE-AC02-06CH11357,F4320309626,University of Chicago,
W4367679412,3,G107522343,PFCQC: STAQ: Software-Tailored Architecture for Quantum co-design,1818914,F4320306076,National Science Foundation,
W4367679412,4,G107546177,,DE- AC02-06-CH11357,F4320338284,Argonne National Laboratory,
W4367679412,5,G1313983767,,DE-AC02,F4320338284,Argonne National Laboratory,
W4367679412,6,G1372115314,,EXC-2046,F4320320879,Deutsche Forschungsgemeinschaft,
W4367679412,7,G1404049065,,FA9550-21-1-0209,F4320338279,Air Force Office of Scientific Research,
W4367679412,8,G1432373144,,W911NF-21-1-,F4320338281,Army Research Office,
W4367679412,9,G1523888516,,FA9550-,F4320338279,Air Force Office of Scientific Research,
W4367679412,10,G1664757510,,AC02–06CH11357,F4320338284,Argonne National Laboratory,
W4367679412,11,G1688234926,,CRC-183,F4320320879,Deutsche Forschungsgemeinschaft,
W4367679412,12,G1770223817,,FA864921P0781,F4320338294,Air Force Research Laboratory,
W4367679412,13,G1813248907,,DMR-1747426,F4320338279,Air Force Office of Scientific Research,
W4367679412,14,G2033548659,,EXC‐2046/1,F4320320879,Deutsche Forschungsgemeinschaft,
W4367679412,15,G2287611682,,AC02‐06CH11357,F4320332359,Office of Science,
W4367679412,16,G262962599,,AC02‐06CH11357,F4320306084,U.S. Department of Energy,
W4367679412,17,G2784524989,,Contract DE-AC02-06CH11357,F4320338284,Argonne National Laboratory,
W4367679412,18,G2882288540,,W911NF2310077,F4320338281,Army Research Office,
W4367679412,19,G3075337988,,06CH11357,F4320338284,Argonne National Laboratory,
W4367679412,20,G3077665131,QLCI-CI: NSF Quantum Leap Challenge Institute for Present and Future Quantum Computing,2016245,F4320306076,National Science Foundation,
W4367679412,21,G3162985271,,W911NF2110325,F4320333591,Multidisciplinary University Research Initiative,
W4367679412,22,G3479632140,,DE-AC02-06CH11357,F4320320879,Deutsche Forschungsgemeinschaft,
W4367679412,23,G3516030815,,FA9550-19-1-0399; FA9550-21-1-0209,F4320338279,Air Force Office of Scientific Research,
W4367679412,24,G3589692066,,DE-AC02-06CH11357,F4320337367,Division of Materials Research,
W4367679412,25,G3670757819,,MATH+ EXC‐2046/1,F4320320879,Deutsche Forschungsgemeinschaft,
W4367679412,26,G3722242190,,OMA-2137642,F4320338279,Air Force Office of Scientific Research,
W4367679412,27,G3990184095,,FA9550-21-1-0209,F4320309626,University of Chicago,
W4367679412,28,G4020565512,,CCF-1813814,F4320306084,U.S. Department of Energy,
W4367679412,29,G4030212589,,contract DE-AC02-06CH11357,F4320306084,U.S. Department of Energy,
W4367679412,30,G431725244,,FA9550-21-1-0209,F4320333591,Multidisciplinary University Research Initiative,
W4367679412,31,G4516736450,,-21-1-,F4320338279,Air Force Office of Scientific Research,
W4367679412,32,G4629941602,QuIC - TaQS: Interconnects for a Superconducting-Atomic Hybrid Quantum Network,2137642,F4320306076,National Science Foundation,
W4367679412,33,G4639932191,,2016245,F4320338281,Army Research Office,
W4367679412,34,G4800547303,,1747426,F4320337367,Division of Materials Research,
W4367679412,35,G4876042962,,OMA-1936118,F4320338279,Air Force Office of Scientific Research,
W4367679412,36,G4943919972,,390685689,F4320306076,National Science Foundation,
W4367679412,37,G4944074465,Convergence QL: Workshop Series: Cross- Sector Connections in Quantum Leap,1747426,F4320306076,National Science Foundation,
W4367679412,38,G498139845,,DE-AC02,F4320332359,Office of Science,
W4367679412,39,G513797252,,DE-AC02–06CH11357,F4320306076,National Science Foundation,
W4367679412,40,G5298095028,,DMR-1747426,F4320337367,Division of Materials Research,
W4367679412,41,G5298762856,,FA9550-21-1-0209,F4320338294,Air Force Research Laboratory,
W4367679412,42,G5659690140,,FA9550-19-1-0399,F4320306076,National Science Foundation,
W4367679412,43,G5853193109,,EXC‐2046/1,F4320330291,Berlin Mathematics Research Center MATH+,
W4367679412,44,G600607804,,HR001120C0068,F4320332180,Defense Advanced Research Projects Agency,
W4367679412,45,G6167497367,,FA9550-19-1-0399,F4320338279,Air Force Office of Scientific Research,
W4367679412,46,G6518383159,,W911NF2110325,F4320338281,Army Research Office,
W4367679412,47,G6526646931,,FA9550-19-1-0399,F4320333591,Multidisciplinary University Research Initiative,
W4367679412,48,G6848031779,,06CH11357,F4320306084,U.S. Department of Energy,
W4367679412,49,G6918803902,,06CH11357,F4320332359,Office of Science,
W4367679412,50,G741291543,,DE-AC02-06CH11357,F4320338279,Air Force Office of Scientific Research,
W4367679412,51,G7452299184,,W911NF,F4320338281,Army Research Office,
W4367679412,52,G7576470222,NSF Engineering Research Center for Quantum Networks (CQN),1941583,F4320306076,National Science Foundation,
W4367679412,53,G7725451807,EXC 2046: MATH+: Berlin Mathematics Research Center,390685689,F4320320879,Deutsche Forschungsgemeinschaft,
W4367679412,54,G7802408855,,390685689,F4320321114,Bundesministerium für Bildung und Forschung,
W4367679412,55,G7822115964,,under contract DE-AC02-06CH11357,F4320338284,Argonne National Laboratory,
W4367679412,56,G8289759875,,FA9550,F4320338294,Air Force Research Laboratory,
W4367679412,57,G8396343115,AF: Small: Toward Applications and Verification of Early Quantum Computers,1813814,F4320306076,National Science Foundation,
W4367679412,58,G8672390710,,2020-71479,F4320306079,David and Lucile Packard Foundation,
W4367679412,59,G8785581450,,EXC-2046/1,F4320306076,National Science Foundation,
W4367679412,60,G8964763783,,390685689,F4320330291,Berlin Mathematics Research Center MATH+,
W4367679412,61,G922915270,QII-TAQS: Quantum Metrological Platform for Single-Molecule Bio-Sensing,1936118,F4320306076,National Science Foundation,
W4367679412,62,G948282381,,"EXC-2046/1,project ID: 390685689",F4320330291,Berlin Mathematics Research Center MATH+,
W4367679412,63,G969889393,,DE-AC02-,F4320306084,U.S. Department of Energy,
W4367679412,64,G993149817,,DE-AC02-06CH11357 ,F4320332359,Office of Science,
W4283727539,1,G1851561202,,1640959,F4320308380,Yale University,
W4283727539,2,G4066966036,,W911NF-16-2-0151,F4320338281,Army Research Office,
W4283727539,3,G5864310825,,EFMA-1640959,F4320337395,Division of Emerging Frontiers in Research and Innovation,
W4283727539,4,G618094305,,W911NF-16-2-0151,F4320332180,Defense Advanced Research Projects Agency,
W4283727539,5,G7452299184,,W911NF,F4320338281,Army Research Office,
W4283727539,6,G7576470222,NSF Engineering Research Center for Quantum Networks (CQN),1941583,F4320306076,National Science Foundation,
W4283727539,7,G8778025950,EFRI ACQUIRE: Integrated Nanophotonic Solid State Memories for Telecom Wavelength Quantum Repeaters,1640959,F4320306076,National Science Foundation,
W4386302769,1,G539115378,Graduate Research Fellowship Program (GRFP),2141064,F4320306076,National Science Foundation,
W4386302769,2,G7398714146,Photon counting superconducting detectors for deep space laser communication,198/16,F4320321031,Swedish National Space Agency,
W4386302769,3,G7576470222,NSF Engineering Research Center for Quantum Networks (CQN),1941583,F4320306076,National Science Foundation,
W4392222050,1,G2094394093,,80NSSC23PB442,F4320306101,National Aeronautics and Space Administration,
W4392222050,2,G4198572546,QuIC-TAQS: Integrated Lithium Niobate Quantum Photonics Platform,2137723,F4320306076,National Science Foundation,
W4392222050,3,G4720003262,,N00014-22,F4320337345,Office of Naval Research,
W4392222050,4,G5529980474,,N6833522C0413,F4320332923,U.S. Navy,
W4392222050,5,G6098521345,,FA9550,F4320337345,Office of Naval Research,
W4392222050,6,G6906440423,QuIC-TAQS: Implementation of a Neutral-Atom-Photonic-Cluster State,2138068,F4320306076,National Science Foundation,
W4392222050,7,G7576470222,NSF Engineering Research Center for Quantum Networks (CQN),1941583,F4320306076,National Science Foundation,
W4392222050,8,G8862277691,,80NSSC22K0262,F4320306101,National Aeronautics and Space Administration,
W4392222050,9,G8876996369,,N00014,F4320337345,Office of Naval Research,
W4392222050,10,G8883787402,,N00014-22-C-1041,F4320337345,Office of Naval Research,
W4392222050,11,G916337101,"Lithium Niobate on Insolator (LNOI) Photonic Circuit Lasers for High-Speed, Wide-field OCT",5r21ey031895-02,F4320332161,National Institutes of Health,
W4286001559,1,G1268556693,"HYBRID ELECTRO- AND ACOUSTO-DYNAMICAL SYSTEMS FOR QUANTUM 
OPTICAL NETWORKS (HEADS-QON)",DESC0020376,F4320306084,U.S. Department of Energy,
W4286001559,2,G1523888516,,FA9550-,F4320338279,Air Force Office of Scientific Research,
W4286001559,3,G1799408541,,EEC-1941583,F4320338279,Air Force Office of Scientific Research,
W4286001559,4,G2315199764,,W911NF2010248,F4320338281,Army Research Office,
W4286001559,5,G2515541506,,HR0011,F4320332180,Defense Advanced Research Projects Agency,
W4286001559,6,G36446433,,FA9550-20-1,F4320338279,Air Force Office of Scientific Research,
W4286001559,7,G3964890580,,FA9550-20-1-01015,F4320338279,Air Force Office of Scientific Research,
W4286001559,8,G4250988909,"R&D, SCIENCE AND ENGINEERING, IN THE AREA OF QUANTUM ACCELERATOR",FA95502110056,F4320306078,U.S. Department of Defense,
W4286001559,9,G4516736450,,-21-1-,F4320338279,Air Force Office of Scientific Research,
W4286001559,10,G4805816520,,FA9550,F4320306078,U.S. Department of Defense,
W4286001559,11,G5729145195,,FA9550-20,F4320338279,Air Force Office of Scientific Research,
W4286001559,12,G6478756169,,FA9550-21,F4320338279,Air Force Office of Scientific Research,
W4286001559,13,G650199722,,HR0011-20-C-0137,F4320306078,U.S. Department of Defense,
W4286001559,14,G7262863754,,1941583,F4320306084,U.S. Department of Energy,
W4286001559,15,G7444832178,,EEC-1941583,F4320306084,U.S. Department of Energy,
W4286001559,16,G7576470222,NSF Engineering Research Center for Quantum Networks (CQN),1941583,F4320306076,National Science Foundation,
W4286001559,17,G763165814,,HR0011‐20‐C‐0137,F4320332180,Defense Advanced Research Projects Agency,
W4286001559,18,G7960451496,,FA9550-21-1-0056,F4320338294,Air Force Research Laboratory,
W4286001559,19,G8272395578,QUANTUM NANOPHOTONICS WITH LITHIUM NIOBATE,W911NF2010248,F4320306078,U.S. Department of Defense,
W4286001559,20,G8289759875,,FA9550,F4320338294,Air Force Research Laboratory,
W4384648438,1,G1160162850,,FA95501610323,F4320338279,Air Force Office of Scientific Research,
W4384648438,2,G1326949761,,FA9550-16-1-0323,F4320333591,Multidisciplinary University Research Initiative,
W4384648438,3,G1439022954,,FA8702-15-D-0001,F4320306084,U.S. Department of Energy,
W4384648438,4,G149988304,,PHY-1734011,F4320334437,"Center for Ultracold Atoms, Massachusetts Institute of Technology",
W4384648438,5,G1799408541,,EEC-1941583,F4320338279,Air Force Office of Scientific Research,
W4384648438,6,G2198041244,,FA8702-15-D-0001,F4320333566,National Defense Science and Engineering Graduate,
W4384648438,7,G2554244226,,1541959,F4320338279,Air Force Office of Scientific Research,
W4384648438,8,G2598543277,,FA9550171002,F4320338279,Air Force Office of Scientific Research,
W4384648438,9,G3174456158,CONTROLLED SYNTHESIS OF SOLID-STATE QUANTUM EMITTER ARRAYS FOR QUANTUM COMPUTING AND SIMULATION,DESC0020115,F4320306084,U.S. Department of Energy,
W4384648438,10,G3982019494,,FA8702-15-D-0001,F4320306101,National Aeronautics and Space Administration,
W4384648438,11,G4198572546,QuIC-TAQS: Integrated Lithium Niobate Quantum Photonics Platform,2137723,F4320306076,National Science Foundation,
W4384648438,12,G4467004105,,5710004174,F4320337395,Division of Emerging Frontiers in Research and Innovation,
W4384648438,13,G4694536500,,FA8702-15-D-0001,F4320309369,Massachusetts Institute of Technology,
W4384648438,14,G5128061910,,1541959,F4320333566,National Defense Science and Engineering Graduate,
W4384648438,15,G5295208202,,FA9550171002,F4320333591,Multidisciplinary University Research Initiative,
W4384648438,16,G5937005037,Physics and Applications of Quantum Nanophotonics Systems,2012023,F4320306076,National Science Foundation,
W4384648438,17,G5970606412,NNCI: The Center for Nanoscale System (CNS) at Harvard University,1541959,F4320306076,National Science Foundation,
W4384648438,18,G7166665977,Center for Ultracold Atoms,1734011,F4320306076,National Science Foundation,
W4384648438,19,G7444832178,,EEC-1941583,F4320306084,U.S. Department of Energy,
W4384648438,20,G7576470222,NSF Engineering Research Center for Quantum Networks (CQN),1941583,F4320306076,National Science Foundation,
W4384648438,21,G7754291838,,5710004174,F4320306076,National Science Foundation,
W4384648438,22,G8752890955,,FA8702-15-D-0001,F4320338279,Air Force Office of Scientific Research,
W4384648438,23,G8925520787,,1541959,F4320320696,"Agency for Science, Technology and Research",
W4210890408,1,G1268556693,"HYBRID ELECTRO- AND ACOUSTO-DYNAMICAL SYSTEMS FOR QUANTUM 
OPTICAL NETWORKS (HEADS-QON)",DESC0020376,F4320306084,U.S. Department of Energy,
W4210890408,2,G1523888516,,FA9550-,F4320338279,Air Force Office of Scientific Research,
W4210890408,3,G1799408541,,EEC-1941583,F4320338279,Air Force Office of Scientific Research,
W4210890408,4,G2315199764,,W911NF2010248,F4320338281,Army Research Office,
W4210890408,5,G2515541506,,HR0011,F4320332180,Defense Advanced Research Projects Agency,
W4210890408,6,G36446433,,FA9550-20-1,F4320338279,Air Force Office of Scientific Research,
W4210890408,7,G3964890580,,FA9550-20-1-01015,F4320338279,Air Force Office of Scientific Research,
W4210890408,8,G4516736450,,-21-1-,F4320338279,Air Force Office of Scientific Research,
W4210890408,9,G5729145195,,FA9550-20,F4320338279,Air Force Office of Scientific Research,
W4210890408,10,G6478756169,,FA9550-21,F4320338279,Air Force Office of Scientific Research,
W4210890408,11,G7262863754,,1941583,F4320306084,U.S. Department of Energy,
W4210890408,12,G7444832178,,EEC-1941583,F4320306084,U.S. Department of Energy,
W4210890408,13,G7576470222,NSF Engineering Research Center for Quantum Networks (CQN),1941583,F4320306076,National Science Foundation,
W4210890408,14,G763165814,,HR0011‐20‐C‐0137,F4320332180,Defense Advanced Research Projects Agency,
W4210890408,15,G7960451496,,FA9550-21-1-0056,F4320338294,Air Force Research Laboratory,
W4210890408,16,G8289759875,,FA9550,F4320338294,Air Force Research Laboratory,
W4302763587,1,G1523888516,,FA9550-,F4320338279,Air Force Office of Scientific Research,
W4302763587,2,G1799408541,,EEC-1941583,F4320338279,Air Force Office of Scientific Research,
W4302763587,3,G2315199764,,W911NF2010248,F4320338281,Army Research Office,
W4302763587,4,G2515541506,,HR0011,F4320332180,Defense Advanced Research Projects Agency,
W4302763587,5,G36446433,,FA9550-20-1,F4320338279,Air Force Office of Scientific Research,
W4302763587,6,G3964890580,,FA9550-20-1-01015,F4320338279,Air Force Office of Scientific Research,
W4302763587,7,G4516736450,,-21-1-,F4320338279,Air Force Office of Scientific Research,
W4302763587,8,G5729145195,,FA9550-20,F4320338279,Air Force Office of Scientific Research,
W4302763587,9,G6478756169,,FA9550-21,F4320338279,Air Force Office of Scientific Research,
W4302763587,10,G7262863754,,1941583,F4320306084,U.S. Department of Energy,
W4302763587,11,G7444832178,,EEC-1941583,F4320306084,U.S. Department of Energy,
W4302763587,12,G7576470222,NSF Engineering Research Center for Quantum Networks (CQN),1941583,F4320306076,National Science Foundation,
W4302763587,13,G763165814,,HR0011‐20‐C‐0137,F4320332180,Defense Advanced Research Projects Agency,
W4302763587,14,G7960451496,,FA9550-21-1-0056,F4320338294,Air Force Research Laboratory,
W4302763587,15,G8289759875,,FA9550,F4320338294,Air Force Research Laboratory,
W4319050094,1,G1404049065,,FA9550-21-1-0209,F4320338279,Air Force Office of Scientific Research,
W4319050094,2,G1432373144,,W911NF-21-1-,F4320338281,Army Research Office,
W4319050094,3,G1523888516,,FA9550-,F4320338279,Air Force Office of Scientific Research,
W4319050094,4,G165179637,,W911NF1610349,F4320333591,Multidisciplinary University Research Initiative,
W4319050094,5,G2598085392,,W911NF-16-1-0349,F4320338279,Air Force Office of Scientific Research,
W4319050094,6,G3162985271,,W911NF2110325,F4320333591,Multidisciplinary University Research Initiative,
W4319050094,7,G3392305090,,-16-1-,F4320338279,Air Force Office of Scientific Research,
W4319050094,8,G3722242190,,OMA-2137642,F4320338279,Air Force Office of Scientific Research,
W4319050094,9,G431725244,,FA9550-21-1-0209,F4320333591,Multidisciplinary University Research Initiative,
W4319050094,10,G4516736450,,-21-1-,F4320338279,Air Force Office of Scientific Research,
W4319050094,11,G4629941602,QuIC - TaQS: Interconnects for a Superconducting-Atomic Hybrid Quantum Network,2137642,F4320306076,National Science Foundation,
W4319050094,12,G4876042962,,OMA-1936118,F4320338279,Air Force Office of Scientific Research,
W4319050094,13,G5659690140,,FA9550-19-1-0399,F4320306076,National Science Foundation,
W4319050094,14,G6167497367,,FA9550-19-1-0399,F4320338279,Air Force Office of Scientific Research,
W4319050094,15,G6518383159,,W911NF2110325,F4320338281,Army Research Office,
W4319050094,16,G6526646931,,FA9550-19-1-0399,F4320333591,Multidisciplinary University Research Initiative,
W4319050094,17,G657448715,,W911NF-16-1-,F4320338281,Army Research Office,
W4319050094,18,G7452299184,,W911NF,F4320338281,Army Research Office,
W4319050094,19,G7576470222,NSF Engineering Research Center for Quantum Networks (CQN),1941583,F4320306076,National Science Foundation,
W4319050094,20,G7900882,,W911NF-16- 1-0349,F4320338281,Army Research Office,
W4319050094,21,G922915270,QII-TAQS: Quantum Metrological Platform for Single-Molecule Bio-Sensing,1936118,F4320306076,National Science Foundation,
W4375957000,1,G3162985271,,W911NF2110325,F4320333591,Multidisciplinary University Research Initiative,
W4375957000,2,G4413222662,Collaborative Research: CNS Core: Medium: Design and Analysis of Quantum Networks for Entanglement Distribution,1955744,F4320306076,National Science Foundation,
W4375957000,3,G6518383159,,W911NF2110325,F4320338281,Army Research Office,
W4375957000,4,G7576470222,NSF Engineering Research Center for Quantum Networks (CQN),1941583,F4320306076,National Science Foundation,
W4376654278,1,G3162985271,,W911NF2110325,F4320333591,Multidisciplinary University Research Initiative,
W4376654278,2,G4413222662,Collaborative Research: CNS Core: Medium: Design and Analysis of Quantum Networks for Entanglement Distribution,1955744,F4320306076,National Science Foundation,
W4376654278,3,G6518383159,,W911NF2110325,F4320338281,Army Research Office,
W4376654278,4,G7576470222,NSF Engineering Research Center for Quantum Networks (CQN),1941583,F4320306076,National Science Foundation,
W4376988680,1,G6367525870,MRI: Development of Integrated Multi-Access Entangled-Photon Sources and Single-Photon Detector Array Instrument for Interdisciplinary Quantum Information Research,1828132,F4320306076,National Science Foundation,
W4376988680,2,G7576470222,NSF Engineering Research Center for Quantum Networks (CQN),1941583,F4320306076,National Science Foundation,
W4387075175,1,G1404049065,,FA9550-21-1-0209,F4320338279,Air Force Office of Scientific Research,
W4387075175,2,G1432373144,,W911NF-21-1-,F4320338281,Army Research Office,
W4387075175,3,G1523888516,,FA9550-,F4320338279,Air Force Office of Scientific Research,
W4387075175,4,G2403330605,,PHY-1733907,F4320334224,"Institute for Quantum Information and Matter, California Institute of Technology",
W4387075175,5,G2882288540,,W911NF2310077,F4320338281,Army Research Office,
W4387075175,6,G2958415499,,PHY-1733907,F4320309398,California Institute of Technology,
W4387075175,7,G3162985271,,W911NF2110325,F4320333591,Multidisciplinary University Research Initiative,
W4387075175,8,G3722242190,,OMA-2137642,F4320338279,Air Force Office of Scientific Research,
W4387075175,9,G431725244,,FA9550-21-1-0209,F4320333591,Multidisciplinary University Research Initiative,
W4387075175,10,G4516736450,,-21-1-,F4320338279,Air Force Office of Scientific Research,
W4387075175,11,G4629941602,QuIC - TaQS: Interconnects for a Superconducting-Atomic Hybrid Quantum Network,2137642,F4320306076,National Science Foundation,
W4387075175,12,G4876042962,,OMA-1936118,F4320338279,Air Force Office of Scientific Research,
W4387075175,13,G507237395,The Institute for Quantum Information and Matter: Advancing the Entanglement Frontier,1733907,F4320306076,National Science Foundation,
W4387075175,14,G5659690140,,FA9550-19-1-0399,F4320306076,National Science Foundation,
W4387075175,15,G6167497367,,FA9550-19-1-0399,F4320338279,Air Force Office of Scientific Research,
W4387075175,16,G6518383159,,W911NF2110325,F4320338281,Army Research Office,
W4387075175,17,G6526646931,,FA9550-19-1-0399,F4320333591,Multidisciplinary University Research Initiative,
W4387075175,18,G7452299184,,W911NF,F4320338281,Army Research Office,
W4387075175,19,G7576470222,NSF Engineering Research Center for Quantum Networks (CQN),1941583,F4320306076,National Science Foundation,
W4387075175,20,G922915270,QII-TAQS: Quantum Metrological Platform for Single-Molecule Bio-Sensing,1936118,F4320306076,National Science Foundation,
W4387075175,21,G961819192,,1733907,F4320309398,California Institute of Technology,
W4389911458,1,G1375889360,LIGO Laboratory Operations and Maintenance 2019-2023,1764464,F4320306076,National Science Foundation,
W4389911458,2,G1404049065,,FA9550-21-1-0209,F4320338279,Air Force Office of Scientific Research,
W4389911458,3,G1432373144,,W911NF-21-1-,F4320338281,Army Research Office,
W4389911458,4,G1442400458,QuSeC-TAQS: Nanoscale Covariance Magnetometry with Diamond Quantum Sensors,2326767,F4320306076,National Science Foundation,
W4389911458,5,G1523888516,,FA9550-,F4320338279,Air Force Office of Scientific Research,
W4389911458,6,G2309359476,The Construction of the Advanced Laser Interferometer Gravitational Wave Observatory (AdvLIGO),0823459,F4320306076,National Science Foundation,
W4389911458,7,G2882288540,,W911NF2310077,F4320338281,Army Research Office,
W4389911458,8,G3162985271,,W911NF2110325,F4320333591,Multidisciplinary University Research Initiative,
W4389911458,9,G3722242190,,OMA-2137642,F4320338279,Air Force Office of Scientific Research,
W4389911458,10,G431725244,,FA9550-21-1-0209,F4320333591,Multidisciplinary University Research Initiative,
W4389911458,11,G4516736450,,-21-1-,F4320338279,Air Force Office of Scientific Research,
W4389911458,12,G4629941602,QuIC - TaQS: Interconnects for a Superconducting-Atomic Hybrid Quantum Network,2137642,F4320306076,National Science Foundation,
W4389911458,13,G4848018484,,FA9550-23- 1-0338,F4320338279,Air Force Office of Scientific Research,
W4389911458,14,G4876042962,,OMA-1936118,F4320338279,Air Force Office of Scientific Research,
W4389911458,15,G5659690140,,FA9550-19-1-0399,F4320306076,National Science Foundation,
W4389911458,16,G6167497367,,FA9550-19-1-0399,F4320338279,Air Force Office of Scientific Research,
W4389911458,17,G6385238186,CAREER: Quantum Acoustic Information Processing with Phononic Crystal Devices,1941826,F4320306076,National Science Foundation,
W4389911458,18,G6518383159,,W911NF2110325,F4320338281,Army Research Office,
W4389911458,19,G6526646931,,FA9550-19-1-0399,F4320333591,Multidisciplinary University Research Initiative,
W4389911458,20,G6547089213,,OSI-2326767,F4320338279,Air Force Office of Scientific Research,
W4389911458,21,G7420521838,,CCF-2312755,F4320338279,Air Force Office of Scientific Research,
W4389911458,22,G7452299184,,W911NF,F4320338281,Army Research Office,
W4389911458,23,G7576470222,NSF Engineering Research Center for Quantum Networks (CQN),1941583,F4320306076,National Science Foundation,
W4389911458,24,G8232580466,Collaborative Research: FET: Medium: Design and Implementation of Quantum Databases,2312755,F4320306076,National Science Foundation,
W4389911458,25,G922915270,QII-TAQS: Quantum Metrological Platform for Single-Molecule Bio-Sensing,1936118,F4320306076,National Science Foundation,
W4390647498,1,G1404049065,,FA9550-21-1-0209,F4320338279,Air Force Office of Scientific Research,
W4390647498,2,G1432373144,,W911NF-21-1-,F4320338281,Army Research Office,
W4390647498,3,G1523888516,,FA9550-,F4320338279,Air Force Office of Scientific Research,
W4390647498,4,G1770223817,,FA864921P0781,F4320338294,Air Force Research Laboratory,
W4390647498,5,G2882288540,,W911NF2310077,F4320338281,Army Research Office,
W4390647498,6,G3162985271,,W911NF2110325,F4320333591,Multidisciplinary University Research Initiative,
W4390647498,7,G3722242190,,OMA-2137642,F4320338279,Air Force Office of Scientific Research,
W4390647498,8,G431725244,,FA9550-21-1-0209,F4320333591,Multidisciplinary University Research Initiative,
W4390647498,9,G4516736450,,-21-1-,F4320338279,Air Force Office of Scientific Research,
W4390647498,10,G4629941602,QuIC - TaQS: Interconnects for a Superconducting-Atomic Hybrid Quantum Network,2137642,F4320306076,National Science Foundation,
W4390647498,11,G4876042962,,OMA-1936118,F4320338279,Air Force Office of Scientific Research,
W4390647498,12,G5298762856,,FA9550-21-1-0209,F4320338294,Air Force Research Laboratory,
W4390647498,13,G5659690140,,FA9550-19-1-0399,F4320306076,National Science Foundation,
W4390647498,14,G6167497367,,FA9550-19-1-0399,F4320338279,Air Force Office of Scientific Research,
W4390647498,15,G6518383159,,W911NF2110325,F4320338281,Army Research Office,
W4390647498,16,G6526646931,,FA9550-19-1-0399,F4320333591,Multidisciplinary University Research Initiative,
W4390647498,17,G7452299184,,W911NF,F4320338281,Army Research Office,
W4390647498,18,G7576470222,NSF Engineering Research Center for Quantum Networks (CQN),1941583,F4320306076,National Science Foundation,
W4390647498,19,G8289759875,,FA9550,F4320338294,Air Force Research Laboratory,
W4390647498,20,G922915270,QII-TAQS: Quantum Metrological Platform for Single-Molecule Bio-Sensing,1936118,F4320306076,National Science Foundation,
W4400668559,1,G241279073,,DE‐SC0012704,F4320306084,U.S. Department of Energy,
W4400668559,2,G4879196883,FuSe-TG: Materials and Devices Co-Design for Next-Generation Communication Systems,2235377,F4320306076,National Science Foundation,
W4400668559,3,G5765906131,,SC0012704.,F4320306084,U.S. Department of Energy,
W4400668559,4,G7444832178,,EEC-1941583,F4320306084,U.S. Department of Energy,
W4400668559,5,G7576470222,NSF Engineering Research Center for Quantum Networks (CQN),1941583,F4320306076,National Science Foundation,
W4400668559,6,G872144517,,DE-SC0012704,F4320306076,National Science Foundation,
W4402387482,1,G2569120085,Collaborative Research: CIF: Medium: QODED: Quantum codes Optimized for the Dynamics between Encoded Computation and Decoding using Classical Coding Techniques,2106189,F4320306076,National Science Foundation,
W4402387482,2,G7576470222,NSF Engineering Research Center for Quantum Networks (CQN),1941583,F4320306076,National Science Foundation,
W4402387482,3,G8021067896,C: Quantum Networks to Connect Quantum Technology (QuanNeCQT),2134891,F4320306076,National Science Foundation,
W4404355773,1,G102163711,,DE‐ AC02‐06CH11357,F4320306084,U.S. Department of Energy,
W4404355773,2,G1152039630,,FA9550-23-1-0330,F4320333591,Multidisciplinary University Research Initiative,
W4404355773,3,G1404049065,,FA9550-21-1-0209,F4320338279,Air Force Office of Scientific Research,
W4404355773,4,G1432373144,,W911NF-21-1-,F4320338281,Army Research Office,
W4404355773,5,G1442400458,QuSeC-TAQS: Nanoscale Covariance Magnetometry with Diamond Quantum Sensors,2326767,F4320306076,National Science Foundation,
W4404355773,6,G1523888516,,FA9550-,F4320338279,Air Force Office of Scientific Research,
W4404355773,7,G1932254719,,HR0011-24-9-0361,F4320332180,Defense Advanced Research Projects Agency,
W4404355773,8,G2287611682,,AC02‐06CH11357,F4320332359,Office of Science,
W4404355773,9,G262962599,,AC02‐06CH11357,F4320306084,U.S. Department of Energy,
W4404355773,10,G2882288540,,W911NF2310077,F4320338281,Army Research Office,
W4404355773,11,G3162985271,,W911NF2110325,F4320333591,Multidisciplinary University Research Initiative,
W4404355773,12,G3722242190,,OMA-2137642,F4320338279,Air Force Office of Scientific Research,
W4404355773,13,G431725244,,FA9550-21-1-0209,F4320333591,Multidisciplinary University Research Initiative,
W4404355773,14,G4516736450,,-21-1-,F4320338279,Air Force Office of Scientific Research,
W4404355773,15,G4629941602,QuIC - TaQS: Interconnects for a Superconducting-Atomic Hybrid Quantum Network,2137642,F4320306076,National Science Foundation,
W4404355773,16,G4848018484,,FA9550-23- 1-0338,F4320338279,Air Force Office of Scientific Research,
W4404355773,17,G4876042962,,OMA-1936118,F4320338279,Air Force Office of Scientific Research,
W4404355773,18,G498139845,,DE-AC02,F4320332359,Office of Science,
W4404355773,19,G513797252,,DE-AC02–06CH11357,F4320306076,National Science Foundation,
W4404355773,20,G5659690140,,FA9550-19-1-0399,F4320306076,National Science Foundation,
W4404355773,21,G6167497367,,FA9550-19-1-0399,F4320338279,Air Force Office of Scientific Research,
W4404355773,22,G6518383159,,W911NF2110325,F4320338281,Army Research Office,
W4404355773,23,G6526646931,,FA9550-19-1-0399,F4320333591,Multidisciplinary University Research Initiative,
W4404355773,24,G6547089213,,OSI-2326767,F4320338279,Air Force Office of Scientific Research,
W4404355773,25,G6848031779,,06CH11357,F4320306084,U.S. Department of Energy,
W4404355773,26,G6889440349,,FA9550-23-1-0330,F4320338279,Air Force Office of Scientific Research,
W4404355773,27,G6918803902,,06CH11357,F4320332359,Office of Science,
W4404355773,28,G741291543,,DE-AC02-06CH11357,F4320338279,Air Force Office of Scientific Research,
W4404355773,29,G7420521838,,CCF-2312755,F4320338279,Air Force Office of Scientific Research,
W4404355773,30,G7452299184,,W911NF,F4320338281,Army Research Office,
W4404355773,31,G7576470222,NSF Engineering Research Center for Quantum Networks (CQN),1941583,F4320306076,National Science Foundation,
W4404355773,32,G7796153478,,HR0011-24-9-0359,F4320332180,Defense Advanced Research Projects Agency,
W4404355773,33,G8232580466,Collaborative Research: FET: Medium: Design and Implementation of Quantum Databases,2312755,F4320306076,National Science Foundation,
W4404355773,34,G878601127,,DE-AC02-06CH11357,F4320337506,Advanced Scientific Computing Research,
W4404355773,35,G922915270,QII-TAQS: Quantum Metrological Platform for Single-Molecule Bio-Sensing,1936118,F4320306076,National Science Foundation,
W4404355773,36,G969889393,,DE-AC02-,F4320306084,U.S. Department of Energy,
W4404355773,37,G993149817,,DE-AC02-06CH11357 ,F4320332359,Office of Science,
W4416014105,1,G1404049065,,FA9550-21-1-0209,F4320338279,Air Force Office of Scientific Research,
W4416014105,2,G1432373144,,W911NF-21-1-,F4320338281,Army Research Office,
W4416014105,3,G1442400458,QuSeC-TAQS: Nanoscale Covariance Magnetometry with Diamond Quantum Sensors,2326767,F4320306076,National Science Foundation,
W4416014105,4,G1523888516,,FA9550-,F4320338279,Air Force Office of Scientific Research,
W4416014105,5,G2505253009,,DOE 1F-60579,F4320306084,U.S. Department of Energy,
W4416014105,6,G2882288540,,W911NF2310077,F4320338281,Army Research Office,
W4416014105,7,G3070380391,,1F-60579,F4320306084,U.S. Department of Energy,
W4416014105,8,G3162985271,,W911NF2110325,F4320333591,Multidisciplinary University Research Initiative,
W4416014105,9,G3722242190,,OMA-2137642,F4320338279,Air Force Office of Scientific Research,
W4416014105,10,G431725244,,FA9550-21-1-0209,F4320333591,Multidisciplinary University Research Initiative,
W4416014105,11,G4516736450,,-21-1-,F4320338279,Air Force Office of Scientific Research,
W4416014105,12,G4629941602,QuIC - TaQS: Interconnects for a Superconducting-Atomic Hybrid Quantum Network,2137642,F4320306076,National Science Foundation,
W4416014105,13,G4848018484,,FA9550-23- 1-0338,F4320338279,Air Force Office of Scientific Research,
W4416014105,14,G6518383159,,W911NF2110325,F4320338281,Army Research Office,
W4416014105,15,G6547089213,,OSI-2326767,F4320338279,Air Force Office of Scientific Research,
W4416014105,16,G7420521838,,CCF-2312755,F4320338279,Air Force Office of Scientific Research,
W4416014105,17,G7452299184,,W911NF,F4320338281,Army Research Office,
W4416014105,18,G7576470222,NSF Engineering Research Center for Quantum Networks (CQN),1941583,F4320306076,National Science Foundation,
W4416014105,19,G8232580466,Collaborative Research: FET: Medium: Design and Implementation of Quantum Databases,2312755,F4320306076,National Science Foundation,
W4416014105,20,G8692340833,ExpandQISE: Track 2: Developing Quantum Information Science and Engineering Research and Education Program at FAMU,2426975,F4320306076,National Science Foundation,
W4416014105,21,G96630211,,OSI-2426975,F4320338279,Air Force Office of Scientific Research,
W7014806410,1,G1404049065,,FA9550-21-1-0209,F4320338279,Air Force Office of Scientific Research,
W7014806410,2,G1482135624,,W911NF-18-1-0020,F4320338279,Air Force Office of Scientific Research,
W7014806410,3,G1523888516,,FA9550-,F4320338279,Air Force Office of Scientific Research,
W7014806410,4,G165179637,,W911NF1610349,F4320333591,Multidisciplinary University Research Initiative,
W7014806410,5,G1668112243,,JPMJMS226C,F4320338247,Moonshot Research and Development Program,
W7014806410,6,G1799408541,,EEC-1941583,F4320338279,Air Force Office of Scientific Research,
W7014806410,7,G1962781947,,W911NF-21-2-0214,F4320338281,Army Research Office,
W7014806410,8,G249262831,Quantum Software Consortium,024.003.037,F4320321800,Nederlandse Organisatie voor Wetenschappelijk Onderzoek,
W7014806410,9,G2578584357,,024.003.037/3368,F4320321800,Nederlandse Organisatie voor Wetenschappelijk Onderzoek,
W7014806410,10,G2598085392,,W911NF-16-1-0349,F4320338279,Air Force Office of Scientific Research,
W7014806410,11,G3067963855,,W911NF-18-1-0020,F4320338281,Army Research Office,
W7014806410,12,G3392305090,,-16-1-,F4320338279,Air Force Office of Scientific Research,
W7014806410,13,G3663418429,,2013-39273,F4320306076,National Science Foundation,
W7014806410,14,G420050720,,024.003,F4320321800,Nederlandse Organisatie voor Wetenschappelijk Onderzoek,
W7014806410,15,G431725244,,FA9550-21-1-0209,F4320333591,Multidisciplinary University Research Initiative,
W7014806410,16,G4516736450,,-21-1-,F4320338279,Air Force Office of Scientific Research,
W7014806410,17,G45463316,,W911NF2120214,F4320333591,Multidisciplinary University Research Initiative,
W7014806410,18,G4876042962,,OMA-1936118,F4320338279,Air Force Office of Scientific Research,
W7014806410,19,G4962106257,,W911NF-18-1-0212,F4320338281,Army Research Office,
W7014806410,20,G5659690140,,FA9550-19-1-0399,F4320306076,National Science Foundation,
W7014806410,21,G6013234738,,21H05183,F4320334764,Japan Society for the Promotion of Science,
W7014806410,22,G6141599669,,EFMA-1640959,F4320338279,Air Force Office of Scientific Research,
W7014806410,23,G6167497367,,FA9550-19-1-0399,F4320338279,Air Force Office of Scientific Research,
W7014806410,24,G6526646931,,FA9550-19-1-0399,F4320333591,Multidisciplinary University Research Initiative,
W7014806410,25,G657448715,,W911NF-16-1-,F4320338281,Army Research Office,
W7014806410,26,G705261935,EFRI ACQUIRE: Deterministic photonic graph-state repeater networks from solid state emitters integrated in chiral photonic circuits,1741656,F4320306076,National Science Foundation,
W7014806410,27,G7090116110,,FA9550,F4320332467,U.S. Air Force,
W7014806410,28,G7444832178,,EEC-1941583,F4320306084,U.S. Department of Energy,
W7014806410,29,G7452299184,,W911NF,F4320338281,Army Research Office,
W7014806410,30,G7500482128,,W911NF-18-1-0212,F4320338279,Air Force Office of Scientific Research,
W7014806410,31,G7524849185,『カウティリヤ法典』の国家観にかんする思想史的研究,862035,F4320334764,Japan Society for the Promotion of Science,
W7014806410,32,G7576470222,NSF Engineering Research Center for Quantum Networks (CQN),1941583,F4320306076,National Science Foundation,
W7014806410,33,G7900882,,W911NF-16- 1-0349,F4320338281,Army Research Office,
W7014806410,34,G8576758990,,21H05183 JP,F4320334764,Japan Society for the Promotion of Science,
W7014806410,35,G8722205058,,-19-1-,F4320332467,U.S. Air Force,
W7014806410,36,G8778025950,EFRI ACQUIRE: Integrated Nanophotonic Solid State Memories for Telecom Wavelength Quantum Repeaters,1640959,F4320306076,National Science Foundation,
W7014806410,37,G922915270,QII-TAQS: Quantum Metrological Platform for Single-Molecule Bio-Sensing,1936118,F4320306076,National Science Foundation,
W7128095965,1,G1823173179,Quantum Internet Alliance - Phase1,101102140,F4320320300,European Commission,
W7128095965,2,G3817840624,Research Infrastructure: CIRC: New: Full-stack Codesign Tools for Quantum Hardware,2346089,F4320306076,National Science Foundation,
W7128095965,3,G6276915973,"Collaborative Research: NeTS: Medium: Design, Analysis, and Control of Quantum Networks",2402861,F4320306076,National Science Foundation,
W7128095965,4,G7576470222,NSF Engineering Research Center for Quantum Networks (CQN),1941583,F4320306076,National Science Foundation,
W7141772250,1,G7576470222,NSF Engineering Research Center for Quantum Networks (CQN),1941583,F4320306076,National Science Foundation,
W7141772493,1,G2618903147,,AK0000000018297,F4320306084,U.S. Department of Energy,
W7141772493,2,G6276915973,"Collaborative Research: NeTS: Medium: Design, Analysis, and Control of Quantum Networks",2402861,F4320306076,National Science Foundation,
W7141772493,3,G7444832178,,EEC-1941583,F4320306084,U.S. Department of Energy,
W7141772493,4,G7576470222,NSF Engineering Research Center for Quantum Networks (CQN),1941583,F4320306076,National Science Foundation,
W7160565532,1,G7576470222,NSF Engineering Research Center for Quantum Networks (CQN),1941583,F4320306076,National Science Foundation,
W7165219416,1,G102163711,,DE‐ AC02‐06CH11357,F4320306084,U.S. Department of Energy,
W7165219416,2,G1404049065,,FA9550-21-1-0209,F4320338279,Air Force Office of Scientific Research,
W7165219416,3,G1432373144,,W911NF-21-1-,F4320338281,Army Research Office,
W7165219416,4,G1442400458,QuSeC-TAQS: Nanoscale Covariance Magnetometry with Diamond Quantum Sensors,2326767,F4320306076,National Science Foundation,
W7165219416,5,G1523888516,,FA9550-,F4320338279,Air Force Office of Scientific Research,
W7165219416,6,G1871837363,Testing quantum mechanics with bulk acoustic wave resonators,208886,F4320320924,Schweizerischer Nationalfonds zur Förderung der Wissenschaftlichen Forschung,
W7165219416,7,G1932254719,,HR0011-24-9-0361,F4320332180,Defense Advanced Research Projects Agency,
W7165219416,8,G2145085266,,FA9550-23-1-0338,F4320333591,Multidisciplinary University Research Initiative,
W7165219416,9,G2515541506,,HR0011,F4320332180,Defense Advanced Research Projects Agency,
W7165219416,10,G262962599,,AC02‐06CH11357,F4320306084,U.S. Department of Energy,
W7165219416,11,G2882288540,,W911NF2310077,F4320338281,Army Research Office,
W7165219416,12,G3162985271,,W911NF2110325,F4320333591,Multidisciplinary University Research Initiative,
W7165219416,13,G3722242190,,OMA-2137642,F4320338279,Air Force Office of Scientific Research,
W7165219416,14,G431725244,,FA9550-21-1-0209,F4320333591,Multidisciplinary University Research Initiative,
W7165219416,15,G4516736450,,-21-1-,F4320338279,Air Force Office of Scientific Research,
W7165219416,16,G4629941602,QuIC - TaQS: Interconnects for a Superconducting-Atomic Hybrid Quantum Network,2137642,F4320306076,National Science Foundation,
W7165219416,17,G4848018484,,FA9550-23- 1-0338,F4320338279,Air Force Office of Scientific Research,
W7165219416,18,G513797252,,DE-AC02–06CH11357,F4320306076,National Science Foundation,
W7165219416,19,G6478756169,,FA9550-21,F4320338279,Air Force Office of Scientific Research,
W7165219416,20,G6518383159,,W911NF2110325,F4320338281,Army Research Office,
W7165219416,21,G6547089213,,OSI-2326767,F4320338279,Air Force Office of Scientific Research,
W7165219416,22,G6848031779,,06CH11357,F4320306084,U.S. Department of Energy,
W7165219416,23,G7262863754,,1941583,F4320306084,U.S. Department of Energy,
W7165219416,24,G741291543,,DE-AC02-06CH11357,F4320338279,Air Force Office of Scientific Research,
W7165219416,25,G7420521838,,CCF-2312755,F4320338279,Air Force Office of Scientific Research,
W7165219416,26,G7452299184,,W911NF,F4320338281,Army Research Office,
W7165219416,27,G7576470222,NSF Engineering Research Center for Quantum Networks (CQN),1941583,F4320306076,National Science Foundation,
W7165219416,28,G7796153478,,HR0011-24-9-0359,F4320332180,Defense Advanced Research Projects Agency,
W7165219416,29,G8232580466,Collaborative Research: FET: Medium: Design and Implementation of Quantum Databases,2312755,F4320306076,National Science Foundation,
W7165219416,30,G8692340833,ExpandQISE: Track 2: Developing Quantum Information Science and Engineering Research and Education Program at FAMU,2426975,F4320306076,National Science Foundation,
W7165219416,31,G96630211,,OSI-2426975,F4320338279,Air Force Office of Scientific Research,
W7165219416,32,G969889393,,DE-AC02-,F4320306084,U.S. Department of Energy,
W7169688827,1,G2299640353,,HR00112420360,F4320332180,Defense Advanced Research Projects Agency,
W7169688827,2,G2515541506,,HR0011,F4320332180,Defense Advanced Research Projects Agency,
W7169688827,3,G5304044722,,A60290,F4320310598,Amazon Web Services,
W7169688827,4,G6851903837,An integrated photonics-based dual-wavelength light source for terahertz transmitters on lithium niobate,214483,F4320320924,Schweizerischer Nationalfonds zur Förderung der Wissenschaftlichen Forschung,
W7169688827,5,G7576470222,NSF Engineering Research Center for Quantum Networks (CQN),1941583,F4320306076,National Science Foundation,
W7169688827,6,G8381338517,,214483,F4320306076,National Science Foundation,
W4405279421,1,G1264789558,,W911NF2010021,F4320332180,Defense Advanced Research Projects Agency,
W4405279421,2,G4203974978,,W911NF-19-1-0302,F4320338281,Army Research Office,
W4405279421,3,G4973792023,Graduate Research Fellowship Program (GRFP),1745303,F4320306076,National Science Foundation,
W4405279421,4,G5188000133,,HR0011-23-3-0012,F4320332180,Defense Advanced Research Projects Agency,
W4405279421,5,G5277982431,Collaborative Research: FET: Medium: Efficient Compilation for Dynamically Reconfigurable Atom Arrays,2313084,F4320306076,National Science Foundation,
W4405279421,6,G5723341926,,W911NF2320219,F4320338281,Army Research Office,
W4405279421,7,G586693022,,W911NF2010082,F4320333591,Multidisciplinary University Research Initiative,
W4405279421,8,G5937005037,Physics and Applications of Quantum Nanophotonics Systems,2012023,F4320306076,National Science Foundation,
W4405279421,9,G6499681760,EAGER-QAC-QCH: Hybrid Quantum Classical Algortithm for NMR Inference,2037687,F4320306076,National Science Foundation,
W4405279421,10,G7166665977,Center for Ultracold Atoms,1734011,F4320306076,National Science Foundation,
W4407506612,1,G1251659944,,STI 792/1-1,F4320320879,Deutsche Forschungsgemeinschaft,
W4407506612,2,G43071051,,http://dx.doi.org/10.13039/501100004350,F4320322572,Studienstiftung des Deutschen Volkes,
W4407506612,3,G6390886782,,http://doi.org/10.13039/501100004350,F4320322572,Studienstiftung des Deutschen Volkes,
W4402159402,1,G6609013835,,5239903,F4320322626,Türkiye Bilimsel ve Teknolojik Araştırma Kurumu,
W4401545278,1,G5537139917,Lean-6G: Learning to Network the Edge in 6G,345008,F4320321108,Academy of Finland,
W4401545278,2,G8843817667,,W911NF-23-1-0088,F4320338281,Army Research Office,
W4406256094,1,G4988100082,Collaborative Research: Quantum-Coherent Interactions between Free and Guided Electrons and Photons,2110556,F4320306076,National Science Foundation,
W4409347112,1,G7452299184,,W911NF,F4320338281,Army Research Office,
W4409347112,2,G8843817667,,W911NF-23-1-0088,F4320338281,Army Research Office,
W4403842259,1,G2463917466,,HR00112090128,F4320332180,Defense Advanced Research Projects Agency,
W4403842259,2,G3730482177,,HR00112090128,F4320337531,"Defense Sciences Office, DARPA",
W4401692100,1,G6518383159,,W911NF2110325,F4320338281,Army Research Office,
W4226409576,1,G2697164521,QLCI-CI: NSF Quantum Leap Challenge Institute for Robust Quantum Simulation,2120757,F4320306076,National Science Foundation,
W4226409576,2,G4962106257,,W911NF-18-1-0212,F4320338281,Army Research Office,
W4226409576,3,G5372923749,,OMA-2120757,F4320332178,National Institute of Standards and Technology,
W4226409576,4,G7452299184,,W911NF,F4320338281,Army Research Office,
W4283216441,1,G2013811626,ULTRAFAST ALL-OPTICAL SPATIO-TEMPORAL ELECTRON MODULATORS: OPENING NEW FRONTIERS IN ELECTRON MICROSCOPY,964591,F4320320300,European Commission,
W4283216441,2,G7849548699,,851780,F4320320300,European Commission,
W4321524407,1,G2272854739,,FA8750-20-2-1007,F4320338294,Air Force Research Laboratory,
W4321524407,2,G434337789,,HORIZON2020,F4320320300,European Commission,
W4321524407,3,G4359690165,NSF Convergence Accelerator Track C: Interconnecting Quantum Computers for the Next-Generation Internet,2040695,F4320306076,National Science Foundation,
W4321524407,4,G4800547303,,1747426,F4320337367,Division of Materials Research,
W4321524407,5,G4944074465,Convergence QL: Workshop Series: Cross- Sector Connections in Quantum Leap,1747426,F4320306076,National Science Foundation,
W4321524407,6,G5298095028,,DMR-1747426,F4320337367,Division of Materials Research,
W4321524407,7,G5639706416,INTEGRATED MECHANICS FOR MODULAR QUANTUM RECONFIGURABLE CIRCUITS,896401,F4320320300,European Commission,
W4321524407,8,G6629006974,Integrated multi-qubit devices for scalable quantum networks,840393,F4320320300,European Commission,
W4280602182,1,G1264789558,,W911NF2010021,F4320332180,Defense Advanced Research Projects Agency,
W4280602182,2,G6183517682,,7568717,F4320306084,U.S. Department of Energy,
W4289433287,1,G1404049065,,FA9550-21-1-0209,F4320338279,Air Force Office of Scientific Research,
W4289433287,2,G1432373144,,W911NF-21-1-,F4320338281,Army Research Office,
W4289433287,3,G1482135624,,W911NF-18-1-0020,F4320338279,Air Force Office of Scientific Research,
W4289433287,4,G1523888516,,FA9550-,F4320338279,Air Force Office of Scientific Research,
W4289433287,5,G165179637,,W911NF1610349,F4320333591,Multidisciplinary University Research Initiative,
W4289433287,6,G1770223817,,FA864921P0781,F4320338294,Air Force Research Laboratory,
W4289433287,7,G1799408541,,EEC-1941583,F4320338279,Air Force Office of Scientific Research,
W4289433287,8,G2598085392,,W911NF-16-1-0349,F4320338279,Air Force Office of Scientific Research,
W4289433287,9,G3067963855,,W911NF-18-1-0020,F4320338281,Army Research Office,
W4289433287,10,G3162985271,,W911NF2110325,F4320333591,Multidisciplinary University Research Initiative,
W4289433287,11,G3392305090,,-16-1-,F4320338279,Air Force Office of Scientific Research,
W4289433287,12,G3722242190,,OMA-2137642,F4320338279,Air Force Office of Scientific Research,
W4289433287,13,G3990184095,,FA9550-21-1-0209,F4320309626,University of Chicago,
W4289433287,14,G431725244,,FA9550-21-1-0209,F4320333591,Multidisciplinary University Research Initiative,
W4289433287,15,G4516736450,,-21-1-,F4320338279,Air Force Office of Scientific Research,
W4289433287,16,G4629941602,QuIC - TaQS: Interconnects for a Superconducting-Atomic Hybrid Quantum Network,2137642,F4320306076,National Science Foundation,
W4289433287,17,G4876042962,,OMA-1936118,F4320338279,Air Force Office of Scientific Research,
W4289433287,18,G4962106257,,W911NF-18-1-0212,F4320338281,Army Research Office,
W4289433287,19,G5298762856,,FA9550-21-1-0209,F4320338294,Air Force Research Laboratory,
W4289433287,20,G5659690140,,FA9550-19-1-0399,F4320306076,National Science Foundation,
W4289433287,21,G6167497367,,FA9550-19-1-0399,F4320338279,Air Force Office of Scientific Research,
W4289433287,22,G6478756169,,FA9550-21,F4320338279,Air Force Office of Scientific Research,
W4289433287,23,G6518383159,,W911NF2110325,F4320338281,Army Research Office,
W4289433287,24,G6526646931,,FA9550-19-1-0399,F4320333591,Multidisciplinary University Research Initiative,
W4289433287,25,G657448715,,W911NF-16-1-,F4320338281,Army Research Office,
W4289433287,26,G7452299184,,W911NF,F4320338281,Army Research Office,
W4289433287,27,G7500482128,,W911NF-18-1-0212,F4320338279,Air Force Office of Scientific Research,
W4289433287,28,G7576470222,NSF Engineering Research Center for Quantum Networks (CQN),1941583,F4320306076,National Science Foundation,
W4289433287,29,G7900882,,W911NF-16- 1-0349,F4320338281,Army Research Office,
W4289433287,30,G8289759875,,FA9550,F4320338294,Air Force Research Laboratory,
W4289433287,31,G922915270,QII-TAQS: Quantum Metrological Platform for Single-Molecule Bio-Sensing,1936118,F4320306076,National Science Foundation,
W4221139251,1,G1463062727,,12101353,F4320321001,National Natural Science Foundation of China,
W4221139251,2,G2245803972,,CNS-2112562,F4320337345,Office of Naval Research,
W4221139251,3,G4244981204,,N00014-19-1-2566,F4320337345,Office of Naval Research,
W4221139251,4,G4353487559,,ONR-N00014,F4320337345,Office of Naval Research,
W4221139251,5,G5972442391,,N00014-19,F4320337345,Office of Naval Research,
W4221139251,6,G8377316191,AI Institute for Edge Computing Leveraging Next Generation Networks (Athena),2112562,F4320306076,National Science Foundation,
W4221139251,7,G8876996369,,N00014,F4320337345,Office of Naval Research,
W4379924469,1,G2916627489,,W911NF-20-1-0082,F4320338281,Army Research Office,
W4379924469,2,G4805870656,Collaborative Research: FET: Medium: Efficient Compilation for Dynamically Reconfigurable Atom Arrays,2313083,F4320306076,National Science Foundation,
W4379924469,3,G586693022,,W911NF2010082,F4320333591,Multidisciplinary University Research Initiative,
W4379924469,4,G6183517682,,7568717,F4320306084,U.S. Department of Energy,
W4379924469,5,G7452299184,,W911NF,F4320338281,Army Research Office,
W4386114021,1,G1404049065,,FA9550-21-1-0209,F4320338279,Air Force Office of Scientific Research,
W4386114021,2,G1523888516,,FA9550-,F4320338279,Air Force Office of Scientific Research,
W4386114021,3,G3990184095,,FA9550-21-1-0209,F4320309626,University of Chicago,
W4386114021,4,G431725244,,FA9550-21-1-0209,F4320333591,Multidisciplinary University Research Initiative,
W4386114021,5,G4516736450,,-21-1-,F4320338279,Air Force Office of Scientific Research,
W4387074827,1,G102163711,,DE‐ AC02‐06CH11357,F4320306084,U.S. Department of Energy,
W4387074827,2,G107546177,,DE- AC02-06-CH11357,F4320338284,Argonne National Laboratory,
W4387074827,3,G1313983767,,DE-AC02,F4320338284,Argonne National Laboratory,
W4387074827,4,G1430999822,,FWP-100182,F4320337510,Fusion Energy Sciences,
W4387074827,5,G1664757510,,AC02–06CH11357,F4320338284,Argonne National Laboratory,
W4387074827,6,G2287611682,,AC02‐06CH11357,F4320332359,Office of Science,
W4387074827,7,G262962599,,AC02‐06CH11357,F4320306084,U.S. Department of Energy,
W4387074827,8,G3075337988,,06CH11357,F4320338284,Argonne National Laboratory,
W4387074827,9,G3318903820,,DE-AC02-06CH11357,F4320332369,National Nuclear Security Administration,
W4387074827,10,G3549762800,,DENA0003624,F4320332369,National Nuclear Security Administration,
W4387074827,11,G3760992489,,DE- NA0003624,F4320306084,U.S. Department of Energy,
W4387074827,12,G4393642324,,FWP100866,F4320337510,Fusion Energy Sciences,
W4387074827,13,G4512048690,,DE-AC02-06CH11357,F4320337510,Fusion Energy Sciences,
W4387074827,14,G4927892525,,FWP-100182,F4320306084,U.S. Department of Energy,
W4387074827,15,G498139845,,DE-AC02,F4320332359,Office of Science,
W4387074827,16,G562066132,,DOE/NV/03624,F4320306084,U.S. Department of Energy,
W4387074827,17,G6842555335,,DOE/NV/03624,F4320337003,Office of Defense Programs,
W4387074827,18,G6848031779,,06CH11357,F4320306084,U.S. Department of Energy,
W4387074827,19,G6918803902,,06CH11357,F4320332359,Office of Science,
W4387074827,20,G969889393,,DE-AC02-,F4320306084,U.S. Department of Energy,
W4387074827,21,G97034446,,DE-NA0003624,F4320337003,Office of Defense Programs,
W4387074827,22,G993149817,,DE-AC02-06CH11357 ,F4320332359,Office of Science,
W4283072633,1,G5557203550,,N00014-20-1-2422,F4320337345,Office of Naval Research,
W4283072633,2,G6385238186,CAREER: Quantum Acoustic Information Processing with Phononic Crystal Devices,1941826,F4320306076,National Science Foundation,
W4283072633,3,G6671297155,,CAREER,F4320306076,National Science Foundation,
W4283072633,4,G8006577219,,N00014-20,F4320337345,Office of Naval Research,
W4283072633,5,G8876996369,,N00014,F4320337345,Office of Naval Research,
W4283078597,1,G3093891788,,W911NF1920181,F4320338295,Army Research Laboratory,
W4283078597,2,G5259331294,,W911NF,F4320338295,Army Research Laboratory,
W4283078597,3,G56008422,,W911NF-19,F4320338295,Army Research Laboratory,
W4292102055,1,G1404049065,,FA9550-21-1-0209,F4320338279,Air Force Office of Scientific Research,
W4292102055,2,G1432373144,,W911NF-21-1-,F4320338281,Army Research Office,
W4292102055,3,G1482135624,,W911NF-18-1-0020,F4320338279,Air Force Office of Scientific Research,
W4292102055,4,G1523888516,,FA9550-,F4320338279,Air Force Office of Scientific Research,
W4292102055,5,G165179637,,W911NF1610349,F4320333591,Multidisciplinary University Research Initiative,
W4292102055,6,G1770223817,,FA864921P0781,F4320338294,Air Force Research Laboratory,
W4292102055,7,G1799408541,,EEC-1941583,F4320338279,Air Force Office of Scientific Research,
W4292102055,8,G2598085392,,W911NF-16-1-0349,F4320338279,Air Force Office of Scientific Research,
W4292102055,9,G3067963855,,W911NF-18-1-0020,F4320338281,Army Research Office,
W4292102055,10,G3162985271,,W911NF2110325,F4320333591,Multidisciplinary University Research Initiative,
W4292102055,11,G3392305090,,-16-1-,F4320338279,Air Force Office of Scientific Research,
W4292102055,12,G3722242190,,OMA-2137642,F4320338279,Air Force Office of Scientific Research,
W4292102055,13,G431725244,,FA9550-21-1-0209,F4320333591,Multidisciplinary University Research Initiative,
W4292102055,14,G4516736450,,-21-1-,F4320338279,Air Force Office of Scientific Research,
W4292102055,15,G4629941602,QuIC - TaQS: Interconnects for a Superconducting-Atomic Hybrid Quantum Network,2137642,F4320306076,National Science Foundation,
W4292102055,16,G4876042962,,OMA-1936118,F4320338279,Air Force Office of Scientific Research,
W4292102055,17,G4962106257,,W911NF-18-1-0212,F4320338281,Army Research Office,
W4292102055,18,G5298762856,,FA9550-21-1-0209,F4320338294,Air Force Research Laboratory,
W4292102055,19,G5659690140,,FA9550-19-1-0399,F4320306076,National Science Foundation,
W4292102055,20,G6167497367,,FA9550-19-1-0399,F4320338279,Air Force Office of Scientific Research,
W4292102055,21,G6478756169,,FA9550-21,F4320338279,Air Force Office of Scientific Research,
W4292102055,22,G6518383159,,W911NF2110325,F4320338281,Army Research Office,
W4292102055,23,G6526646931,,FA9550-19-1-0399,F4320333591,Multidisciplinary University Research Initiative,
W4292102055,24,G657448715,,W911NF-16-1-,F4320338281,Army Research Office,
W4292102055,25,G7452299184,,W911NF,F4320338281,Army Research Office,
W4292102055,26,G7500482128,,W911NF-18-1-0212,F4320338279,Air Force Office of Scientific Research,
W4292102055,27,G7576470222,NSF Engineering Research Center for Quantum Networks (CQN),1941583,F4320306076,National Science Foundation,
W4292102055,28,G7900882,,W911NF-16- 1-0349,F4320338281,Army Research Office,
W4292102055,29,G8289759875,,FA9550,F4320338294,Air Force Research Laboratory,
W4292102055,30,G922915270,QII-TAQS: Quantum Metrological Platform for Single-Molecule Bio-Sensing,1936118,F4320306076,National Science Foundation,
W4309137018,1,G1291442131,CAREER: Observing topological magnetoelectric effects by magneto-optics and quantum transport,2143177,F4320306076,National Science Foundation,
W4309137018,2,G1639952346,,1231319,F4320337367,Division of Materials Research,
W4309137018,3,G2414013413,,2039380,F4320337367,Division of Materials Research,
W4309137018,4,G2427103086,Discovery and understanding of topological quantum magnets,191801,F4320320924,Schweizerischer Nationalfonds zur Förderung der Wissenschaftlichen Forschung,
W4309137018,5,G3311699245,Center for Integrated Quantum Materials,1231319,F4320306076,National Science Foundation,
W4309137018,6,G3514745881,"Julia Mundy, Moore Fellow in Materials Synthesis",GBMF6760,F4320306202,Gordon and Betty Moore Foundation,
W4309137018,7,G4303070870,,DMR-2039380,F4320337367,Division of Materials Research,
W4309137018,8,G46076208,,DMR-2045826,F4320337367,Division of Materials Research,
W4309137018,9,G4973792023,Graduate Research Fellowship Program (GRFP),1745303,F4320306076,National Science Foundation,
W4309137018,10,G6211938059,CAREER:  Discovering and Understanding Layered Nickelate Superconductors,2045826,F4320306076,National Science Foundation,
W4309137018,11,G6215887222,Exploring ion mobility in metastable hexagonal oxide thin films for energy applications,195686,F4320320924,Schweizerischer Nationalfonds zur Förderung der Wissenschaftlichen Forschung,
W4309137018,12,G803826444,,DMR-2143177,F4320337367,Division of Materials Research,
W4309137018,13,G8108395467,"MIP: Platform for the Accelerated Realization, Analysis, and Discovery of Interface Materials (PARADIM)",2039380,F4320306076,National Science Foundation,
W4309137018,14,G875209366,,DMR-1231319,F4320337367,Division of Materials Research,
W4382140046,1,G1264789558,,W911NF2010021,F4320332180,Defense Advanced Research Projects Agency,
W4382140046,2,G1974070018,PROGRAMMABLE QUANTUM SIMULATORS FOR LATTICE GAUGE THEORIES AND GAUGE-GRAVITY CORRESPONDENCE,DESC0021013,F4320306084,U.S. Department of Energy,
W4382140046,3,G2916627489,,W911NF-20-1-0082,F4320338281,Army Research Office,
W4382140046,4,G3388975023,2020 BUDGET REQUEST FOR THE DOE COMPUTATIONAL SCIENCE GRADUATE FELLOWSHIP (CSGF) GRANT,DESC0021110,F4320306084,U.S. Department of Energy,
W4382140046,5,G3994498848,2019 BUDGET REQUEST FOR THE DOE COMPUTATIONAL SCIENCE GRADUATE FELLOWSHIP (CSGF) GRANT,DESC0020347,F4320306084,U.S. Department of Energy,
W4382140046,6,G4312870934,Quantum Information Processing with Atomically Thin Semiconductors,101023276,F4320320300,European Commission,
W4382140046,7,G434337789,,HORIZON2020,F4320320300,European Commission,
W4382140046,8,G4481856368,Quantum Local Area Networks with Superconducting Qubits,899354,F4320320300,European Commission,
W4382140046,9,G586693022,,W911NF2010082,F4320333591,Multidisciplinary University Research Initiative,
W4382140046,10,G6183517682,,7568717,F4320306084,U.S. Department of Energy,
W4382140046,11,G7452299184,,W911NF,F4320338281,Army Research Office,
W4382334449,1,G1305463392,,6G-Life,F4320321114,Bundesministerium für Bildung und Forschung,
W4382334449,2,G1838120571,,DE 1915/2-1,F4320320879,Deutsche Forschungsgemeinschaft,
W4382334449,3,G2316705563,FET: Small: Quantum-secure quantum-enhanced covert networks over generalized bosonic channels,2006679,F4320306076,National Science Foundation,
W4382334449,4,G3105618864,,#16KISK002,F4320321114,Bundesministerium für Bildung und Forschung,
W4382334449,5,G4100198722,,DE1915/2-1,F4320321114,Bundesministerium für Bildung und Forschung,
W4382334449,6,G6610461003,,16KIS1005,F4320321114,Bundesministerium für Bildung und Forschung,
W4382334449,7,G7472567491,,16KISK002,F4320320879,Deutsche Forschungsgemeinschaft,
W4388650483,1,G3729718828,,DNRF139,F4320320943,Danmarks Grundforskningsfond,
W4388650483,2,G434337789,,HORIZON2020,F4320320300,European Commission,
W4388650483,3,G542354333,,949043,F4320320300,European Commission,
W4388650483,4,G777261295,,16KISQ009,F4320321114,Bundesministerium für Bildung und Forschung,
W4388964464,1,G2442584775,,23H02052,F4320320912,"Ministry of Education, Culture, Sports, Science and Technology",
W4388964464,2,G3591598716,,FA2386,F4320338279,Air Force Office of Scientific Research,
W4388964464,3,G4162329948,,21H05233,F4320320912,"Ministry of Education, Culture, Sports, Science and Technology",
W4388964464,4,G4516736450,,-21-1-,F4320338279,Air Force Office of Scientific Research,
W4388964464,5,G465700681,,N00014-21-1-2377,F4320337345,Office of Naval Research,
W4388964464,6,G4806815962,,23H02052,F4320334764,Japan Society for the Promotion of Science,
W4388964464,7,G6556517879,,FA2386-21-1-4086,F4320338279,Air Force Office of Scientific Research,
W4388964464,8,G8355038343,,N00014-21-1-2377,F4320333591,Multidisciplinary University Research Initiative,
W4388964464,9,G8876996369,,N00014,F4320337345,Office of Naval Research,
W4388964464,10,G898758523,,21H05233,F4320334764,Japan Society for the Promotion of Science,
W4390306623,1,G1007380625,,T.0224.18,F4320321390,Fonds De La Recherche Scientifique - FNRS,
W4390306623,2,G3162985271,,W911NF2110325,F4320333591,Multidisciplinary University Research Initiative,
W4390306623,3,G6518383159,,W911NF2110325,F4320338281,Army Research Office,
W4414991657,1,G3576276198,NNIN: National Nanotechnology Infrastructure Network,ECS- 03-35765,F4320306076,National Science Foundation,
W4414991657,2,G4848018484,,FA9550-23- 1-0338,F4320338279,Air Force Office of Scientific Research,
W4414991657,3,G485488592,,A50791,F4320310598,Amazon Web Services,
W4414991657,4,G8544953645,,FA9550-23-1-0333,F4320338279,Air Force Office of Scientific Research,
W4414991657,5,G8672390710,,2020-71479,F4320306079,David and Lucile Packard Foundation,
W4417170178,1,G2316705563,FET: Small: Quantum-secure quantum-enhanced covert networks over generalized bosonic channels,2006679,F4320306076,National Science Foundation,
W4417170178,2,G2726437238,,2032991,F4320320879,Deutsche Forschungsgemeinschaft,
W4417170178,3,G2792009719,,939/23,F4320322252,Israel Science Foundation,
W4417170178,4,G5707813027,,86636903,F4320335375,Planning and Budgeting Committee of the Council for Higher Education of Israel,
W4417170178,5,G7576470222,NSF Engineering Research Center for Quantum Networks (CQN),1941583,F4320306076,National Science Foundation,
W4417170178,6,G7919740695,,2691/23,F4320322252,Israel Science Foundation,
W4417170178,7,G826041189,,86160946,F4320330375,Ollendorff Minerva Center for Vision and Image Sciences,
W4417508376,1,G522621036,,2024J205,F4320332587,Natural Science Foundation of Ningbo,
W4417508376,2,G7058663083,,62402435,F4320321001,National Natural Science Foundation of China,
W4413108800,1,G2027002873,NNCI: Center for Nanoscale Systems (CNS),2025158,F4320306076,National Science Foundation,
W4413108800,2,G2347808973,,ECCS-2025158,F4320337392,"Division of Electrical, Communications and Cyber Systems",
W4413108800,3,G2409395093,,N00014-22-C-1041,F4320306078,U.S. Department of Defense,
W4413108800,4,G2507401943,,D23AP00251-00,F4320332180,Defense Advanced Research Projects Agency,
W4413108800,5,G3627959812,,D23AP00251-00,F4320306078,U.S. Department of Defense,
W4413108800,6,G4198572546,QuIC-TAQS: Integrated Lithium Niobate Quantum Photonics Platform,2137723,F4320306076,National Science Foundation,
W4413108800,7,G4671203234,,2025158,F4320337392,"Division of Electrical, Communications and Cyber Systems",
W4413108800,8,G4720003262,,N00014-22,F4320337345,Office of Naval Research,
W4413108800,9,G650199722,,HR0011-20-C-0137,F4320306078,U.S. Department of Defense,
W4413108800,10,G6906440423,QuIC-TAQS: Implementation of a Neutral-Atom-Photonic-Cluster State,2138068,F4320306076,National Science Foundation,
W4413108800,11,G7370456878,,NRF-2022M3K4A1094782,F4320324161,Korea Advanced Institute of Science and Technology,
W4413108800,12,G763165814,,HR0011‐20‐C‐0137,F4320332180,Defense Advanced Research Projects Agency,
W4413108800,13,G8876996369,,N00014,F4320337345,Office of Naval Research,
W4413108800,14,G8883787402,,N00014-22-C-1041,F4320337345,Office of Naval Research,
W3174112591,1,G1829052184,,N00014-19-1-2189,F4320337345,Office of Naval Research,
W3174112591,2,G2469973041,,N660012014029,F4320332180,Defense Advanced Research Projects Agency,
W3174112591,3,G5003045098,,N00014- 19-1-2190,F4320337345,Office of Naval Research,
W4402897453,1,G1541430702,,PID2021-125823NA-I00,F4320322930,Ministerio de Ciencia e Innovación,
W4402897453,2,G1622782223,,MCIN/AEI/10,F4320335322,European Regional Development Fund,
W4402897453,3,G1872762428,,N000142312296,F4320337345,Office of Naval Research,
W4402897453,4,G2351066264,,PIF21/289,F4320321919,Euskal Herriko Unibertsitatea,
W4402897453,5,G3480869486,,13039,F4320335598,Agencia Estatal de Investigación,
W4402897453,6,G3987967833,,PID2021-125823NA-I00,F4320321705,Eusko Jaurlaritza,
W4402897453,7,G4484594549,,RYC-2020-030503-I,F4320321705,Eusko Jaurlaritza,
W4402897453,8,G4534222199,,RYC-2020-030503-I,F4320322930,Ministerio de Ciencia e Innovación,
W4402897453,9,G6351756048,,PID2021-125823NA-I00,F4320335598,Agencia Estatal de Investigación,
W4402897453,10,G6604905309,,899368,F4320335322,European Regional Development Fund,
W4402897453,11,G6671297155,,CAREER,F4320306076,National Science Foundation,
W4402897453,12,G67347242,,IT1470- 22,F4320321705,Eusko Jaurlaritza,
W4402897453,13,G69013661,QuSeC-TAQS: Sensing-Intelligence on The Move: Quantum-Enhanced Optical Diagnosis of Crop Diseases,2326746,F4320306076,National Science Foundation,
W4402897453,14,G6941843737,CAREER: Using Entanglement to Enhance Communication and Sensing in the Presence of Noise,2240641,F4320306076,National Science Foundation,
W4402897453,15,G7084143925,,AEI/10,F4320335598,Agencia Estatal de Investigación,
W4402897453,16,G7421034968,,PID2021-125823NA-I00,F4320335322,European Regional Development Fund,
W4402897453,17,G8876996369,,N00014,F4320337345,Office of Naval Research,
W4400905760,1,G1905236827,Midisuperspace Laboratories for the Dynamics of Loop Quantum Gravity,1903799,F4320306076,National Science Foundation,
W4400905760,2,G2469973041,,N660012014029,F4320332180,Defense Advanced Research Projects Agency,
W4400905760,3,G4006026319,Quantum Aspects of Matter Fields and Gravity,2110273,F4320306076,National Science Foundation,
W4400905760,4,G4723197900,Midisuperspace Laboratories for Loop Quantum Gravity,2206557,F4320306076,National Science Foundation,
W4400905760,5,G5671246060,"Gauge gravity: unification, extensions and phenomenology",PRG356,F4320321090,Eesti Teadusagentuur,
W4400905760,6,G8944706822,,LEQSF(2023-25)-RD-A-04,F4320309392,Louisiana Board of Regents,
W4405239104,1,G2717710762,,N00014-21-1-2629,F4320337345,Office of Naval Research,
W4405239104,2,G7313650808,FUNCTIONAL GRADIENT-BASED GEOMETRIC CURVE SYNTHESIS FOR DYNAMIC QUANTUM ERROR SUPPRESSION,DESC0022389,F4320306084,U.S. Department of Energy,
W4405239104,3,G7351543908,,W911NF-19-1-0167,F4320338281,Army Research Office,
W4405239104,4,G8069902335,,W911NF-17-1-0260,F4320338281,Army Research Office,
W4405239104,5,G8112902656,QII-TAQS: Topological Quantum Devices from Nanoscale Mechanical Control of Materials,1936250,F4320306076,National Science Foundation,
W4405239104,6,G8319516997,CAREER: Non-Equilibrium Quantum Physics in Solid-State Spin Chains,1941673,F4320306076,National Science Foundation,
W4407951000,1,G2316705563,FET: Small: Quantum-secure quantum-enhanced covert networks over generalized bosonic channels,2006679,F4320306076,National Science Foundation,
W4407951000,2,G2726437238,,2032991,F4320320879,Deutsche Forschungsgemeinschaft,
W4407951000,3,G2792009719,,939/23,F4320322252,Israel Science Foundation,
W4407951000,4,G5707813027,,86636903,F4320335375,Planning and Budgeting Committee of the Council for Higher Education of Israel,
W4407951000,5,G7919740695,,2691/23,F4320322252,Israel Science Foundation,
W4407937926,1,G3405165046,,N00014-19-1-2621,F4320337345,Office of Naval Research,
W4407937926,2,G6276915973,"Collaborative Research: NeTS: Medium: Design, Analysis, and Control of Quantum Networks",2402861,F4320306076,National Science Foundation,
W4417268510,1,G1442400458,QuSeC-TAQS: Nanoscale Covariance Magnetometry with Diamond Quantum Sensors,2326767,F4320306076,National Science Foundation,
W4417268510,2,G1932254719,,HR0011-24-9-0361,F4320332180,Defense Advanced Research Projects Agency,
W4417268510,3,G2882288540,,W911NF2310077,F4320338281,Army Research Office,
W4417268510,4,G4629941602,QuIC - TaQS: Interconnects for a Superconducting-Atomic Hybrid Quantum Network,2137642,F4320306076,National Science Foundation,
W4417268510,5,G7576470222,NSF Engineering Research Center for Quantum Networks (CQN),1941583,F4320306076,National Science Foundation,
W4417268510,6,G7796153478,,HR0011-24-9-0359,F4320332180,Defense Advanced Research Projects Agency,
W4417268510,7,G8232580466,Collaborative Research: FET: Medium: Design and Implementation of Quantum Databases,2312755,F4320306076,National Science Foundation,
W4417268510,8,G8672390710,,2020-71479,F4320306079,David and Lucile Packard Foundation,
W4417268510,9,G8692340833,ExpandQISE: Track 2: Developing Quantum Information Science and Engineering Research and Education Program at FAMU,2426975,F4320306076,National Science Foundation,
W4410992315,1,G1638471481,2021 BUDGET REQUEST FOR THE DOE COMPUTATIONAL SCIENCE GRADUATE FELLOWSHIP (CSGF) GRANT,DESC0022158,F4320306084,U.S. Department of Energy,
W4410992315,2,G1974070018,PROGRAMMABLE QUANTUM SIMULATORS FOR LATTICE GAUGE THEORIES AND GAUGE-GRAVITY CORRESPONDENCE,DESC0021013,F4320306084,U.S. Department of Energy,
W4410992315,3,G4194043382,2021 BUDGET REQUEST FOR THE DOE COMPUTATIONAL SCIENCE GRADUATE FELLOWSHIP (CSGF) GRANT,DESC0022158,F4320332359,Office of Science,
W4410992315,4,G586693022,,W911NF2010082,F4320333591,Multidisciplinary University Research Initiative,
W4410992315,5,G6183517682,,7568717,F4320306084,U.S. Department of Energy,
W4365475031,1,G1264789558,,W911NF2010021,F4320332180,Defense Advanced Research Projects Agency,
W4365475031,2,G1974070018,PROGRAMMABLE QUANTUM SIMULATORS FOR LATTICE GAUGE THEORIES AND GAUGE-GRAVITY CORRESPONDENCE,DESC0021013,F4320306084,U.S. Department of Energy,
W4365475031,3,G2916627489,,W911NF-20-1-0082,F4320338281,Army Research Office,
W4365475031,4,G3388975023,2020 BUDGET REQUEST FOR THE DOE COMPUTATIONAL SCIENCE GRADUATE FELLOWSHIP (CSGF) GRANT,DESC0021110,F4320306084,U.S. Department of Energy,
W4365475031,5,G586693022,,W911NF2010082,F4320333591,Multidisciplinary University Research Initiative,
W4365475031,6,G6183517682,,7568717,F4320306084,U.S. Department of Energy,
W4365475031,7,G7452299184,,W911NF,F4320338281,Army Research Office,
W4297435037,1,G2475912542,,101041435,F4320306084,U.S. Department of Energy,
W4297435037,2,G2916627489,,W911NF-20-1-0082,F4320338281,Army Research Office,
W4297435037,3,G3305708180,QUANTUM OPTIMIZATION WITH PROGRAMMABLE SIMULATORS BASED ON ATOM ARRAYS,W911NF2010021,F4320306078,U.S. Department of Defense,
W4297435037,4,G3388975023,2020 BUDGET REQUEST FOR THE DOE COMPUTATIONAL SCIENCE GRADUATE FELLOWSHIP (CSGF) GRANT,DESC0021110,F4320306084,U.S. Department of Energy,
W4297435037,5,G586693022,,W911NF2010082,F4320333591,Multidisciplinary University Research Initiative,
W4297435037,6,G6183517682,,7568717,F4320306084,U.S. Department of Energy,
W4385681017,1,G1264789558,,W911NF2010021,F4320332180,Defense Advanced Research Projects Agency,
W4385681017,2,G1768993395,,EXC 2111,F4320320879,Deutsche Forschungsgemeinschaft,
W4385681017,3,G1820617655,,EXC-2111-390 814868,F4320334593,Natural Sciences and Engineering Research Council of Canada,
W4385681017,4,G1974070018,PROGRAMMABLE QUANTUM SIMULATORS FOR LATTICE GAUGE THEORIES AND GAUGE-GRAVITY CORRESPONDENCE,DESC0021013,F4320306084,U.S. Department of Energy,
W4385681017,5,G2916627489,,W911NF-20-1-0082,F4320338281,Army Research Office,
W4385681017,6,G586693022,,W911NF2010082,F4320333591,Multidisciplinary University Research Initiative,
W4385681017,7,G6183517682,,7568717,F4320306084,U.S. Department of Energy,
W4385681017,8,G7452299184,,W911NF,F4320338281,Army Research Office,
W4221146363,1,G1404049065,,FA9550-21-1-0209,F4320338279,Air Force Office of Scientific Research,
W4221146363,2,G1432373144,,W911NF-21-1-,F4320338281,Army Research Office,
W4221146363,3,G1482135624,,W911NF-18-1-0020,F4320338279,Air Force Office of Scientific Research,
W4221146363,4,G1523888516,,FA9550-,F4320338279,Air Force Office of Scientific Research,
W4221146363,5,G165179637,,W911NF1610349,F4320333591,Multidisciplinary University Research Initiative,
W4221146363,6,G1770223817,,FA864921P0781,F4320338294,Air Force Research Laboratory,
W4221146363,7,G1799408541,,EEC-1941583,F4320338279,Air Force Office of Scientific Research,
W4221146363,8,G2598085392,,W911NF-16-1-0349,F4320338279,Air Force Office of Scientific Research,
W4221146363,9,G3067963855,,W911NF-18-1-0020,F4320338281,Army Research Office,
W4221146363,10,G3162985271,,W911NF2110325,F4320333591,Multidisciplinary University Research Initiative,
W4221146363,11,G3392305090,,-16-1-,F4320338279,Air Force Office of Scientific Research,
W4221146363,12,G3722242190,,OMA-2137642,F4320338279,Air Force Office of Scientific Research,
W4221146363,13,G431725244,,FA9550-21-1-0209,F4320333591,Multidisciplinary University Research Initiative,
W4221146363,14,G4516736450,,-21-1-,F4320338279,Air Force Office of Scientific Research,
W4221146363,15,G4629941602,QuIC - TaQS: Interconnects for a Superconducting-Atomic Hybrid Quantum Network,2137642,F4320306076,National Science Foundation,
W4221146363,16,G4876042962,,OMA-1936118,F4320338279,Air Force Office of Scientific Research,
W4221146363,17,G4962106257,,W911NF-18-1-0212,F4320338281,Army Research Office,
W4221146363,18,G5298762856,,FA9550-21-1-0209,F4320338294,Air Force Research Laboratory,
W4221146363,19,G5659690140,,FA9550-19-1-0399,F4320306076,National Science Foundation,
W4221146363,20,G6167497367,,FA9550-19-1-0399,F4320338279,Air Force Office of Scientific Research,
W4221146363,21,G6478756169,,FA9550-21,F4320338279,Air Force Office of Scientific Research,
W4221146363,22,G6518383159,,W911NF2110325,F4320338281,Army Research Office,
W4221146363,23,G6526646931,,FA9550-19-1-0399,F4320333591,Multidisciplinary University Research Initiative,
W4221146363,24,G657448715,,W911NF-16-1-,F4320338281,Army Research Office,
W4221146363,25,G7452299184,,W911NF,F4320338281,Army Research Office,
W4221146363,26,G7500482128,,W911NF-18-1-0212,F4320338279,Air Force Office of Scientific Research,
W4221146363,27,G7576470222,NSF Engineering Research Center for Quantum Networks (CQN),1941583,F4320306076,National Science Foundation,
W4221146363,28,G7900882,,W911NF-16- 1-0349,F4320338281,Army Research Office,
W4221146363,29,G7904985311,,JPMJMS2061,F4320338247,Moonshot Research and Development Program,
W4221146363,30,G8289759875,,FA9550,F4320338294,Air Force Research Laboratory,
W4221146363,31,G922915270,QII-TAQS: Quantum Metrological Platform for Single-Molecule Bio-Sensing,1936118,F4320306076,National Science Foundation,
W4287102216,1,G1851561202,,1640959,F4320308380,Yale University,
W4287102216,2,G3912643680,,DENA00003525,F4320332180,Defense Advanced Research Projects Agency,
W4287102216,3,G8778025950,EFRI ACQUIRE: Integrated Nanophotonic Solid State Memories for Telecom Wavelength Quantum Repeaters,1640959,F4320306076,National Science Foundation,
W4387947641,1,G1905236827,Midisuperspace Laboratories for the Dynamics of Loop Quantum Gravity,1903799,F4320306076,National Science Foundation,
W4387947641,2,G2469973041,,N660012014029,F4320332180,Defense Advanced Research Projects Agency,
W4387947641,3,G4006026319,Quantum Aspects of Matter Fields and Gravity,2110273,F4320306076,National Science Foundation,
W4387947641,4,G4723197900,Midisuperspace Laboratories for Loop Quantum Gravity,2206557,F4320306076,National Science Foundation,
W4285662486,1,G1417231415,QII-TAQS: Quantum Machine Learning with Photonics,1936314,F4320306076,National Science Foundation,
W4285662486,2,G2697164521,QLCI-CI: NSF Quantum Leap Challenge Institute for Robust Quantum Simulation,2120757,F4320306076,National Science Foundation,
W4285662486,3,G3093891788,,W911NF1920181,F4320338295,Army Research Laboratory,
W4285662486,4,G3730754377,,W911NF-19-2-0181,F4320306076,National Science Foundation,
W4285662486,5,G8297815794,Collaborative research: Quantum Communication with Loss-Protected Photonic Encoding,1933546,F4320306076,National Science Foundation,
W4288043097,1,G1549524776,CAREER: Using Entanglement to Enhance Communication and Sensing in the Presence of Noise,2142882,F4320306076,National Science Foundation,
W4288043097,2,G6671297155,,CAREER,F4320306076,National Science Foundation,
W4291219842,1,G1361510568,,WK2340000083,F4320335787,Fundamental Research Funds for the Central Universities,
W4291219842,2,G1977969085,,11875173,F4320321001,National Natural Science Foundation of China,
W4291219842,3,G2927276630,,61875182,F4320321001,National Natural Science Foundation of China,
W4291219842,4,G3197743788,,2017YFA0303903,F4320321001,National Natural Science Foundation of China,
W4291219842,5,G5656998440,,12174216,F4320321001,National Natural Science Foundation of China,
W4387355925,1,G1332003815,QUANTUM COMMUNICATION CHANNELS FOR FUNDAMENTAL PHYSICS (QCCFP),DESC0019219,F4320306084,U.S. Department of Energy,
W4387355925,2,G2676722403,,80NM0018D0004,F4320332375,Jet Propulsion Laboratory,
W4387355925,3,G5361369705,,SC002376,F4320306084,U.S. Department of Energy,
W3124193403,1,G2469973041,,N660012014029,F4320332180,Defense Advanced Research Projects Agency,
W3124193403,2,G7576470222,NSF Engineering Research Center for Quantum Networks (CQN),1941583,F4320306076,National Science Foundation,
W4297163627,1,G1523888516,,FA9550-,F4320338279,Air Force Office of Scientific Research,
W4297163627,2,G4632800372,,FA9550-18-1-0092,F4320338279,Air Force Office of Scientific Research,
W4297163627,3,G4962106257,,W911NF-18-1-0212,F4320338281,Army Research Office,
W4297163627,4,G6167497367,,FA9550-19-1-0399,F4320338279,Air Force Office of Scientific Research,
W4297163627,5,G6526646931,,FA9550-19-1-0399,F4320333591,Multidisciplinary University Research Initiative,
W4297163627,6,G7452299184,,W911NF,F4320338281,Army Research Office,
W4297163627,7,G7500482128,,W911NF-18-1-0212,F4320338279,Air Force Office of Scientific Research,
W4307473761,1,G11630931,,DENA0003525,F4320306084,U.S. Department of Energy,
W4307473761,2,G1166951225,,DE-NA-0003525,F4320337506,Advanced Scientific Computing Research,
W4307473761,3,G2214935549,,NA0003525,F4320338291,Sandia National Laboratories,
W4307473761,4,G280414146,,DE-NA0003525,F4320332359,Office of Science,
W4307473761,5,G413247060,,"DE‐NA,0003525",F4320338291,Sandia National Laboratories,
W4307473761,6,G4903105778,,NA0003525,F4320306084,U.S. Department of Energy,
W4307473761,7,G5339743583,,NA0003525,F4320332369,National Nuclear Security Administration,
W4307473761,8,G855168022,,DENA-0003525,F4320332369,National Nuclear Security Administration,
W4307473761,9,G8922552302,,NA0003525,F4320332359,Office of Science,
W4327486293,1,G4396585074,OP: Quantum Optical Physics with Nanophotonics Systems,1506284,F4320306076,National Science Foundation,
W4327486293,2,G8121721066,Moore Scholars in Theory of Quantum Materials,GBMF4306,F4320306202,Gordon and Betty Moore Foundation,
W4360890448,1,G2013811626,ULTRAFAST ALL-OPTICAL SPATIO-TEMPORAL ELECTRON MODULATORS: OPENING NEW FRONTIERS IN ELECTRON MICROSCOPY,964591,F4320320300,European Commission,
W4360890448,2,G434337789,,HORIZON2020,F4320320300,European Commission,
W4360890448,3,G7849548699,,851780,F4320320300,European Commission,
W4394737068,1,G1365187887,,101046973,F4320334322,HORIZON EUROPE Framework Programme,
W4394737068,2,G3533222608,,101046973,F4320334627,Engineering and Physical Sciences Research Council,
W4394737068,3,G3958905815,EPSRC-SFI: Non-Equilibrium Steady-States of Quantum many-body systems: uncovering universality and thermodynamics (QuamNESS),EP/T028424/1,F4320334627,Engineering and Physical Sciences Research Council,
W4394737068,4,G5677546062,,101046973,F4320320300,European Commission,
W4406261275,1,G2569120085,Collaborative Research: CIF: Medium: QODED: Quantum codes Optimized for the Dynamics between Encoded Computation and Decoding using Classical Coding Techniques,2106189,F4320306076,National Science Foundation,
W4416875158,1,G6715895681,Collaborative Research: CNS Core: Medium: Design and Analysis of Quantum Networks for Entanglement Distribution,1955834,F4320306076,National Science Foundation,
W4417188323,1,G6747888235,,830/19,F4320322252,Israel Science Foundation,
W4386026189,1,G11630931,,DENA0003525,F4320306084,U.S. Department of Energy,
W4386026189,2,G1307646348,,FA8702‐15‐D‐0001,F4320332467,U.S. Air Force,
W4386026189,3,G1910132285,RAISE-TAQS: Room-Temperature Quantum Sensing and Computation using DNA-based Excitonic Circuits,1839155,F4320306076,National Science Foundation,
W4386026189,4,G4158783420,,FA8702-15-D-0001,F4320306078,U.S. Department of Defense,
W4386026189,5,G4944074465,Convergence QL: Workshop Series: Cross- Sector Connections in Quantum Leap,1747426,F4320306076,National Science Foundation,
W4386026189,6,G5569641376,,FA9550-20-1-0105,F4320338279,Air Force Office of Scientific Research,
W4386026189,7,G646168239,EFRI ACQUIRE: Scalable Quantum Communications with Error-Corrected Semiconductor Qubits,1641064,F4320306076,National Science Foundation,
W4386026189,8,G723338535,MULTIPLEXED QUANTUM REPEATERS FOR HIGH-SPEED QUANTUM NETWORKS,FA95502010105,F4320306078,U.S. Department of Defense,
W4386026189,9,G7506849581,MIT Materials Research Science and Engineering Center - Full Proposal,1419807,F4320306076,National Science Foundation,
W4386026189,10,G7576470222,NSF Engineering Research Center for Quantum Networks (CQN),1941583,F4320306076,National Science Foundation,
W4386026189,11,G8640644076,,DMR-12313 19,F4320306076,National Science Foundation,
W4404143861,1,G2531607075,,952039,F4320332999,Horizon 2020 Framework Programme,
W4404143861,2,G3010279276,CAREER: Giant Tunability through Piezoelectric Resonant Acoustic Metamaterials for Radio Frequency Adaptive Integrated Electronics,2034948,F4320306076,National Science Foundation,
W4404143861,3,G3093438323,Metamaterial Enabled Vibration Energy Harvesting,952039,F4320320300,European Commission,
W4404143861,4,G4573130097,,H2020,F4320338336,H2020 Future and Emerging Technologies,
W4404143861,5,G4937468798,,H2020,F4320320300,European Commission,
W4404143861,6,G8178846314,Metamaterial Enabled Vibration Energy Harvesting,952039,F4320338336,H2020 Future and Emerging Technologies,
W4410351497,1,G4611582664,Graduate Research Fellowship Program (GRFP),2137419,F4320306076,National Science Foundation,
W4410351497,2,G4949707386,,FA9550-22-1-0180,F4320338279,Air Force Office of Scientific Research,
W4410351497,3,G8472135859,CAREER: Torsional Quantum Optomechanics,2239735,F4320306076,National Science Foundation,
W4410350971,1,G1366616369,,GBMF8048,F4320337480,Basic Energy Sciences,
W4410350971,2,G1673814530,,"DE-SC0019215,",F4320337480,Basic Energy Sciences,
W4410350971,3,G2298080521,RAISE-QAC-QSA: Open Quantum Systems on Noisy Intermediate-Scale Quantum Devices,2037783,F4320306076,National Science Foundation,
W4410350971,4,G5044903037,,NSF-ECCS-1944085,F4320307381,National Sleep Foundation,
W4414505285,1,G2569120085,Collaborative Research: CIF: Medium: QODED: Quantum codes Optimized for the Dynamics between Encoded Computation and Decoding using Classical Coding Techniques,2106189,F4320306076,National Science Foundation,
W4414505285,2,G8021067896,C: Quantum Networks to Connect Quantum Technology (QuanNeCQT),2134891,F4320306076,National Science Foundation,
W4396778664,1,G1330582366,,IITP-2025-RS-2020-II201606,F4320328359,"Ministry of Science and ICT, South Korea",
W4396778664,2,G1905498978,,RS-2023-NR076733,F4320322120,National Research Foundation of Korea,
W4396778664,3,G2193698,,2021M3H3A1036573,F4320322120,National Research Foundation of Korea,
W4396778664,4,G326219201,,NRF-2023R1A2C1006115,F4320322120,National Research Foundation of Korea,
W4396778664,5,G3932724887,,RS-2024-00437191,F4320322120,National Research Foundation of Korea,
W4396778664,6,G4480704047,,RS-2024-00438415,F4320322120,National Research Foundation of Korea,
W4396778664,7,G4496842895,,RS-2024-00437191,F4320335489,Institute for Information and Communications Technology Promotion,
W4396778664,8,G45824782,,RS-2024-00413957,F4320320671,National Research Foundation,
W4396778664,9,G5231341540,,2021M3H3A1036573,F4320328359,"Ministry of Science and ICT, South Korea",
W4396778664,10,G5494547058,,RS-2024-00431768,F4320322120,National Research Foundation of Korea,
W4396778664,11,G6390571125,,RS-2024-00413957,F4320328359,"Ministry of Science and ICT, South Korea",
W4396778664,12,G6754093111,,RS-2024-00437191,F4320328359,"Ministry of Science and ICT, South Korea",
W4396778664,13,G7033135252,,RS-2024-00431768,F4320328359,"Ministry of Science and ICT, South Korea",
W4396778664,14,G7544177223,,RS-2025-00515456,F4320322120,National Research Foundation of Korea,
W4396778664,15,G754601064,,RS‐2024‐00413957,F4320322120,National Research Foundation of Korea,
W4396778664,16,G793425364,,2023R1A2C1006115,F4320322120,National Research Foundation of Korea,
W4396778664,17,G7985810400,,RS-2025-08542968,F4320322120,National Research Foundation of Korea,
W4394867638,1,G3162985271,,W911NF2110325,F4320333591,Multidisciplinary University Research Initiative,
W4394867638,2,G6518383159,,W911NF2110325,F4320338281,Army Research Office,
W4226300323,1,G4415344967,,TRT0159,F4320327997,Templeton Religion Trust,
W4226300323,2,G4908881666,"AF: Large: Collaborative Research: Algebraic Proof Systems, Convexity, and Algorithms",1565264,F4320306076,National Science Foundation,
W4226300323,3,G722875235,,TRT 0159,F4320306076,National Science Foundation,
W4283323007,1,G1404049065,,FA9550-21-1-0209,F4320338279,Air Force Office of Scientific Research,
W4283323007,2,G1432373144,,W911NF-21-1-,F4320338281,Army Research Office,
W4283323007,3,G1482135624,,W911NF-18-1-0020,F4320338279,Air Force Office of Scientific Research,
W4283323007,4,G1523888516,,FA9550-,F4320338279,Air Force Office of Scientific Research,
W4283323007,5,G165179637,,W911NF1610349,F4320333591,Multidisciplinary University Research Initiative,
W4283323007,6,G1770223817,,FA864921P0781,F4320338294,Air Force Research Laboratory,
W4283323007,7,G1799408541,,EEC-1941583,F4320338279,Air Force Office of Scientific Research,
W4283323007,8,G2598085392,,W911NF-16-1-0349,F4320338279,Air Force Office of Scientific Research,
W4283323007,9,G3067963855,,W911NF-18-1-0020,F4320338281,Army Research Office,
W4283323007,10,G3162985271,,W911NF2110325,F4320333591,Multidisciplinary University Research Initiative,
W4283323007,11,G3392305090,,-16-1-,F4320338279,Air Force Office of Scientific Research,
W4283323007,12,G3722242190,,OMA-2137642,F4320338279,Air Force Office of Scientific Research,
W4283323007,13,G431725244,,FA9550-21-1-0209,F4320333591,Multidisciplinary University Research Initiative,
W4283323007,14,G4516736450,,-21-1-,F4320338279,Air Force Office of Scientific Research,
W4283323007,15,G4629941602,QuIC - TaQS: Interconnects for a Superconducting-Atomic Hybrid Quantum Network,2137642,F4320306076,National Science Foundation,
W4283323007,16,G4876042962,,OMA-1936118,F4320338279,Air Force Office of Scientific Research,
W4283323007,17,G4962106257,,W911NF-18-1-0212,F4320338281,Army Research Office,
W4283323007,18,G5298762856,,FA9550-21-1-0209,F4320338294,Air Force Research Laboratory,
W4283323007,19,G5659690140,,FA9550-19-1-0399,F4320306076,National Science Foundation,
W4283323007,20,G6167497367,,FA9550-19-1-0399,F4320338279,Air Force Office of Scientific Research,
W4283323007,21,G6478756169,,FA9550-21,F4320338279,Air Force Office of Scientific Research,
W4283323007,22,G6518383159,,W911NF2110325,F4320338281,Army Research Office,
W4283323007,23,G6526646931,,FA9550-19-1-0399,F4320333591,Multidisciplinary University Research Initiative,
W4283323007,24,G657448715,,W911NF-16-1-,F4320338281,Army Research Office,
W4283323007,25,G7452299184,,W911NF,F4320338281,Army Research Office,
W4283323007,26,G7500482128,,W911NF-18-1-0212,F4320338279,Air Force Office of Scientific Research,
W4283323007,27,G7576470222,NSF Engineering Research Center for Quantum Networks (CQN),1941583,F4320306076,National Science Foundation,
W4283323007,28,G7900882,,W911NF-16- 1-0349,F4320338281,Army Research Office,
W4283323007,29,G8289759875,,FA9550,F4320338294,Air Force Research Laboratory,
W4283323007,30,G922915270,QII-TAQS: Quantum Metrological Platform for Single-Molecule Bio-Sensing,1936118,F4320306076,National Science Foundation,
W4225769532,1,G291698150,,DE-SC002034,F4320306084,U.S. Department of Energy,
W4225769532,2,G5415176730,Collaborative Research: Understanding Subatomic-Scale Quantum Matter Data Using Machine Learning Tools,1934714,F4320306076,National Science Foundation,
W4287023919,1,G3830285209,,W911NF-16-2-0192,F4320332180,Defense Advanced Research Projects Agency,
W4287023919,2,G5076427417,,ECCS102000743,F4320306076,National Science Foundation,
W4287023919,3,G7127108642,,W911NF-16-2-0192,F4320338281,Army Research Office,
W4287023919,4,G7452299184,,W911NF,F4320338281,Army Research Office,
W4287023919,5,G7675343242,,W911NF-21-2-0041,F4320338281,Army Research Office,
W4311638750,1,G1076816386,,193632,F4320306076,National Science Foundation,
W4294433893,1,G4164594981,The EPSRC Quantum Communications Hub,EP/T001011/1,F4320334627,Engineering and Physical Sciences Research Council,
W4294433893,2,G5443090575,,PE 0000023,F4320320300,European Commission,
W4294433893,3,G6251103608,,101114043,F4320334322,HORIZON EUROPE Framework Programme,
W4294433893,4,G7576470222,NSF Engineering Research Center for Quantum Networks (CQN),1941583,F4320306076,National Science Foundation,
W4294433893,5,G777498305,,PE0000023-NQSTI,F4320320300,European Commission,
W4294433893,6,G87932940,,EP/T001011/1,F4320334627,Engineering and Physical Sciences Research Council,
W4294433893,7,G8827505550,Quantum Secure Networks Partnership,101114043,F4320320300,European Commission,
W4308012969,1,G6183517682,,7568717,F4320306084,U.S. Department of Energy,
W4309043939,1,G11630931,,DENA0003525,F4320306084,U.S. Department of Energy,
W4309043939,2,G138837881,,DE-NA-0003525,F4320306101,National Aeronautics and Space Administration,
W4309043939,3,G288067973,,0003525,F4320306084,U.S. Department of Energy,
W4309043939,4,G413247060,,"DE‐NA,0003525",F4320338291,Sandia National Laboratories,
W4309043939,5,G5964803810,,0003525,F4320338291,Sandia National Laboratories,
W4309043939,6,G6220012268,,HR0011048577,F4320306078,U.S. Department of Defense,
W4309043939,7,G855168022,,DENA-0003525,F4320332369,National Nuclear Security Administration,
W4307079409,1,G7576470222,NSF Engineering Research Center for Quantum Networks (CQN),1941583,F4320306076,National Science Foundation,
W4323029913,1,G3729718828,,DNRF139,F4320320943,Danmarks Grundforskningsfond,
W4323029913,2,G6256534707,,824140,F4320332999,Horizon 2020 Framework Programme,
W4323029913,3,G7781592127,,FETPROACT-01-2018,F4320332999,Horizon 2020 Framework Programme,
W4385473107,1,G454917778,"MPS-Ascend: Matthew Yeung, Postdoctoral Fellowship:",2402151,F4320306076,National Science Foundation,
W4385473107,2,G6804949641,Graduate Research Fellowship Program (GRFP),1745302,F4320306076,National Science Foundation,
W4386397592,1,G1432373144,,W911NF-21-1-,F4320338281,Army Research Office,
W4386397592,2,G1523888516,,FA9550-,F4320338279,Air Force Office of Scientific Research,
W4386397592,3,G3155092797,,W911NF-21-1-0184,F4320338281,Army Research Office,
W4386397592,4,G4516736450,,-21-1-,F4320338279,Air Force Office of Scientific Research,
W4386397592,5,G5599649393,,200020,F4320306076,National Science Foundation,
W4386397592,6,G5938965488,Low dimensional quantum fluids,188687,F4320320924,Schweizerischer Nationalfonds zur Förderung der Wissenschaftlichen Forschung,
W4386397592,7,G628552264,,200020,F4320320924,Schweizerischer Nationalfonds zur Förderung der Wissenschaftlichen Forschung,
W4386397592,8,G6369637627,Non-perturbative approaches to strongly correlated many-body systems,212899,F4320320924,Schweizerischer Nationalfonds zur Förderung der Wissenschaftlichen Forschung,
W4386397592,9,G6780731104,,FA9550-21-1-0216,F4320338279,Air Force Office of Scientific Research,
W4386397592,10,G7452299184,,W911NF,F4320338281,Army Research Office,
W4386397592,11,G993971353,,200021,F4320320924,Schweizerischer Nationalfonds zur Förderung der Wissenschaftlichen Forschung,
W4391376418,1,G2676722403,,80NM0018D0004,F4320332375,Jet Propulsion Laboratory,
W4391376418,2,G3648211085,,80NM0018D0004,F4320306101,National Aeronautics and Space Administration,
W4391376418,3,G830101876,,80 NM0018D0004,F4320309398,California Institute of Technology,
W4391505483,1,G1162011400,,W911NF1810432,F4320338281,Army Research Office,
W4391505483,2,G1230266125,,EXC‐2056,F4320320879,Deutsche Forschungsgemeinschaft,
W4391505483,3,G3328784144,EXC 2056: CUI: Advanced Imaging of Matter,390715994,F4320320879,Deutsche Forschungsgemeinschaft,
W4391505483,4,G3582326853,,W911NF1810432,F4320333591,Multidisciplinary University Research Initiative,
W4391505483,5,G3908502130,,N00014-20-1-2425,F4320337345,Office of Naval Research,
W4391505483,6,G5631081224,,ID 39 071 5994,F4320320879,Deutsche Forschungsgemeinschaft,
W4391505483,7,G6098521345,,FA9550,F4320337345,Office of Naval Research,
W4391505483,8,G6936360943,"AB-INITIO SOLID-STATE QUANTUM MATERIALS: DESIGN, PRODUCTION, AND CHARACTERIZATION AT THE ATOMIC SCALE",W911NF1810432,F4320306078,U.S. Department of Defense,
W4391505483,9,G8876996369,,N00014,F4320337345,Office of Naval Research,
W4403263118,1,G1125181430,,FA9550-23-1-0455,F4320338279,Air Force Office of Scientific Research,
W4403263118,2,G1336383939,,FA9550-23-1-0472,F4320338279,Air Force Office of Scientific Research,
W4403263118,3,G6149482855,,HR00112220011,F4320332180,Defense Advanced Research Projects Agency,
W4403835372,1,G4360825345,FET: Small: Establishing an efficient framework for non-Gaussian states engineering and optical implementation of measurements,2122337,F4320306076,National Science Foundation,
W4415593510,1,G7576470222,NSF Engineering Research Center for Quantum Networks (CQN),1941583,F4320306076,National Science Foundation,
W3176707359,1,G1152082817,CDS&E: Two-electron Reduced Density Matrices in Quantum Chemistry and Physics,1565638,F4320306076,National Science Foundation,
W3176707359,2,G2257628570,QUANTUM COMPUTING ALGORITHMS AND APPLICATIONS FOR COHERENT AND STRONGLY CORRELATED CHEMICAL SYSTEMS,DESC0019215,F4320306084,U.S. Department of Energy,
W3176707359,3,G2298080521,RAISE-QAC-QSA: Open Quantum Systems on Noisy Intermediate-Scale Quantum Devices,2037783,F4320306076,National Science Foundation,
W3176707359,4,G8132942019,EAGER‐QAC‐QSA: Quantum Chemistry with Mean-field Cost from Semidefinite Programming on Quantum Computing Devices,2035876,F4320306076,National Science Foundation,
W4399207709,1,G102163711,,DE‐ AC02‐06CH11357,F4320306084,U.S. Department of Energy,
W4399207709,2,G107546177,,DE- AC02-06-CH11357,F4320338284,Argonne National Laboratory,
W4399207709,3,G120905174,,PRTRC17,F4320320300,European Commission,
W4399207709,4,G121915436,,DEAC05- 00OR22725,F4320332359,Office of Science,
W4399207709,5,G1313983767,,DE-AC02,F4320338284,Argonne National Laboratory,
W4399207709,6,G1595359939,,QUAN000021-01,F4320330231,Diputación Foral de Gipuzkoa,
W4399207709,7,G1645119126,,AC05-00OR22725,F4320306084,U.S. Department of Energy,
W4399207709,8,G1664757510,,AC02–06CH11357,F4320338284,Argonne National Laboratory,
W4399207709,9,G171842289,,DE-SC0012704,F4320338284,Argonne National Laboratory,
W4399207709,10,G203625172,,DE--AC05--00OR22725,F4320306084,U.S. Department of Energy,
W4399207709,11,G2110534122,,DE-AC02-06CH11357,F4320334593,Natural Sciences and Engineering Research Council of Canada,
W4399207709,12,G2287611682,,AC02‐06CH11357,F4320332359,Office of Science,
W4399207709,13,G2411683797,,DEAC05- 00OR22725,F4320306076,National Science Foundation,
W4399207709,14,G241279073,,DE‐SC0012704,F4320306084,U.S. Department of Energy,
W4399207709,15,G262962599,,AC02‐06CH11357,F4320306084,U.S. Department of Energy,
W4399207709,16,G2715909221,,DE-AC05-00OR22725,F4320334593,Natural Sciences and Engineering Research Council of Canada,
W4399207709,17,G285114038,,NextGenerationEU PRTR-C17.I1,F4320320300,European Commission,
W4399207709,18,G2988778103,,DE-AC05?,F4320306084,U.S. Department of Energy,
W4399207709,19,G3075337988,,06CH11357,F4320338284,Argonne National Laboratory,
W4399207709,20,G3172226980,QLCI-CI: NSF Quantum Leap Challenge Institute for Quantum Sensing in Biophysics and Bioengineering,2121044,F4320306076,National Science Foundation,
W4399207709,21,G3510889102,,DE-AC05-00OR22725,F4320320300,European Commission,
W4399207709,22,G357145406,,DE-SC-0012704,F4320332359,Office of Science,
W4399207709,23,G357246561,,PRTR C17.I1,F4320320300,European Commission,
W4399207709,24,G4423657506,,AC05-00OR22725,F4320338287,Oak Ridge National Laboratory,
W4399207709,25,G4671393316,,DE-SC0012704,F4320334593,Natural Sciences and Engineering Research Council of Canada,
W4399207709,26,G498139845,,DE-AC02,F4320332359,Office of Science,
W4399207709,27,G513797252,,DE-AC02–06CH11357,F4320306076,National Science Foundation,
W4399207709,28,G531036588,,C17.I1,F4320320300,European Commission,
W4399207709,29,G5765906131,,SC0012704.,F4320306084,U.S. Department of Energy,
W4399207709,30,G6256534168,,DE-AC02-06CH11357,F4320320300,European Commission,
W4399207709,31,G675320460,,DE-AC05-00OR22725,F4320338287,Oak Ridge National Laboratory,
W4399207709,32,G6848031779,,06CH11357,F4320306084,U.S. Department of Energy,
W4399207709,33,G6918803902,,06CH11357,F4320332359,Office of Science,
W4399207709,34,G696401826,,QUAN-000021-01,F4320321705,Eusko Jaurlaritza,
W4399207709,35,G7463374569,,SC0012704,F4320332359,Office of Science,
W4399207709,36,G8269158468,,AC05-00OR22725,F4320332359,Office of Science,
W4399207709,37,G8286507625,,DE-AC02-06CH11357,F4320338287,Oak Ridge National Laboratory,
W4399207709,38,G872144517,,DE-SC0012704,F4320306076,National Science Foundation,
W4399207709,39,G8906985441,,00OR22725,F4320306084,U.S. Department of Energy,
W4399207709,40,G969889393,,DE-AC02-,F4320306084,U.S. Department of Energy,
W4399207709,41,G993149817,,DE-AC02-06CH11357 ,F4320332359,Office of Science,
W4282959633,1,G1152082817,CDS&E: Two-electron Reduced Density Matrices in Quantum Chemistry and Physics,1565638,F4320306076,National Science Foundation,
W4282959633,2,G1673814530,,"DE-SC0019215,",F4320337480,Basic Energy Sciences,
W4282959633,3,G2257628570,QUANTUM COMPUTING ALGORITHMS AND APPLICATIONS FOR COHERENT AND STRONGLY CORRELATED CHEMICAL SYSTEMS,DESC0019215,F4320306084,U.S. Department of Energy,
W4282959633,4,G2298080521,RAISE-QAC-QSA: Open Quantum Systems on Noisy Intermediate-Scale Quantum Devices,2037783,F4320306076,National Science Foundation,
W4282959633,5,G5177007542,,CHE-1565638,F4320337393,Division of Chemistry,
W4282959633,6,G5217248309,,No. DE-SC0019215,F4320337480,Basic Energy Sciences,
W4282959633,7,G5895477941,,CHE-2035876,F4320337393,Division of Chemistry,
W4282959633,8,G8132942019,EAGER‐QAC‐QSA: Quantum Chemistry with Mean-field Cost from Semidefinite Programming on Quantum Computing Devices,2035876,F4320306076,National Science Foundation,
W4407157650,1,G1264789558,,W911NF2010021,F4320332180,Defense Advanced Research Projects Agency,
W4407157650,2,G1286236842,,-AC02-05CH11231,F4320306084,U.S. Department of Energy,
W4407157650,3,G1863003419,,DEAC02-05CH11231,F4320306076,National Science Foundation,
W4407157650,4,G1938338418,,OMA-2120757,F4320306084,U.S. Department of Energy,
W4407157650,5,G1974070018,PROGRAMMABLE QUANTUM SIMULATORS FOR LATTICE GAUGE THEORIES AND GAUGE-GRAVITY CORRESPONDENCE,DESC0021013,F4320306084,U.S. Department of Energy,
W4407157650,6,G2697164521,QLCI-CI: NSF Quantum Leap Challenge Institute for Robust Quantum Simulation,2120757,F4320306076,National Science Foundation,
W4407157650,7,G3083819904,,05CH11231,F4320306084,U.S. Department of Energy,
W4407157650,8,G3388975023,2020 BUDGET REQUEST FOR THE DOE COMPUTATIONAL SCIENCE GRADUATE FELLOWSHIP (CSGF) GRANT,DESC0021110,F4320306084,U.S. Department of Energy,
W4407157650,9,G42916606,,DE AC02 05CH11231,F4320306084,U.S. Department of Energy,
W4407157650,10,G4466794032,Strange metals and the phases of quantum materials,2245246,F4320306076,National Science Foundation,
W4407157650,11,G5206177008,,DE-AC02-05CH11231,F4320332180,Defense Advanced Research Projects Agency,
W4407157650,12,G969889393,,DE-AC02-,F4320306084,U.S. Department of Energy,
W4406706928,1,G1053497528,Quantum Integration of Data and Emergence at Atomic Scales (Qu-IDEAS),2118310,F4320306076,National Science Foundation,
W4406706928,2,G1264789558,,W911NF2010021,F4320332180,Defense Advanced Research Projects Agency,
W4406706928,3,G1929405449,NSF BSF: Nonlinear Photon Interactions in Cooperative Quantum Optical Systems,2207972,F4320306076,National Science Foundation,
W4406706928,4,G1974070018,PROGRAMMABLE QUANTUM SIMULATORS FOR LATTICE GAUGE THEORIES AND GAUGE-GRAVITY CORRESPONDENCE,DESC0021013,F4320306084,U.S. Department of Energy,
W4406706928,5,G2916627489,,W911NF-20-1-0082,F4320338281,Army Research Office,
W4406706928,6,G2965343990,,HR001122C0063,F4320332180,Defense Advanced Research Projects Agency,
W4406706928,7,G3115015517,,QMA-2016345,F4320306076,National Science Foundation,
W4406706928,8,G3388975023,2020 BUDGET REQUEST FOR THE DOE COMPUTATIONAL SCIENCE GRADUATE FELLOWSHIP (CSGF) GRANT,DESC0021110,F4320306084,U.S. Department of Energy,
W4406706928,9,G586693022,,W911NF2010082,F4320333591,Multidisciplinary University Research Initiative,
W4406706928,10,G5937005037,Physics and Applications of Quantum Nanophotonics Systems,2012023,F4320306076,National Science Foundation,
W4406706928,11,G5989920273,,HR0011-23-3-0030,F4320332180,Defense Advanced Research Projects Agency,
W4406706928,12,G6183517682,,7568717,F4320306084,U.S. Department of Energy,
W4406706928,13,G7252073159,,PHY-2317134,F4320334437,"Center for Ultracold Atoms, Massachusetts Institute of Technology",
W4406706928,14,G7454671755,Center: Center for Ultracold Atoms,2317134,F4320306076,National Science Foundation,
W4388501018,1,G122673668,,DE–AC02–05CH11231,F4320317220,National Energy Research Scientific Computing Center,
W4388501018,2,G1286236842,,-AC02-05CH11231,F4320306084,U.S. Department of Energy,
W4388501018,3,G1286251239,,DE-AC02,F4320337480,Basic Energy Sciences,
W4388501018,4,G1677143136,,05CH11231,F4320317220,National Energy Research Scientific Computing Center,
W4388501018,5,G1789564604,,BES-ERCAP0020980,F4320317220,National Energy Research Scientific Computing Center,
W4388501018,6,G2032946442,CREATING AND INTERFACING DESIGNER CHEMICAL QUBITS,DESC0019356,F4320306084,U.S. Department of Energy,
W4388501018,7,G30714459,,DE-AC02-05CH11231.,F4320337480,Basic Energy Sciences,
W4388501018,8,G3083819904,,05CH11231,F4320306084,U.S. Department of Energy,
W4388501018,9,G419881185,,DEAC02–05CH11231,F4320332359,Office of Science,
W4388501018,10,G42916606,,DE AC02 05CH11231,F4320306084,U.S. Department of Energy,
W4388501018,11,G429288766,CREATING AND INTERFACING DESIGNER CHEMICAL QUBITS,DESC0019356,F4320332359,Office of Science,
W4388501018,12,G4501827968,,AC02-05CH11231,F4320332359,Office of Science,
W4388501018,13,G498139845,,DE-AC02,F4320332359,Office of Science,
W4388501018,14,G5076365615,,AC02-05CH11231,F4320317220,National Energy Research Scientific Computing Center,
W4388501018,15,G650090426,,AC02–05CH11231,F4320337480,Basic Energy Sciences,
W4388501018,16,G6530185922,,DE-SC0019356,F4320337480,Basic Energy Sciences,
W4388501018,17,G969889393,,DE-AC02-,F4320306084,U.S. Department of Energy,
W4412747510,1,G1334272675,,1541959,F4320337392,"Division of Electrical, Communications and Cyber Systems",
W4412747510,2,G1562927866,"Quantum-limited metrology, transduction and generation of terahertz signals in integrated photonics",201547,F4320320924,Schweizerischer Nationalfonds zur Förderung der Wissenschaftlichen Forschung,
W4412747510,3,G183705201,,101070700,F4320334322,HORIZON EUROPE Framework Programme,
W4412747510,4,G5970606412,NNCI: The Center for Nanoscale System (CNS) at Harvard University,1541959,F4320306076,National Science Foundation,
W4412747510,5,G6815302044,MID-INFRARED QUANTUM TECHNOLOGY FOR SENSING,101070700,F4320320300,European Commission,
W4412747510,6,G6851903837,An integrated photonics-based dual-wavelength light source for terahertz transmitters on lithium niobate,214483,F4320320924,Schweizerischer Nationalfonds zur Förderung der Wissenschaftlichen Forschung,
W4412747510,7,G8667997277,NSF-SNSF: Lithium niobate based terahertz systems: fundamentals and applications.,2407727,F4320306076,National Science Foundation,
W4401977084,1,G1290610125,,37417,F4320310490,Villum Fonden,
W4401977084,2,G3819869595,,W911NF2120099,F4320338295,Army Research Laboratory,
W4401977084,3,G4800547303,,1747426,F4320337367,Division of Materials Research,
W4401977084,4,G7680471893,,W911NF2220127,F4320338295,Army Research Laboratory,
W4403458230,1,G1829052184,,N00014-19-1-2189,F4320337345,Office of Naval Research,
W4403458230,2,G4949707386,,FA9550-22-1-0180,F4320338279,Air Force Office of Scientific Research,
W4403458230,3,G5433375641,,2122337,F4320335353,National Science Foundation of Sri Lanka,
W4403458230,4,G8531782002,,2239735,F4320335353,National Science Foundation of Sri Lanka,
W4408281310,1,G264021278,CONNECT_Phase 2,13/RC/2077_P2,F4320320847,Science Foundation Ireland,
W4408281310,2,G5288858911,U.S.-Ireland R&D Partnership: Collaborative Research: CNS Core: Medium: A unified framework for the emulation of classical and quantum physical layer networks,2107265,F4320306076,National Science Foundation,
W4408281310,3,G6428533792,A unified framework for the emulation of classical and quantum networks,20/US/3708,F4320320847,Science Foundation Ireland,
W4408281310,4,G7602799974,Convergent Quantum REsearchAlliance in Telecommunications (CoQREATE),21/US-C2C/3750,F4320320847,Science Foundation Ireland,
W3168235965,1,G1639952346,,1231319,F4320337367,Division of Materials Research,
W3168235965,2,G1910132285,RAISE-TAQS: Room-Temperature Quantum Sensing and Computation using DNA-based Excitonic Circuits,1839155,F4320306076,National Science Foundation,
W3168235965,3,G2379005935,,Hetero2D,F4320320300,European Commission,
W3168235965,4,G2834495927,Engineering van der Waals heterostructures: from atomic level layer-by-layer assembly to printable innovative devices,EP/N010345/1,F4320334627,Engineering and Physical Sciences Research Council,
W3168235965,5,G310703272,,DMR‐1231319,F4320338295,Army Research Laboratory,
W3168235965,6,G3172718891,Graphene Flexible Electronics and Optoelectronics,EP/K01711X/1,F4320334627,Engineering and Physical Sciences Research Council,
W3168235965,7,G3311699245,Center for Integrated Quantum Materials,1231319,F4320306076,National Science Foundation,
W3168235965,8,G389846916,,2D-SIPC,F4320320300,European Commission,
W3168235965,9,G434337789,,HORIZON2020,F4320320300,European Commission,
W3168235965,10,G5073374355,EPSRC Centre for Doctoral Training in Graphene Technology,EP/L016087/1,F4320334627,Engineering and Physical Sciences Research Council,
W3168235965,11,G516966722,,EP/N010345,F4320334627,Engineering and Physical Sciences Research Council,
W3168235965,12,G5849335364,,L016087/1,F4320334627,Engineering and Physical Sciences Research Council,
W3168235965,13,G6184553249,Graphene Flexible Electronics and Optoelectronics: Bridging The Gap Between Academia and Industry,EP/K017144/1,F4320334627,Engineering and Physical Sciences Research Council,
W3168235965,14,G6629006974,Integrated multi-qubit devices for scalable quantum networks,840393,F4320320300,European Commission,
W3168235965,15,G8640644076,,DMR-12313 19,F4320306076,National Science Foundation,
W3168235965,16,G875209366,,DMR-1231319,F4320337367,Division of Materials Research,
W4417268418,1,G4949707386,,FA9550-22-1-0180,F4320338279,Air Force Office of Scientific Research,
W4417268418,2,G7122844373,,80NSSC22K1030,F4320306101,National Aeronautics and Space Administration,
W4295356778,1,G1264789558,,W911NF2010021,F4320332180,Defense Advanced Research Projects Agency,
W4295356778,2,G1432373144,,W911NF-21-1-,F4320338281,Army Research Office,
W4295356778,3,G2475912542,,101041435,F4320306084,U.S. Department of Energy,
W4295356778,4,G4162479895,,W911NF-21-1-0367,F4320338281,Army Research Office,
W4295356778,5,G6183517682,,7568717,F4320306084,U.S. Department of Energy,
W4295356778,6,G7452299184,,W911NF,F4320338281,Army Research Office,
W4288727313,1,G1230266125,,EXC‐2056,F4320320879,Deutsche Forschungsgemeinschaft,
W4288727313,2,G2183085053,,840968,F4320338281,Army Research Office,
W4288727313,3,G2554244226,,1541959,F4320338279,Air Force Office of Scientific Research,
W4288727313,4,G2919862584,,840968,F4320306076,National Science Foundation,
W4288727313,5,G3174456158,CONTROLLED SYNTHESIS OF SOLID-STATE QUANTUM EMITTER ARRAYS FOR QUANTUM COMPUTING AND SIMULATION,DESC0020115,F4320306084,U.S. Department of Energy,
W4288727313,6,G3328784144,EXC 2056: CUI: Advanced Imaging of Matter,390715994,F4320320879,Deutsche Forschungsgemeinschaft,
W4288727313,7,G3921348697,,EXC 2056,F4320308269,Alexander von Humboldt-Stiftung,
W4288727313,8,G440953257,,390715994,F4320306084,U.S. Department of Energy,
W4288727313,9,G4608849795,,1541959,F4320338281,Army Research Office,
W4288727313,10,G4675369358,,390715994,F4320320300,European Commission,
W4288727313,11,G468436599,,840968,F4320338279,Air Force Office of Scientific Research,
W4288727313,12,G4973792023,Graduate Research Fellowship Program (GRFP),1745303,F4320306076,National Science Foundation,
W4288727313,13,G5631081224,,ID 39 071 5994,F4320320879,Deutsche Forschungsgemeinschaft,
W4288727313,14,G5970606412,NNCI: The Center for Nanoscale System (CNS) at Harvard University,1541959,F4320306076,National Science Foundation,
W4288727313,15,G8270899765,Coherent Optomechanical and Hyperfine interactions Engineering with Silicon-Vacancy impurities in diamond for quantum networks,840968,F4320320300,European Commission,
W4226128016,1,G1404049065,,FA9550-21-1-0209,F4320338279,Air Force Office of Scientific Research,
W4226128016,2,G1432373144,,W911NF-21-1-,F4320338281,Army Research Office,
W4226128016,3,G1482135624,,W911NF-18-1-0020,F4320338279,Air Force Office of Scientific Research,
W4226128016,4,G1523888516,,FA9550-,F4320338279,Air Force Office of Scientific Research,
W4226128016,5,G165179637,,W911NF1610349,F4320333591,Multidisciplinary University Research Initiative,
W4226128016,6,G1770223817,,FA864921P0781,F4320338294,Air Force Research Laboratory,
W4226128016,7,G1799408541,,EEC-1941583,F4320338279,Air Force Office of Scientific Research,
W4226128016,8,G2598085392,,W911NF-16-1-0349,F4320338279,Air Force Office of Scientific Research,
W4226128016,9,G3067963855,,W911NF-18-1-0020,F4320338281,Army Research Office,
W4226128016,10,G3162985271,,W911NF2110325,F4320333591,Multidisciplinary University Research Initiative,
W4226128016,11,G3230488186,,FA9550-18-1-0148,F4320338279,Air Force Office of Scientific Research,
W4226128016,12,G3392305090,,-16-1-,F4320338279,Air Force Office of Scientific Research,
W4226128016,13,G3722242190,,OMA-2137642,F4320338279,Air Force Office of Scientific Research,
W4226128016,14,G4251481996,DISTRIBUTED QUANTUM INFORMATION: THEORY AND APPLICATIONS,DESC0020360,F4320306084,U.S. Department of Energy,
W4226128016,15,G431725244,,FA9550-21-1-0209,F4320333591,Multidisciplinary University Research Initiative,
W4226128016,16,G4516736450,,-21-1-,F4320338279,Air Force Office of Scientific Research,
W4226128016,17,G4578494242,,FA9550-21-1-0008,F4320338279,Air Force Office of Scientific Research,
W4226128016,18,G4629941602,QuIC - TaQS: Interconnects for a Superconducting-Atomic Hybrid Quantum Network,2137642,F4320306076,National Science Foundation,
W4226128016,19,G479317180,"CAREER: Near-term quantum computing: achieving quantum advantage, and next steps",2044923,F4320306076,National Science Foundation,
W4226128016,20,G4876042962,,OMA-1936118,F4320338279,Air Force Office of Scientific Research,
W4226128016,21,G4962106257,,W911NF-18-1-0212,F4320338281,Army Research Office,
W4226128016,22,G5298762856,,FA9550-21-1-0209,F4320338294,Air Force Research Laboratory,
W4226128016,23,G5633803853,,NRF-2020M3E4A1077861,F4320328359,"Ministry of Science and ICT, South Korea",
W4226128016,24,G5659690140,,FA9550-19-1-0399,F4320306076,National Science Foundation,
W4226128016,25,G6140219796,,PHY-1748958,F4320328359,"Ministry of Science and ICT, South Korea",
W4226128016,26,G6141599669,,EFMA-1640959,F4320338279,Air Force Office of Scientific Research,
W4226128016,27,G6167497367,,FA9550-19-1-0399,F4320338279,Air Force Office of Scientific Research,
W4226128016,28,G6185281766,,NRF-2020M3E4A1077861,F4320322120,National Research Foundation of Korea,
W4226128016,29,G6478756169,,FA9550-21,F4320338279,Air Force Office of Scientific Research,
W4226128016,30,G6518383159,,W911NF2110325,F4320338281,Army Research Office,
W4226128016,31,G6526646931,,FA9550-19-1-0399,F4320333591,Multidisciplinary University Research Initiative,
W4226128016,32,G657448715,,W911NF-16-1-,F4320338281,Army Research Office,
W4226128016,33,G6671297155,,CAREER,F4320306076,National Science Foundation,
W4226128016,34,G7262863754,,1941583,F4320306084,U.S. Department of Energy,
W4226128016,35,G7444832178,,EEC-1941583,F4320306084,U.S. Department of Energy,
W4226128016,36,G7452299184,,W911NF,F4320338281,Army Research Office,
W4226128016,37,G7500482128,,W911NF-18-1-0212,F4320338279,Air Force Office of Scientific Research,
W4226128016,38,G7576470222,NSF Engineering Research Center for Quantum Networks (CQN),1941583,F4320306076,National Science Foundation,
W4226128016,39,G7900882,,W911NF-16- 1-0349,F4320338281,Army Research Office,
W4226128016,40,G8289759875,,FA9550,F4320338294,Air Force Research Laboratory,
W4226128016,41,G8497063558,Kavli Institute for Theoretical Physics,1748958,F4320306076,National Science Foundation,
W4226128016,42,G8778025950,EFRI ACQUIRE: Integrated Nanophotonic Solid State Memories for Telecom Wavelength Quantum Repeaters,1640959,F4320306076,National Science Foundation,
W4226128016,43,G922915270,QII-TAQS: Quantum Metrological Platform for Single-Molecule Bio-Sensing,1936118,F4320306076,National Science Foundation,
W4389912021,1,G102163711,,DE‐ AC02‐06CH11357,F4320306084,U.S. Department of Energy,
W4389912021,2,G107546177,,DE- AC02-06-CH11357,F4320338284,Argonne National Laboratory,
W4389912021,3,G120905174,,PRTRC17,F4320320300,European Commission,
W4389912021,4,G121915436,,DEAC05- 00OR22725,F4320332359,Office of Science,
W4389912021,5,G1313983767,,DE-AC02,F4320338284,Argonne National Laboratory,
W4389912021,6,G1645119126,,AC05-00OR22725,F4320306084,U.S. Department of Energy,
W4389912021,7,G1664757510,,AC02–06CH11357,F4320338284,Argonne National Laboratory,
W4389912021,8,G171842289,,DE-SC0012704,F4320338284,Argonne National Laboratory,
W4389912021,9,G203625172,,DE--AC05--00OR22725,F4320306084,U.S. Department of Energy,
W4389912021,10,G2110534122,,DE-AC02-06CH11357,F4320334593,Natural Sciences and Engineering Research Council of Canada,
W4389912021,11,G2287611682,,AC02‐06CH11357,F4320332359,Office of Science,
W4389912021,12,G2411683797,,DEAC05- 00OR22725,F4320306076,National Science Foundation,
W4389912021,13,G241279073,,DE‐SC0012704,F4320306084,U.S. Department of Energy,
W4389912021,14,G262962599,,AC02‐06CH11357,F4320306084,U.S. Department of Energy,
W4389912021,15,G2715909221,,DE-AC05-00OR22725,F4320334593,Natural Sciences and Engineering Research Council of Canada,
W4389912021,16,G285114038,,NextGenerationEU PRTR-C17.I1,F4320320300,European Commission,
W4389912021,17,G2988778103,,DE-AC05?,F4320306084,U.S. Department of Energy,
W4389912021,18,G3075337988,,06CH11357,F4320338284,Argonne National Laboratory,
W4389912021,19,G3172226980,QLCI-CI: NSF Quantum Leap Challenge Institute for Quantum Sensing in Biophysics and Bioengineering,2121044,F4320306076,National Science Foundation,
W4389912021,20,G3510889102,,DE-AC05-00OR22725,F4320320300,European Commission,
W4389912021,21,G357145406,,DE-SC-0012704,F4320332359,Office of Science,
W4389912021,22,G357246561,,PRTR C17.I1,F4320320300,European Commission,
W4389912021,23,G4423657506,,AC05-00OR22725,F4320338287,Oak Ridge National Laboratory,
W4389912021,24,G4671393316,,DE-SC0012704,F4320334593,Natural Sciences and Engineering Research Council of Canada,
W4389912021,25,G498139845,,DE-AC02,F4320332359,Office of Science,
W4389912021,26,G513797252,,DE-AC02–06CH11357,F4320306076,National Science Foundation,
W4389912021,27,G531036588,,C17.I1,F4320320300,European Commission,
W4389912021,28,G5765906131,,SC0012704.,F4320306084,U.S. Department of Energy,
W4389912021,29,G6256534168,,DE-AC02-06CH11357,F4320320300,European Commission,
W4389912021,30,G675320460,,DE-AC05-00OR22725,F4320338287,Oak Ridge National Laboratory,
W4389912021,31,G6848031779,,06CH11357,F4320306084,U.S. Department of Energy,
W4389912021,32,G6918803902,,06CH11357,F4320332359,Office of Science,
W4389912021,33,G696401826,,QUAN-000021-01,F4320321705,Eusko Jaurlaritza,
W4389912021,34,G7463374569,,SC0012704,F4320332359,Office of Science,
W4389912021,35,G8269158468,,AC05-00OR22725,F4320332359,Office of Science,
W4389912021,36,G8286507625,,DE-AC02-06CH11357,F4320338287,Oak Ridge National Laboratory,
W4389912021,37,G872144517,,DE-SC0012704,F4320306076,National Science Foundation,
W4389912021,38,G8906985441,,00OR22725,F4320306084,U.S. Department of Energy,
W4389912021,39,G969889393,,DE-AC02-,F4320306084,U.S. Department of Energy,
W4389912021,40,G993149817,,DE-AC02-06CH11357 ,F4320332359,Office of Science,
W4307001553,1,G3162985271,,W911NF2110325,F4320333591,Multidisciplinary University Research Initiative,
W4307001553,2,G6518383159,,W911NF2110325,F4320338281,Army Research Office,
W4307001553,3,G6715895681,Collaborative Research: CNS Core: Medium: Design and Analysis of Quantum Networks for Entanglement Distribution,1955834,F4320306076,National Science Foundation,
W4294007347,1,G1285306620,,SC0012704,F4320338289,Brookhaven National Laboratory,
W4294007347,2,G1847291448,,DE- SC0012704,F4320337480,Basic Energy Sciences,
W4294007347,3,G241279073,,DE‐SC0012704,F4320306084,U.S. Department of Energy,
W4294007347,4,G3262563802,,DE- SC0012704,F4320338289,Brookhaven National Laboratory,
W4294007347,5,G357145406,,DE-SC-0012704,F4320332359,Office of Science,
W4294007347,6,G5765906131,,SC0012704.,F4320306084,U.S. Department of Energy,
W4294007347,7,G599780147,,DE-SC0012704,F4320332180,Defense Advanced Research Projects Agency,
W4294007347,8,G6965541988,,SC0012704,F4320337480,Basic Energy Sciences,
W4294007347,9,G7463374569,,SC0012704,F4320332359,Office of Science,
W4294007347,10,G872144517,,DE-SC0012704,F4320306076,National Science Foundation,
W4327486160,1,G4396585074,OP: Quantum Optical Physics with Nanophotonics Systems,1506284,F4320306076,National Science Foundation,
W4327486160,2,G8121721066,Moore Scholars in Theory of Quantum Materials,GBMF4306,F4320306202,Gordon and Betty Moore Foundation,
W4365460532,1,G5557203550,,N00014-20-1-2422,F4320337345,Office of Naval Research,
W4365460532,2,G6385238186,CAREER: Quantum Acoustic Information Processing with Phononic Crystal Devices,1941826,F4320306076,National Science Foundation,
W4365460532,3,G6671297155,,CAREER,F4320306076,National Science Foundation,
W4365460532,4,G8876996369,,N00014,F4320337345,Office of Naval Research,
W3209272857,1,G5404777626,,EP/S005021/1,F4320334627,Engineering and Physical Sciences Research Council,
W4320031315,1,G2469973041,,N660012014029,F4320332180,Defense Advanced Research Projects Agency,
W4320031315,2,G4006026319,Quantum Aspects of Matter Fields and Gravity,2110273,F4320306076,National Science Foundation,
W4362514801,1,G1549524776,CAREER: Using Entanglement to Enhance Communication and Sensing in the Presence of Noise,2142882,F4320306076,National Science Foundation,
W4362514801,2,G1872762428,,N000142312296,F4320337345,Office of Naval Research,
W4362514801,3,G2351066264,,PIF21/289,F4320321919,Euskal Herriko Unibertsitatea,
W4362514801,4,G6671297155,,CAREER,F4320306076,National Science Foundation,
W4362514801,5,G8876996369,,N00014,F4320337345,Office of Naval Research,
W4375957321,1,G2463917466,,HR00112090128,F4320332180,Defense Advanced Research Projects Agency,
W4385291170,1,G1134578003,,H2020-MSCA-IF-2014,F4320320300,European Commission,
W4385291170,2,G1334272675,,1541959,F4320337392,"Division of Electrical, Communications and Cyber Systems",
W4385291170,3,G2715654041,Single-Emitter Quantum Optics and Optomechanics,655369,F4320320300,European Commission,
W4385291170,4,G3228588229,,655369,F4320332999,Horizon 2020 Framework Programme,
W4385291170,5,G3291143030,,H2020‐MSCAIF‐2014,F4320332999,Horizon 2020 Framework Programme,
W4385291170,6,G3345895242,,H2020-MSCA,F4320332999,Horizon 2020 Framework Programme,
W4385291170,7,G4123512917,,H2020,F4320308269,Alexander von Humboldt-Stiftung,
W4385291170,8,G4937468798,,H2020,F4320320300,European Commission,
W4385291170,9,G5128061910,,1541959,F4320333566,National Defense Science and Engineering Graduate,
W4385291170,10,G5188405068,,13N16297,F4320321114,Bundesministerium für Bildung und Forschung,
W4385291170,11,G526393511,,MSCA-IF-2014,F4320332999,Horizon 2020 Framework Programme,
W4385291170,12,G5970606412,NNCI: The Center for Nanoscale System (CNS) at Harvard University,1541959,F4320306076,National Science Foundation,
W4385291170,13,G6100342675,,1541959,F4320309622,Harvard University,
W4385291170,14,G6181177137,Graduate Research Fellowship Program (GRFP),2140743,F4320306076,National Science Foundation,
W4385291170,15,G6183517682,,7568717,F4320306084,U.S. Department of Energy,
W4385291170,16,G6329715174,,H2020‐MSCA‐IF,F4320320300,European Commission,
W4385291170,17,G6934100220,,1541959,F4320332999,Horizon 2020 Framework Programme,
W4385291170,18,G8512683158,,H2020-MSCA,F4320320300,European Commission,
W4386302934,1,G1463062727,,12101353,F4320321001,National Natural Science Foundation of China,
W4386302934,2,G2245803972,,CNS-2112562,F4320337345,Office of Naval Research,
W4386302934,3,G2614908572,,JSGG20211029095003004,F4320326705,"Science, Technology and Innovation Commission of Shenzhen Municipality",
W4386302934,4,G4244981204,,N00014-19-1-2566,F4320337345,Office of Naval Research,
W4386302934,5,G8377316191,AI Institute for Edge Computing Leveraging Next Generation Networks (Athena),2112562,F4320306076,National Science Foundation,
W4386302934,6,G8876996369,,N00014,F4320337345,Office of Naval Research,
W4399657573,1,G434337789,,HORIZON2020,F4320320300,European Commission,
W4399657573,2,G8354189447,Quantum Internet Alliance,820445,F4320320300,European Commission,
W4311079979,1,G4934801491,Collaborative Research: CNS Core: Small: Optimizing Large-Scale Heterogeneous ML Platforms,2146814,F4320306076,National Science Foundation,
W4408932703,1,G5476995083,QLCI-CI: NSF Quantum Leap Challenge Institute for Hybrid Quantum Architectures and Networks,2016136,F4320306076,National Science Foundation,
W4408932703,2,G730355787,,NSF Phy-1818914/232580,F4320336454,Division of Physics,
W4399695757,1,G4360825345,FET: Small: Establishing an efficient framework for non-Gaussian states engineering and optical implementation of measurements,2122337,F4320306076,National Science Foundation,
W7135041094,1,G1347821642,,NRF-2022M3K4A1094782,F4320322120,National Research Foundation of Korea,
W7135041094,2,G2672155904,,FA955024PB004,F4320338279,Air Force Office of Scientific Research,
W7135041094,3,G4198572546,QuIC-TAQS: Integrated Lithium Niobate Quantum Photonics Platform,2137723,F4320306076,National Science Foundation,
W7135041094,4,G485488592,,A50791,F4320310598,Amazon Web Services,
W7135041094,5,G5529980474,,N6833522C0413,F4320332923,U.S. Navy,
W7135041094,6,G6906440423,QuIC-TAQS: Implementation of a Neutral-Atom-Photonic-Cluster State,2138068,F4320306076,National Science Foundation,
W7135041094,7,G7576470222,NSF Engineering Research Center for Quantum Networks (CQN),1941583,F4320306076,National Science Foundation,
W7135041094,8,G8710651474,,FA9453-23-C-A039,F4320306078,U.S. Department of Defense,
W4380669465,1,G1034401897,,W911NF-17-2-0196,F4320306076,National Science Foundation,
W4380669465,2,G1198325749,,W911NF-17-2-0196.,F4320338295,Army Research Laboratory,
W4380669465,3,G1368418627,Collaborative Research: NGSDI: CarbonFirst: A Sustainable and Reliable Carbon-Centric Cloud-Edge Software Infrastructure,2105494,F4320306076,National Science Foundation,
W4380669465,4,G3219318528,Collaborative Research: CNS Core: Small: Dynamic Pricing and Procurement for Distributed Networked Platforms,2102963,F4320306076,National Science Foundation,
W4380669465,5,G3309890744,Collaborative Research: CNS Core: Medium: Dynamic Data-driven Systems - Theory and Applications,2106403,F4320306076,National Science Foundation,
W4380669465,6,G3837698350,CAREER: A Robust and Data-driven Design for Carbon-intelligent Distributed Systems,2045641,F4320306076,National Science Foundation,
W4380669465,7,G4934801491,Collaborative Research: CNS Core: Small: Optimizing Large-Scale Heterogeneous ML Platforms,2146814,F4320306076,National Science Foundation,
W4380669465,8,G5259331294,,W911NF,F4320338295,Army Research Laboratory,
W4380669465,9,G6671297155,,CAREER,F4320306076,National Science Foundation,
W4380669465,10,G7089186217,Collaborative Research: CNS Core: Medium: Dynamic Data-driven Systems - Theory and Applications,2106299,F4320306076,National Science Foundation,
W4380669465,11,G7837060236,,Cooperative Agreement W911NF-17-2-0196 (IoBT CRA),F4320338295,Army Research Laboratory,
W4380669465,12,G8299777864,Collaborative Research: CPS: Medium: Enabling DER Integration via Redesign of Information Flows,2136197,F4320306076,National Science Foundation,
W4380669465,13,G8439905257,Collaborative Research: CPS Medium: Enabling DER Integration via Redesign of Information Flows,2136199,F4320306076,National Science Foundation,
W4401693644,1,G3248877916,CAREER: Covert Quantum Sensing,2045530,F4320306076,National Science Foundation,
W4306295172,1,G1404049065,,FA9550-21-1-0209,F4320338279,Air Force Office of Scientific Research,
W4306295172,2,G1523888516,,FA9550-,F4320338279,Air Force Office of Scientific Research,
W4306295172,3,G1688234926,,CRC-183,F4320320879,Deutsche Forschungsgemeinschaft,
W4306295172,4,G2322311946,,80NSSC25M7057,F4320306101,National Aeronautics and Space Administration,
W4306295172,5,G3990184095,,FA9550-21-1-0209,F4320309626,University of Chicago,
W4306295172,6,G431725244,,FA9550-21-1-0209,F4320333591,Multidisciplinary University Research Initiative,
W4306295172,7,G4516736450,,-21-1-,F4320338279,Air Force Office of Scientific Research,
W4306295172,8,G6478756169,,FA9550-21,F4320338279,Air Force Office of Scientific Research,
W4306295172,9,G6769895073,,80NSSC25M7057,F4320310174,University of Pittsburgh,
W4323650256,1,G102163711,,DE‐ AC02‐06CH11357,F4320306084,U.S. Department of Energy,
W4323650256,2,G1055550527,,DE-AC02-06CH11357,F4320309626,University of Chicago,
W4323650256,3,G107522343,PFCQC: STAQ: Software-Tailored Architecture for Quantum co-design,1818914,F4320306076,National Science Foundation,
W4323650256,4,G107546177,,DE- AC02-06-CH11357,F4320338284,Argonne National Laboratory,
W4323650256,5,G1313983767,,DE-AC02,F4320338284,Argonne National Laboratory,
W4323650256,6,G1404049065,,FA9550-21-1-0209,F4320338279,Air Force Office of Scientific Research,
W4323650256,7,G1523888516,,FA9550-,F4320338279,Air Force Office of Scientific Research,
W4323650256,8,G1664757510,,AC02–06CH11357,F4320338284,Argonne National Laboratory,
W4323650256,9,G1813248907,,DMR-1747426,F4320338279,Air Force Office of Scientific Research,
W4323650256,10,G2287611682,,AC02‐06CH11357,F4320332359,Office of Science,
W4323650256,11,G262962599,,AC02‐06CH11357,F4320306084,U.S. Department of Energy,
W4323650256,12,G3075337988,,06CH11357,F4320338284,Argonne National Laboratory,
W4323650256,13,G3077665131,QLCI-CI: NSF Quantum Leap Challenge Institute for Present and Future Quantum Computing,2016245,F4320306076,National Science Foundation,
W4323650256,14,G3589692066,,DE-AC02-06CH11357,F4320337367,Division of Materials Research,
W4323650256,15,G3990184095,,FA9550-21-1-0209,F4320309626,University of Chicago,
W4323650256,16,G4020565512,,CCF-1813814,F4320306084,U.S. Department of Energy,
W4323650256,17,G431725244,,FA9550-21-1-0209,F4320333591,Multidisciplinary University Research Initiative,
W4323650256,18,G4516736450,,-21-1-,F4320338279,Air Force Office of Scientific Research,
W4323650256,19,G4800547303,,1747426,F4320337367,Division of Materials Research,
W4323650256,20,G4944074465,Convergence QL: Workshop Series: Cross- Sector Connections in Quantum Leap,1747426,F4320306076,National Science Foundation,
W4323650256,21,G498139845,,DE-AC02,F4320332359,Office of Science,
W4323650256,22,G513797252,,DE-AC02–06CH11357,F4320306076,National Science Foundation,
W4323650256,23,G5298095028,,DMR-1747426,F4320337367,Division of Materials Research,
W4323650256,24,G6848031779,,06CH11357,F4320306084,U.S. Department of Energy,
W4323650256,25,G6918803902,,06CH11357,F4320332359,Office of Science,
W4323650256,26,G741291543,,DE-AC02-06CH11357,F4320338279,Air Force Office of Scientific Research,
W4323650256,27,G8396343115,AF: Small: Toward Applications and Verification of Early Quantum Computers,1813814,F4320306076,National Science Foundation,
W4323650256,28,G969889393,,DE-AC02-,F4320306084,U.S. Department of Energy,
W4323650256,29,G993149817,,DE-AC02-06CH11357 ,F4320332359,Office of Science,
W4311247562,1,G1404049065,,FA9550-21-1-0209,F4320338279,Air Force Office of Scientific Research,
W4311247562,2,G1432373144,,W911NF-21-1-,F4320338281,Army Research Office,
W4311247562,3,G1523888516,,FA9550-,F4320338279,Air Force Office of Scientific Research,
W4311247562,4,G1770223817,,FA864921P0781,F4320338294,Air Force Research Laboratory,
W4311247562,5,G2983565297,,12305030,F4320321001,National Natural Science Foundation of China,
W4311247562,6,G3162985271,,W911NF2110325,F4320333591,Multidisciplinary University Research Initiative,
W4311247562,7,G3722242190,,OMA-2137642,F4320338279,Air Force Office of Scientific Research,
W4311247562,8,G431725244,,FA9550-21-1-0209,F4320333591,Multidisciplinary University Research Initiative,
W4311247562,9,G4516736450,,-21-1-,F4320338279,Air Force Office of Scientific Research,
W4311247562,10,G4629941602,QuIC - TaQS: Interconnects for a Superconducting-Atomic Hybrid Quantum Network,2137642,F4320306076,National Science Foundation,
W4311247562,11,G4876042962,,OMA-1936118,F4320338279,Air Force Office of Scientific Research,
W4311247562,12,G5298762856,,FA9550-21-1-0209,F4320338294,Air Force Research Laboratory,
W4311247562,13,G5528670684,,12347104,F4320321001,National Natural Science Foundation of China,
W4311247562,14,G5659690140,,FA9550-19-1-0399,F4320306076,National Science Foundation,
W4311247562,15,G6167497367,,FA9550-19-1-0399,F4320338279,Air Force Office of Scientific Research,
W4311247562,16,G6478756169,,FA9550-21,F4320338279,Air Force Office of Scientific Research,
W4311247562,17,G6518383159,,W911NF2110325,F4320338281,Army Research Office,
W4311247562,18,G6526646931,,FA9550-19-1-0399,F4320333591,Multidisciplinary University Research Initiative,
W4311247562,19,G6531137695,,27300823,F4320321001,National Natural Science Foundation of China,
W4311247562,20,G7452299184,,W911NF,F4320338281,Army Research Office,
W4311247562,21,G7576470222,NSF Engineering Research Center for Quantum Networks (CQN),1941583,F4320306076,National Science Foundation,
W4311247562,22,G803349154,高扭度部分子过程的动力学研究,10075020,F4320321001,National Natural Science Foundation of China,
W4311247562,23,G8289759875,,FA9550,F4320338294,Air Force Research Laboratory,
W4311247562,24,G922915270,QII-TAQS: Quantum Metrological Platform for Single-Molecule Bio-Sensing,1936118,F4320306076,National Science Foundation,
W4367190817,1,G2256474889,,ECCS-2026822,F4320337345,Office of Naval Research,
W4367190817,2,G2419087645,NNCI: nano@stanford,2026822,F4320306076,National Science Foundation,
W4367190817,3,G3566368602,,FA9550-17-1-0002,F4320332467,U.S. Air Force,
W4367190817,4,G4089419421,,ECCS-2026822,F4320337392,"Division of Electrical, Communications and Cyber Systems",
W4367190817,5,G5557203550,,N00014-20-1-2422,F4320337345,Office of Naval Research,
W4367190817,6,G6098521345,,FA9550,F4320337345,Office of Naval Research,
W4367190817,7,G6385238186,CAREER: Quantum Acoustic Information Processing with Phononic Crystal Devices,1941826,F4320306076,National Science Foundation,
W4367190817,8,G6671297155,,CAREER,F4320306076,National Science Foundation,
W4367190817,9,G66775623,,FA9550-17-1-0002,F4320333591,Multidisciplinary University Research Initiative,
W4367190817,10,G7090116110,,FA9550,F4320332467,U.S. Air Force,
W4367190817,11,G8065195062,,2026822,F4320337392,"Division of Electrical, Communications and Cyber Systems",
W4367190817,12,G8876996369,,N00014,F4320337345,Office of Naval Research,
W4394648710,1,G3154299419,,DE‐SC0021110,F4320337506,Advanced Scientific Computing Research,
W4394648710,2,G7166665977,Center for Ultracold Atoms,1734011,F4320306076,National Science Foundation,
W3014527406,1,G1460711728,,2016YFA0300802,F4320321001,National Natural Science Foundation of China,
W3014527406,2,G3048917105,,2016YFA0300802,F4320335777,National Key Research and Development Program of China,
W3014527406,3,G3727458317,,2016ZT06D348,F4320321001,National Natural Science Foundation of China,
W3014527406,4,G3897819892,,U1801661,F4320326705,"Science, Technology and Innovation Commission of Shenzhen Municipality",
W3014527406,5,G6983137340,,KYTDPT20181011104202253,F4320326705,"Science, Technology and Innovation Commission of Shenzhen Municipality",
W3014527406,6,G8235530901,,11704022,F4320321001,National Natural Science Foundation of China,
W3014527406,7,G957826975,,U1801661,F4320321001,National Natural Science Foundation of China,
W4287019082,1,G3132760473,,HR001118S0024,F4320332180,Defense Advanced Research Projects Agency,
W4292122215,1,G3067963855,,W911NF-18-1-0020,F4320338281,Army Research Office,
W4292122215,2,G5864310825,,EFMA-1640959,F4320337395,Division of Emerging Frontiers in Research and Innovation,
W4292122215,3,G7452299184,,W911NF,F4320338281,Army Research Office,
W4292122215,4,G8778025950,EFRI ACQUIRE: Integrated Nanophotonic Solid State Memories for Telecom Wavelength Quantum Repeaters,1640959,F4320306076,National Science Foundation,
W4297162629,1,G6149482855,,HR00112220011,F4320332180,Defense Advanced Research Projects Agency,
W4379961471,1,G1285306620,,SC0012704,F4320338289,Brookhaven National Laboratory,
W4379961471,2,G1847291448,,DE- SC0012704,F4320337480,Basic Energy Sciences,
W4379961471,3,G241279073,,DE‐SC0012704,F4320306084,U.S. Department of Energy,
W4379961471,4,G3262563802,,DE- SC0012704,F4320338289,Brookhaven National Laboratory,
W4379961471,5,G357145406,,DE-SC-0012704,F4320332359,Office of Science,
W4379961471,6,G5765906131,,SC0012704.,F4320306084,U.S. Department of Energy,
W4379961471,7,G6965541988,,SC0012704,F4320337480,Basic Energy Sciences,
W4379961471,8,G7463374569,,SC0012704,F4320332359,Office of Science,
W4379961471,9,G872144517,,DE-SC0012704,F4320306076,National Science Foundation,
W4385291879,1,G1327561392,CAREER:Understanding the Effects of the Immediate Environment on Intrinsic Properties of 2D Crystals: From Fundamental Science to Real World Applications,1752840,F4320306076,National Science Foundation,
W4385291879,2,G1453181110,,#2138286,F4320337377,Office of Advanced Cyberinfrastructure,
W4385291879,3,G1912064254,Track 4:  Advanced CI Coordination Ecosystem: Monitoring and Measurement Services,2137603,F4320306076,National Science Foundation,
W4385291879,4,G2265311722,,PHY180014,F4320306076,National Science Foundation,
W4385291879,5,G3406661761,,2138296,F4320337367,Division of Materials Research,
W4385291879,6,G3562386289,,#2138296,F4320337377,Office of Advanced Cyberinfrastructure,
W4385291879,7,G4010157413,,2138259,F4320337377,Office of Advanced Cyberinfrastructure,
W4385291879,8,G4676224565,ACO: An Open CI Ecosystem to Advance Scientific Discovery (OpenCI),2138296,F4320306076,National Science Foundation,
W4385291879,9,G509285653,Track 3: COre National Ecosystem for CyberinfrasTructure (CONECT),2138307,F4320306076,National Science Foundation,
W4385291879,10,G5212984984,,2138286,F4320337367,Division of Materials Research,
W4385291879,11,G5367127336,,#2138307,F4320337377,Office of Advanced Cyberinfrastructure,
W4385291879,12,G5464919783,,2137603,F4320337377,Office of Advanced Cyberinfrastructure,
W4385291879,13,G6098521345,,FA9550,F4320337345,Office of Naval Research,
W4385291879,14,G6121277264,,2137603,F4320337367,Division of Materials Research,
W4385291879,15,G6965887028,,2138259,F4320337367,Division of Materials Research,
W4385291879,16,G723389571,,DMR-1752840,F4320337367,Division of Materials Research,
W4385291879,17,G8174472116,,2138307,F4320337367,Division of Materials Research,
W4385291879,18,G8300691027,"Track 2: Customized Multi-tier Assistance, Training, and Computational Help (MATCH) for End User ACCESS to CI",2138286,F4320306076,National Science Foundation,
W4385291879,19,G894443915,Collaborative Research: Antiferromagnetic Spin-Flop Transitions in Heusler-Piezoelectric Systems Induced via Voltage,1905662,F4320306076,National Science Foundation,
W4391835541,1,G102163711,,DE‐ AC02‐06CH11357,F4320306084,U.S. Department of Energy,
W4391835541,2,G1286251239,,DE-AC02,F4320337480,Basic Energy Sciences,
W4391835541,3,G1453181110,,#2138286,F4320337377,Office of Advanced Cyberinfrastructure,
W4391835541,4,G1657001476,,DE-AC02-06CH11357,F4320337345,Office of Naval Research,
W4391835541,5,G1770223817,,FA864921P0781,F4320338294,Air Force Research Laboratory,
W4391835541,6,G1912064254,Track 4:  Advanced CI Coordination Ecosystem: Monitoring and Measurement Services,2137603,F4320306076,National Science Foundation,
W4391835541,7,G1960553131,Magnetic-field Control of Ionic Bonds on Polar Surfaces by Design,2006028,F4320306076,National Science Foundation,
W4391835541,8,G2027916244,,CBET-2006028,F4320337390,"Division of Chemical, Bioengineering, Environmental, and Transport Systems",
W4391835541,9,G2180993100,CAREER: Realizing Ultra-Broadband Terahertz Communication Networks,2011411,F4320306076,National Science Foundation,
W4391835541,10,G2287611682,,AC02‐06CH11357,F4320332359,Office of Science,
W4391835541,11,G262962599,,AC02‐06CH11357,F4320306084,U.S. Department of Energy,
W4391835541,12,G2882288540,,W911NF2310077,F4320338281,Army Research Office,
W4391835541,13,G3406661761,,2138296,F4320337367,Division of Materials Research,
W4391835541,14,G3562386289,,#2138296,F4320337377,Office of Advanced Cyberinfrastructure,
W4391835541,15,G3589692066,,DE-AC02-06CH11357,F4320337367,Division of Materials Research,
W4391835541,16,G4010157413,,2138259,F4320337377,Office of Advanced Cyberinfrastructure,
W4391835541,17,G426311843,,DE-AC- 02-06CH11357,F4320337480,Basic Energy Sciences,
W4391835541,18,G4590128248,,2006028,F4320337390,"Division of Chemical, Bioengineering, Environmental, and Transport Systems",
W4391835541,19,G4629941602,QuIC - TaQS: Interconnects for a Superconducting-Atomic Hybrid Quantum Network,2137642,F4320306076,National Science Foundation,
W4391835541,20,G4676224565,ACO: An Open CI Ecosystem to Advance Scientific Discovery (OpenCI),2138296,F4320306076,National Science Foundation,
W4391835541,21,G498139845,,DE-AC02,F4320332359,Office of Science,
W4391835541,22,G509285653,Track 3: COre National Ecosystem for CyberinfrasTructure (CONECT),2138307,F4320306076,National Science Foundation,
W4391835541,23,G513797252,,DE-AC02–06CH11357,F4320306076,National Science Foundation,
W4391835541,24,G5212984984,,2138286,F4320337367,Division of Materials Research,
W4391835541,25,G5367127336,,#2138307,F4320337377,Office of Advanced Cyberinfrastructure,
W4391835541,26,G5387317844,,AC02‐06CH11357,F4320337480,Basic Energy Sciences,
W4391835541,27,G5464919783,,2137603,F4320337377,Office of Advanced Cyberinfrastructure,
W4391835541,28,G6121277264,,2137603,F4320337367,Division of Materials Research,
W4391835541,29,G6121439157,,N00014-23-1-2144,F4320306076,National Science Foundation,
W4391835541,30,G6848031779,,06CH11357,F4320306084,U.S. Department of Energy,
W4391835541,31,G6918803902,,06CH11357,F4320332359,Office of Science,
W4391835541,32,G6965887028,,2138259,F4320337367,Division of Materials Research,
W4391835541,33,G7452299184,,W911NF,F4320338281,Army Research Office,
W4391835541,34,G7583137537,,06CH11357,F4320337480,Basic Energy Sciences,
W4391835541,35,G8174472116,,2138307,F4320337367,Division of Materials Research,
W4391835541,36,G8300691027,"Track 2: Customized Multi-tier Assistance, Training, and Computational Help (MATCH) for End User ACCESS to CI",2138286,F4320306076,National Science Foundation,
W4391835541,37,G8371563404,,N00014-23-1-2144,F4320337345,Office of Naval Research,
W4391835541,38,G8876996369,,N00014,F4320337345,Office of Naval Research,
W4391835541,39,G969889393,,DE-AC02-,F4320306084,U.S. Department of Energy,
W4391835541,40,G993149817,,DE-AC02-06CH11357 ,F4320332359,Office of Science,
W4405904785,1,G3248877916,CAREER: Covert Quantum Sensing,2045530,F4320306076,National Science Foundation,
W4413555845,1,G2569120085,Collaborative Research: CIF: Medium: QODED: Quantum codes Optimized for the Dynamics between Encoded Computation and Decoding using Classical Coding Techniques,2106189,F4320306076,National Science Foundation,
W4416874864,1,G7576470222,NSF Engineering Research Center for Quantum Networks (CQN),1941583,F4320306076,National Science Foundation,
W7152438334,1,G2193698,,2021M3H3A1036573,F4320322120,National Research Foundation of Korea,
W7152438334,2,G2882288540,,W911NF2310077,F4320338281,Army Research Office,
W7152438334,3,G3162985271,,W911NF2110325,F4320333591,Multidisciplinary University Research Initiative,
W7152438334,4,G3998912376,,2E33541,F4320322091,Korea Institute of Science and Technology,
W7152438334,5,G5494547058,,RS-2024-00431768,F4320322120,National Research Foundation of Korea,
W7152438334,6,G5840886837,,RS-2022-NR068812,F4320322120,National Research Foundation of Korea,
W7152438334,7,G6167497367,,FA9550-19-1-0399,F4320338279,Air Force Office of Scientific Research,
W7152438334,8,G6390571125,,RS-2024-00413957,F4320328359,"Ministry of Science and ICT, South Korea",
W7152438334,9,G6598689753,,IITP-2025-RS-2025-02283189,F4320328359,"Ministry of Science and ICT, South Korea",
W7152438334,10,G6754093111,,RS-2024-00437191,F4320328359,"Ministry of Science and ICT, South Korea",
W7152438334,11,G7796153478,,HR0011-24-9-0359,F4320332180,Defense Advanced Research Projects Agency,
W7152438334,12,G922915270,QII-TAQS: Quantum Metrological Platform for Single-Molecule Bio-Sensing,1936118,F4320306076,National Science Foundation,
W7156646523,1,G5614517874,,CCF-2045530,F4320306076,National Science Foundation,
W7084109945,1,G7648718735,National Science Foundation Expeditions in Computing for Computational Decarbonization of Societal Infrastructures at Mesoscales,2325956,F4320306076,National Science Foundation,
